CreditScore,Gender,Balance,NumOfProducts,Point Earned,Geography_France,Geography_Germany,Churn
-1.2994237575845067,0.0,0.6931042359304178,2.0,1.0533990896272536,1.0,0.0,0
-0.015097280868854937,1.0,0.8082689617503271,1.0,1.2179276396301713,1.0,0.0,0
0.8171462760428874,0.0,0.591157711402094,1.0,1.3780094720654423,0.0,0.0,0
-0.7137708842021695,0.0,0.6663357225487222,1.0,-1.5479306874459016,0.0,1.0,0
-0.9603615677315746,1.0,0.7718389127454344,1.0,0.5197929815096833,1.0,0.0,0
-0.4363563652315887,1.0,0.43516745574453775,1.0,-0.4006775549931254,0.0,0.0,0
-0.4466309770453139,1.0,0.7345639840829786,1.0,-0.24504244012550072,0.0,0.0,0
-0.7754185550845207,0.0,-1.1991617531888707,2.0,-1.0632384725724418,1.0,0.0,0
1.0637369595722925,0.0,0.41486911823683503,2.0,1.2979685558478067,0.0,1.0,0
0.5294571452585813,0.0,-1.1991617531888707,2.0,0.5331331342126227,1.0,0.0,0
0.0876488372683972,0.0,-1.1991617531888707,2.0,0.030654049068577254,0.0,0.0,0
-1.1144807449374527,0.0,1.59201374012505,1.0,-1.0054311441930384,0.0,0.0,0
-0.004822669055129724,1.0,0.8702311654842635,1.0,-0.5385257995901644,0.0,0.0,0
0.6219286515821083,1.0,0.9331100652425748,1.0,-1.129939236087138,0.0,1.0,0
-0.6110247660649173,1.0,0.6160905984480719,1.0,1.5158577166624811,1.0,0.0,0
-1.1658538040060789,1.0,1.0080957681180727,1.0,0.7154485544861258,0.0,1.0,0
0.1595711199644737,1.0,-1.1991617531888707,1.0,1.6981731369359845,0.0,0.0,1
-0.8473408377805972,0.0,1.1166071065326555,2.0,1.640365808556581,1.0,0.0,0
0.5191825334448562,0.0,-1.1991617531888707,2.0,-1.5701642752841336,1.0,0.0,0
-0.10756878719238186,0.0,1.2677425757937124,1.0,0.6932149666478937,1.0,0.0,1
-0.8062423905256964,1.0,-1.1991617531888707,1.0,-0.6141199982401535,1.0,0.0,0
-1.2069522512609798,0.0,0.13099306431805008,1.0,-0.8364558766224744,1.0,0.0,0
1.8857059046703095,1.0,0.5927619294447505,3.0,-0.04049343201376545,0.0,1.0,1
0.6938509342781848,1.0,-1.1991617531888707,2.0,-1.6324183212311836,1.0,0.0,0
0.6116540397683831,1.0,-1.1991617531888707,2.0,-0.8275624414871816,0.0,0.0,0
-0.2308641289570844,0.0,-1.1991617531888707,2.0,-0.9120500752724636,0.0,0.0,0
2.050099693689913,1.0,0.4169699863539788,1.0,1.311308708550746,1.0,0.0,0
1.4541722084938506,0.0,0.6477196435356117,2.0,-0.4051242725607718,0.0,1.0,0
0.19039495540564932,0.0,1.310079919948717,2.0,0.11514168285385921,0.0,0.0,0
-1.2788745339570562,0.0,1.1234946152937895,1.0,-0.3072964860725506,0.0,1.0,0
-0.9398123441041242,1.0,-0.09798288819524963,2.0,1.0400589369243145,1.0,0.0,0
-0.30278641165316095,1.0,-1.1991617531888707,1.0,1.5692183274742382,1.0,0.0,0
-0.354159470721787,0.0,-1.1991617531888707,2.0,-1.4545496185253268,1.0,0.0,0
2.050099693689913,0.0,1.2904991077414305,2.0,1.226821074765464,1.0,0.0,0
-1.0117346268002008,0.0,0.934599377098332,2.0,-0.3695505320196005,1.0,0.0,1
0.3753379680527032,0.0,-1.1991617531888707,2.0,1.3068619909830996,1.0,0.0,0
-0.7343201078296199,0.0,0.6948843242758009,1.0,-0.7697551131077782,0.0,0.0,0
0.3753379680527032,0.0,0.9706883781568301,2.0,-0.5029520590489931,0.0,1.0,0
1.8651566810428593,1.0,-1.1991617531888707,2.0,1.4046897774713207,1.0,0.0,0
0.6424778752095588,0.0,0.17961896873497638,1.0,0.2529899274508982,1.0,0.0,0
1.0534623477585674,1.0,1.2755153409697506,1.0,0.3019038206950088,1.0,0.0,0
-1.073382297682552,1.0,-1.1991617531888707,1.0,-0.7742018306754246,1.0,0.0,1
1.8446074574154088,0.0,-1.1991617531888707,2.0,-0.2806161806666721,0.0,0.0,0
0.015726554572320705,1.0,0.4042797151544254,1.0,1.0400589369243145,0.0,0.0,0
0.19039495540564932,1.0,0.5287272649565427,2.0,-0.8987099225695243,0.0,1.0,0
1.1664830777095447,0.0,-1.1991617531888707,2.0,-1.4723364887959125,0.0,0.0,0
1.5569183266311029,0.0,-1.1991617531888707,2.0,-1.1832998468988951,0.0,0.0,0
0.05682500182722156,0.0,-1.1991617531888707,2.0,-1.2722341982518235,1.0,0.0,0
-1.0939315213100023,0.0,0.14933751787268462,1.0,1.4802839761213098,1.0,0.0,0
-0.6623978251335434,0.0,-0.17979130550982492,1.0,1.6270256558536418,0.0,0.0,0
0.7246747697193604,1.0,-0.041554534504002615,1.0,0.590940462592026,0.0,0.0,0
0.7349493815330856,1.0,0.9088654981745093,1.0,0.6887682490802473,0.0,0.0,0
0.8787939469252386,0.0,0.3216757320874983,1.0,1.2535013801713426,0.0,1.0,1
-1.2788745339570562,1.0,0.25523426175952707,1.0,-0.5385257995901644,0.0,0.0,0
0.41643641530760406,0.0,-1.1991617531888707,2.0,0.35526443150676584,0.0,0.0,0
0.8171462760428874,1.0,-0.015031473504878021,2.0,-0.9076033577048171,1.0,0.0,0
0.21094417903309975,1.0,0.663452534809105,2.0,-0.5207389293195788,0.0,1.0,0
-0.9089885086629486,0.0,-1.1991617531888707,1.0,0.9244442801655075,1.0,0.0,0
0.28286646172917623,1.0,-1.1991617531888707,1.0,0.6354076382684902,1.0,0.0,0
1.5569183266311029,1.0,0.28324072971313746,1.0,1.0756326774654859,1.0,0.0,1
0.8068716642291621,0.0,-1.1991617531888707,2.0,0.9911450436802038,0.0,0.0,0
-1.7823305128295917,1.0,0.3277438958992695,2.0,-1.116599083384199,0.0,1.0,1
0.27259184991545105,1.0,-0.10106013971718578,1.0,0.7376821423243579,0.0,1.0,0
0.5602809806997571,1.0,-1.1991617531888707,2.0,-0.2628293103960864,1.0,0.0,0
-1.032283850427651,0.0,-1.1991617531888707,2.0,-1.3789554198753375,1.0,0.0,0
-0.5802009306237417,0.0,-0.2034482551054409,1.0,1.609238785583056,1.0,0.0,0
0.28286646172917623,1.0,-1.1991617531888707,2.0,-0.9120500752724636,0.0,0.0,0
-1.2480506985158806,0.0,-1.1991617531888707,2.0,-0.15166137120492593,1.0,0.0,0
0.30341568535662666,0.0,0.5292231170713989,2.0,1.1289932882772429,0.0,1.0,1
-0.7959677787119712,1.0,-1.1991617531888707,2.0,-0.26727602796373284,1.0,0.0,0
1.4438975966801255,0.0,-1.1991617531888707,2.0,0.8710836693537505,1.0,0.0,0
-0.2308641289570844,1.0,-1.1991617531888707,1.0,-0.5474192347254573,0.0,0.0,0
-0.3233356352806113,1.0,-1.1991617531888707,1.0,-1.3700619847400448,1.0,0.0,1
-0.4774548124864896,1.0,-1.1991617531888707,2.0,0.3241374085332409,0.0,0.0,0
-1.1966776394472545,0.0,1.5234889567918226,1.0,0.43085863015675496,0.0,0.0,0
-0.10756878719238186,1.0,0.6648759351993212,1.0,1.5158577166624811,0.0,1.0,0
-1.6487605592511638,1.0,1.2811052077785534,1.0,-1.27668091581947,0.0,0.0,0
-0.9500869559178494,0.0,-1.1991617531888707,1.0,-1.6324183212311836,1.0,0.0,0
-0.7240454960158946,0.0,-1.1991617531888707,2.0,0.5108995463743905,1.0,0.0,0
2.050099693689913,1.0,-1.1991617531888707,2.0,-0.7519682428371925,1.0,0.0,0
-1.2480506985158806,0.0,-1.1991617531888707,1.0,-0.5118454941842859,0.0,0.0,0
2.050099693689913,0.0,0.14852312027303502,3.0,-0.8675828995959994,0.0,1.0,1
-0.7034962723884443,0.0,0.6273729496742555,1.0,-0.5607593874283965,0.0,1.0,0
-0.15894184626100794,0.0,1.0382720479009664,1.0,1.3379890139566244,0.0,0.0,0
0.4575348625625049,1.0,-1.1991617531888707,2.0,1.3202021436860387,1.0,0.0,0
-0.2719625762119853,1.0,0.0675013315629419,2.0,1.7248534423418629,1.0,0.0,0
0.8993431705526891,1.0,0.7500046625395098,2.0,-1.3700619847400448,0.0,0.0,0
1.4336229848664002,1.0,1.0603680288659394,2.0,-1.2722341982518235,1.0,0.0,0
0.06709961364094677,0.0,0.5106518833895645,1.0,0.8532967990831648,1.0,0.0,0
-0.5391024833688408,0.0,-1.1991617531888707,2.0,-1.2900210685224092,1.0,0.0,0
0.12874728452329806,0.0,-1.1991617531888707,3.0,-0.009366409040240518,0.0,0.0,0
1.032913124131117,0.0,-0.031028808600166248,1.0,-1.3567218320371055,0.0,1.0,0
-1.0117346268002008,0.0,-1.1991617531888707,1.0,0.6798748139449544,1.0,0.0,1
0.28286646172917623,0.0,-1.1991617531888707,2.0,1.7515337477477415,0.0,0.0,0
-1.032283850427651,1.0,1.202542251876181,1.0,-0.15166137120492593,1.0,0.0,1
-0.3644340825355122,0.0,-1.1991617531888707,2.0,1.7248534423418629,1.0,0.0,0
0.2931410735429015,0.0,0.33467976101405755,1.0,0.33303084366853375,0.0,0.0,0
0.6527524870232839,0.0,-1.1991617531888707,2.0,-1.605738015825305,0.0,0.0,0
0.20066956721937454,1.0,-1.1991617531888707,2.0,-1.6235248860958906,1.0,0.0,0
-1.556289052927637,0.0,-1.1991617531888707,1.0,0.4130717598861693,1.0,0.0,0
0.9609908414350403,0.0,1.255432931338263,1.0,-1.57461099285178,0.0,0.0,0
-0.8576154495943225,1.0,-1.1991617531888707,2.0,-0.022706561743179775,1.0,0.0,0
-0.354159470721787,0.0,1.1027240452763158,2.0,1.7204067247742165,1.0,0.0,1
1.0020892886899413,1.0,0.16694641223923667,1.0,1.182353899089,0.0,0.0,0
-0.210314905329634,0.0,-1.1991617531888707,2.0,1.5736650450418848,1.0,0.0,0
0.015726554572320705,1.0,0.765125040000059,2.0,-1.3389349617665198,0.0,0.0,0
-0.210314905329634,0.0,-1.1991617531888707,2.0,0.08401465988033428,1.0,0.0,0
-0.45690558885903915,1.0,-0.07535067835807951,1.0,-0.7519682428371925,0.0,0.0,0
-0.33361024709433656,0.0,-1.1991617531888707,2.0,-1.4812299239312052,0.0,0.0,0
1.2692291958467967,0.0,0.28532196802335263,2.0,-1.1210458009518454,1.0,0.0,1
-0.6623978251335434,1.0,1.0495039680784553,1.0,-0.9342836631106957,1.0,0.0,0
0.6219286515821083,0.0,0.9982388919771465,1.0,-0.6585871739166177,1.0,0.0,0
-0.025371892682580152,0.0,1.4009713521538365,1.0,1.4046897774713207,1.0,0.0,0
-0.5288278715551156,1.0,0.8250031327691076,2.0,-1.57461099285178,0.0,0.0,1
-1.1864030276335293,1.0,-1.1991617531888707,2.0,1.4002430599036744,1.0,0.0,0
-0.15894184626100794,0.0,0.9504202035231885,2.0,-1.6012912982576586,1.0,0.0,0
-0.693221660574719,0.0,0.8000148673247213,2.0,1.0267187842213752,1.0,0.0,0
0.03627577819977113,0.0,0.590599778027927,1.0,0.4397520652920478,0.0,1.0,0
-0.8267916141531468,1.0,1.06872490049205,1.0,-1.3211480914959342,1.0,0.0,0
-0.4466309770453139,0.0,0.3681230471191976,1.0,-1.1210458009518454,0.0,1.0,0
0.05682500182722156,0.0,-1.1991617531888707,2.0,1.3157554261183924,1.0,0.0,0
1.4952706557487514,1.0,1.4691252438504605,1.0,-0.8097755712165959,0.0,1.0,1
-0.2822371880257105,1.0,-1.1991617531888707,1.0,-1.21442686987242,1.0,0.0,0
0.4369856389350545,1.0,-1.1991617531888707,2.0,1.2979685558478067,0.0,0.0,0
0.9815400650624908,1.0,-1.1991617531888707,2.0,-1.721352672584112,1.0,0.0,0
0.94044161780759,1.0,-1.1991617531888707,2.0,0.1773957288009091,1.0,0.0,0
-1.4843667702315604,0.0,-1.1991617531888707,2.0,0.28856366799206956,0.0,0.0,0
-1.4329937111629345,0.0,1.1903455985045157,1.0,-0.3517636617490148,0.0,1.0,1
1.1664830777095447,1.0,0.09420983838036792,1.0,-1.6946723671782333,1.0,0.0,0
0.11847267270957285,1.0,-1.1991617531888707,2.0,-0.3562103793166612,1.0,0.0,0
0.8171462760428874,1.0,1.474726282094101,1.0,-0.587439692834275,1.0,0.0,0
-1.3816206520943084,0.0,1.1175718397268313,2.0,-0.3473169441813684,0.0,1.0,0
-0.7240454960158946,1.0,-1.1991617531888707,2.0,0.4931126761038048,1.0,0.0,0
-1.1658538040060789,1.0,0.44724202129262214,1.0,-1.0632384725724418,0.0,1.0,1
1.043187735944842,0.0,-1.1991617531888707,1.0,1.035612219356668,1.0,0.0,0
-0.31306102346688613,0.0,-1.1991617531888707,2.0,-0.565206104996043,1.0,0.0,0
-1.6898590065060648,1.0,-0.060631515000120643,1.0,-0.33842350904607554,0.0,1.0,0
-1.5768382765550875,0.0,-1.1991617531888707,2.0,-0.8364558766224744,1.0,0.0,0
-0.2616879643982601,1.0,-0.3409923971513419,1.0,-0.7919887009460103,1.0,0.0,1
-0.2822371880257105,0.0,-1.1991617531888707,2.0,-1.4278693131194482,1.0,0.0,0
-0.9295377322903989,1.0,0.8011904214534725,1.0,0.8488500815155183,0.0,0.0,0
-0.5082786479276652,1.0,0.05989454199020257,1.0,1.2001407693595856,1.0,0.0,0
1.1973069131507204,0.0,-1.1991617531888707,1.0,-1.4812299239312052,0.0,0.0,1
-1.4227190993492091,0.0,1.2293345444548875,2.0,-0.22725556985491505,1.0,0.0,1
-1.032283850427651,1.0,0.6258509214736172,1.0,1.5336445869330668,1.0,0.0,0
-0.08701956356493143,0.0,0.5752376187991103,2.0,0.15960885853032342,0.0,1.0,0
-0.2822371880257105,1.0,1.0385066480325527,1.0,-1.4901233590664982,1.0,0.0,0
-0.9911854031727503,1.0,0.9628444349816846,1.0,-0.9965377090577455,0.0,1.0,0
-1.7104082301335153,1.0,1.1667812122261245,1.0,0.7465755774596508,0.0,1.0,0
-0.1383926226335575,1.0,-1.1991617531888707,1.0,-1.5434839698782552,0.0,0.0,0
1.9987266346212869,1.0,-1.1991617531888707,2.0,-1.614631450960598,1.0,0.0,0
0.16984573177819892,1.0,-0.05350078814338255,2.0,0.9422311504360932,1.0,0.0,0
-0.015097280868854937,0.0,0.1952707873099353,2.0,-1.605738015825305,1.0,0.0,0
-0.5802009306237417,1.0,0.47262495757062256,2.0,0.5464732869155619,0.0,1.0,1
0.42671102712132924,1.0,-1.1991617531888707,2.0,0.5064528288067441,1.0,0.0,1
0.9507162296213152,0.0,1.3831502005253729,2.0,1.6314723734212881,0.0,0.0,1
0.3445141326115275,0.0,0.47767029672706307,2.0,1.1378867234125356,1.0,0.0,0
-1.6590351710648892,0.0,-1.1991617531888707,1.0,-0.10274747796081532,1.0,0.0,0
-0.8781646732217729,1.0,0.24232024267937255,2.0,-0.8453493117577673,0.0,1.0,0
0.10819806089584763,1.0,-1.1991617531888707,2.0,1.6136855031507025,1.0,0.0,0
-1.032283850427651,0.0,0.3570840735805441,1.0,1.2623948153066353,1.0,0.0,0
0.3753379680527032,0.0,-1.1991617531888707,2.0,-0.13832121850198667,0.0,0.0,0
0.48835869800368054,1.0,1.2071190291371539,1.0,1.6670461139624595,0.0,1.0,0
1.3206022549154228,1.0,0.39334543391939136,1.0,-1.1788531293312488,1.0,0.0,0
0.8993431705526891,0.0,0.734327149664425,2.0,1.3602226017948567,0.0,1.0,1
0.8787939469252386,1.0,0.10522902252016662,2.0,1.5736650450418848,0.0,1.0,0
0.19039495540564932,0.0,-1.1991617531888707,1.0,1.609238785583056,1.0,0.0,0
0.8582447232977882,0.0,-1.1991617531888707,2.0,-1.605738015825305,1.0,0.0,0
1.0637369595722925,1.0,1.064155304867758,1.0,0.28856366799206956,0.0,1.0,1
0.9198923941801395,0.0,0.6252736774763741,2.0,-1.3478283969018128,0.0,1.0,1
0.4780840861899553,0.0,-1.1991617531888707,2.0,-1.0943654955459667,1.0,0.0,0
0.8890685587389638,1.0,0.876357739941042,2.0,0.515346263942037,0.0,0.0,1
-0.7137708842021695,0.0,-1.1991617531888707,2.0,-1.6190781685282443,0.0,0.0,0
-1.1350299685649032,1.0,-1.1991617531888707,1.0,-0.6630338914842642,1.0,0.0,1
1.2075815249644455,0.0,0.33267640356385203,2.0,0.1106949652862128,1.0,0.0,0
1.3617007021703238,0.0,0.6223434101185136,1.0,-1.169959694195956,1.0,0.0,0
1.6288406093271792,0.0,-1.1991617531888707,2.0,-0.3250833563431363,1.0,0.0,0
0.7760478287879865,0.0,0.28261082038023205,1.0,-1.0899187779783204,0.0,1.0,0
-0.17949106988845837,0.0,-1.1991617531888707,2.0,0.026207331500930835,0.0,0.0,0
1.1048354068271933,0.0,1.396722855485158,2.0,0.45309221799498706,0.0,1.0,0
1.711037503836981,0.0,0.4160322241953389,1.0,1.0711859598978393,0.0,1.0,1
0.13902189633702328,0.0,0.038101147317397936,3.0,-1.1877465644665417,0.0,0.0,1
1.228130748591896,0.0,0.5685690701607896,1.0,-0.24948915769314714,0.0,1.0,1
0.5191825334448562,0.0,0.4366609169903773,1.0,0.6976616842155401,0.0,1.0,0
-0.9295377322903989,1.0,0.6383985174911039,1.0,-0.2139154171519758,1.0,0.0,0
0.9815400650624908,0.0,-1.1991617531888707,2.0,0.49755939367145124,0.0,0.0,0
-0.693221660574719,1.0,-1.1991617531888707,2.0,-0.8142222887842424,0.0,0.0,0
-0.15894184626100794,0.0,0.06149876003285906,2.0,-1.0587917550047954,0.0,1.0,0
1.1973069131507204,0.0,-1.1991617531888707,2.0,0.5998338977273189,1.0,0.0,0
-0.7651439432707955,0.0,-1.1991617531888707,1.0,1.4758372585536634,1.0,0.0,1
1.4952706557487514,0.0,1.4393109185563004,1.0,-0.10719419552846174,1.0,0.0,0
-0.6110247660649173,0.0,-1.1991617531888707,1.0,1.7381935950448022,0.0,0.0,0
0.4472602507487797,0.0,0.6573084052404392,1.0,1.6981731369359845,0.0,0.0,0
-0.3233356352806113,0.0,0.4542793868725044,2.0,1.409136495038967,0.0,1.0,0
-0.2822371880257105,0.0,-1.1991617531888707,1.0,-0.03604671444611903,0.0,0.0,1
-1.4227190993492091,1.0,-1.1991617531888707,2.0,0.2796702328567767,0.0,0.0,0
0.35478874442525277,0.0,-1.1991617531888707,2.0,0.11514168285385921,0.0,0.0,0
-0.2616879643982601,0.0,0.3594634296089926,2.0,0.3641578666420587,1.0,0.0,0
1.3411514785428733,1.0,1.7781620820859074,1.0,-0.9031566401371708,1.0,0.0,1
-1.3816206520943084,1.0,-1.1991617531888707,2.0,-0.8586894644607066,0.0,0.0,0
0.26231723810172586,0.0,0.08870423610862492,1.0,1.1112064180066572,0.0,1.0,0
-0.7343201078296199,1.0,1.1631358134467413,1.0,-1.0943654955459667,0.0,0.0,0
2.050099693689913,1.0,0.4677727246449436,1.0,1.4447102355801384,0.0,1.0,0
0.8685193351115135,1.0,-1.1991617531888707,2.0,1.7470870301800951,1.0,0.0,0
0.6938509342781848,0.0,-1.1991617531888707,2.0,-0.10274747796081532,0.0,0.0,0
-1.6179367238099882,0.0,0.9394781022837682,1.0,-0.38289068472253973,1.0,0.0,0
-1.8337035718982178,0.0,-1.1991617531888707,2.0,0.6176207679979046,1.0,0.0,0
0.796597052415437,0.0,-1.1991617531888707,2.0,0.7954894707037613,0.0,0.0,0
-0.785693166898246,1.0,1.0566610276030244,1.0,-0.4762717536431145,0.0,1.0,0
-0.31306102346688613,1.0,0.20407004775560827,2.0,1.3468824490919173,1.0,0.0,1
-0.6829470487609939,0.0,-1.1991617531888707,2.0,-0.1694482414755116,1.0,0.0,0
-1.1042061331237276,0.0,-1.1991617531888707,2.0,0.4219651950214621,0.0,0.0,0
0.5911048161409327,0.0,-1.1991617531888707,2.0,0.5464732869155619,0.0,0.0,0
0.21094417903309975,0.0,1.2483403469518983,1.0,0.6887682490802473,0.0,0.0,0
0.07737422545467199,1.0,0.7052156672134654,1.0,-0.9298369455430493,0.0,1.0,0
-1.4021698757217589,0.0,0.7323936934779164,1.0,-1.521250382040023,1.0,0.0,0
-0.9911854031727503,1.0,1.3564276496184369,1.0,1.6670461139624595,1.0,0.0,0
0.6835763224644595,1.0,1.4270502688222098,1.0,-1.2677874806841771,0.0,0.0,0
-0.8165170023394216,0.0,1.0286295037169932,3.0,1.409136495038967,0.0,1.0,1
0.6013794279546579,1.0,-1.1991617531888707,2.0,-0.8364558766224744,1.0,0.0,0
0.5397317570723066,1.0,0.5554159823751137,1.0,-0.4718250360754681,1.0,0.0,0
0.6733017106507344,0.0,-1.1991617531888707,2.0,-0.3339767914784291,0.0,0.0,0
-0.33361024709433656,1.0,1.1981277796042031,1.0,1.5514314572036525,1.0,0.0,1
0.4575348625625049,1.0,-1.1991617531888707,2.0,0.7465755774596508,0.0,0.0,0
0.6116540397683831,1.0,0.6534620802259085,1.0,-1.3344882441988735,1.0,0.0,0
-0.9192631204766737,0.0,-1.1991617531888707,2.0,1.4536036707154314,1.0,0.0,0
1.0020892886899413,1.0,1.3123609673505965,1.0,-0.4273578603990039,1.0,0.0,0
1.947353575552661,1.0,-1.1991617531888707,2.0,0.17294901123326267,1.0,0.0,0
-0.6315739896923678,1.0,0.7333893875057849,2.0,0.3419242788038266,0.0,1.0,0
-0.11784339900610707,0.0,0.09235218835882794,2.0,-1.4011890077135698,1.0,0.0,0
-0.10756878719238186,1.0,-1.1991617531888707,2.0,0.28411695042442314,1.0,0.0,0
0.1801203435919241,1.0,0.5601802801494294,1.0,0.33747756123618017,1.0,0.0,1
0.36506335623897795,1.0,-1.1991617531888707,1.0,-0.4273578603990039,0.0,0.0,1
1.4644468203075758,1.0,0.6564250639286501,1.0,-1.6457584739341227,1.0,0.0,0
-0.6212993778786425,1.0,1.1588368857293683,1.0,-1.4100824428488625,1.0,0.0,1
0.5397317570723066,0.0,-1.1991617531888707,2.0,1.2179276396301713,1.0,0.0,0
-0.30278641165316095,0.0,0.19917137357939052,1.0,-1.4945700766341445,1.0,0.0,0
0.27259184991545105,0.0,-1.1991617531888707,2.0,0.6843215315126009,1.0,0.0,0
0.2931410735429015,1.0,0.5967046479827355,2.0,-1.085472060410674,1.0,0.0,0
0.4986333098174057,0.0,0.7734193515910797,2.0,-0.4718250360754681,0.0,1.0,0
1.0740115713860177,0.0,-1.1991617531888707,2.0,0.28856366799206956,1.0,0.0,0
1.5055452675624768,0.0,-0.09137929347091243,1.0,1.1112064180066572,1.0,0.0,0
2.050099693689913,1.0,-1.1991617531888707,2.0,0.11514168285385921,1.0,0.0,0
-2.224138820819776,0.0,-1.1991617531888707,1.0,0.9555713031390325,0.0,0.0,1
0.5602809806997571,1.0,0.07716749535200035,1.0,-0.5829929752666286,0.0,1.0,0
-1.4227190993492091,0.0,-1.1991617531888707,2.0,-1.521250382040023,0.0,0.0,0
2.050099693689913,1.0,-1.1991617531888707,2.0,0.12403511798915205,1.0,0.0,0
0.5602809806997571,0.0,1.4610109519522494,2.0,-1.4367627482547412,0.0,1.0,0
-0.9089885086629486,0.0,0.5739011960086999,2.0,-1.0498983198695027,1.0,0.0,0
-0.3849833061629626,1.0,1.0460042767277375,1.0,-1.4056357252812162,0.0,1.0,0
0.16984573177819892,0.0,1.0311888794382507,1.0,0.6265142031331974,1.0,0.0,0
0.7246747697193604,0.0,0.6860955968972602,1.0,-1.6457584739341227,1.0,0.0,0
-0.17949106988845837,0.0,-1.1991617531888707,2.0,1.2979685558478067,1.0,0.0,0
-0.45690558885903915,0.0,0.9712956254362084,2.0,0.9466778680037397,0.0,1.0,0
0.6116540397683831,0.0,1.3323354928399398,1.0,0.5064528288067441,1.0,0.0,1
0.20066956721937454,1.0,-1.1991617531888707,2.0,1.395796342336028,0.0,0.0,0
-0.07674495175120621,0.0,0.3748983627561787,2.0,0.6932149666478937,0.0,1.0,0
-1.987822749104096,0.0,-1.1991617531888707,2.0,0.4931126761038048,0.0,0.0,0
-0.5904755424374669,0.0,0.3833883340487808,1.0,-0.4673783185078217,1.0,0.0,0
-0.7343201078296199,0.0,1.5039633633910183,1.0,0.19518259907149477,0.0,1.0,0
1.3925245376114994,1.0,0.6283667285990088,1.0,-1.6768854969076477,0.0,0.0,0
-1.7309574537609655,1.0,0.9251939865167648,1.0,1.555878174771299,1.0,0.0,0
1.228130748591896,0.0,0.23397597881543583,1.0,0.31079725583030166,1.0,0.0,0
-0.9911854031727503,0.0,-1.1991617531888707,1.0,-0.9253902279754028,1.0,0.0,0
0.26231723810172586,0.0,0.6202784501847758,1.0,-1.2544473279812378,1.0,0.0,0
1.9679027991801112,1.0,0.7151129201117326,1.0,0.5598134396185012,0.0,1.0,1
1.2692291958467967,1.0,0.9997221393397062,1.0,1.2134809220625247,1.0,0.0,0
-0.5802009306237417,0.0,-1.1991617531888707,2.0,-1.0143245793283313,1.0,0.0,0
0.20066956721937454,0.0,1.0543504556947891,2.0,0.9244442801655075,1.0,0.0,0
0.48835869800368054,0.0,-1.1991617531888707,2.0,0.7110018369184794,1.0,0.0,0
0.9712654532487656,0.0,-1.1991617531888707,2.0,1.0756326774654859,0.0,0.0,0
-0.40553252979041304,1.0,-1.1991617531888707,1.0,0.6354076382684902,1.0,0.0,1
-0.33361024709433656,0.0,0.8192610152626635,1.0,0.39973160718323003,0.0,0.0,0
0.6527524870232839,0.0,-1.1991617531888707,2.0,-1.2588940455488844,0.0,0.0,0
-2.183040373564875,0.0,0.8308019054093705,1.0,-0.24948915769314714,0.0,1.0,1
2.0398250818761876,0.0,0.5697189299894148,1.0,-0.03159999687847261,1.0,0.0,0
-0.210314905329634,1.0,0.07209662148735987,1.0,0.7910427531361149,0.0,1.0,0
-1.4740921584178353,0.0,-1.1991617531888707,2.0,-0.5296323644548716,1.0,0.0,0
-1.1144807449374527,1.0,1.1247898633672275,1.0,-1.3967422901459232,1.0,0.0,0
-0.09729417537865664,0.0,0.7629877849237304,1.0,1.6492592436918738,0.0,1.0,0
0.8582447232977882,0.0,0.0837627912961725,1.0,-1.138832671222431,1.0,0.0,0
-0.2719625762119853,0.0,0.6636944761692988,1.0,0.4619856531302799,0.0,1.0,1
1.3103276431016977,0.0,1.0304381590171745,1.0,-0.8409025941901209,0.0,1.0,0
-0.045921116310030576,0.0,1.1196340865978227,2.0,-0.20057526444903653,0.0,1.0,0
0.508907921631131,0.0,1.3527192120281857,1.0,-1.6857789320429406,0.0,0.0,0
-0.8987138968492233,0.0,0.9965524840924721,1.0,0.09735481258327354,1.0,0.0,0
1.1562084658958194,0.0,1.0984241600073847,2.0,0.1818424463685555,0.0,1.0,1
0.1492965081507485,1.0,1.296402891869165,2.0,-0.23614900499020788,0.0,0.0,1
-1.741232065574691,0.0,-1.1991617531888707,1.0,-0.8497960293254138,1.0,0.0,0
2.050099693689913,1.0,0.853275321279923,1.0,1.5380913045007134,0.0,1.0,0
-0.14866723444728272,0.0,0.6137983796113555,2.0,0.6487477909714295,0.0,1.0,1
1.382249925797774,1.0,0.8310302814558329,1.0,-0.6630338914842642,0.0,1.0,0
0.6013794279546579,0.0,-1.1991617531888707,2.0,-1.2900210685224092,1.0,0.0,0
0.3958871916801536,1.0,-1.1991617531888707,2.0,1.6492592436918738,0.0,0.0,0
0.015726554572320705,1.0,0.07641438105203059,2.0,0.15071542339503058,1.0,0.0,0
-0.9911854031727503,1.0,-0.2634747683659013,1.0,-0.00047297390494768034,0.0,1.0,0
-1.371346040280583,1.0,-1.1991617531888707,1.0,-1.3789554198753375,1.0,0.0,1
-0.9603615677315746,0.0,-1.1991617531888707,2.0,-0.16500152390786518,0.0,0.0,0
-0.6007501542511922,0.0,-1.1991617531888707,2.0,-0.08051389012258323,0.0,0.0,0
0.6219286515821083,1.0,0.8784294027356822,2.0,0.5020061112390977,1.0,0.0,0
-0.7548693314570704,1.0,-1.1991617531888707,2.0,1.2757349680095746,0.0,0.0,0
1.0020892886899413,1.0,0.45260016062451086,2.0,0.4931126761038048,0.0,1.0,0
0.8274208878566126,1.0,-1.1991617531888707,2.0,-0.8364558766224744,1.0,0.0,0
1.752135951091882,1.0,0.49975063768326383,2.0,0.8532967990831648,0.0,1.0,0
-0.8165170023394216,1.0,-1.1991617531888707,2.0,0.42641191258910854,1.0,0.0,0
0.05682500182722156,0.0,0.841450836280271,1.0,-1.712459237448819,1.0,0.0,0
-0.09729417537865664,0.0,-1.1991617531888707,2.0,0.5064528288067441,1.0,0.0,0
1.1048354068271933,1.0,0.3299484987684752,3.0,-0.36065709688430764,1.0,0.0,1
-1.7617812892021412,0.0,0.7446214672751998,1.0,-0.6897141968901427,1.0,0.0,1
-1.032283850427651,1.0,-1.1991617531888707,2.0,0.5509200044832083,1.0,0.0,0
1.4644468203075758,0.0,-1.1991617531888707,2.0,1.6937264193683381,0.0,0.0,0
-0.09729417537865664,1.0,-1.1991617531888707,2.0,0.6709813788096616,1.0,0.0,0
1.032913124131117,0.0,1.0777351414642242,2.0,0.09290809501562712,1.0,0.0,0
0.4061618034938788,1.0,-1.1991617531888707,2.0,1.3735627544977957,1.0,0.0,0
-2.224138820819776,0.0,0.5458031222894226,2.0,0.10180153015091996,0.0,1.0,1
1.3617007021703238,1.0,0.8152852611959446,1.0,1.0445056544919609,0.0,0.0,0
0.7657732169742613,0.0,1.4484044665139766,2.0,-0.3517636617490148,1.0,0.0,0
-0.8370662259668721,0.0,0.5435287777484462,3.0,-0.34287022661372196,0.0,1.0,1
-1.566563664741362,0.0,0.8414486019933035,1.0,-0.8987099225695243,0.0,0.0,0
1.9679027991801112,1.0,0.5986744911284289,2.0,1.4802839761213098,0.0,0.0,0
-1.0939315213100023,1.0,1.3786621563753942,2.0,-0.6585871739166177,1.0,0.0,0
0.04655039001349635,0.0,1.4134950093823855,2.0,1.5692183274742382,0.0,0.0,0
0.09792344908212242,0.0,0.9489348814655876,2.0,-0.13832121850198667,0.0,1.0,0
-0.8678900614080477,0.0,-1.1991617531888707,1.0,0.9377844328684468,1.0,0.0,1
-0.8267916141531468,1.0,-1.1991617531888707,2.0,-1.6457584739341227,1.0,0.0,0
-0.785693166898246,0.0,0.4010190925092291,1.0,1.524751151797774,1.0,0.0,0
0.6013794279546579,0.0,-1.1991617531888707,2.0,-1.6012912982576586,0.0,0.0,0
0.8685193351115135,0.0,1.3615569341280844,2.0,-0.1427679360696331,0.0,1.0,0
0.8787939469252386,1.0,-1.1991617531888707,1.0,1.6537059612595202,1.0,0.0,0
0.015726554572320705,1.0,0.657741378136353,2.0,1.524751151797774,0.0,1.0,0
-0.2308641289570844,1.0,0.2576972439573302,1.0,0.31079725583030166,0.0,1.0,0
-0.09729417537865664,0.0,0.4559910102815265,1.0,-1.5079102293370839,0.0,1.0,1
-1.1453045803786284,1.0,0.09564281428615914,1.0,-1.6502051915017693,1.0,0.0,0
-0.17949106988845837,0.0,0.8458080150507252,2.0,0.33303084366853375,0.0,1.0,1
-1.0939315213100023,0.0,1.1187773971377175,1.0,-0.969857403651867,0.0,0.0,0
0.09792344908212242,1.0,0.9574835825870494,1.0,0.9333377153008003,0.0,1.0,1
-1.3816206520943084,0.0,0.6392666975698994,1.0,1.4980708463918955,1.0,0.0,0
-0.31306102346688613,0.0,-1.1991617531888707,2.0,0.30635053826265524,1.0,0.0,0
0.35478874442525277,0.0,1.0023850902210996,1.0,-0.8987099225695243,0.0,0.0,0
-2.224138820819776,0.0,0.5264821257380697,1.0,0.3952848896155836,1.0,0.0,0
-1.2583253103296057,0.0,-1.1991617531888707,2.0,-1.161066259060663,0.0,0.0,0
0.4575348625625049,0.0,1.3787745090914738,1.0,0.6354076382684902,1.0,0.0,0
-1.3405222048394074,0.0,0.289023383568849,1.0,0.6798748139449544,1.0,0.0,0
-0.3233356352806113,0.0,1.2298166716640861,1.0,-0.38289068472253973,1.0,0.0,0
-1.3302475930256823,0.0,0.6600412573855295,3.0,0.1818424463685555,0.0,1.0,1
-0.24113874077080963,0.0,0.44101554229001155,2.0,1.311308708550746,0.0,1.0,1
-1.987822749104096,1.0,1.4260773964397946,1.0,1.4358168004448457,1.0,0.0,0
0.22121879084682497,0.0,-1.1991617531888707,2.0,-0.8053288536489496,1.0,0.0,0
-1.1864030276335293,0.0,-1.1991617531888707,2.0,-0.7830952658107174,1.0,0.0,0
0.12874728452329806,0.0,-1.1991617531888707,2.0,1.4980708463918955,1.0,0.0,0
-0.6212993778786425,0.0,-1.1991617531888707,1.0,-0.3695505320196005,0.0,0.0,1
0.6733017106507344,1.0,-1.1991617531888707,2.0,1.3513291666595637,1.0,0.0,0
0.06709961364094677,1.0,-1.1991617531888707,2.0,-0.9253902279754028,1.0,0.0,0
2.050099693689913,0.0,0.2620711798800407,2.0,0.47532580583321915,0.0,1.0,0
-2.994734706849167,1.0,0.855547431533932,1.0,1.6670461139624595,1.0,0.0,1
1.2589545840330716,0.0,0.8273325365246402,1.0,1.6492592436918738,0.0,1.0,0
-0.210314905329634,1.0,0.5629642017109197,1.0,1.226821074765464,1.0,0.0,0
-1.566563664741362,0.0,1.5177583299040684,2.0,-0.2984030509372578,1.0,0.0,0
-1.4638175466041101,1.0,1.4553092112031458,2.0,0.813276340974347,1.0,0.0,0
1.0226385123173916,0.0,1.4865598638335489,3.0,-0.3695505320196005,0.0,1.0,1
0.42671102712132924,0.0,0.7254678826544821,1.0,-0.6230134333754463,0.0,1.0,0
-0.6726724369472686,0.0,0.49914482673122224,3.0,0.6354076382684902,1.0,0.0,1
-0.4158071416041383,1.0,-1.1991617531888707,2.0,1.409136495038967,1.0,0.0,0
0.70412554609191,0.0,0.8498249438344162,1.0,1.6581526788271668,0.0,0.0,0
0.26231723810172586,1.0,-1.1991617531888707,2.0,0.6932149666478937,1.0,0.0,0
-1.1658538040060789,0.0,0.9602663870050557,1.0,0.622067485565551,0.0,1.0,1
-0.004822669055129724,0.0,-1.1991617531888707,2.0,0.3863914544802908,0.0,0.0,0
-0.7343201078296199,0.0,0.2459029218317395,2.0,-1.3433816793341662,0.0,1.0,0
1.5055452675624768,1.0,-1.1991617531888707,1.0,1.609238785583056,1.0,0.0,0
-1.4329937111629345,0.0,-1.1991617531888707,2.0,-0.8586894644607066,1.0,0.0,0
0.2931410735429015,0.0,0.5652126923598438,2.0,-1.2722341982518235,0.0,1.0,0
-1.7104082301335153,1.0,-1.1991617531888707,2.0,0.16850229366561625,1.0,0.0,0
0.8890685587389638,0.0,0.7349682304321677,2.0,0.928890997733154,0.0,1.0,0
1.6391152211409046,0.0,-1.1991617531888707,2.0,-0.38289068472253973,1.0,0.0,0
0.4061618034938788,0.0,-1.1991617531888707,2.0,-1.6190781685282443,1.0,0.0,0
2.050099693689913,1.0,-1.1991617531888707,2.0,1.2979685558478067,1.0,0.0,0
-0.17949106988845837,0.0,-1.1991617531888707,2.0,-1.023218014463624,1.0,0.0,0
-0.6829470487609939,1.0,-1.1991617531888707,2.0,1.4891774112566027,0.0,0.0,0
-0.31306102346688613,1.0,-1.1991617531888707,2.0,-0.29395633336961136,0.0,0.0,0
0.5191825334448562,0.0,0.7305682810254789,3.0,-0.17834167661080444,0.0,1.0,1
0.3753379680527032,1.0,-1.1991617531888707,2.0,-0.396230837425479,1.0,0.0,0
-1.3199729812119572,1.0,0.30179903644894573,2.0,1.364669319362503,0.0,1.0,0
-1.93644969003547,0.0,1.0372490636537093,2.0,0.09290809501562712,1.0,0.0,0
-2.2138642090060507,0.0,-1.1991617531888707,1.0,1.0044851963831432,1.0,0.0,1
-0.8062423905256964,0.0,1.2328637603119614,1.0,1.5336445869330668,0.0,0.0,0
0.9507162296213152,0.0,0.559601440232924,1.0,-0.5785462576989822,1.0,0.0,0
-1.4740921584178353,0.0,0.9431535043452862,1.0,-0.5563126698607501,0.0,1.0,1
-0.10756878719238186,1.0,0.042891139391839826,1.0,-1.2322137401430058,0.0,0.0,0
-0.2822371880257105,1.0,-1.1991617531888707,2.0,-1.3745087023076912,1.0,0.0,0
0.5911048161409327,0.0,-0.1011737691686751,1.0,-1.4189758779841555,0.0,0.0,0
0.06709961364094677,0.0,-1.1991617531888707,2.0,0.5242396990773298,0.0,0.0,0
0.48835869800368054,0.0,0.31713582056148876,1.0,-1.6857789320429406,0.0,0.0,0
0.16984573177819892,1.0,-1.1991617531888707,2.0,0.8488500815155183,1.0,0.0,0
0.9301670059938647,1.0,-0.0930115996925887,1.0,-0.9876442739224527,1.0,0.0,0
-0.6829470487609939,0.0,-0.5580345441955091,1.0,1.7293001599095095,0.0,1.0,0
-0.6726724369472686,0.0,1.416036989583682,1.0,-0.5918864104019215,0.0,1.0,0
-0.15894184626100794,1.0,1.0079457517073986,2.0,0.008420461230345158,0.0,0.0,0
-0.6110247660649173,0.0,-1.1991617531888707,2.0,0.7954894707037613,1.0,0.0,0
-1.1864030276335293,1.0,0.6410887585918859,1.0,1.2401612274684033,0.0,0.0,0
1.3411514785428733,0.0,0.22561878800547294,1.0,1.5425380220683598,1.0,0.0,0
0.7554986051605361,1.0,1.0746381005434331,1.0,-0.9209435104077565,1.0,0.0,0
-1.895351242780569,1.0,-0.6635082098858655,2.0,0.10180153015091996,1.0,0.0,1
0.1801203435919241,0.0,-1.1991617531888707,2.0,0.23075633961266612,1.0,0.0,0
-1.5768382765550875,0.0,0.8539901335175928,2.0,-0.36065709688430764,0.0,0.0,0
-0.45690558885903915,0.0,0.5270817126049877,2.0,-0.9787508387871598,1.0,0.0,0
-0.2308641289570844,0.0,0.6126189952763742,1.0,-0.5118454941842859,0.0,1.0,1
0.005451942758595491,1.0,-1.1991617531888707,1.0,-0.396230837425479,1.0,0.0,1
-0.2205895171433592,1.0,0.9937779784546306,1.0,1.204587486927232,1.0,0.0,1
-0.9089885086629486,0.0,-1.1991617531888707,2.0,1.4536036707154314,1.0,0.0,0
-0.15894184626100794,1.0,-0.4405191888938761,1.0,1.289075120712514,1.0,0.0,0
-2.316610327143303,1.0,-1.1991617531888707,2.0,-0.8008821360813031,0.0,0.0,0
-0.015097280868854937,1.0,0.5293215852898946,1.0,1.449156953147785,1.0,0.0,0
-0.7959677787119712,0.0,-1.1991617531888707,2.0,-0.43625129553429676,0.0,0.0,0
-0.354159470721787,1.0,0.9838824810675524,1.0,1.1334400058448892,1.0,0.0,1
0.20066956721937454,1.0,0.06698648800886223,1.0,-1.605738015825305,1.0,0.0,0
0.6527524870232839,1.0,-1.1991617531888707,2.0,-1.2411071752782987,1.0,0.0,0
0.8274208878566126,0.0,-1.1991617531888707,2.0,-1.3967422901459232,0.0,0.0,0
-1.6693097828786143,0.0,0.6288102345620553,1.0,0.8799771044890433,0.0,1.0,0
-0.2925117998394357,0.0,0.3477008662767253,2.0,0.7554690125949436,0.0,1.0,0
-0.641848601506093,1.0,-1.1991617531888707,2.0,-1.169959694195956,1.0,0.0,1
-0.3644340825355122,0.0,-1.1991617531888707,2.0,-0.7564149604048389,1.0,0.0,0
-0.8267916141531468,1.0,-1.1991617531888707,1.0,-1.552377405013548,1.0,0.0,1
-2.1727657617511498,1.0,-1.1991617531888707,1.0,0.2529899274508982,1.0,0.0,0
0.847970111484063,0.0,0.8073080587623811,2.0,0.22186290447737328,0.0,1.0,0
-1.2788745339570562,1.0,0.9064768858143386,2.0,-0.8542427468930601,0.0,1.0,0
-0.25141335258453484,0.0,-1.1991617531888707,2.0,-1.223320305007713,1.0,0.0,0
-0.5699263188100164,0.0,-1.1991617531888707,1.0,-1.4812299239312052,1.0,0.0,1
1.084286183199743,0.0,0.9174038258207652,1.0,0.3152439733979481,1.0,0.0,0
-1.032283850427651,0.0,-1.1991617531888707,2.0,1.6492592436918738,0.0,0.0,0
1.423348373052675,0.0,1.2203725002444406,1.0,-0.41401770769606466,0.0,1.0,0
0.6116540397683831,0.0,0.8849303798514413,1.0,-1.4056357252812162,1.0,0.0,0
-0.9911854031727503,1.0,-1.1991617531888707,2.0,0.23520305718031254,1.0,0.0,0
0.20066956721937454,1.0,0.7099493233379414,2.0,0.5598134396185012,1.0,0.0,0
0.2417680144742754,0.0,1.4541810558764905,1.0,1.173460463953707,1.0,0.0,0
-1.4946413820452857,0.0,-0.4352001495839183,2.0,1.3513291666595637,0.0,1.0,0
-0.4774548124864896,1.0,-1.1991617531888707,2.0,0.35971114907441226,1.0,0.0,0
-0.7959677787119712,0.0,1.2692428994923803,1.0,-0.6763740441872034,0.0,0.0,1
0.991814676876216,0.0,0.6796554243054023,1.0,1.493624128824249,0.0,1.0,0
0.7657732169742613,1.0,-1.1991617531888707,2.0,1.4046897774713207,1.0,0.0,0
-0.14866723444728272,0.0,-1.1991617531888707,2.0,1.195694051791939,1.0,0.0,0
0.5500063688860318,1.0,-1.1991617531888707,1.0,0.4219651950214621,1.0,0.0,0
0.3445141326115275,0.0,0.7124737484273506,2.0,1.4624971058507241,0.0,0.0,0
1.4438975966801255,0.0,-1.1991617531888707,1.0,0.5953871801596725,0.0,0.0,0
1.0740115713860177,0.0,0.1459504984218988,2.0,-0.6808207617548498,1.0,0.0,0
-0.1383926226335575,1.0,1.1268977535291267,2.0,-0.8853697698665851,0.0,1.0,0
-0.7548693314570704,0.0,-1.1991617531888707,2.0,-0.7119477847283747,0.0,0.0,0
2.050099693689913,0.0,0.35430589732839896,1.0,0.6665346612420152,1.0,0.0,0
0.8274208878566126,1.0,0.21843060805528527,1.0,-0.5207389293195788,0.0,1.0,1
0.6938509342781848,1.0,-1.1991617531888707,1.0,-0.7786485482430711,0.0,0.0,0
-1.3507968166531328,0.0,-1.1991617531888707,1.0,0.2752235152891303,1.0,0.0,0
-0.8370662259668721,1.0,1.112612520618639,1.0,0.40417832475087645,0.0,0.0,0
-0.24113874077080963,1.0,0.12862791197103776,1.0,0.021760613933284417,0.0,1.0,0
-0.4260817534178635,0.0,0.8645659712862711,1.0,1.4046897774713207,0.0,0.0,0
1.0020892886899413,0.0,0.6396781255557696,1.0,1.6892797018006915,1.0,0.0,0
-0.6007501542511922,0.0,-1.1991617531888707,3.0,-0.8586894644607066,0.0,0.0,0
0.015726554572320705,1.0,-1.1991617531888707,1.0,0.2974571031273624,1.0,0.0,1
1.0945607950134681,1.0,0.8984080776151077,2.0,-0.6141199982401535,0.0,1.0,1
-0.16921645807473315,1.0,-0.3759466996142088,2.0,1.3157554261183924,1.0,0.0,0
0.8890685587389638,0.0,-1.1991617531888707,2.0,1.4580503882830778,1.0,0.0,0
0.8582447232977882,0.0,0.7462411657347026,1.0,0.23520305718031254,0.0,1.0,0
1.2589545840330716,1.0,1.836897975438791,1.0,1.1378867234125356,1.0,0.0,0
1.6904882802095305,0.0,-1.1991617531888707,2.0,-1.467889771228266,0.0,0.0,0
-0.2308641289570844,1.0,-1.1991617531888707,2.0,0.346370996371473,1.0,0.0,0
-0.6110247660649173,0.0,-1.1991617531888707,2.0,1.3780094720654423,1.0,0.0,0
-0.8165170023394216,1.0,0.5815172419131617,1.0,-0.7163945022960212,0.0,1.0,0
-0.3233356352806113,1.0,-1.1991617531888707,2.0,0.23075633961266612,1.0,0.0,0
-0.7137708842021695,0.0,0.22599111596941224,1.0,-1.499016794201791,1.0,0.0,1
0.015726554572320705,1.0,-1.1991617531888707,2.0,-1.6724387793400013,0.0,0.0,0
-2.0083719727315463,1.0,1.514820561725674,1.0,1.449156953147785,0.0,1.0,0
-0.18976568170218358,1.0,0.9360807093577767,1.0,0.06622778960974861,1.0,0.0,1
-0.354159470721787,1.0,0.7297808544613654,1.0,-0.9787508387871598,0.0,0.0,1
0.7452239933468109,1.0,0.26809944571024963,1.0,-0.4718250360754681,0.0,1.0,0
0.48835869800368054,0.0,1.2754562919570387,2.0,1.6448125261242275,0.0,1.0,0
0.3958871916801536,1.0,-1.1991617531888707,2.0,1.3468824490919173,0.0,0.0,1
-0.16921645807473315,1.0,0.7740704866501762,1.0,0.6443010734037831,0.0,1.0,1
0.41643641530760406,1.0,0.41384485725416814,1.0,-1.5701642752841336,1.0,0.0,1
-0.7548693314570704,1.0,-0.22228074077054524,1.0,-1.659098626637062,0.0,1.0,0
0.12874728452329806,0.0,1.0584596286118524,1.0,1.4847306936889564,1.0,0.0,0
-0.9706361795452998,0.0,0.7831831856390026,2.0,-0.3072964860725506,0.0,1.0,0
-0.8370662259668721,1.0,0.3972765022467605,1.0,0.3419242788038266,0.0,1.0,1
0.6630270988370092,0.0,0.20717778133545783,2.0,-0.12942778336669383,0.0,1.0,0
-0.6726724369472686,0.0,-1.1991617531888707,2.0,0.8844238220566897,1.0,0.0,0
-0.549377095182566,1.0,0.504577974268448,2.0,0.4219651950214621,0.0,1.0,0
0.015726554572320705,1.0,-1.1991617531888707,2.0,0.2485432098832518,1.0,0.0,0
-0.6007501542511922,0.0,-1.1991617531888707,2.0,-1.3522751144694591,1.0,0.0,0
0.7452239933468109,0.0,0.31155983825026984,2.0,-1.4545496185253268,0.0,1.0,0
-0.9911854031727503,1.0,-1.1991617531888707,2.0,-0.4273578603990039,1.0,0.0,0
0.6938509342781848,1.0,0.5354740136387254,1.0,0.5197929815096833,1.0,0.0,0
1.957628187366386,1.0,-1.1991617531888707,1.0,0.7865960355684685,1.0,0.0,1
0.5500063688860318,0.0,0.8339969357728784,1.0,-0.22725556985491505,0.0,0.0,0
0.015726554572320705,0.0,0.460842285655648,2.0,1.4224766477419064,0.0,1.0,0
0.8376954996703379,0.0,0.5363698031207619,2.0,1.449156953147785,0.0,1.0,0
-1.022009238613926,0.0,0.44453997038929766,1.0,-1.4100824428488625,0.0,1.0,1
0.6219286515821083,0.0,-1.1991617531888707,2.0,-0.8720296171636458,0.0,0.0,0
-0.05619572812375579,0.0,1.3564456835061032,1.0,0.5064528288067441,0.0,1.0,0
0.508907921631131,0.0,0.3308916870526078,1.0,-0.43180457796665034,1.0,0.0,1
1.6391152211409046,0.0,0.7299811423288081,2.0,-0.12498106579904741,1.0,0.0,0
-1.0939315213100023,0.0,-1.1991617531888707,2.0,-0.8809230522989386,1.0,0.0,0
1.1664830777095447,1.0,1.4973795580655358,1.0,1.3735627544977957,0.0,0.0,0
-0.8781646732217729,1.0,0.8219922714884914,1.0,-1.0676851901400883,1.0,0.0,0
0.6938509342781848,0.0,-1.1991617531888707,2.0,-1.27668091581947,0.0,0.0,0
-0.9706361795452998,1.0,-1.1991617531888707,1.0,-0.16055480634021876,1.0,0.0,1
-0.05619572812375579,0.0,-1.1991617531888707,2.0,-0.23614900499020788,0.0,0.0,0
1.4952706557487514,0.0,0.6078717738381673,2.0,-1.659098626637062,0.0,1.0,0
-0.09729417537865664,1.0,-1.1991617531888707,1.0,0.6042806152949654,1.0,0.0,1
0.9096177823664143,0.0,0.4219615430312734,1.0,-1.4634430536606196,1.0,0.0,0
-0.9398123441041242,0.0,0.8104094086651809,1.0,0.7287887071890651,0.0,0.0,1
1.330876866729148,0.0,0.17342791913999334,1.0,-1.1477261063577238,0.0,0.0,0
0.9815400650624908,0.0,-1.1991617531888707,2.0,-0.8497960293254138,1.0,0.0,0
-0.8576154495943225,0.0,0.6464164158658612,2.0,0.6576412261067224,0.0,0.0,0
-1.5357398293001865,0.0,-1.1991617531888707,2.0,-0.6808207617548498,1.0,0.0,0
0.6938509342781848,1.0,-1.1991617531888707,2.0,0.4575389355626335,1.0,0.0,0
2.050099693689913,1.0,0.38430088068307355,2.0,0.10624824771856638,0.0,1.0,0
0.5397317570723066,0.0,0.09630703588320802,2.0,-0.969857403651867,1.0,0.0,0
-0.004822669055129724,1.0,1.232495900921957,3.0,0.6843215315126009,0.0,1.0,1
0.6013794279546579,1.0,0.46248544412830933,1.0,-0.16500152390786518,1.0,0.0,0
0.4678094743762301,0.0,0.6206282756871139,1.0,-0.04049343201376545,0.0,1.0,0
-0.6829470487609939,0.0,0.16590507492046097,1.0,-1.690225649610587,0.0,0.0,0
-0.45690558885903915,0.0,1.269926112528653,2.0,-0.12942778336669383,0.0,0.0,0
0.847970111484063,1.0,-1.1991617531888707,2.0,0.75991573016259,1.0,0.0,0
-0.5699263188100164,1.0,0.6927641455355809,1.0,-0.969857403651867,0.0,1.0,0
-0.6315739896923678,0.0,-1.1991617531888707,2.0,1.2401612274684033,1.0,0.0,0
-1.1144807449374527,0.0,-0.14677652372666394,1.0,-1.5479306874459016,1.0,0.0,1
1.4541722084938506,0.0,-1.1991617531888707,4.0,-1.054345037437149,1.0,0.0,1
2.050099693689913,1.0,0.4971510447965915,1.0,1.5114109990948348,1.0,0.0,0
-1.792605124643317,0.0,0.9452178259113191,1.0,0.4575389355626335,0.0,1.0,0
-2.522102563417807,0.0,-1.1991617531888707,1.0,-0.671927326619557,1.0,0.0,1
-1.1555791921923537,0.0,-0.20198431836595754,1.0,1.4536036707154314,0.0,1.0,0
-0.8781646732217729,1.0,1.332784744112331,2.0,0.8844238220566897,0.0,1.0,0
-1.268599922143331,0.0,0.9923293625400672,1.0,-1.0098778617606847,0.0,1.0,0
1.0637369595722925,0.0,-1.1991617531888707,1.0,-0.4940586239137002,1.0,0.0,0
0.5808302043272074,1.0,0.5509786884576825,1.0,-0.8453493117577673,0.0,0.0,0
0.27259184991545105,0.0,-1.1991617531888707,2.0,0.25743664501854463,1.0,0.0,0
1.2178561367781706,1.0,-1.1991617531888707,2.0,0.9911450436802038,1.0,0.0,0
-0.5802009306237417,1.0,-1.1991617531888707,1.0,0.4575389355626335,1.0,0.0,1
-0.3747086943492374,0.0,-1.1991617531888707,1.0,-0.7475215252695461,1.0,0.0,1
-0.18976568170218358,0.0,0.8127539736537068,1.0,-0.396230837425479,0.0,1.0,1
-0.46718020067276433,0.0,-1.1991617531888707,2.0,-0.11608763066375458,1.0,0.0,0
-0.6110247660649173,1.0,0.6135149443503369,1.0,0.17294901123326267,0.0,1.0,0
-0.2000402935159088,0.0,-1.1991617531888707,1.0,0.484219240968512,1.0,0.0,1
-0.8062423905256964,1.0,0.3549848013826627,1.0,-1.2900210685224092,0.0,1.0,0
-1.6282113356237136,1.0,-1.1991617531888707,1.0,-0.5385257995901644,1.0,0.0,1
1.0637369595722925,1.0,1.1432876847629876,2.0,-0.396230837425479,0.0,0.0,0
1.1459338540820942,0.0,0.09789178371086209,1.0,1.4358168004448457,0.0,0.0,0
0.13902189633702328,1.0,1.7948175742850472,1.0,0.47087908826557273,0.0,0.0,1
1.2178561367781706,0.0,-1.1991617531888707,2.0,-0.8675828995959994,1.0,0.0,0
0.21094417903309975,1.0,0.9095218997671722,1.0,-0.05828030228435113,1.0,0.0,0
0.6322032633958335,0.0,0.6041416317459457,1.0,1.0711859598978393,0.0,0.0,0
-0.980910791359025,0.0,-1.1991617531888707,2.0,-0.4451447306695896,0.0,0.0,0
0.8582447232977882,1.0,0.2792493356376464,2.0,0.23520305718031254,0.0,0.0,0
0.28286646172917623,1.0,0.6798545950293611,1.0,-0.03159999687847261,1.0,0.0,1
-1.4227190993492091,1.0,0.7428375487235869,2.0,1.6314723734212881,1.0,0.0,0
0.8171462760428874,1.0,-1.1991617531888707,2.0,0.8621902342184576,0.0,0.0,0
1.1048354068271933,1.0,-1.1991617531888707,2.0,1.5425380220683598,1.0,0.0,0
0.8685193351115135,0.0,0.7666917539400468,2.0,0.3419242788038266,0.0,1.0,0
0.35478874442525277,0.0,0.24573263724643168,1.0,-1.1521728239253703,0.0,1.0,0
0.41643641530760406,0.0,-1.1991617531888707,1.0,1.6359190909889345,1.0,0.0,1
2.050099693689913,0.0,-1.1991617531888707,2.0,0.9911450436802038,1.0,0.0,0
-1.0631076858688266,0.0,0.8394455637269506,2.0,0.26633008015383747,1.0,0.0,0
-0.5185532597413904,1.0,0.3788504972178126,1.0,0.2752235152891303,1.0,0.0,0
0.2931410735429015,0.0,-1.1991617531888707,2.0,0.012867178797991577,1.0,0.0,0
-0.17949106988845837,0.0,0.17608672063130398,2.0,-0.3339767914784291,0.0,1.0,0
-0.5288278715551156,1.0,1.0971780662472315,2.0,-0.9920909914900992,0.0,1.0,1
-0.7137708842021695,0.0,-1.1991617531888707,2.0,-0.6808207617548498,1.0,0.0,0
1.0226385123173916,0.0,0.7427818511413261,1.0,1.0934195477360715,0.0,0.0,1
0.8993431705526891,0.0,0.9353074864750994,4.0,0.5286864166449762,0.0,1.0,1
-1.597387500182538,1.0,0.6706223616877743,1.0,0.484219240968512,0.0,1.0,1
0.35478874442525277,0.0,-1.1991617531888707,1.0,1.7204067247742165,1.0,0.0,0
-0.2000402935159088,0.0,-1.1991617531888707,2.0,-1.6012912982576586,0.0,0.0,0
-0.11784339900610707,1.0,0.9796871285103148,2.0,0.043994201771516514,0.0,0.0,0
0.3753379680527032,1.0,-1.1991617531888707,2.0,-0.6986076320254355,0.0,0.0,0
0.9507162296213152,0.0,0.02973118915333508,2.0,1.7204067247742165,1.0,0.0,0
2.050099693689913,1.0,0.3958945957573689,2.0,-1.57461099285178,0.0,0.0,0
0.09792344908212242,0.0,-1.1991617531888707,2.0,-0.5118454941842859,0.0,0.0,0
2.050099693689913,0.0,1.064287925758471,2.0,-1.3834021374429841,0.0,1.0,0
1.4336229848664002,1.0,1.1729521532384002,1.0,-0.3028497685049042,1.0,0.0,1
2.050099693689913,0.0,0.7156871318623772,1.0,-1.2366604577106521,0.0,1.0,1
-0.5802009306237417,1.0,-1.1991617531888707,2.0,0.6709813788096616,1.0,0.0,0
-0.9192631204766737,1.0,-1.1991617531888707,2.0,0.4353053477244014,0.0,0.0,0
-0.6315739896923678,0.0,0.7153266137009802,1.0,-1.5923978631223656,0.0,1.0,1
0.6835763224644595,0.0,0.7760269240740645,1.0,0.2040760342067876,1.0,0.0,0
-0.3849833061629626,1.0,0.7236287452963872,1.0,-1.21442686987242,0.0,1.0,1
-0.7445947196433451,0.0,1.154615360096226,2.0,1.342435731524271,0.0,1.0,0
-0.7651439432707955,1.0,-0.48766791044144037,3.0,0.05733435447445577,1.0,0.0,1
0.005451942758595491,1.0,1.1781588398322786,1.0,1.3379890139566244,0.0,1.0,1
0.5191825334448562,1.0,-1.1991617531888707,2.0,-1.3478283969018128,0.0,0.0,0
0.6013794279546579,0.0,-1.1991617531888707,2.0,1.5647716099065918,1.0,0.0,0
-0.10756878719238186,0.0,0.5617864132952008,1.0,0.7643624477302364,1.0,0.0,0
-0.5391024833688408,0.0,1.200276844483074,1.0,-0.6496937387813249,0.0,1.0,0
-0.980910791359025,0.0,0.608539187273741,2.0,-0.9253902279754028,0.0,1.0,0
0.5191825334448562,0.0,1.3010168540489544,2.0,-1.552377405013548,1.0,0.0,0
0.2931410735429015,0.0,1.9694737016367037,2.0,0.3908381720479372,1.0,0.0,1
2.050099693689913,1.0,0.6091920778440264,1.0,1.6981731369359845,1.0,0.0,0
0.4780840861899553,1.0,-1.1991617531888707,2.0,1.1601203112507676,1.0,0.0,0
-0.5802009306237417,1.0,0.8215264226557701,2.0,0.19518259907149477,0.0,0.0,0
-0.8062423905256964,1.0,1.239849577699665,1.0,-1.129939236087138,0.0,1.0,1
-0.30278641165316095,0.0,1.052335128850115,1.0,1.555878174771299,0.0,1.0,1
1.382249925797774,1.0,0.8732306957381162,2.0,0.7110018369184794,0.0,0.0,1
0.3136902971703519,0.0,1.03056726888551,2.0,-0.28950961580196494,0.0,1.0,0
0.12874728452329806,0.0,-1.1991617531888707,2.0,-1.4723364887959125,1.0,0.0,0
2.050099693689913,0.0,0.9905156002982453,1.0,0.35971114907441226,0.0,0.0,0
1.9165297401114851,0.0,0.23557349399718988,2.0,-1.5168036644723766,1.0,0.0,0
0.48835869800368054,1.0,1.102758836316238,4.0,1.3735627544977957,1.0,0.0,1
0.3136902971703519,0.0,1.3185853716581655,1.0,1.1912473342242926,1.0,0.0,0
-0.1281180108198323,1.0,0.7879757311842644,2.0,0.4397520652920478,0.0,1.0,0
-0.9398123441041242,1.0,0.31918641722186414,1.0,-1.4234225955518018,1.0,0.0,0
0.7760478287879865,1.0,0.5479196304153388,1.0,1.302415273415453,1.0,0.0,0
1.6802136683958053,1.0,0.20161680066530638,1.0,1.173460463953707,1.0,0.0,0
0.7554986051605361,0.0,-1.1991617531888707,1.0,0.4130717598861693,1.0,0.0,1
0.36506335623897795,0.0,1.1825717161849938,1.0,0.9333377153008003,1.0,0.0,0
-1.2788745339570562,0.0,0.7594550580442794,1.0,-0.7875419833783639,0.0,1.0,0
1.423348373052675,1.0,-0.1426319214019734,1.0,-1.2188735874400665,1.0,0.0,0
2.050099693689913,0.0,-1.1991617531888707,1.0,-0.10274747796081532,1.0,0.0,1
-0.6110247660649173,0.0,-1.1991617531888707,2.0,-1.6502051915017693,1.0,0.0,0
-0.8473408377805972,0.0,-0.03327299026708191,2.0,-0.20502198201668295,1.0,0.0,0
-1.4227190993492091,1.0,-1.1991617531888707,2.0,-0.3028497685049042,1.0,0.0,0
1.4849960439350263,0.0,0.8101519868881408,2.0,1.3602226017948567,0.0,1.0,0
-0.10756878719238186,0.0,0.9144153074098235,1.0,1.2623948153066353,1.0,0.0,0
-1.1350299685649032,1.0,0.8495158142732717,2.0,0.20852275177443402,0.0,1.0,0
1.0945607950134681,0.0,0.478609814396892,2.0,1.1779071815213533,0.0,1.0,0
-0.9295377322903989,1.0,-1.1991617531888707,1.0,1.333542296388978,1.0,0.0,0
-1.1453045803786284,0.0,-1.1991617531888707,2.0,0.9955917612478502,0.0,0.0,0
0.8582447232977882,0.0,0.9329608467915318,1.0,0.3863914544802908,1.0,0.0,0
1.423348373052675,1.0,-1.1991617531888707,2.0,0.8043829058390541,0.0,0.0,0
1.0945607950134681,0.0,0.741181782488752,2.0,-0.049386867149058294,0.0,1.0,0
0.015726554572320705,0.0,1.0031781025026316,2.0,-0.725287937431314,1.0,0.0,0
-0.7343201078296199,0.0,1.1283878633445148,1.0,0.7865960355684685,0.0,0.0,1
0.5294571452585813,0.0,1.1234896679440758,1.0,0.484219240968512,1.0,0.0,0
-1.0939315213100023,1.0,0.7804771449375221,1.0,0.15960885853032342,1.0,0.0,1
-0.2308641289570844,0.0,-1.1991617531888707,2.0,-0.7875419833783639,1.0,0.0,0
0.1595711199644737,0.0,0.5587955010053658,1.0,1.7070665720712772,0.0,1.0,0
-0.1383926226335575,0.0,-1.1991617531888707,1.0,0.4130717598861693,0.0,0.0,0
-0.1383926226335575,1.0,-1.1991617531888707,2.0,0.07956794231268786,1.0,0.0,0
-0.2308641289570844,1.0,1.0838735257235452,1.0,-1.3344882441988735,1.0,0.0,1
0.1492965081507485,1.0,1.2816572362514491,2.0,-0.4229111428313575,0.0,1.0,1
-0.5699263188100164,0.0,1.0727988035934117,2.0,1.6314723734212881,0.0,1.0,1
0.36506335623897795,0.0,0.9483171011190772,1.0,0.04844091933916293,1.0,0.0,0
-1.4432683229766596,1.0,0.7787653619365735,1.0,0.7243419896214186,0.0,1.0,0
-1.8337035718982178,1.0,-1.1991617531888707,2.0,0.11958840042150563,0.0,0.0,0
0.05682500182722156,0.0,0.7167037324325842,1.0,-0.07162045498729039,0.0,0.0,0
0.8685193351115135,0.0,1.6719608368037815,1.0,-0.449591448237236,1.0,0.0,0
0.22121879084682497,1.0,-1.1991617531888707,2.0,1.409136495038967,1.0,0.0,0
1.6493898329546297,1.0,-1.1991617531888707,1.0,1.7381935950448022,1.0,0.0,0
0.16984573177819892,0.0,-1.1991617531888707,2.0,0.9244442801655075,0.0,0.0,0
0.22121879084682497,0.0,0.44432292536959894,1.0,-0.1694482414755116,0.0,1.0,1
-0.5802009306237417,1.0,0.19083317420865156,2.0,1.409136495038967,0.0,1.0,0
-2.0700196436138976,0.0,-1.1991617531888707,2.0,1.7293001599095095,1.0,0.0,0
-1.5049159938590109,1.0,1.4143928735594633,1.0,-0.6452470212136785,0.0,0.0,1
0.28286646172917623,1.0,-1.1991617531888707,2.0,-1.7035658023135263,1.0,0.0,0
-0.5391024833688408,0.0,0.7787982378733811,2.0,-1.0276647320312704,0.0,1.0,0
0.6527524870232839,1.0,-1.1991617531888707,2.0,0.0884613774479807,1.0,0.0,0
-0.45690558885903915,0.0,0.29427842651638086,2.0,-0.3072964860725506,1.0,0.0,1
0.4986333098174057,0.0,1.473295380883351,2.0,1.4669438234183707,0.0,0.0,0
-0.8062423905256964,1.0,-1.1991617531888707,2.0,1.6047920680154097,1.0,0.0,0
0.11847267270957285,0.0,1.2775022604515525,1.0,0.9866983261125574,0.0,0.0,0
0.27259184991545105,0.0,-0.28888547363906925,1.0,1.173460463953707,1.0,0.0,0
-0.3747086943492374,1.0,0.7714001945401754,1.0,-0.2984030509372578,1.0,0.0,0
-1.1350299685649032,0.0,0.6546617327355232,1.0,1.333542296388978,1.0,0.0,0
0.03627577819977113,0.0,1.124657402068441,2.0,-0.6585871739166177,0.0,1.0,0
0.28286646172917623,1.0,-1.1991617531888707,1.0,1.6759395490977524,1.0,0.0,0
1.187032301336995,0.0,0.05173779863960881,1.0,0.13737527069209132,0.0,0.0,0
-0.34388485890806175,1.0,0.46870314557497617,1.0,0.6709813788096616,1.0,0.0,0
0.8890685587389638,0.0,-1.1991617531888707,1.0,1.6937264193683381,1.0,0.0,1
-1.371346040280583,1.0,1.2603252218374306,2.0,1.182353899089,0.0,1.0,1
0.6835763224644595,1.0,-1.1991617531888707,2.0,1.6981731369359845,0.0,0.0,0
-0.15894184626100794,0.0,0.8278125890387977,1.0,0.35526443150676584,1.0,0.0,0
0.9609908414350403,0.0,-1.1991617531888707,2.0,0.11514168285385921,1.0,0.0,0
-0.5082786479276652,0.0,-1.1991617531888707,2.0,-1.3834021374429841,0.0,0.0,0
1.5774675502585531,0.0,-1.1991617531888707,2.0,-1.2055334347371274,1.0,0.0,0
-1.3405222048394074,0.0,0.9362147665758259,2.0,0.6665346612420152,0.0,1.0,0
1.371975313984049,0.0,-1.1991617531888707,2.0,0.3019038206950088,1.0,0.0,0
1.228130748591896,0.0,1.275272122874147,2.0,1.5203044342301277,1.0,0.0,0
-0.8884392850354981,0.0,0.14152022654922264,2.0,1.6803862666653988,1.0,0.0,0
0.026001166386045917,1.0,-1.1991617531888707,2.0,1.0756326774654859,1.0,0.0,0
0.20066956721937454,1.0,-1.1991617531888707,2.0,-1.2500006104135915,0.0,0.0,0
1.9884520228075617,1.0,-1.1991617531888707,2.0,-1.3522751144694591,1.0,0.0,0
0.5705555925134822,1.0,0.7945140528107658,2.0,-0.31174320364019703,0.0,1.0,0
-0.7445947196433451,0.0,1.2141129857130963,2.0,0.07512122474504145,1.0,0.0,0
1.279503807660522,0.0,0.5551143536345029,1.0,-1.1521728239253703,1.0,0.0,1
-1.1966776394472545,0.0,-1.1991617531888707,2.0,-0.07606717255493681,1.0,0.0,1
0.796597052415437,0.0,0.5391826108209031,2.0,1.5158577166624811,0.0,1.0,1
2.050099693689913,1.0,0.8038895997021245,1.0,-0.8053288536489496,0.0,0.0,0
1.7726851747193322,0.0,1.4318416972239876,1.0,1.6181322207183488,1.0,0.0,0
0.1595711199644737,0.0,0.767203565247528,2.0,1.6670461139624595,0.0,1.0,0
-0.16921645807473315,0.0,1.1940964875471496,1.0,0.2974571031273624,1.0,0.0,0
-0.6726724369472686,0.0,-1.1991617531888707,2.0,0.515346263942037,0.0,0.0,0
-0.025371892682580152,1.0,0.4331861219801547,1.0,-0.5963331279695678,0.0,0.0,0
0.1801203435919241,0.0,0.5061451669842147,1.0,0.10180153015091996,0.0,1.0,1
1.4438975966801255,1.0,-1.1991617531888707,1.0,-0.694160914457789,1.0,0.0,0
-0.24113874077080963,1.0,0.38068692151316164,1.0,-0.6674806090519105,1.0,0.0,0
0.4575348625625049,0.0,-1.1991617531888707,2.0,0.6309609207008439,1.0,0.0,0
-1.5049159938590109,1.0,-1.1991617531888707,3.0,-0.8809230522989386,1.0,0.0,1
-1.895351242780569,1.0,0.43004391654423524,1.0,0.38194473691264436,0.0,1.0,1
0.6116540397683831,1.0,1.1662197678295798,1.0,-0.5385257995901644,0.0,1.0,1
1.043187735944842,1.0,0.42306623834477003,2.0,-1.3789554198753375,0.0,1.0,0
0.16984573177819892,1.0,0.7405595335683067,2.0,-1.57461099285178,0.0,0.0,0
-1.0528330740551015,0.0,0.38057935655486963,1.0,-1.2944677860900557,0.0,1.0,0
-0.2719625762119853,0.0,-1.1991617531888707,2.0,1.6759395490977524,1.0,0.0,0
0.22121879084682497,0.0,0.25513164415094897,1.0,-0.04049343201376545,1.0,0.0,0
-0.5185532597413904,1.0,-1.1991617531888707,2.0,-1.1877465644665417,1.0,0.0,0
-0.39525791797668786,0.0,1.065880174406659,1.0,-1.3656152671723985,0.0,1.0,0
0.6116540397683831,0.0,1.5157043818132419,2.0,1.3780094720654423,0.0,1.0,0
-0.6007501542511922,0.0,0.0821245801732251,1.0,0.20852275177443402,0.0,0.0,1
1.5980167738860036,0.0,-1.1991617531888707,2.0,0.7154485544861258,0.0,0.0,0
1.1562084658958194,1.0,-1.1991617531888707,2.0,-0.33842350904607554,1.0,0.0,0
-0.1281180108198323,1.0,0.8649307984296767,1.0,1.302415273415453,0.0,1.0,1
0.36506335623897795,0.0,0.5800469214966285,1.0,0.7910427531361149,0.0,0.0,0
1.9884520228075617,0.0,0.38925190101110074,1.0,-1.3922955725782769,0.0,0.0,1
-1.1144807449374527,0.0,0.4888442850353234,1.0,0.7732558828655293,0.0,0.0,1
-1.176128415819804,1.0,-1.1991617531888707,1.0,-0.8364558766224744,1.0,0.0,1
0.3753379680527032,1.0,-1.1991617531888707,2.0,1.2090342044948783,0.0,0.0,0
0.3136902971703519,1.0,0.7355933520072857,1.0,-1.4901233590664982,0.0,0.0,0
0.6322032633958335,1.0,0.19528515058329762,2.0,-0.0983007603931689,1.0,0.0,0
0.33423952079780234,0.0,0.7914324923068209,1.0,-1.2411071752782987,0.0,1.0,0
1.567192938444828,1.0,-1.1991617531888707,2.0,-0.07606717255493681,0.0,0.0,0
0.5705555925134822,1.0,0.47997799598062585,1.0,0.12848183555679848,0.0,1.0,1
0.3136902971703519,0.0,-1.1991617531888707,2.0,1.1334400058448892,1.0,0.0,0
1.2178561367781706,0.0,1.3028212003671273,2.0,-0.9120500752724636,1.0,0.0,0
0.015726554572320705,0.0,-1.1991617531888707,2.0,1.449156953147785,0.0,0.0,0
1.4130737612389497,1.0,1.013588124259937,2.0,-1.0410048847342097,0.0,1.0,0
0.05682500182722156,1.0,1.0596308737585947,1.0,0.8888705396243362,0.0,1.0,1
-0.5082786479276652,1.0,0.7549872820689345,2.0,-0.0049196914725941,0.0,0.0,0
-0.066470339937481,1.0,0.2812217322541596,1.0,-1.63686503879883,1.0,0.0,0
-1.3816206520943084,1.0,0.8483825520049766,1.0,0.10624824771856638,0.0,1.0,1
-0.30278641165316095,0.0,-1.1991617531888707,2.0,-1.5923978631223656,1.0,0.0,0
0.20066956721937454,0.0,0.7840654098073078,2.0,-1.3567218320371055,0.0,0.0,0
-0.2925117998394357,1.0,0.13274123427818313,2.0,-1.1744064117636024,1.0,0.0,0
0.7246747697193604,0.0,0.44362518946803764,1.0,0.8221697761096398,1.0,0.0,0
0.5602809806997571,0.0,0.491474679163762,1.0,-1.1343859536547847,0.0,1.0,0
0.07737422545467199,0.0,0.03101510620000942,2.0,0.06178107204210219,0.0,1.0,0
-0.39525791797668786,0.0,0.5008230954276581,2.0,0.9555713031390325,0.0,1.0,0
-0.210314905329634,0.0,-1.1991617531888707,2.0,-1.6413117563664763,1.0,0.0,0
1.8035090101605078,1.0,1.5858147109337546,2.0,0.897763974759629,0.0,0.0,1
-1.1350299685649032,0.0,-1.1991617531888707,2.0,-0.6363535860783857,0.0,0.0,0
-1.7617812892021412,0.0,0.1904088192767549,1.0,-0.3695505320196005,0.0,0.0,0
-0.6315739896923678,0.0,-1.1991617531888707,2.0,-0.6986076320254355,1.0,0.0,0
1.3514260903565984,0.0,0.36567953513639684,1.0,-0.18278839417845086,0.0,0.0,0
1.0740115713860177,0.0,1.1773605610171805,1.0,-0.8453493117577673,1.0,0.0,0
-0.2719625762119853,1.0,-1.1991617531888707,2.0,1.2535013801713426,0.0,0.0,0
-0.48772942430021476,0.0,0.47656703774090287,2.0,-1.4456561833900339,0.0,0.0,1
0.0876488372683972,1.0,0.6426822839754837,1.0,-0.049386867149058294,0.0,0.0,0
0.26231723810172586,1.0,0.4024954774189599,1.0,-0.7208412198636676,1.0,0.0,0
-1.0836569094962771,0.0,-1.1991617531888707,2.0,-1.2633407631165308,1.0,0.0,0
0.70412554609191,1.0,0.41998930600668644,1.0,1.0578458071949002,1.0,0.0,1
1.4541722084938506,1.0,0.4224481388144072,1.0,0.7688091652978828,0.0,1.0,1
-0.025371892682580152,1.0,0.747549500346093,2.0,-1.63686503879883,0.0,1.0,0
-0.4774548124864896,1.0,-0.20818031531065437,3.0,-0.7830952658107174,1.0,0.0,1
-1.217226863074705,0.0,-1.1991617531888707,2.0,-0.20946869958432937,1.0,0.0,1
-0.2000402935159088,0.0,0.5945310059472222,2.0,-0.2539358752607936,1.0,0.0,0
-0.2000402935159088,1.0,-1.1991617531888707,2.0,1.6714928315301059,1.0,0.0,0
1.228130748591896,1.0,-1.1991617531888707,2.0,-0.48516518877840736,1.0,0.0,0
0.42671102712132924,1.0,-1.1991617531888707,2.0,-0.36065709688430764,0.0,0.0,1
-0.17949106988845837,0.0,-1.1991617531888707,1.0,-0.3295300739107827,1.0,0.0,0
-0.07674495175120621,0.0,-1.1991617531888707,2.0,-0.3028497685049042,0.0,0.0,0
1.2178561367781706,1.0,0.6816651654326576,2.0,-0.3250833563431363,1.0,0.0,0
0.19039495540564932,0.0,-1.1991617531888707,2.0,-0.8809230522989386,0.0,0.0,0
0.04655039001349635,1.0,0.585919266014892,2.0,-1.3033612212253485,1.0,0.0,0
1.6699390565820802,0.0,-1.1991617531888707,1.0,-1.5434839698782552,1.0,0.0,0
-0.785693166898246,1.0,0.7562320990936778,2.0,0.35526443150676584,1.0,0.0,0
0.3753379680527032,1.0,-1.1991617531888707,2.0,-1.1521728239253703,1.0,0.0,0
1.5980167738860036,1.0,-0.18154793384204926,1.0,-0.8675828995959994,1.0,0.0,0
0.6733017106507344,0.0,-1.1991617531888707,1.0,-1.6413117563664763,1.0,0.0,0
0.4678094743762301,1.0,-1.1991617531888707,2.0,0.26188336258619105,1.0,0.0,0
1.2075815249644455,1.0,-1.1991617531888707,1.0,0.19962931663914119,0.0,0.0,1
-0.3747086943492374,1.0,-1.1991617531888707,2.0,-0.9209435104077565,1.0,0.0,0
0.42671102712132924,1.0,-1.1991617531888707,2.0,-0.48071847121076094,1.0,0.0,0
-1.1658538040060789,1.0,-1.1991617531888707,1.0,-1.63686503879883,1.0,0.0,0
-0.46718020067276433,0.0,1.1961981536239246,1.0,-0.43180457796665034,0.0,0.0,0
-0.5699263188100164,0.0,0.33021453850953253,1.0,-1.583504427987073,1.0,0.0,0
1.6596644447683548,0.0,0.8301156601264992,2.0,-1.1655129766283094,0.0,1.0,0
1.4644468203075758,0.0,0.7079019185160912,2.0,-0.6585871739166177,1.0,0.0,0
0.33423952079780234,0.0,-1.1991617531888707,2.0,0.13737527069209132,1.0,0.0,0
-0.10756878719238186,1.0,0.6527072104147499,1.0,1.3468824490919173,1.0,0.0,0
-1.6795843946923394,0.0,1.1265667598740856,1.0,0.30635053826265524,0.0,0.0,0
0.36506335623897795,1.0,0.2941376664374292,3.0,1.0578458071949002,0.0,1.0,1
0.07737422545467199,1.0,-1.1991617531888707,2.0,-0.9876442739224527,1.0,0.0,0
-0.5904755424374669,1.0,0.06575986446371128,1.0,-1.5612708401488409,0.0,0.0,0
1.3206022549154228,0.0,0.7015230292239129,1.0,0.16850229366561625,1.0,0.0,0
-0.48772942430021476,1.0,-1.1991617531888707,1.0,0.2040760342067876,1.0,0.0,1
1.5569183266311029,0.0,-1.1991617531888707,2.0,-1.1432793887900774,0.0,0.0,0
0.847970111484063,0.0,-1.1991617531888707,1.0,1.1067597004390106,1.0,0.0,0
0.2520426262880006,0.0,0.49555368920676385,1.0,0.6354076382684902,0.0,0.0,0
0.6527524870232839,1.0,0.4465714160185232,2.0,0.9955917612478502,0.0,0.0,0
-0.7034962723884443,0.0,-1.1991617531888707,2.0,-0.5829929752666286,0.0,0.0,0
-1.2583253103296057,0.0,0.8478077018866271,2.0,0.8221697761096398,1.0,0.0,0
-1.8234289600844926,1.0,0.8995475639685269,1.0,1.0934195477360715,0.0,1.0,0
0.005451942758595491,1.0,-1.1991617531888707,2.0,0.3908381720479372,1.0,0.0,0
-0.7651439432707955,0.0,0.9931196617588528,1.0,-0.41401770769606466,0.0,1.0,0
0.21094417903309975,1.0,-1.1991617531888707,2.0,-0.22280885228726863,1.0,0.0,0
-1.032283850427651,0.0,0.4508811959868814,1.0,1.5736650450418848,0.0,1.0,0
0.3856125798664284,0.0,0.4510166895322668,1.0,0.11514168285385921,0.0,1.0,0
1.2897784194742472,1.0,0.5471111377169607,2.0,-1.3789554198753375,0.0,1.0,0
1.854882069229134,0.0,0.08176549833916454,1.0,-0.07162045498729039,0.0,1.0,0
-1.2480506985158806,1.0,-1.1991617531888707,2.0,-0.91649679284011,0.0,0.0,0
0.7452239933468109,0.0,-1.1991617531888707,2.0,-0.4718250360754681,0.0,0.0,0
-0.11784339900610707,1.0,0.641496835147305,2.0,-0.43625129553429676,1.0,0.0,0
-2.40908183346683,0.0,-1.1991617531888707,1.0,-1.6101847333929513,0.0,0.0,0
0.2520426262880006,0.0,0.27892504484350805,2.0,1.5736650450418848,0.0,1.0,0
1.0534623477585674,0.0,1.0044272285093836,1.0,-1.4056357252812162,0.0,1.0,1
-0.354159470721787,1.0,0.8492419545278281,3.0,-0.0983007603931689,0.0,1.0,1
-0.17949106988845837,0.0,1.2039415538855334,1.0,0.3419242788038266,1.0,0.0,1
-1.6282113356237136,0.0,1.056819661977716,2.0,0.8933172571919825,1.0,0.0,0
2.050099693689913,0.0,0.355391760794598,1.0,1.5825584801771775,0.0,0.0,0
0.4472602507487797,1.0,-1.1991617531888707,2.0,-0.5474192347254573,0.0,0.0,0
1.1767576895232699,1.0,0.15031278413399315,1.0,1.4269233653095528,0.0,0.0,0
1.5158198793762019,0.0,-1.1991617531888707,3.0,1.1289932882772429,1.0,0.0,0
-0.210314905329634,1.0,-1.1991617531888707,2.0,0.75991573016259,1.0,0.0,0
-1.1453045803786284,1.0,-1.1991617531888707,2.0,-1.4456561833900339,1.0,0.0,0
-0.7034962723884443,0.0,-1.1991617531888707,2.0,-1.467889771228266,1.0,0.0,0
0.6322032633958335,0.0,0.3006665721402819,2.0,-1.3033612212253485,0.0,1.0,0
-0.4260817534178635,0.0,-1.1991617531888707,2.0,0.4931126761038048,1.0,0.0,0
0.9609908414350403,0.0,-1.1991617531888707,2.0,0.6087273328626117,1.0,0.0,0
-0.8473408377805972,1.0,0.9226435479433772,1.0,0.7865960355684685,1.0,0.0,0
1.238405360405621,1.0,-1.1991617531888707,1.0,-0.45848488337252885,0.0,0.0,1
-0.549377095182566,0.0,1.2457583091771138,1.0,-1.1744064117636024,1.0,0.0,0
-0.045921116310030576,0.0,-1.1991617531888707,2.0,1.4758372585536634,1.0,0.0,0
0.4986333098174057,0.0,0.8105396356769999,2.0,-1.627971603663537,0.0,0.0,0
1.3411514785428733,1.0,0.8491318360987162,2.0,0.008420461230345158,1.0,0.0,0
0.1801203435919241,1.0,1.4798185412768585,1.0,-0.34287022661372196,0.0,1.0,0
0.9815400650624908,0.0,0.8301619417851113,1.0,1.5203044342301277,1.0,0.0,0
0.5808302043272074,1.0,-1.1991617531888707,1.0,-0.5207389293195788,1.0,0.0,1
-1.217226863074705,0.0,0.9993089558426473,1.0,-0.9120500752724636,0.0,1.0,1
-0.9192631204766737,1.0,-1.1991617531888707,2.0,-0.396230837425479,1.0,0.0,0
-0.2205895171433592,1.0,0.8611907616380281,1.0,-1.2277670225753594,1.0,0.0,0
-0.045921116310030576,1.0,-1.1991617531888707,2.0,0.7999361882714078,1.0,0.0,0
0.05682500182722156,1.0,1.48004356589287,1.0,0.8888705396243362,0.0,0.0,0
-0.5904755424374669,1.0,-1.1991617531888707,2.0,-0.15610808877257235,1.0,0.0,0
1.2692291958467967,0.0,0.5964212127217171,1.0,1.3691160369301494,1.0,0.0,0
-0.4158071416041383,0.0,-1.1991617531888707,1.0,0.030654049068577254,1.0,0.0,0
-0.6623978251335434,0.0,-1.1991617531888707,1.0,1.1779071815213533,1.0,0.0,0
1.8959805164840349,0.0,1.411277160383301,2.0,-0.20502198201668295,1.0,0.0,0
0.7657732169742613,1.0,-1.1991617531888707,1.0,0.39973160718323003,1.0,0.0,0
-0.5288278715551156,1.0,-1.1991617531888707,1.0,-0.24948915769314714,1.0,0.0,0
-0.5082786479276652,0.0,0.37484761252363163,2.0,0.5331331342126227,1.0,0.0,0
0.23149340266055018,0.0,0.735742889642181,1.0,-1.3789554198753375,1.0,0.0,0
0.508907921631131,1.0,-0.29617547323820403,2.0,1.1645670288184142,0.0,0.0,0
-0.8062423905256964,0.0,0.3665753246184332,1.0,0.14626870582738416,0.0,0.0,0
-0.641848601506093,0.0,0.9174063792915852,3.0,1.5692183274742382,0.0,1.0,1
-0.33361024709433656,0.0,1.3216857640094075,2.0,0.2752235152891303,0.0,1.0,0
0.3136902971703519,0.0,1.0821438684268567,1.0,-0.947623815813635,0.0,1.0,1
0.1801203435919241,0.0,1.2020754454919023,1.0,-1.2055334347371274,1.0,0.0,0
-1.0014600149864754,0.0,0.6572838280837967,1.0,1.0000384788154966,1.0,0.0,0
-0.4466309770453139,1.0,0.5481071509286816,2.0,-1.5390372523106086,0.0,1.0,0
-0.33361024709433656,1.0,-0.4921466982596964,3.0,-1.4234225955518018,1.0,0.0,1
-0.3849833061629626,1.0,1.0792562121133047,2.0,0.1818424463685555,0.0,1.0,0
1.084286183199743,0.0,0.9843053996721126,1.0,-1.6457584739341227,0.0,1.0,0
0.26231723810172586,1.0,0.1240011824371487,1.0,-0.46293160094017527,1.0,0.0,1
-1.6487605592511638,0.0,1.292245043414596,1.0,0.6798748139449544,0.0,0.0,0
-0.24113874077080963,1.0,-1.1991617531888707,1.0,-1.5568241225811943,0.0,0.0,0
0.28286646172917623,1.0,-1.1991617531888707,2.0,1.173460463953707,1.0,0.0,0
1.1562084658958194,1.0,1.799754869707417,1.0,1.1779071815213533,1.0,0.0,0
-1.361071428466858,1.0,1.0617073243110224,1.0,0.4219651950214621,0.0,1.0,0
-1.5460144411139118,1.0,0.8513728259271067,1.0,0.155162140962677,0.0,0.0,0
-0.5596517069962913,0.0,-1.1991617531888707,2.0,0.09290809501562712,0.0,0.0,0
-2.183040373564875,0.0,-1.1991617531888707,2.0,-0.8453493117577673,1.0,0.0,0
-0.9911854031727503,0.0,0.16222552346886068,1.0,1.2846284031448674,1.0,0.0,0
-0.3849833061629626,0.0,-1.1991617531888707,2.0,0.7554690125949436,1.0,0.0,0
-1.3302475930256823,0.0,-1.1991617531888707,2.0,-1.2588940455488844,1.0,0.0,0
0.6013794279546579,0.0,-1.1991617531888707,1.0,1.6670461139624595,1.0,0.0,0
1.3514260903565984,0.0,0.09689577049914111,2.0,1.493624128824249,1.0,0.0,0
-1.0631076858688266,0.0,-1.1991617531888707,2.0,-0.6585871739166177,1.0,0.0,0
0.36506335623897795,1.0,-0.3205504269100149,1.0,-0.4940586239137002,1.0,0.0,0
-0.4158071416041383,1.0,-1.1991617531888707,2.0,0.6665346612420152,1.0,0.0,0
-1.1966776394472545,1.0,0.473719917776618,1.0,1.3735627544977957,1.0,0.0,0
-1.1864030276335293,0.0,1.6022316132031518,2.0,-1.2900210685224092,0.0,0.0,0
-1.371346040280583,0.0,0.6091558504767678,1.0,0.5420265693479155,1.0,0.0,0
-0.18976568170218358,0.0,1.8866257025145414,2.0,-0.640800303646032,1.0,0.0,0
0.4986333098174057,0.0,0.8067378368098927,1.0,-0.45848488337252885,1.0,0.0,0
1.3000530312879723,0.0,-1.1991617531888707,2.0,0.3952848896155836,1.0,0.0,0
1.423348373052675,0.0,1.601311884932178,1.0,0.42641191258910854,1.0,0.0,0
0.3239649089840771,0.0,-1.1991617531888707,2.0,0.8888705396243362,1.0,0.0,0
-1.5357398293001865,0.0,0.3929407087944235,1.0,-1.3167013739282878,1.0,0.0,0
0.0876488372683972,1.0,0.23620196700275886,1.0,-0.6585871739166177,1.0,0.0,0
0.005451942758595491,0.0,1.4484936784007498,2.0,1.0133786315184359,1.0,0.0,1
-0.1383926226335575,0.0,1.003436641423155,2.0,0.9644647382743253,0.0,1.0,0
1.4541722084938506,1.0,-1.1991617531888707,1.0,-0.3028497685049042,0.0,0.0,0
0.5808302043272074,0.0,-1.1991617531888707,2.0,-0.9076033577048171,1.0,0.0,0
-0.5596517069962913,1.0,0.18204715989285705,1.0,1.2623948153066353,1.0,0.0,0
0.8068716642291621,0.0,0.3531585909705938,2.0,-1.3211480914959342,0.0,1.0,0
-0.6829470487609939,1.0,0.9421118478426578,4.0,-0.9387303806783421,0.0,1.0,1
0.6938509342781848,0.0,0.06919986843401169,3.0,1.440263518012492,1.0,0.0,1
0.9301670059938647,0.0,-1.1991617531888707,1.0,-0.5385257995901644,1.0,0.0,0
-0.045921116310030576,0.0,0.6435255677137841,1.0,0.4219651950214621,0.0,0.0,0
0.35478874442525277,0.0,-1.1991617531888707,2.0,0.897763974759629,0.0,0.0,0
2.050099693689913,1.0,-0.19994138211804216,2.0,-0.009366409040240518,1.0,0.0,0
0.1801203435919241,0.0,0.5722095215904589,1.0,-1.6324183212311836,0.0,1.0,1
-0.2308641289570844,1.0,-1.1991617531888707,2.0,0.6709813788096616,1.0,0.0,0
-1.9775481372903707,1.0,1.5447383025880443,2.0,-0.10719419552846174,0.0,1.0,0
-1.6590351710648892,1.0,0.4589086698772135,2.0,1.5425380220683598,1.0,0.0,0
-1.3918952639080335,0.0,0.2440746367246293,1.0,-1.085472060410674,0.0,1.0,1
-0.5391024833688408,0.0,0.8754017843028095,2.0,-0.1472146536372795,1.0,0.0,0
-0.49800403611394,0.0,0.585649555659531,2.0,1.1067597004390106,1.0,0.0,0
-1.3199729812119572,1.0,-1.1991617531888707,2.0,0.5598134396185012,1.0,0.0,0
-1.0117346268002008,0.0,0.911778529604335,2.0,1.41802993017426,0.0,1.0,0
-0.354159470721787,1.0,0.7605307076271988,1.0,-1.6991190847458797,0.0,1.0,0
1.1664830777095447,0.0,-1.1991617531888707,2.0,0.7910427531361149,1.0,0.0,0
0.4678094743762301,1.0,-1.1991617531888707,2.0,-0.43180457796665034,0.0,0.0,0
0.005451942758595491,1.0,0.9700621394382286,1.0,-0.4718250360754681,0.0,0.0,0
-1.566563664741362,0.0,-1.1991617531888707,2.0,1.524751151797774,1.0,0.0,0
1.8857059046703095,1.0,0.8782347005856582,2.0,1.226821074765464,0.0,1.0,0
1.5055452675624768,1.0,-1.1991617531888707,2.0,-1.1566195414930167,0.0,0.0,0
1.2486799722193465,0.0,0.5813400948750252,1.0,1.249054662603696,0.0,1.0,0
0.36506335623897795,1.0,1.3181072342471232,2.0,-1.2588940455488844,0.0,1.0,0
-0.2822371880257105,0.0,0.3450404688661521,1.0,-1.107705648248906,0.0,1.0,0
-1.1966776394472545,0.0,0.10872185141805546,2.0,0.1329285531244449,1.0,0.0,0
0.7863224406017117,1.0,0.3488334901773156,2.0,-0.24948915769314714,0.0,0.0,0
0.508907921631131,1.0,-1.1991617531888707,2.0,-0.013813126607886937,1.0,0.0,0
-0.2719625762119853,0.0,-1.1991617531888707,2.0,-0.18278839417845086,0.0,0.0,0
-0.6726724369472686,0.0,0.19096882734596332,1.0,-1.3522751144694591,1.0,0.0,0
-1.268599922143331,0.0,0.2965773482139999,2.0,-0.6808207617548498,0.0,0.0,0
-0.8884392850354981,1.0,-0.4734608775748151,1.0,-1.4234225955518018,1.0,0.0,1
-0.31306102346688613,0.0,1.4633719549091788,2.0,-1.3078079387929948,0.0,0.0,0
-0.15894184626100794,1.0,-1.1991617531888707,2.0,1.2312677923331103,0.0,0.0,0
-1.7309574537609655,0.0,0.35395894448073323,1.0,-0.8809230522989386,1.0,0.0,0
0.005451942758595491,0.0,0.26210964153426675,1.0,0.012867178797991577,1.0,0.0,0
-0.1383926226335575,1.0,0.45066462974296123,1.0,-0.6986076320254355,1.0,0.0,0
-1.4227190993492091,0.0,1.114176042720102,1.0,-1.1877465644665417,1.0,0.0,0
1.032913124131117,0.0,1.3478846938063203,1.0,0.8221697761096398,1.0,0.0,0
-0.980910791359025,0.0,1.143628732709382,1.0,-0.3072964860725506,1.0,0.0,0
1.5363691030036524,1.0,1.485020120929097,2.0,1.1912473342242926,1.0,0.0,0
0.28286646172917623,1.0,1.1787724707887066,2.0,-1.552377405013548,0.0,1.0,0
0.9096177823664143,1.0,-1.1991617531888707,1.0,1.0222720666537288,0.0,0.0,0
1.5158198793762019,0.0,1.266466319159498,1.0,-1.0498983198695027,1.0,0.0,0
-1.8028797364570421,0.0,-1.1991617531888707,1.0,-0.969857403651867,1.0,0.0,1
-2.028921196358997,1.0,1.0349121590776431,1.0,0.9333377153008003,0.0,1.0,0
0.3958871916801536,1.0,0.04756383140048849,4.0,0.008420461230345158,0.0,1.0,1
-0.18976568170218358,1.0,-1.1991617531888707,2.0,-0.3784439671548933,1.0,0.0,0
-1.1453045803786284,1.0,0.8322206776337253,2.0,-0.24504244012550072,1.0,0.0,1
-0.2616879643982601,1.0,-1.1991617531888707,1.0,-0.5607593874283965,1.0,0.0,0
-0.07674495175120621,1.0,-1.1991617531888707,2.0,-0.04049343201376545,1.0,0.0,0
1.0740115713860177,1.0,0.24610751868119102,2.0,-0.12498106579904741,0.0,1.0,0
1.238405360405621,1.0,1.2924469272013017,1.0,0.7243419896214186,1.0,0.0,0
-0.2925117998394357,0.0,-1.1991617531888707,2.0,0.7421288598920043,1.0,0.0,0
-0.4363563652315887,1.0,0.8424059939588722,2.0,0.8355099288125791,0.0,1.0,0
0.2931410735429015,1.0,-1.1991617531888707,3.0,1.5781117626095311,1.0,0.0,1
0.28286646172917623,1.0,0.36498483148143435,2.0,1.6848329842330452,0.0,1.0,0
-0.3747086943492374,1.0,0.0011655110901478043,1.0,-0.9787508387871598,0.0,0.0,0
-1.0528330740551015,1.0,0.6641617613293562,2.0,-0.38733740229018615,1.0,0.0,1
0.3445141326115275,1.0,-1.1991617531888707,2.0,1.1556735936831213,0.0,0.0,0
-1.9056258545942943,0.0,-1.1991617531888707,2.0,1.7515337477477415,1.0,0.0,0
1.6391152211409046,1.0,-1.1991617531888707,2.0,-0.3517636617490148,1.0,0.0,0
0.508907921631131,1.0,-1.1991617531888707,1.0,0.8177230585419935,1.0,0.0,0
-1.2480506985158806,0.0,0.3942439364641741,2.0,-1.7169059550164654,0.0,0.0,1
-0.05619572812375579,0.0,0.6162886520285471,2.0,-0.5429725171578108,0.0,0.0,1
0.847970111484063,1.0,-1.1991617531888707,2.0,0.7287887071890651,0.0,0.0,0
0.6219286515821083,0.0,-1.1991617531888707,3.0,0.1106949652862128,1.0,0.0,1
0.8376954996703379,0.0,-1.1991617531888707,2.0,1.195694051791939,1.0,0.0,0
-0.17949106988845837,0.0,-1.1991617531888707,2.0,-1.583504427987073,1.0,0.0,0
-1.8748020191531185,0.0,-1.1991617531888707,2.0,-1.3344882441988735,0.0,0.0,0
-0.5185532597413904,1.0,-1.1991617531888707,3.0,-1.521250382040023,1.0,0.0,1
1.4438975966801255,1.0,-0.3623223368703192,1.0,0.19518259907149477,0.0,1.0,0
0.30341568535662666,1.0,-1.1991617531888707,2.0,0.5731535923214404,1.0,0.0,0
0.07737422545467199,0.0,-1.1991617531888707,2.0,-0.9209435104077565,1.0,0.0,0
0.8582447232977882,1.0,-0.061541188979740785,2.0,0.05288763690680935,0.0,1.0,0
-1.8131543482707673,0.0,-1.1991617531888707,1.0,-0.7964354185136567,1.0,0.0,1
-0.6315739896923678,0.0,0.6271359556637754,1.0,0.3641578666420587,1.0,0.0,0
-0.9089885086629486,1.0,-1.1991617531888707,3.0,-0.15610808877257235,1.0,0.0,1
-0.10756878719238186,1.0,0.5164466662316708,1.0,0.2529899274508982,1.0,0.0,0
0.8068716642291621,1.0,-1.1991617531888707,2.0,1.640365808556581,0.0,0.0,0
-1.1350299685649032,0.0,0.8404530675573615,1.0,0.9955917612478502,0.0,1.0,0
-0.18976568170218358,1.0,0.18242172214376381,2.0,-0.7608616779724854,0.0,1.0,0
0.4780840861899553,0.0,1.0546541591304412,2.0,1.3068619909830996,1.0,0.0,0
-0.210314905329634,0.0,0.11003465460338085,1.0,0.45309221799498706,0.0,0.0,0
-0.7034962723884443,0.0,-0.14827509191414334,2.0,-0.39178411985783257,0.0,0.0,0
-0.8884392850354981,0.0,-1.1991617531888707,1.0,-1.1655129766283094,1.0,0.0,1
-1.751506677388416,0.0,1.4451633140837827,1.0,-0.06272701985199755,1.0,0.0,0
2.050099693689913,0.0,1.5050500248168486,1.0,0.05288763690680935,1.0,0.0,0
2.050099693689913,0.0,0.8539561404373016,2.0,0.003973743662698739,0.0,1.0,0
-1.1350299685649032,0.0,0.8320973130747348,1.0,-0.15166137120492593,0.0,1.0,0
-1.032283850427651,0.0,-1.1991617531888707,2.0,0.8888705396243362,0.0,0.0,0
0.05682500182722156,0.0,-1.1991617531888707,2.0,-0.8764763347312923,1.0,0.0,0
-0.2822371880257105,1.0,-0.05837009740517028,2.0,1.0711859598978393,1.0,0.0,0
0.8890685587389638,1.0,0.8524141632458825,2.0,-1.2989145036577021,1.0,0.0,0
-0.5904755424374669,1.0,1.2169272297405738,1.0,-1.6012912982576586,0.0,1.0,1
-0.5082786479276652,1.0,-1.1991617531888707,2.0,-1.4456561833900339,0.0,0.0,0
-1.70013361831979,1.0,-1.1991617531888707,1.0,0.9911450436802038,0.0,0.0,0
-1.3405222048394074,0.0,-1.1991617531888707,2.0,0.19962931663914119,1.0,0.0,0
0.8274208878566126,1.0,0.06353387627638825,1.0,1.6537059612595202,0.0,1.0,1
0.4369856389350545,1.0,0.8434912190573663,1.0,-0.5474192347254573,1.0,0.0,0
-0.39525791797668786,1.0,0.8759301931706204,1.0,0.4397520652920478,0.0,1.0,1
-0.7343201078296199,0.0,-1.1991617531888707,2.0,-0.009366409040240518,1.0,0.0,0
0.005451942758595491,0.0,-1.1991617531888707,3.0,-0.7786485482430711,0.0,0.0,1
-0.8781646732217729,0.0,0.9612295242799694,1.0,0.9911450436802038,1.0,0.0,0
1.1459338540820942,0.0,0.7729439272427836,3.0,0.21741618690972686,0.0,1.0,1
-0.5185532597413904,0.0,0.9294659431986019,1.0,-0.7030543495930819,0.0,1.0,1
0.48835869800368054,0.0,-1.1991617531888707,2.0,-0.8186690063518888,1.0,0.0,0
0.6219286515821083,0.0,0.25767522027150797,2.0,1.524751151797774,1.0,0.0,0
-0.34388485890806175,1.0,0.5008352244140531,1.0,0.3863914544802908,0.0,0.0,0
0.8068716642291621,1.0,-1.1991617531888707,2.0,-1.4412094658223875,1.0,0.0,0
-0.07674495175120621,0.0,0.12755928443287337,1.0,1.2757349680095746,0.0,0.0,0
0.5705555925134822,1.0,-1.1991617531888707,2.0,0.8577435166508112,0.0,0.0,0
0.27259184991545105,1.0,0.8893569811098138,1.0,-1.6457584739341227,0.0,0.0,0
1.4027991494252245,1.0,-1.1991617531888707,2.0,-0.03604671444611903,1.0,0.0,0
0.005451942758595491,0.0,-1.1991617531888707,2.0,-0.7786485482430711,1.0,0.0,0
-2.0597450318001727,1.0,-1.1991617531888707,2.0,1.395796342336028,0.0,0.0,0
0.20066956721937454,1.0,0.47544239343662514,1.0,0.5064528288067441,1.0,0.0,1
-0.6315739896923678,1.0,-1.1991617531888707,2.0,-0.7964354185136567,1.0,0.0,0
2.050099693689913,1.0,-1.1991617531888707,1.0,1.0311655017890216,1.0,0.0,0
1.6904882802095305,0.0,-1.1991617531888707,1.0,0.26633008015383747,1.0,0.0,1
-3.0050093186628923,1.0,1.0916584198859782,3.0,1.6448125261242275,0.0,0.0,1
0.5294571452585813,0.0,-1.1991617531888707,2.0,1.2001407693595856,0.0,0.0,0
-0.3233356352806113,1.0,1.063082847123364,1.0,-1.6235248860958906,0.0,0.0,0
0.7144001579056353,0.0,0.34955979303367557,1.0,0.9022106923272754,0.0,1.0,1
-0.15894184626100794,0.0,-1.1991617531888707,2.0,0.07956794231268786,0.0,0.0,0
0.6116540397683831,0.0,-1.1991617531888707,3.0,-0.18278839417845086,0.0,0.0,0
0.94044161780759,1.0,0.3499602091766346,1.0,-1.0276647320312704,0.0,1.0,1
-0.8473408377805972,1.0,1.5043190937946278,1.0,-1.6546519090694156,0.0,0.0,0
-0.4363563652315887,1.0,1.027623276621992,2.0,1.5781117626095311,0.0,0.0,1
0.5191825334448562,0.0,1.7708628261550503,2.0,1.342435731524271,0.0,1.0,0
-1.1864030276335293,0.0,0.6998213005143181,1.0,1.2846284031448674,0.0,0.0,0
0.09792344908212242,1.0,0.40902645781685393,1.0,0.23520305718031254,1.0,0.0,0
1.7829597865330575,0.0,0.9271050998335983,1.0,1.4269233653095528,0.0,1.0,0
0.991814676876216,0.0,-1.1991617531888707,2.0,-1.192193282034188,1.0,0.0,0
-1.2788745339570562,0.0,1.8378548886285813,2.0,1.257948097738989,0.0,1.0,0
0.3958871916801536,0.0,1.383269256102355,2.0,-1.3967422901459232,0.0,1.0,0
-0.2000402935159088,0.0,-1.1991617531888707,2.0,-0.22280885228726863,1.0,0.0,0
-0.2308641289570844,0.0,-1.1991617531888707,1.0,-0.8853697698665851,0.0,0.0,1
-1.361071428466858,0.0,1.211108029333751,2.0,-0.31618992120784345,1.0,0.0,0
0.7863224406017117,0.0,0.507090270371462,1.0,-0.2183621347196222,0.0,1.0,1
-1.895351242780569,1.0,0.7086025270723249,1.0,-0.41401770769606466,1.0,0.0,0
-1.3302475930256823,1.0,-1.1991617531888707,1.0,1.226821074765464,0.0,0.0,0
0.11847267270957285,0.0,-1.1991617531888707,2.0,-1.6235248860958906,1.0,0.0,0
-0.1281180108198323,1.0,-1.1991617531888707,1.0,1.449156953147785,1.0,0.0,0
-1.751506677388416,0.0,1.175416252579687,1.0,1.2312677923331103,1.0,0.0,0
-1.8542527955256682,1.0,1.044319464762325,1.0,-1.3789554198753375,0.0,0.0,0
-0.354159470721787,0.0,-0.03233810076311438,1.0,-0.00047297390494768034,1.0,0.0,0
-0.3747086943492374,1.0,-1.1991617531888707,2.0,0.14626870582738416,0.0,0.0,0
0.09792344908212242,0.0,0.8380234400721444,1.0,1.142333440980182,1.0,0.0,0
-0.4774548124864896,0.0,1.1874161291062866,2.0,0.3419242788038266,1.0,0.0,0
0.30341568535662666,0.0,-1.1991617531888707,1.0,1.195694051791939,1.0,0.0,0
-0.10756878719238186,1.0,-1.1991617531888707,1.0,-0.6452470212136785,1.0,0.0,0
-1.1658538040060789,0.0,-1.1991617531888707,2.0,-0.863136182028353,1.0,0.0,0
0.20066956721937454,1.0,-1.1991617531888707,1.0,-1.4945700766341445,0.0,0.0,0
2.050099693689913,0.0,-1.1991617531888707,1.0,-1.627971603663537,0.0,0.0,1
-0.980910791359025,0.0,-1.1991617531888707,2.0,-0.00047297390494768034,0.0,0.0,0
-0.11784339900610707,1.0,-1.1991617531888707,1.0,-0.31618992120784345,1.0,0.0,0
-0.045921116310030576,1.0,0.5841088552035216,2.0,-1.6546519090694156,0.0,1.0,0
-0.6829470487609939,0.0,1.1358529352867446,1.0,-1.3967422901459232,1.0,0.0,0
-1.9261750782217446,0.0,2.0600729210248607,1.0,1.6759395490977524,0.0,0.0,0
-1.176128415819804,1.0,0.7402050799001073,1.0,1.2223743571978176,0.0,1.0,0
0.9301670059938647,0.0,-1.1991617531888707,2.0,1.1023129828713643,1.0,0.0,0
2.050099693689913,1.0,-1.1991617531888707,2.0,0.8399566463802255,1.0,0.0,0
1.4747214321213011,0.0,0.6689648399417507,1.0,0.2796702328567767,0.0,1.0,1
0.015726554572320705,0.0,0.5133189836610401,2.0,1.6892797018006915,1.0,0.0,0
0.796597052415437,1.0,-1.1991617531888707,1.0,-1.3789554198753375,1.0,0.0,1
-0.2925117998394357,0.0,0.706052567274716,1.0,0.19518259907149477,1.0,0.0,0
-0.33361024709433656,1.0,0.6911920054701006,1.0,-0.32063663877548987,0.0,1.0,1
-0.6315739896923678,1.0,0.27895664404490533,1.0,-1.6502051915017693,0.0,1.0,0
-1.9261750782217446,1.0,0.7662369169502368,2.0,-0.3695505320196005,0.0,1.0,0
0.5911048161409327,0.0,0.12570195359518596,1.0,0.4130717598861693,0.0,0.0,0
0.7144001579056353,0.0,-1.1991617531888707,2.0,0.11958840042150563,1.0,0.0,0
0.9096177823664143,0.0,0.818369694354562,1.0,0.49755939367145124,0.0,1.0,1
1.0123639005036664,1.0,0.024784158623464086,1.0,-0.17389495904315802,0.0,1.0,0
-0.1281180108198323,1.0,0.4513018803044742,1.0,-0.5073987766166395,1.0,0.0,0
-1.1042061331237276,1.0,-1.1991617531888707,1.0,-1.223320305007713,0.0,0.0,0
0.6219286515821083,1.0,-1.1991617531888707,2.0,-0.4673783185078217,1.0,0.0,0
-1.6898590065060648,0.0,0.6897186528069684,2.0,-1.3656152671723985,0.0,1.0,1
-0.6829470487609939,0.0,0.8841316222605642,1.0,-1.6457584739341227,0.0,1.0,0
0.16984573177819892,0.0,-1.1991617531888707,2.0,0.9644647382743253,0.0,0.0,0
0.2931410735429015,0.0,1.3625339559005818,1.0,1.449156953147785,1.0,0.0,0
-0.7445947196433451,1.0,-1.1991617531888707,2.0,1.4135832126066137,1.0,0.0,0
-0.025371892682580152,1.0,0.5755229691632439,1.0,0.484219240968512,0.0,0.0,0
0.7144001579056353,0.0,0.7670232263708664,1.0,-1.4011890077135698,0.0,0.0,0
-0.49800403611394,1.0,0.21824436427735233,2.0,-1.6235248860958906,1.0,0.0,0
0.41643641530760406,0.0,-1.1991617531888707,1.0,1.289075120712514,1.0,0.0,1
-0.10756878719238186,0.0,0.10434073385866381,2.0,-0.8409025941901209,0.0,1.0,0
0.28286646172917623,1.0,2.0646677321734996,1.0,0.9066574098949218,1.0,0.0,1
-0.3644340825355122,0.0,0.10659528900078558,1.0,-0.6763740441872034,0.0,0.0,0
-1.022009238613926,0.0,0.8501695028031883,2.0,0.4886659585361584,0.0,0.0,0
0.4986333098174057,1.0,0.572457367851924,1.0,-1.6235248860958906,0.0,1.0,1
-0.9603615677315746,0.0,-0.3293290999972017,1.0,-1.085472060410674,1.0,0.0,0
0.04655039001349635,1.0,1.1388401769622765,1.0,-0.5963331279695678,0.0,1.0,1
0.6733017106507344,1.0,1.2763468149055086,1.0,0.33747756123618017,1.0,0.0,0
-1.6590351710648892,1.0,-1.1991617531888707,2.0,0.3419242788038266,1.0,0.0,1
-0.4774548124864896,0.0,-1.1991617531888707,2.0,0.6709813788096616,1.0,0.0,0
0.36506335623897795,1.0,0.7793234549026669,2.0,-0.8720296171636458,1.0,0.0,0
-1.2480506985158806,0.0,0.44625590278032856,2.0,-0.15166137120492593,1.0,0.0,1
-0.6315739896923678,0.0,-1.1991617531888707,2.0,-0.23614900499020788,1.0,0.0,0
-0.045921116310030576,0.0,1.719405601374538,2.0,1.7026198545036308,0.0,0.0,1
-1.5871128883688126,1.0,0.8004058675440316,1.0,0.5331331342126227,0.0,1.0,1
2.050099693689913,0.0,-1.1991617531888707,2.0,0.7510222950272971,1.0,0.0,0
0.16984573177819892,0.0,1.4960758516200066,1.0,-1.2677874806841771,0.0,0.0,0
-1.8234289600844926,0.0,1.2358320105482692,2.0,-1.3167013739282878,0.0,1.0,0
1.1048354068271933,0.0,0.5977771057271299,1.0,1.0533990896272536,0.0,1.0,1
-1.1042061331237276,0.0,0.9949429995162493,1.0,0.6042806152949654,1.0,0.0,0
0.4061618034938788,1.0,-1.1991617531888707,2.0,0.47087908826557273,0.0,0.0,0
-1.607662111996263,0.0,0.1686200527698114,1.0,-0.38289068472253973,1.0,0.0,0
0.6835763224644595,0.0,0.2420452657904451,1.0,-0.8987099225695243,1.0,0.0,0
-0.6829470487609939,1.0,-1.1991617531888707,2.0,0.844403363947872,1.0,0.0,0
0.05682500182722156,1.0,0.35036206164692985,1.0,1.2668415328742817,0.0,1.0,1
1.4644468203075758,0.0,0.34368601218807565,2.0,-0.2139154171519758,0.0,0.0,0
0.09792344908212242,0.0,0.6193655843666307,1.0,1.5692183274742382,0.0,1.0,1
0.27259184991545105,1.0,-1.1991617531888707,2.0,1.4624971058507241,1.0,0.0,0
-1.2480506985158806,0.0,-1.1991617531888707,1.0,-0.43625129553429676,1.0,0.0,1
0.28286646172917623,1.0,1.5913491993441489,1.0,-1.21442686987242,1.0,0.0,0
0.5911048161409327,1.0,-0.06998216555098447,1.0,1.7515337477477415,1.0,0.0,1
1.1562084658958194,1.0,0.31941559122795793,1.0,0.9333377153008003,0.0,0.0,0
-1.4021698757217589,0.0,-1.1991617531888707,2.0,-0.9920909914900992,0.0,0.0,0
1.721312115650706,1.0,-1.1991617531888707,1.0,-0.2761694630990257,1.0,0.0,1
-0.5082786479276652,0.0,1.412253065012315,1.0,-0.5162922117519323,0.0,1.0,1
0.8993431705526891,0.0,-1.1991617531888707,2.0,-0.26727602796373284,0.0,0.0,1
0.07737422545467199,0.0,0.004090033138663421,2.0,-1.3700619847400448,0.0,1.0,0
1.279503807660522,0.0,-1.1991617531888707,1.0,0.8844238220566897,1.0,0.0,0
-1.361071428466858,0.0,0.2524514573415208,1.0,1.066739242330193,1.0,0.0,0
0.20066956721937454,1.0,0.42753497187167233,1.0,-1.4056357252812162,1.0,0.0,0
-0.05619572812375579,0.0,1.3730084527960922,2.0,-0.3295300739107827,1.0,0.0,1
-0.5185532597413904,0.0,1.0948887200651873,2.0,0.8488500815155183,1.0,0.0,0
0.8582447232977882,0.0,-1.1991617531888707,1.0,-0.05828030228435113,0.0,0.0,0
1.279503807660522,0.0,-1.1991617531888707,2.0,0.9955917612478502,1.0,0.0,0
0.28286646172917623,0.0,0.7695104665414594,1.0,0.6531945085390759,0.0,1.0,0
-1.1042061331237276,0.0,-1.1991617531888707,2.0,0.4619856531302799,0.0,0.0,0
-2.183040373564875,0.0,0.052018042062102275,1.0,0.9022106923272754,0.0,1.0,0
0.26231723810172586,0.0,-1.1991617531888707,1.0,-0.5162922117519323,0.0,0.0,0
1.0226385123173916,1.0,-1.1991617531888707,1.0,1.2134809220625247,1.0,0.0,0
0.6322032633958335,0.0,-1.1991617531888707,1.0,-0.8720296171636458,0.0,0.0,0
-0.8165170023394216,1.0,0.16943253526634586,1.0,-0.9342836631106957,1.0,0.0,0
0.21094417903309975,1.0,0.6475377087396875,2.0,0.6798748139449544,1.0,0.0,0
-0.40553252979041304,1.0,0.059793201117034504,2.0,1.3691160369301494,0.0,1.0,0
0.5191825334448562,0.0,-1.1991617531888707,2.0,0.9155508450302147,1.0,0.0,0
0.4678094743762301,0.0,-1.1991617531888707,1.0,-1.5612708401488409,1.0,0.0,1
0.33423952079780234,1.0,-1.1991617531888707,2.0,-0.6141199982401535,1.0,0.0,0
-0.015097280868854937,0.0,-1.1991617531888707,2.0,1.1868006166566463,1.0,0.0,0
-0.5904755424374669,0.0,0.599652151268631,1.0,0.4619856531302799,0.0,0.0,0
0.6835763224644595,0.0,-1.1991617531888707,2.0,-0.05383358471670471,1.0,0.0,0
2.050099693689913,0.0,-1.1991617531888707,1.0,-0.4940586239137002,0.0,0.0,0
0.9198923941801395,0.0,-1.1991617531888707,1.0,-0.6230134333754463,1.0,0.0,0
0.4575348625625049,0.0,1.5309675940477843,2.0,0.590940462592026,1.0,0.0,0
1.957628187366386,0.0,-1.1991617531888707,2.0,-0.947623815813635,0.0,0.0,0
-0.10756878719238186,1.0,1.0168932730525568,1.0,0.35526443150676584,1.0,0.0,0
-1.3302475930256823,0.0,-1.1991617531888707,2.0,1.493624128824249,1.0,0.0,0
-0.6315739896923678,0.0,-1.1991617531888707,1.0,-1.0988122131136133,1.0,0.0,0
1.0637369595722925,1.0,-1.1991617531888707,2.0,-0.9965377090577455,1.0,0.0,0
1.7418613392781566,0.0,0.909849701583688,2.0,0.844403363947872,1.0,0.0,0
-0.6212993778786425,1.0,0.7733863160623462,2.0,1.6225789382859954,0.0,1.0,0
1.6904882802095305,0.0,1.5445860518904024,1.0,-0.6585871739166177,1.0,0.0,0
-0.2000402935159088,0.0,-1.1991617531888707,2.0,-0.6363535860783857,0.0,0.0,0
0.5191825334448562,1.0,-1.1991617531888707,2.0,-1.4412094658223875,0.0,0.0,0
0.12874728452329806,1.0,0.44008113156182277,2.0,-1.0587917550047954,0.0,1.0,0
0.5500063688860318,0.0,1.4410993056818482,1.0,0.4397520652920478,1.0,0.0,1
-0.8576154495943225,0.0,-1.1991617531888707,2.0,-0.9565172509489278,0.0,0.0,0
0.3239649089840771,1.0,0.8485095871782707,1.0,-0.6630338914842642,1.0,0.0,0
0.28286646172917623,0.0,1.0138704423774718,1.0,-0.8809230522989386,0.0,0.0,0
0.4472602507487797,0.0,0.8420194623134968,1.0,-1.2500006104135915,1.0,0.0,0
0.8171462760428874,1.0,0.78062444828545,1.0,-0.05828030228435113,0.0,1.0,0
0.05682500182722156,0.0,1.4177482938088517,1.0,1.0222720666537288,0.0,0.0,0
0.20066956721937454,1.0,-0.44326337206573024,1.0,-0.12498106579904741,1.0,0.0,1
0.20066956721937454,0.0,1.3338744377847602,1.0,-0.9520705333812813,0.0,0.0,0
0.4472602507487797,0.0,-1.1991617531888707,2.0,0.7821493180008221,1.0,0.0,0
0.03627577819977113,0.0,-1.1991617531888707,2.0,0.8399566463802255,1.0,0.0,0
1.4747214321213011,1.0,-1.1991617531888707,2.0,0.568706874753794,0.0,0.0,0
0.05682500182722156,0.0,0.9866590614004348,1.0,1.7293001599095095,0.0,0.0,0
-0.6726724369472686,1.0,0.9607153190935946,2.0,1.6270256558536418,0.0,1.0,0
-0.15894184626100794,0.0,0.48303242585710826,1.0,-1.4767832063635589,1.0,0.0,0
-0.18976568170218358,1.0,0.5522099401686946,1.0,-1.2010867171694808,0.0,0.0,0
-0.9603615677315746,0.0,0.3998606147165866,1.0,1.2535013801713426,0.0,1.0,0
0.7554986051605361,0.0,1.5488913632848256,1.0,-0.18278839417845086,0.0,1.0,0
-2.419356445280555,0.0,0.9545343237899654,3.0,0.06622778960974861,1.0,0.0,1
-0.066470339937481,1.0,0.17342935546732952,1.0,-1.4767832063635589,0.0,0.0,0
-0.39525791797668786,1.0,0.8867194053446941,2.0,-1.1343859536547847,0.0,1.0,0
0.48835869800368054,0.0,-1.1991617531888707,2.0,0.40862504231852287,1.0,0.0,0
-1.741232065574691,1.0,-1.1991617531888707,3.0,-1.5434839698782552,1.0,0.0,1
-0.03564650449630537,0.0,0.8757426726572777,1.0,-1.3211480914959342,0.0,1.0,1
-0.6007501542511922,0.0,2.1952463250063308,1.0,-1.6635453442047083,1.0,0.0,0
-1.6282113356237136,1.0,-0.28839568601741056,2.0,1.3691160369301494,0.0,1.0,0
0.33423952079780234,0.0,-1.1991617531888707,1.0,-1.712459237448819,0.0,0.0,0
-1.7720559010158665,1.0,1.5444448130356718,1.0,-0.24504244012550072,1.0,0.0,1
1.4644468203075758,0.0,0.4113373489089416,1.0,0.8310632112449327,0.0,0.0,0
0.70412554609191,1.0,-1.1991617531888707,1.0,-0.16055480634021876,1.0,0.0,1
0.8171462760428874,1.0,1.1747568187404258,2.0,0.3908381720479372,1.0,0.0,0
0.48835869800368054,1.0,-1.1991617531888707,1.0,0.08401465988033428,0.0,0.0,1
0.3239649089840771,0.0,2.004246548079425,1.0,-0.45848488337252885,1.0,0.0,1
-2.1727657617511498,0.0,0.5719292781679655,2.0,-0.17834167661080444,1.0,0.0,0
1.3925245376114994,1.0,-1.1991617531888707,2.0,-0.5963331279695678,0.0,0.0,0
0.8993431705526891,0.0,-1.1991617531888707,2.0,-0.40957099012841824,1.0,0.0,0
-0.8473408377805972,0.0,-1.1991617531888707,3.0,-0.1472146536372795,1.0,0.0,0
-0.4363563652315887,1.0,0.33614960265481225,1.0,0.9600180207066789,0.0,1.0,0
-1.0528330740551015,0.0,0.016380526562962648,1.0,0.9333377153008003,1.0,0.0,0
-0.2000402935159088,0.0,0.8997831216516703,2.0,-0.8987099225695243,0.0,1.0,0
-0.07674495175120621,0.0,-1.1991617531888707,2.0,-0.009366409040240518,1.0,0.0,0
2.050099693689913,0.0,-1.1991617531888707,1.0,1.502517563959542,1.0,0.0,0
0.4780840861899553,0.0,1.6011155868628917,3.0,-0.05383358471670471,1.0,0.0,1
-0.15894184626100794,0.0,0.6120259516784323,1.0,1.6136855031507025,0.0,1.0,1
-1.0117346268002008,0.0,-1.1991617531888707,2.0,-1.21442686987242,1.0,0.0,0
-0.05619572812375579,1.0,0.16257119958111615,1.0,0.20852275177443402,1.0,0.0,0
1.1151100186409186,0.0,-1.1991617531888707,2.0,-1.4723364887959125,1.0,0.0,0
0.6013794279546579,0.0,0.6437975123561126,2.0,-0.5251856468872251,0.0,1.0,0
-0.17949106988845837,0.0,0.6746445570050316,1.0,-1.1788531293312488,0.0,1.0,0
0.33423952079780234,1.0,-0.4381401520492801,2.0,0.19073588150384835,0.0,1.0,0
0.70412554609191,1.0,-1.1991617531888707,2.0,0.05733435447445577,1.0,0.0,0
0.20066956721937454,0.0,0.8225438211856084,1.0,-0.9787508387871598,1.0,0.0,0
-1.032283850427651,1.0,0.5764195566049115,1.0,-0.7030543495930819,0.0,1.0,1
0.3856125798664284,0.0,0.6021713098244739,2.0,-1.2055334347371274,0.0,1.0,0
0.9815400650624908,1.0,-1.1991617531888707,1.0,-0.8453493117577673,1.0,0.0,0
-1.0425584622413764,1.0,0.7930108564574251,1.0,-0.8675828995959994,0.0,1.0,0
0.7452239933468109,1.0,-1.1991617531888707,2.0,1.2446079450360497,1.0,0.0,0
1.0226385123173916,1.0,-1.1991617531888707,2.0,1.4847306936889564,0.0,0.0,0
-1.22750147488843,1.0,0.21042292356380796,2.0,-1.27668091581947,0.0,1.0,0
0.22121879084682497,1.0,1.5044264991609932,4.0,-1.6635453442047083,1.0,0.0,1
0.26231723810172586,1.0,-1.1991617531888707,2.0,1.1378867234125356,1.0,0.0,0
-0.5904755424374669,1.0,0.9378239319681958,2.0,-0.05828030228435113,0.0,1.0,1
-0.15894184626100794,1.0,0.10348611909359959,2.0,0.23520305718031254,0.0,1.0,0
0.8787939469252386,1.0,-1.1991617531888707,2.0,-0.6630338914842642,0.0,0.0,0
2.050099693689913,0.0,1.39328700090494,1.0,0.866636951786104,1.0,0.0,0
-0.16921645807473315,0.0,1.1154146356597219,1.0,-0.34287022661372196,1.0,0.0,0
-0.9706361795452998,1.0,1.0337570327154517,1.0,-0.3739972495872469,1.0,0.0,0
-0.09729417537865664,0.0,-1.1991617531888707,3.0,1.066739242330193,1.0,0.0,0
0.8068716642291621,0.0,0.5511869559214377,1.0,0.8177230585419935,0.0,1.0,0
-0.5802009306237417,1.0,-1.1991617531888707,2.0,0.866636951786104,1.0,0.0,0
0.20066956721937454,1.0,1.6028886531635198,2.0,1.0533990896272536,0.0,0.0,1
0.6013794279546579,0.0,1.264051693315348,2.0,-1.2277670225753594,1.0,0.0,0
-0.9295377322903989,1.0,0.3192028551902678,2.0,0.039547484203870095,0.0,0.0,1
0.3856125798664284,1.0,1.2055647633674134,2.0,0.17294901123326267,0.0,1.0,0
-0.8781646732217729,1.0,1.1213158663166363,2.0,-1.4100824428488625,0.0,1.0,0
0.8274208878566126,0.0,0.3480853232270597,1.0,-0.7030543495930819,0.0,0.0,0
0.48835869800368054,0.0,1.2947064296931368,2.0,0.10624824771856638,1.0,0.0,0
0.6322032633958335,0.0,0.6070072643736756,2.0,0.07067450717739503,0.0,1.0,0
1.1048354068271933,1.0,-1.1991617531888707,2.0,1.7293001599095095,0.0,0.0,0
0.07737422545467199,0.0,-1.1991617531888707,2.0,-1.4723364887959125,1.0,0.0,0
-1.3816206520943084,0.0,-0.28358909638263874,1.0,0.7332354247567114,1.0,0.0,0
-0.18976568170218358,1.0,0.1075351258544668,1.0,-0.3295300739107827,0.0,1.0,0
1.0945607950134681,0.0,1.1212488377076115,1.0,0.03510076663622367,0.0,0.0,0
-2.224138820819776,0.0,-1.1991617531888707,1.0,-0.22280885228726863,0.0,0.0,0
0.8376954996703379,1.0,0.9944840131363566,1.0,0.5020061112390977,0.0,0.0,1
1.032913124131117,0.0,-1.1991617531888707,2.0,-1.1788531293312488,1.0,0.0,0
-0.8781646732217729,0.0,0.6968437939462879,2.0,-0.31618992120784345,1.0,0.0,1
-0.2616879643982601,0.0,-1.1991617531888707,2.0,-0.03159999687847261,1.0,0.0,0
-0.7445947196433451,0.0,-1.1991617531888707,2.0,-0.7653083955401317,1.0,0.0,0
1.0740115713860177,1.0,0.7884005648919397,1.0,0.37749801934499794,1.0,0.0,0
-0.11784339900610707,0.0,-1.1991617531888707,1.0,-0.027153279310826194,1.0,0.0,0
-2.4604548925354557,1.0,-1.1991617531888707,1.0,-1.2322137401430058,1.0,0.0,0
-0.549377095182566,1.0,-1.1991617531888707,1.0,-0.8542427468930601,0.0,0.0,0
-0.8062423905256964,0.0,0.8256371914920957,1.0,0.09735481258327354,0.0,0.0,0
0.7863224406017117,0.0,1.2480961713047374,1.0,-1.4545496185253268,0.0,1.0,0
0.3239649089840771,1.0,-0.0028048168510784537,1.0,-1.0988122131136133,1.0,0.0,0
0.015726554572320705,1.0,0.5695555078569358,1.0,-0.4273578603990039,0.0,1.0,1
-1.5049159938590109,0.0,-1.1991617531888707,2.0,-0.3028497685049042,0.0,0.0,0
0.42671102712132924,0.0,1.2737780232606026,1.0,0.18628916393620193,1.0,0.0,0
-1.2891491457707813,1.0,0.6929601244210148,1.0,-1.0276647320312704,0.0,0.0,1
0.35478874442525277,0.0,0.7550303718890218,2.0,1.5114109990948348,0.0,0.0,0
0.847970111484063,0.0,0.717456367956775,1.0,0.2752235152891303,1.0,0.0,0
0.16984573177819892,1.0,-1.1991617531888707,2.0,-0.20502198201668295,1.0,0.0,0
-0.08701956356493143,1.0,0.8716023793145962,1.0,-0.4051242725607718,0.0,1.0,0
-0.6315739896923678,1.0,0.512283710835462,2.0,-1.467889771228266,1.0,0.0,0
-0.9398123441041242,1.0,0.828784503869655,1.0,0.26188336258619105,1.0,0.0,0
-0.34388485890806175,1.0,-1.1991617531888707,1.0,-0.8097755712165959,1.0,0.0,0
-0.2000402935159088,1.0,-1.1991617531888707,2.0,1.6181322207183488,1.0,0.0,0
-1.3096983693982318,1.0,0.7345196175274814,1.0,-0.4896119063460538,1.0,0.0,0
-0.210314905329634,0.0,1.0040633589175358,1.0,-0.31174320364019703,1.0,0.0,0
2.0398250818761876,0.0,-0.05016228463817661,1.0,-1.2855743509547628,1.0,0.0,0
-0.8370662259668721,0.0,1.6536371301995594,1.0,-1.5612708401488409,1.0,0.0,0
1.2589545840330716,0.0,0.34692030216544095,1.0,0.6131740504302582,1.0,0.0,0
-0.10756878719238186,1.0,0.6980566925857814,2.0,1.1690137463860606,0.0,0.0,0
0.9609908414350403,0.0,-1.1991617531888707,2.0,0.7021084017831866,0.0,0.0,0
0.06709961364094677,0.0,1.8050134236773263,2.0,-0.9965377090577455,0.0,0.0,1
0.5294571452585813,0.0,-0.0023886011074206507,1.0,0.9111041274625682,1.0,0.0,0
-0.354159470721787,0.0,-1.1991617531888707,1.0,-1.3167013739282878,1.0,0.0,0
-2.028921196358997,1.0,0.7258872902366652,1.0,-1.076578625275381,0.0,1.0,0
1.0637369595722925,1.0,-1.1991617531888707,2.0,0.8621902342184576,0.0,0.0,0
-0.1383926226335575,1.0,-1.1991617531888707,2.0,-1.6724387793400013,0.0,0.0,0
0.991814676876216,1.0,-0.12199540860254891,2.0,1.2401612274684033,0.0,1.0,0
-0.17949106988845837,1.0,-0.09214836696350712,1.0,-0.7519682428371925,1.0,0.0,0
-0.9911854031727503,0.0,0.7377318838190242,1.0,1.4224766477419064,0.0,1.0,0
0.10819806089584763,0.0,0.721056921404882,1.0,0.537579851780269,1.0,0.0,0
0.6938509342781848,0.0,0.44262869748053796,1.0,-0.45403816580488243,1.0,0.0,0
2.050099693689913,1.0,-1.1991617531888707,2.0,1.6537059612595202,1.0,0.0,0
0.16984573177819892,1.0,0.137665602754527,2.0,0.012867178797991577,0.0,1.0,0
-1.3507968166531328,1.0,1.3111557291235625,2.0,1.4580503882830778,0.0,0.0,1
0.2520426262880006,1.0,0.37079605229194434,1.0,1.6848329842330452,1.0,0.0,0
0.6527524870232839,0.0,-0.4567291004349282,1.0,1.1289932882772429,1.0,0.0,0
0.3136902971703519,0.0,-0.1404499805862953,1.0,-1.138832671222431,1.0,0.0,1
-0.2616879643982601,0.0,1.5687192237939458,1.0,1.0178253490860822,1.0,0.0,1
-0.004822669055129724,0.0,0.7098516530790769,1.0,-0.894263205001878,0.0,0.0,0
-0.3644340825355122,0.0,-1.1991617531888707,3.0,0.6709813788096616,0.0,0.0,0
-0.40553252979041304,1.0,0.5165939695795987,2.0,0.5064528288067441,1.0,0.0,0
1.5774675502585531,0.0,0.5307615832404405,1.0,-0.9209435104077565,1.0,0.0,0
0.4986333098174057,0.0,0.6280649402664716,1.0,-1.1343859536547847,0.0,0.0,0
-1.1864030276335293,0.0,0.5843817573974077,1.0,-0.17389495904315802,0.0,1.0,1
-0.30278641165316095,0.0,1.5217503623472644,1.0,0.75991573016259,0.0,0.0,1
0.1492965081507485,0.0,0.2518600096628415,1.0,0.021760613933284417,1.0,0.0,0
0.1801203435919241,0.0,-1.1991617531888707,2.0,0.7065551193508329,0.0,0.0,0
-0.31306102346688613,0.0,-1.1991617531888707,2.0,0.9422311504360932,1.0,0.0,0
-1.4432683229766596,1.0,0.7649502868408162,1.0,1.195694051791939,0.0,1.0,1
0.2417680144742754,1.0,-1.1991617531888707,2.0,0.25743664501854463,1.0,0.0,0
0.4780840861899553,1.0,-1.1991617531888707,2.0,0.5642601571861475,1.0,0.0,0
0.12874728452329806,0.0,0.6545088436701765,3.0,0.28411695042442314,0.0,1.0,1
-2.0700196436138976,1.0,-1.1991617531888707,2.0,0.7999361882714078,1.0,0.0,0
-1.073382297682552,1.0,0.17894405447886885,2.0,-0.2761694630990257,0.0,1.0,0
-0.30278641165316095,0.0,0.9873063662533013,1.0,0.012867178797991577,1.0,0.0,0
0.847970111484063,0.0,-1.1991617531888707,2.0,-0.41401770769606466,1.0,0.0,0
-0.31306102346688613,0.0,0.5072096451322966,1.0,-0.9342836631106957,0.0,0.0,0
-0.17949106988845837,1.0,-1.1991617531888707,2.0,-0.18278839417845086,1.0,0.0,0
-0.025371892682580152,0.0,0.3175956049010125,2.0,0.33303084366853375,0.0,1.0,0
0.026001166386045917,0.0,0.4409392573492645,1.0,-1.4278693131194482,1.0,0.0,0
-0.24113874077080963,1.0,-1.1991617531888707,1.0,-0.9342836631106957,0.0,0.0,1
-0.9706361795452998,0.0,1.4142687110408414,1.0,0.5020061112390977,1.0,0.0,0
0.5191825334448562,1.0,0.5241177713506885,1.0,-0.1916818293137437,0.0,0.0,0
-0.7651439432707955,0.0,-1.1991617531888707,2.0,-1.2099801523047737,0.0,0.0,0
-0.354159470721787,0.0,-1.1991617531888707,2.0,0.4219651950214621,0.0,0.0,0
0.9712654532487656,0.0,0.6717604117138569,3.0,-1.4011890077135698,0.0,1.0,1
-1.412444487535484,0.0,0.37925123254462423,1.0,1.0489523720596072,0.0,0.0,0
-0.05619572812375579,0.0,-1.1991617531888707,2.0,-0.45848488337252885,0.0,0.0,0
-0.5904755424374669,1.0,0.9409105994137806,2.0,0.06178107204210219,0.0,1.0,1
-1.1555791921923537,0.0,-1.1991617531888707,2.0,-1.57461099285178,0.0,0.0,1
-1.2480506985158806,1.0,-1.1991617531888707,2.0,-0.12498106579904741,1.0,0.0,0
-1.4946413820452857,1.0,0.8971627818145855,3.0,0.24409649231560537,0.0,0.0,1
-0.2616879643982601,0.0,0.7534660518279275,1.0,1.4669438234183707,1.0,0.0,0
-1.1658538040060789,0.0,-1.1991617531888707,1.0,-1.2010867171694808,1.0,0.0,0
1.0020892886899413,1.0,-1.1991617531888707,2.0,0.5286864166449762,1.0,0.0,0
1.279503807660522,1.0,1.8505081345012444,2.0,-1.0899187779783204,1.0,0.0,0
0.06709961364094677,0.0,0.7984028292776787,1.0,-1.6946723671782333,0.0,0.0,0
-0.6315739896923678,1.0,-1.1991617531888707,2.0,0.9555713031390325,0.0,0.0,0
-0.4158071416041383,0.0,0.6183082878552302,1.0,-0.7341813725666069,0.0,1.0,1
0.09792344908212242,1.0,1.4689121886289183,1.0,0.5776003098890868,1.0,0.0,0
0.3239649089840771,0.0,-1.1991617531888707,2.0,-0.2628293103960864,1.0,0.0,0
0.015726554572320705,0.0,0.7329187509152763,3.0,0.3419242788038266,0.0,1.0,1
0.4472602507487797,0.0,-1.1991617531888707,3.0,-0.9520705333812813,1.0,0.0,0
-0.2308641289570844,1.0,-1.1991617531888707,1.0,-1.627971603663537,0.0,0.0,0
-1.0631076858688266,1.0,1.0556670890863447,1.0,-1.4412094658223875,0.0,0.0,0
0.5397317570723066,1.0,-1.1991617531888707,2.0,0.14626870582738416,1.0,0.0,0
0.991814676876216,0.0,1.2900434727919894,1.0,-0.3517636617490148,1.0,0.0,0
2.050099693689913,1.0,-0.09183045984641884,2.0,0.515346263942037,0.0,1.0,0
-0.8781646732217729,0.0,-1.1991617531888707,1.0,-0.18723511174609728,1.0,0.0,0
1.711037503836981,0.0,0.864017613427679,1.0,0.43085863015675496,1.0,0.0,0
0.27259184991545105,1.0,1.142386628747385,2.0,-0.19612854688139011,0.0,1.0,0
1.382249925797774,1.0,0.7483632595780374,1.0,-0.20502198201668295,1.0,0.0,1
1.3000530312879723,1.0,0.895332422012434,1.0,-0.17389495904315802,1.0,0.0,1
1.228130748591896,0.0,0.42591607137180115,1.0,0.5509200044832083,1.0,0.0,0
-0.03564650449630537,0.0,1.0852196836214567,2.0,1.289075120712514,0.0,1.0,0
-0.015097280868854937,1.0,-0.415345956406967,1.0,0.2974571031273624,1.0,0.0,0
0.05682500182722156,1.0,0.41557706802167627,2.0,-1.6324183212311836,0.0,0.0,0
1.5055452675624768,0.0,0.8647040183024768,1.0,-1.605738015825305,0.0,0.0,0
-0.05619572812375579,0.0,0.6755012464651369,2.0,-0.23170228742256146,0.0,1.0,0
-1.1042061331237276,0.0,1.0497567616896337,1.0,-0.6052265631048607,1.0,0.0,0
-0.7343201078296199,0.0,1.2300329187241539,2.0,-1.3656152671723985,0.0,0.0,0
-2.028921196358997,1.0,0.9048145763105275,2.0,-0.2539358752607936,1.0,0.0,0
-0.3233356352806113,1.0,0.2765461675908383,1.0,-0.16500152390786518,0.0,1.0,0
-0.9911854031727503,0.0,-1.1991617531888707,2.0,-1.530143817175316,0.0,0.0,0
-1.9980973609178212,0.0,0.5084796776813872,1.0,-0.894263205001878,1.0,0.0,0
0.4061618034938788,1.0,0.2783106159274488,2.0,1.5825584801771775,1.0,0.0,0
0.42671102712132924,0.0,1.068384810097213,4.0,-1.2633407631165308,0.0,1.0,1
0.5705555925134822,0.0,1.4027423437594233,2.0,0.9778048909772645,0.0,1.0,0
0.26231723810172586,0.0,-1.1991617531888707,2.0,1.1467801585478286,1.0,0.0,0
0.10819806089584763,0.0,0.5548821473818104,2.0,-1.3122546563606414,0.0,1.0,1
-0.17949106988845837,0.0,0.8123511636318542,1.0,1.4046897774713207,0.0,1.0,0
0.7144001579056353,1.0,0.4961979618130316,1.0,0.6265142031331974,0.0,1.0,1
0.796597052415437,1.0,1.070930301320887,2.0,1.3202021436860387,1.0,0.0,0
-0.6007501542511922,0.0,0.15246216819671657,1.0,-0.24504244012550072,0.0,0.0,0
-0.6007501542511922,1.0,-0.053024565835454916,2.0,-1.5612708401488409,0.0,1.0,1
0.4369856389350545,1.0,0.517346126328011,2.0,0.4664323706979263,0.0,0.0,0
-1.946724301849195,0.0,0.7141832971413313,1.0,1.4536036707154314,1.0,0.0,1
0.5602809806997571,1.0,1.1848170149953932,2.0,-0.7208412198636676,1.0,0.0,0
0.5705555925134822,1.0,1.7619764285176451,1.0,-0.26727602796373284,0.0,1.0,0
1.9679027991801112,1.0,0.91457074994599,2.0,-1.3433816793341662,1.0,0.0,1
-0.5288278715551156,0.0,0.9945294968353378,2.0,0.07512122474504145,0.0,1.0,0
0.3239649089840771,0.0,-0.023157575205632205,1.0,-0.013813126607886937,1.0,0.0,0
-0.2719625762119853,1.0,0.7104585811746025,2.0,1.035612219356668,0.0,0.0,0
0.36506335623897795,0.0,0.4406408204471786,1.0,-0.20057526444903653,0.0,0.0,0
1.8651566810428593,0.0,0.2983508932904067,1.0,-1.3878488550106305,0.0,0.0,0
-1.0425584622413764,0.0,1.8946586025303662,1.0,0.5820470274567332,0.0,0.0,0
0.28286646172917623,1.0,0.8499727259581231,1.0,1.2757349680095746,0.0,0.0,0
-0.7343201078296199,1.0,-1.1991617531888707,2.0,-1.3745087023076912,0.0,0.0,0
0.015726554572320705,1.0,0.14764727978177986,2.0,-1.3344882441988735,1.0,0.0,0
0.8685193351115135,0.0,-1.1991617531888707,2.0,-1.5434839698782552,0.0,0.0,0
0.8582447232977882,1.0,0.7644633718738302,1.0,0.17294901123326267,0.0,1.0,0
0.4780840861899553,1.0,0.5255698982876296,2.0,-0.36065709688430764,0.0,1.0,0
-1.8028797364570421,0.0,1.3673649631000695,1.0,-1.721352672584112,1.0,0.0,1
-0.6521232133198182,0.0,0.736469192498541,1.0,-0.4718250360754681,0.0,0.0,0
0.9712654532487656,0.0,1.0017776833497956,1.0,1.409136495038967,1.0,0.0,0
1.0945607950134681,0.0,1.1125601744668292,1.0,-0.13832121850198667,1.0,0.0,0
-0.5082786479276652,1.0,0.3451118064571855,1.0,-1.6502051915017693,0.0,0.0,0
0.4575348625625049,0.0,-1.1991617531888707,2.0,-0.4762717536431145,1.0,0.0,0
-1.741232065574691,0.0,1.2314816942306437,2.0,-0.396230837425479,1.0,0.0,0
-1.2891491457707813,1.0,-1.1991617531888707,2.0,0.8710836693537505,0.0,0.0,0
-0.066470339937481,0.0,-1.1991617531888707,2.0,0.7821493180008221,1.0,0.0,0
-0.5391024833688408,1.0,0.5748065610063114,1.0,-1.721352672584112,1.0,0.0,0
0.6835763224644595,1.0,0.5350415195185904,2.0,-0.7697551131077782,1.0,0.0,0
-0.4158071416041383,1.0,-0.04861647724052736,4.0,1.3068619909830996,1.0,0.0,1
0.0876488372683972,0.0,0.773286251924588,2.0,-1.4011890077135698,0.0,1.0,1
-0.11784339900610707,0.0,-1.1991617531888707,2.0,0.5953871801596725,1.0,0.0,0
2.050099693689913,1.0,-1.1991617531888707,2.0,1.249054662603696,1.0,0.0,0
0.42671102712132924,1.0,0.0704098944188326,1.0,-0.06717373741964397,1.0,0.0,0
-0.5082786479276652,1.0,0.3680750099493964,1.0,0.15960885853032342,1.0,0.0,0
0.26231723810172586,0.0,0.5058652427455737,2.0,1.1779071815213533,1.0,0.0,0
2.050099693689913,1.0,1.4288809478082134,1.0,-0.38733740229018615,0.0,1.0,0
1.2897784194742472,0.0,0.4983423985260413,1.0,-0.6763740441872034,0.0,0.0,0
-1.1555791921923537,1.0,-1.1991617531888707,1.0,-0.20946869958432937,1.0,0.0,0
-0.7651439432707955,0.0,0.9332738065589066,1.0,-1.4011890077135698,0.0,0.0,0
0.1492965081507485,1.0,0.5660910863219193,2.0,1.0533990896272536,0.0,1.0,1
-0.24113874077080963,0.0,0.5737050575313398,1.0,1.3068619909830996,0.0,0.0,0
0.4575348625625049,0.0,0.7566315576850794,1.0,-0.38289068472253973,0.0,0.0,0
1.2897784194742472,1.0,-1.1991617531888707,2.0,-0.04049343201376545,1.0,0.0,0
0.1801203435919241,0.0,0.43643541359858745,2.0,0.9644647382743253,0.0,0.0,0
0.5602809806997571,0.0,0.9792061184445996,2.0,-0.7964354185136567,0.0,1.0,0
0.19039495540564932,0.0,0.21845390847651752,1.0,0.026207331500930835,0.0,0.0,1
-0.5288278715551156,1.0,-1.1991617531888707,2.0,-0.4006775549931254,0.0,0.0,0
-1.2480506985158806,1.0,1.418194512834644,2.0,-0.8853697698665851,1.0,0.0,0
1.043187735944842,1.0,1.1091417154065724,2.0,-0.9920909914900992,0.0,0.0,0
-0.15894184626100794,1.0,0.6732591394932625,1.0,1.5647716099065918,0.0,1.0,1
-0.9192631204766737,1.0,-1.1991617531888707,2.0,-0.03604671444611903,1.0,0.0,0
-1.4329937111629345,1.0,1.2568885692975815,1.0,-1.627971603663537,0.0,1.0,0
-0.6521232133198182,1.0,0.21833836392191305,1.0,-0.4406980131019432,1.0,0.0,0
0.005451942758595491,1.0,-1.1991617531888707,2.0,1.2446079450360497,1.0,0.0,0
-0.354159470721787,0.0,-1.1991617531888707,2.0,0.8088296234067006,0.0,0.0,0
2.050099693689913,1.0,0.440504050166383,2.0,-1.521250382040023,0.0,1.0,0
0.2417680144742754,0.0,-1.1991617531888707,2.0,-0.013813126607886937,1.0,0.0,1
-0.49800403611394,0.0,0.4591145434620748,1.0,1.1334400058448892,0.0,0.0,0
-0.3644340825355122,1.0,0.8133719135921436,2.0,0.346370996371473,0.0,1.0,0
-0.693221660574719,0.0,0.4437574911748981,1.0,0.8710836693537505,0.0,1.0,0
1.762410562905607,1.0,0.6373266981144148,2.0,0.19073588150384835,0.0,1.0,0
-1.0631076858688266,1.0,0.467789641389126,1.0,-0.26727602796373284,1.0,0.0,0
-0.8884392850354981,1.0,0.6350498001026182,3.0,0.7332354247567114,0.0,1.0,1
-1.8131543482707673,0.0,-1.1991617531888707,2.0,-0.6763740441872034,1.0,0.0,1
0.796597052415437,0.0,0.8740591374272756,1.0,1.364669319362503,1.0,0.0,0
2.050099693689913,0.0,-1.1991617531888707,1.0,-1.4412094658223875,1.0,0.0,1
-1.217226863074705,0.0,-1.1991617531888707,2.0,-0.9342836631106957,1.0,0.0,0
-0.7034962723884443,0.0,-1.1991617531888707,2.0,-1.169959694195956,1.0,0.0,0
0.8068716642291621,1.0,-0.5839339199468521,1.0,-1.3522751144694591,1.0,0.0,0
1.0534623477585674,1.0,-1.1991617531888707,2.0,-0.4985053414813466,1.0,0.0,0
-1.1864030276335293,1.0,-1.1991617531888707,1.0,-0.40957099012841824,1.0,0.0,0
-1.1864030276335293,1.0,-1.1991617531888707,1.0,-1.499016794201791,1.0,0.0,1
-1.176128415819804,0.0,-1.1991617531888707,2.0,-0.8186690063518888,1.0,0.0,0
-0.7343201078296199,1.0,1.1183592662909445,1.0,0.8266164936772863,0.0,1.0,0
-1.032283850427651,1.0,-1.1991617531888707,2.0,-0.5429725171578108,1.0,0.0,0
-0.49800403611394,0.0,-1.1991617531888707,2.0,-0.06272701985199755,1.0,0.0,0
1.5158198793762019,0.0,-1.1991617531888707,2.0,1.1112064180066572,1.0,0.0,0
1.371975313984049,0.0,-1.1991617531888707,2.0,-0.19612854688139011,0.0,0.0,0
0.27259184991545105,1.0,-1.1991617531888707,2.0,0.21296946934208044,1.0,0.0,0
-0.8781646732217729,0.0,-1.1991617531888707,2.0,1.249054662603696,1.0,0.0,0
0.5294571452585813,0.0,0.2461103913358634,2.0,1.4891774112566027,0.0,1.0,0
-1.7206828419472404,1.0,0.9846381488383418,1.0,1.097866265303718,1.0,0.0,1
-0.7445947196433451,1.0,1.3797282304427387,1.0,-1.2010867171694808,0.0,0.0,0
0.7349493815330856,1.0,1.0081822669421,1.0,-1.3167013739282878,0.0,1.0,1
-0.025371892682580152,1.0,1.0347046895735192,1.0,-0.120534348231401,0.0,1.0,1
-1.268599922143331,0.0,0.8499400096132419,2.0,1.226821074765464,0.0,0.0,0
-0.07674495175120621,1.0,0.6752688806205182,1.0,-0.3339767914784291,0.0,0.0,0
0.0876488372683972,0.0,-0.3675867957414997,2.0,-0.049386867149058294,0.0,1.0,0
1.9370789637389356,0.0,0.9858283854243082,1.0,0.3019038206950088,0.0,1.0,1
0.9198923941801395,0.0,1.551912598040648,1.0,-0.7208412198636676,1.0,0.0,0
1.187032301336995,0.0,0.3841251699722733,2.0,-1.6991190847458797,0.0,0.0,0
-0.39525791797668786,1.0,1.0270873669336475,2.0,-0.07162045498729039,1.0,0.0,0
0.03627577819977113,1.0,-1.1991617531888707,2.0,-0.04494014958141187,0.0,0.0,0
-0.980910791359025,0.0,1.128897280773102,1.0,-1.6324183212311836,1.0,0.0,0
2.050099693689913,1.0,-1.1991617531888707,2.0,1.7426403126124486,1.0,0.0,0
-0.49800403611394,0.0,-0.05539881492226354,2.0,-1.4501029009576802,0.0,1.0,0
0.1595711199644737,1.0,0.6504627095639819,1.0,-0.7964354185136567,1.0,0.0,0
-0.9603615677315746,1.0,1.1379860409729907,2.0,0.6087273328626117,1.0,0.0,0
-0.8062423905256964,0.0,-0.1108450398993734,1.0,-1.499016794201791,1.0,0.0,0
1.7315867274644314,1.0,1.4860236349613516,1.0,-1.6724387793400013,0.0,0.0,0
0.27259184991545105,1.0,1.1750970687271887,2.0,-1.4634430536606196,0.0,1.0,0
0.7246747697193604,0.0,0.37217396898317967,1.0,-0.20946869958432937,0.0,1.0,0
0.4986333098174057,0.0,0.5519507628804662,1.0,-0.863136182028353,1.0,0.0,0
-1.3507968166531328,1.0,0.8009808772543073,1.0,-0.27172274553137926,1.0,0.0,0
0.8890685587389638,0.0,1.5834213108157962,1.0,-0.9031566401371708,1.0,0.0,0
1.3206022549154228,1.0,0.751056532925418,2.0,1.6359190909889345,0.0,1.0,0
0.6938509342781848,1.0,0.11462898697624138,1.0,1.0533990896272536,0.0,0.0,0
1.4336229848664002,1.0,0.5485083650312719,1.0,-1.659098626637062,0.0,0.0,0
0.6116540397683831,0.0,0.9680268636027732,1.0,0.3152439733979481,0.0,1.0,0
1.3103276431016977,0.0,0.4652449481250834,2.0,1.7426403126124486,0.0,0.0,0
-1.1966776394472545,0.0,-1.1991617531888707,2.0,1.41802993017426,1.0,0.0,0
-1.5768382765550875,1.0,0.9039192656042697,1.0,-0.0049196914725941,0.0,1.0,0
0.5500063688860318,0.0,-1.1991617531888707,2.0,-0.7430748077018997,0.0,0.0,0
0.7760478287879865,1.0,-1.1991617531888707,2.0,-0.3695505320196005,1.0,0.0,0
1.7315867274644314,1.0,-1.1991617531888707,2.0,-1.0054311441930384,1.0,0.0,0
0.6630270988370092,1.0,0.16100576237653833,1.0,0.18628916393620193,1.0,0.0,0
0.2931410735429015,1.0,0.7028983924443278,1.0,-1.054345037437149,0.0,0.0,0
0.8787939469252386,0.0,2.0316725801972675,1.0,-0.4985053414813466,1.0,0.0,0
1.187032301336995,0.0,1.7646882145284708,1.0,0.8933172571919825,1.0,0.0,0
-1.3816206520943084,1.0,-1.1991617531888707,1.0,-1.245553892845945,0.0,0.0,0
-0.6007501542511922,1.0,-1.1991617531888707,1.0,1.4758372585536634,1.0,0.0,0
0.41643641530760406,0.0,0.6669129665459653,1.0,0.9199975625978611,0.0,1.0,0
0.94044161780759,0.0,-1.1991617531888707,2.0,-1.2544473279812378,1.0,0.0,0
-1.0425584622413764,1.0,-1.1991617531888707,2.0,-0.2761694630990257,0.0,0.0,0
1.0945607950134681,0.0,-0.5681450119072452,2.0,0.8577435166508112,1.0,0.0,0
-0.5596517069962913,0.0,0.3442369235174878,2.0,0.4575389355626335,0.0,1.0,0
-0.17949106988845837,0.0,0.4605422528342998,1.0,0.3196906909655945,1.0,0.0,0
1.187032301336995,1.0,0.8904350245716268,1.0,-0.7564149604048389,0.0,1.0,0
-0.004822669055129724,0.0,-1.1991617531888707,2.0,0.7554690125949436,0.0,0.0,0
-0.3233356352806113,1.0,1.120666327176802,1.0,-0.6141199982401535,1.0,0.0,0
-1.566563664741362,0.0,0.7473508083979128,2.0,-0.1916818293137437,0.0,1.0,0
1.5466437148173775,0.0,-1.1991617531888707,2.0,-1.0899187779783204,1.0,0.0,0
-0.5082786479276652,0.0,-1.1991617531888707,2.0,-0.28950961580196494,0.0,0.0,0
0.09792344908212242,1.0,0.1875618589043964,1.0,0.6531945085390759,0.0,1.0,0
1.9165297401114851,0.0,0.47142450710137646,1.0,-1.5256970996076695,0.0,0.0,0
0.9198923941801395,1.0,0.47989756164979613,1.0,0.9244442801655075,1.0,0.0,0
-1.0939315213100023,1.0,-1.1991617531888707,1.0,-1.076578625275381,0.0,0.0,1
0.04655039001349635,1.0,-1.1991617531888707,4.0,1.257948097738989,1.0,0.0,1
1.032913124131117,1.0,-1.1991617531888707,1.0,0.42641191258910854,1.0,0.0,1
-0.7137708842021695,1.0,-1.1991617531888707,2.0,-1.6635453442047083,0.0,0.0,0
0.9815400650624908,0.0,-0.10145943871666098,1.0,-1.4412094658223875,0.0,0.0,0
-0.48772942430021476,0.0,-1.1991617531888707,1.0,0.15960885853032342,1.0,0.0,1
1.3514260903565984,0.0,0.37372663883365753,2.0,0.08401465988033428,0.0,1.0,0
0.05682500182722156,0.0,1.2228490477559746,1.0,0.7643624477302364,1.0,0.0,0
-0.2616879643982601,0.0,0.8832567393208662,1.0,-1.169959694195956,0.0,1.0,0
-0.549377095182566,0.0,-1.1991617531888707,2.0,1.6270256558536418,1.0,0.0,0
0.23149340266055018,1.0,0.021884373323517135,2.0,-1.0810253428430274,0.0,1.0,0
1.1767576895232699,0.0,0.7826860567887365,1.0,-1.2811276333871164,1.0,0.0,0
1.279503807660522,0.0,0.5555363146875058,2.0,0.9778048909772645,0.0,1.0,0
-0.8165170023394216,1.0,-1.1991617531888707,2.0,-1.2322137401430058,1.0,0.0,0
0.847970111484063,0.0,1.0599730388484727,1.0,0.8621902342184576,1.0,0.0,0
0.2931410735429015,1.0,0.9170013349827648,2.0,1.7515337477477415,0.0,1.0,0
-0.3233356352806113,1.0,-1.1991617531888707,2.0,0.2040760342067876,0.0,0.0,0
-1.5460144411139118,0.0,0.8036473391580781,2.0,-1.467889771228266,0.0,1.0,0
-0.40553252979041304,1.0,-1.1991617531888707,2.0,1.6448125261242275,0.0,0.0,0
1.618565997513454,0.0,0.7832401599566734,1.0,-0.6007798455372143,0.0,1.0,0
1.5569183266311029,0.0,-1.1991617531888707,2.0,-0.5785462576989822,0.0,0.0,0
-0.5185532597413904,0.0,-1.1991617531888707,2.0,1.440263518012492,1.0,0.0,0
0.5602809806997571,0.0,-1.1991617531888707,2.0,-0.8053288536489496,1.0,0.0,0
1.9268043519252105,1.0,0.44890895896229444,1.0,-1.6235248860958906,0.0,0.0,0
0.5500063688860318,0.0,-1.1991617531888707,1.0,1.4358168004448457,1.0,0.0,0
0.0876488372683972,1.0,-1.1991617531888707,2.0,-0.7919887009460103,1.0,0.0,0
-0.33361024709433656,1.0,0.34333985730004124,1.0,-0.9920909914900992,1.0,0.0,1
1.6904882802095305,1.0,-1.1991617531888707,1.0,0.9422311504360932,0.0,0.0,0
0.3239649089840771,0.0,0.640650678754332,1.0,-0.08051389012258323,1.0,0.0,0
-1.2069522512609798,0.0,0.08462857749607414,2.0,-0.05828030228435113,0.0,1.0,0
1.5877421620722785,1.0,-1.1991617531888707,2.0,1.142333440980182,1.0,0.0,0
-1.412444487535484,1.0,-1.1991617531888707,2.0,0.6087273328626117,1.0,0.0,0
0.7246747697193604,1.0,1.002143787228611,1.0,-1.5879511455547193,0.0,0.0,0
1.567192938444828,0.0,-1.1991617531888707,1.0,-1.1343859536547847,0.0,0.0,0
0.8890685587389638,0.0,-1.1991617531888707,1.0,1.0756326774654859,1.0,0.0,1
1.2075815249644455,0.0,-0.08660270711827543,1.0,-0.16500152390786518,1.0,0.0,0
-0.5699263188100164,0.0,-1.1991617531888707,1.0,-0.565206104996043,1.0,0.0,1
-0.015097280868854937,1.0,-1.1991617531888707,1.0,1.12009985314195,0.0,0.0,0
0.7246747697193604,0.0,-1.1991617531888707,2.0,0.293010385559716,1.0,0.0,0
-1.9672735254766456,0.0,1.1927966113078505,1.0,1.182353899089,1.0,0.0,0
0.35478874442525277,1.0,0.6728933547982995,1.0,1.640365808556581,0.0,0.0,0
-1.1966776394472545,1.0,1.2144047197542798,1.0,-0.5963331279695678,0.0,0.0,0
-0.7240454960158946,0.0,1.0700471196010242,2.0,-1.2188735874400665,0.0,0.0,0
-1.566563664741362,1.0,0.19792288594034352,2.0,-1.245553892845945,0.0,1.0,1
1.5980167738860036,0.0,1.0136363210216646,1.0,0.2485432098832518,0.0,1.0,0
1.279503807660522,1.0,-1.1991617531888707,2.0,0.9778048909772645,1.0,0.0,0
0.4061618034938788,0.0,-1.1991617531888707,2.0,-1.4100824428488625,1.0,0.0,0
-0.5288278715551156,0.0,-0.37421688272559434,1.0,0.9111041274625682,0.0,0.0,1
2.050099693689913,1.0,0.47513869000097303,2.0,-1.2099801523047737,0.0,1.0,0
-0.16921645807473315,1.0,0.8761111704149871,2.0,0.47532580583321915,0.0,1.0,0
-0.2205895171433592,1.0,-1.1991617531888707,1.0,-0.7964354185136567,1.0,0.0,1
-0.6726724369472686,1.0,0.6198505842305019,2.0,-0.11608763066375458,1.0,0.0,0
1.1048354068271933,1.0,-1.1991617531888707,2.0,-0.7830952658107174,1.0,0.0,0
0.508907921631131,1.0,1.0026174560657184,1.0,0.7777026004331756,1.0,0.0,0
0.13902189633702328,1.0,0.8302216291655286,2.0,0.4397520652920478,0.0,1.0,0
0.026001166386045917,0.0,-0.07780775565461125,1.0,0.16850229366561625,0.0,0.0,0
-0.045921116310030576,1.0,0.896010687698993,1.0,-1.2366604577106521,1.0,0.0,0
-0.6212993778786425,0.0,-1.1991617531888707,2.0,0.31079725583030166,1.0,0.0,0
1.6288406093271792,0.0,-1.1991617531888707,2.0,-1.3122546563606414,0.0,0.0,0
-0.03564650449630537,0.0,1.1882380275264697,2.0,0.003973743662698739,0.0,0.0,0
-0.6212993778786425,0.0,-1.1991617531888707,2.0,0.5998338977273189,1.0,0.0,0
-1.0425584622413764,0.0,1.0259067058632563,1.0,0.5064528288067441,0.0,1.0,1
-0.7137708842021695,0.0,0.04601610889972433,1.0,1.3691160369301494,0.0,0.0,0
2.050099693689913,1.0,0.13207493798609293,1.0,-1.4901233590664982,0.0,1.0,0
0.8787939469252386,0.0,0.657036141414258,1.0,0.6843215315126009,0.0,1.0,1
1.7007628920232558,1.0,0.5404422698947875,1.0,-0.06272701985199755,0.0,1.0,0
-0.08701956356493143,0.0,0.5438985522415654,1.0,-0.38289068472253973,1.0,0.0,0
0.005451942758595491,1.0,0.18472463363953906,1.0,0.7421288598920043,0.0,1.0,1
2.050099693689913,0.0,-1.1991617531888707,2.0,0.75991573016259,1.0,0.0,0
0.35478874442525277,0.0,1.5923040378388973,1.0,1.5203044342301277,1.0,0.0,0
0.23149340266055018,1.0,0.5283381798403474,2.0,-1.4323160306870946,0.0,1.0,0
-0.045921116310030576,1.0,1.0839903470135597,1.0,-1.2722341982518235,1.0,0.0,0
0.3856125798664284,1.0,-1.1991617531888707,1.0,1.311308708550746,0.0,0.0,1
0.11847267270957285,0.0,0.3153830224354944,1.0,-0.120534348231401,0.0,0.0,0
0.3239649089840771,1.0,0.8442374709045073,1.0,1.5158577166624811,0.0,0.0,0
1.6802136683958053,1.0,-1.1991617531888707,2.0,-1.5390372523106086,1.0,0.0,0
-0.05619572812375579,1.0,-0.24849547016815637,1.0,1.3157554261183924,1.0,0.0,0
0.19039495540564932,1.0,-1.1991617531888707,2.0,0.3686045842097051,1.0,0.0,0
-1.7309574537609655,0.0,1.296113232523023,1.0,0.1818424463685555,0.0,1.0,1
-0.8884392850354981,0.0,0.39395587303729435,1.0,-0.1916818293137437,1.0,0.0,0
0.03627577819977113,0.0,1.2041903576985558,2.0,1.471390540986017,0.0,1.0,0
1.4849960439350263,1.0,0.8892969745455439,1.0,-0.8675828995959994,0.0,1.0,0
-0.980910791359025,1.0,0.4888532221831933,3.0,1.3157554261183924,1.0,0.0,1
0.09792344908212242,0.0,1.0006777757940861,1.0,1.6848329842330452,1.0,0.0,0
2.050099693689913,0.0,1.1402532038772861,1.0,0.35971114907441226,0.0,1.0,0
-1.3199729812119572,1.0,0.31732174515556916,1.0,-0.32063663877548987,0.0,1.0,0
0.508907921631131,1.0,-1.1991617531888707,2.0,-1.1788531293312488,1.0,0.0,0
-2.4604548925354557,1.0,-1.1991617531888707,1.0,0.590940462592026,1.0,0.0,0
-0.16921645807473315,0.0,-1.1991617531888707,1.0,0.7865960355684685,1.0,0.0,0
-1.0117346268002008,1.0,0.9410459333672401,1.0,0.6443010734037831,1.0,0.0,0
0.5500063688860318,0.0,0.5408179492891781,2.0,-1.161066259060663,0.0,1.0,0
-0.1383926226335575,0.0,0.8032510724052014,1.0,0.23075633961266612,1.0,0.0,0
-0.4363563652315887,1.0,-1.1991617531888707,2.0,0.2263096220450197,1.0,0.0,0
-0.5802009306237417,0.0,0.09848562526843505,1.0,-0.7430748077018997,1.0,0.0,0
-0.8370662259668721,0.0,1.3789928308465824,2.0,-0.8497960293254138,0.0,0.0,0
-0.24113874077080963,1.0,0.7891450612278917,1.0,-1.5168036644723766,0.0,1.0,1
-1.5151906056727362,0.0,-1.1991617531888707,1.0,-0.8409025941901209,0.0,0.0,0
-1.2583253103296057,0.0,-1.1991617531888707,2.0,-0.6585871739166177,0.0,0.0,0
0.42671102712132924,1.0,-0.0977462133686221,2.0,0.45309221799498706,0.0,1.0,0
-0.6521232133198182,0.0,0.522050257946131,1.0,0.6131740504302582,0.0,1.0,1
-1.6898590065060648,0.0,0.349025958040372,1.0,-0.13832121850198667,1.0,0.0,0
2.050099693689913,0.0,1.0503980020493027,1.0,-0.5474192347254573,1.0,0.0,0
-0.09729417537865664,1.0,1.1522885098115132,1.0,0.021760613933284417,1.0,0.0,1
2.050099693689913,1.0,-1.1991617531888707,2.0,-1.1788531293312488,1.0,0.0,0
-0.7548693314570704,0.0,-1.1991617531888707,2.0,0.23520305718031254,1.0,0.0,0
-2.234413432633501,1.0,-1.1991617531888707,1.0,0.33747756123618017,1.0,0.0,0
-0.025371892682580152,1.0,-1.1991617531888707,2.0,0.45309221799498706,1.0,0.0,0
-0.33361024709433656,0.0,0.9368839355225884,1.0,-0.8186690063518888,1.0,0.0,0
0.9301670059938647,0.0,1.0931780542077227,2.0,-0.7519682428371925,0.0,0.0,0
-1.032283850427651,0.0,1.070238470320597,2.0,1.2090342044948783,1.0,0.0,0
-0.3849833061629626,0.0,0.5290033589889538,1.0,0.22186290447737328,1.0,0.0,0
2.050099693689913,0.0,0.7559411630121258,1.0,-1.6768854969076477,0.0,1.0,1
-0.4466309770453139,0.0,-1.1991617531888707,2.0,0.07956794231268786,1.0,0.0,0
-0.5904755424374669,1.0,0.7112030775105549,2.0,0.9244442801655075,0.0,1.0,0
0.9609908414350403,0.0,0.7274045306795157,1.0,-1.2188735874400665,1.0,0.0,0
-0.45690558885903915,0.0,1.6784040416422386,2.0,-0.17389495904315802,0.0,0.0,0
-0.3747086943492374,1.0,0.33835979124143656,2.0,0.2485432098832518,0.0,1.0,1
0.06709961364094677,1.0,-1.1991617531888707,2.0,-1.129939236087138,1.0,0.0,0
0.3856125798664284,0.0,0.7826396155381979,1.0,-0.2984030509372578,0.0,0.0,0
0.6013794279546579,0.0,-1.1991617531888707,2.0,-0.2183621347196222,0.0,0.0,0
0.8890685587389638,0.0,0.33856710115363425,1.0,-1.0365581671665633,0.0,1.0,0
-0.5904755424374669,1.0,0.16736965002764947,1.0,1.2668415328742817,0.0,1.0,0
-0.8267916141531468,1.0,0.8642619486667666,1.0,1.6981731369359845,0.0,1.0,1
0.6835763224644595,0.0,0.4444727821883469,2.0,-1.3033612212253485,0.0,0.0,0
0.9609908414350403,1.0,-1.1991617531888707,1.0,-0.05828030228435113,1.0,0.0,0
-0.11784339900610707,0.0,0.846390206397682,2.0,-0.6852674793224962,0.0,1.0,0
-0.03564650449630537,0.0,0.7360529767548832,2.0,-1.2055334347371274,0.0,0.0,0
-0.785693166898246,1.0,0.7002033635857586,1.0,1.3246488612536853,1.0,0.0,0
-1.0425584622413764,1.0,-1.1991617531888707,2.0,-1.4589963360929732,1.0,0.0,0
0.94044161780759,0.0,1.3620518286913832,1.0,-1.3834021374429841,1.0,0.0,0
0.508907921631131,0.0,-1.1991617531888707,1.0,0.9066574098949218,0.0,0.0,1
-0.6829470487609939,0.0,-1.1991617531888707,2.0,-0.8809230522989386,1.0,0.0,0
-0.9706361795452998,1.0,-1.1991617531888707,3.0,1.204587486927232,1.0,0.0,1
-0.3747086943492374,1.0,0.35598959215032744,2.0,-0.04494014958141187,1.0,0.0,0
-0.4466309770453139,1.0,0.2579399832771552,1.0,-0.5607593874283965,1.0,0.0,0
-0.15894184626100794,0.0,0.6681523574452162,1.0,1.226821074765464,0.0,1.0,1
-0.015097280868854937,1.0,0.18302226656223944,1.0,1.7426403126124486,0.0,0.0,0
1.0637369595722925,1.0,0.8659876161652985,1.0,-0.06717373741964397,0.0,1.0,0
0.6733017106507344,0.0,0.549615294631736,2.0,-0.947623815813635,1.0,0.0,0
0.10819806089584763,1.0,1.206296013573487,2.0,0.7287887071890651,0.0,1.0,0
0.09792344908212242,0.0,-1.1991617531888707,1.0,-0.91649679284011,0.0,0.0,0
-2.100843479055073,0.0,-1.1991617531888707,2.0,-0.7208412198636676,1.0,0.0,0
0.5397317570723066,0.0,0.9568528752945129,1.0,0.7021084017831866,0.0,0.0,0
0.5808302043272074,0.0,-0.9295536962525383,1.0,1.1067597004390106,1.0,0.0,0
1.3925245376114994,1.0,-1.1991617531888707,2.0,1.5647716099065918,0.0,0.0,0
-2.0083719727315463,1.0,1.2885426703175422,2.0,1.6047920680154097,1.0,0.0,0
0.7760478287879865,1.0,0.7655888141377389,3.0,1.1868006166566463,0.0,0.0,1
1.5569183266311029,1.0,0.24925690575379164,2.0,-0.6585871739166177,0.0,1.0,0
-0.9911854031727503,1.0,0.997685746360767,2.0,-1.245553892845945,1.0,0.0,0
-0.16921645807473315,1.0,-1.1991617531888707,1.0,1.142333440980182,1.0,0.0,0
2.050099693689913,1.0,1.3202644383142326,1.0,-0.5518659522931036,1.0,0.0,0
-0.7343201078296199,1.0,1.3939319118789129,1.0,1.2846284031448674,1.0,0.0,0
0.4575348625625049,0.0,-1.1991617531888707,2.0,-1.076578625275381,1.0,0.0,0
0.5191825334448562,1.0,-1.1991617531888707,2.0,-0.7653083955401317,0.0,0.0,0
0.4780840861899553,0.0,1.1686720573683242,1.0,-0.449591448237236,1.0,0.0,1
0.7452239933468109,0.0,0.7816858941869329,1.0,1.5069642815271884,1.0,0.0,0
0.3856125798664284,1.0,0.2535330118257113,2.0,1.6848329842330452,0.0,1.0,0
-1.032283850427651,1.0,-0.03752356163080163,1.0,-0.5296323644548716,0.0,0.0,0
0.13902189633702328,1.0,0.6284781237635308,2.0,-0.9209435104077565,1.0,0.0,0
-0.18976568170218358,0.0,0.5206766502369045,1.0,-0.10719419552846174,1.0,0.0,0
0.9712654532487656,1.0,0.8944396647769968,1.0,1.6003453504477632,1.0,0.0,0
-0.025371892682580152,0.0,-1.1991617531888707,2.0,0.6798748139449544,1.0,0.0,0
-0.18976568170218358,0.0,0.5817138591663008,1.0,0.7821493180008221,1.0,0.0,0
-0.549377095182566,1.0,0.893104997497775,1.0,0.675428096377308,0.0,1.0,0
-0.5596517069962913,0.0,-1.1991617531888707,1.0,1.1868006166566463,1.0,0.0,1
-0.45690558885903915,1.0,-1.1991617531888707,2.0,0.9199975625978611,1.0,0.0,0
1.7829597865330575,0.0,1.1351255152869013,1.0,1.1601203112507676,1.0,0.0,1
0.8376954996703379,1.0,-1.1991617531888707,2.0,1.4758372585536634,1.0,0.0,0
-1.70013361831979,1.0,0.0031980738628569483,1.0,0.7376821423243579,1.0,0.0,0
-0.09729417537865664,0.0,0.9179456404103807,1.0,-1.1343859536547847,0.0,0.0,0
-0.05619572812375579,0.0,1.1877686676713708,1.0,-1.5568241225811943,0.0,1.0,0
0.41643641530760406,0.0,0.8744901952200744,1.0,0.5420265693479155,0.0,0.0,1
0.16984573177819892,0.0,0.035392233961244836,2.0,0.33303084366853375,0.0,1.0,0
0.04655039001349635,0.0,2.804969194344311,3.0,-1.2010867171694808,0.0,0.0,1
-0.25141335258453484,0.0,0.6374944292289025,2.0,-1.5479306874459016,0.0,1.0,0
0.8171462760428874,1.0,0.8814041962409661,1.0,1.3513291666595637,0.0,1.0,1
1.8240582337879583,0.0,-1.1991617531888707,2.0,0.7110018369184794,0.0,0.0,0
-0.18976568170218358,0.0,-0.04133828744393497,2.0,1.0622925247625465,0.0,1.0,0
0.7144001579056353,0.0,1.0567733803191037,1.0,0.13737527069209132,0.0,0.0,0
1.043187735944842,1.0,-0.16107883297325987,2.0,-0.31618992120784345,0.0,1.0,0
-0.6110247660649173,0.0,0.39494486420426034,2.0,0.30635053826265524,1.0,0.0,0
-0.8165170023394216,0.0,0.11757888414103056,2.0,0.07956794231268786,0.0,1.0,0
1.8754312928565844,0.0,-1.1991617531888707,1.0,0.7510222950272971,0.0,0.0,1
0.9507162296213152,1.0,0.2805260710476396,1.0,-1.192193282034188,0.0,0.0,0
0.70412554609191,1.0,-1.1991617531888707,2.0,-1.63686503879883,0.0,0.0,0
2.050099693689913,0.0,0.4414536221275654,1.0,1.0089319139507895,1.0,0.0,0
-0.8987138968492233,1.0,0.4952525392419316,1.0,0.293010385559716,0.0,0.0,1
-0.11784339900610707,1.0,-1.1991617531888707,1.0,-0.38289068472253973,0.0,0.0,0
0.9712654532487656,0.0,0.9225256095098789,1.0,0.5064528288067441,0.0,0.0,0
-1.5254652174864614,1.0,0.7995862034108161,2.0,0.6042806152949654,0.0,1.0,0
-1.0528330740551015,0.0,1.5971235544196951,1.0,-0.1427679360696331,0.0,1.0,0
0.7349493815330856,0.0,-1.1991617531888707,1.0,0.6265142031331974,1.0,0.0,1
-0.05619572812375579,0.0,-1.1991617531888707,2.0,1.7070665720712772,1.0,0.0,0
-0.24113874077080963,0.0,1.7412374577015686,1.0,1.6225789382859954,0.0,1.0,0
1.084286183199743,1.0,0.42294877868705066,2.0,-1.1343859536547847,1.0,0.0,0
1.228130748591896,1.0,-1.1991617531888707,1.0,-0.12942778336669383,1.0,0.0,1
0.12874728452329806,0.0,-1.1991617531888707,2.0,1.3602226017948567,1.0,0.0,0
-1.8131543482707673,0.0,-1.1991617531888707,2.0,-1.4723364887959125,0.0,0.0,0
2.050099693689913,0.0,1.3008797645843064,1.0,-0.6897141968901427,1.0,0.0,1
-1.4535429347903848,0.0,0.4443783037680074,1.0,-0.7653083955401317,1.0,0.0,0
1.3000530312879723,0.0,-1.1991617531888707,2.0,-0.0049196914725941,1.0,0.0,0
0.5808302043272074,1.0,-1.1991617531888707,1.0,-0.2405957225578543,1.0,0.0,0
2.050099693689913,0.0,-1.1991617531888707,2.0,0.33303084366853375,1.0,0.0,0
-0.4260817534178635,0.0,0.7443281373147541,1.0,1.6848329842330452,1.0,0.0,0
-0.2205895171433592,1.0,0.7789618195977864,1.0,-0.18723511174609728,0.0,1.0,0
0.8274208878566126,0.0,-1.1991617531888707,2.0,-0.8764763347312923,0.0,0.0,0
0.1492965081507485,1.0,0.5868575069493108,1.0,-0.8586894644607066,0.0,1.0,1
-1.597387500182538,1.0,-0.192248253313202,1.0,1.0845261126007786,1.0,0.0,0
0.04655039001349635,1.0,-1.1991617531888707,2.0,1.640365808556581,0.0,0.0,0
-0.8370662259668721,0.0,0.6675746346721944,1.0,-0.8586894644607066,0.0,0.0,0
-0.18976568170218358,0.0,0.7099502808894991,2.0,1.5692183274742382,0.0,1.0,0
-0.354159470721787,0.0,0.024361080426977683,2.0,-0.6141199982401535,0.0,0.0,0
0.7760478287879865,1.0,-1.1991617531888707,2.0,0.21741618690972686,1.0,0.0,0
-0.9089885086629486,0.0,0.19153585745992655,1.0,-0.9654106860842206,1.0,0.0,0
-1.3302475930256823,1.0,-0.07035098249254602,1.0,0.7421288598920043,0.0,0.0,1
-0.49800403611394,0.0,0.6163317418486344,2.0,0.5020061112390977,1.0,0.0,0
1.084286183199743,0.0,-1.1991617531888707,3.0,-0.05828030228435113,1.0,0.0,0
0.6733017106507344,0.0,0.8140192184450101,2.0,1.7159600072065702,0.0,1.0,0
0.16984573177819892,1.0,1.0416154987558859,2.0,-1.4812299239312052,0.0,1.0,0
0.6733017106507344,0.0,0.7104477289236176,1.0,-0.4896119063460538,0.0,1.0,1
-1.6384859474374387,0.0,1.1747030362612798,2.0,0.6087273328626117,0.0,1.0,0
-0.5802009306237417,1.0,0.8887829289510956,1.0,1.1868006166566463,0.0,1.0,0
1.3925245376114994,0.0,-1.1991617531888707,2.0,-0.91649679284011,0.0,0.0,0
0.28286646172917623,1.0,1.2488695537793406,2.0,-1.4767832063635589,0.0,1.0,0
-1.2377760867021554,0.0,1.3951697068589013,1.0,-0.6897141968901427,1.0,0.0,0
0.8890685587389638,0.0,-1.1991617531888707,2.0,-1.2944677860900557,1.0,0.0,0
-0.5391024833688408,1.0,-1.1991617531888707,1.0,-1.2544473279812378,1.0,0.0,1
-1.1864030276335293,0.0,0.8352401568783593,1.0,0.7954894707037613,0.0,1.0,1
0.10819806089584763,1.0,0.8556106299367265,2.0,-1.5657175577164872,0.0,1.0,1
-0.03564650449630537,1.0,1.4909270968953565,2.0,-1.690225649610587,0.0,1.0,0
-1.4843667702315604,1.0,0.24207494988872746,1.0,-0.4229111428313575,1.0,0.0,0
0.6219286515821083,1.0,1.1269689315282336,1.0,-1.6101847333929513,1.0,0.0,0
1.4849960439350263,1.0,-1.1991617531888707,1.0,0.30635053826265524,0.0,0.0,1
-1.566563664741362,1.0,0.7271554076826408,2.0,-0.22280885228726863,0.0,1.0,0
-0.24113874077080963,1.0,-1.1991617531888707,1.0,-1.2722341982518235,0.0,0.0,0
0.2520426262880006,1.0,-1.1991617531888707,2.0,1.182353899089,1.0,0.0,0
-0.7137708842021695,1.0,-1.1991617531888707,2.0,0.16850229366561625,0.0,0.0,0
1.8959805164840349,0.0,0.4001429328341214,1.0,-0.9253902279754028,0.0,0.0,0
-0.9603615677315746,0.0,-1.1991617531888707,2.0,1.4536036707154314,0.0,0.0,0
0.4369856389350545,0.0,0.8860976352000275,1.0,1.3513291666595637,1.0,0.0,0
0.4061618034938788,0.0,0.5992788657531343,1.0,0.9866983261125574,1.0,0.0,0
0.36506335623897795,0.0,-1.1991617531888707,2.0,1.6492592436918738,1.0,0.0,0
-0.25141335258453484,1.0,0.10237312499993795,1.0,0.7732558828655293,1.0,0.0,1
-1.4329937111629345,1.0,0.763025927394104,1.0,0.6709813788096616,0.0,0.0,0
-1.3918952639080335,0.0,0.7375818674083501,1.0,1.173460463953707,0.0,0.0,0
-1.1144807449374527,1.0,0.8363233072818123,2.0,0.5598134396185012,0.0,1.0,1
0.0876488372683972,0.0,0.517953373607389,2.0,0.3419242788038266,0.0,0.0,0
1.5363691030036524,1.0,0.3610792978622652,1.0,1.257948097738989,1.0,0.0,1
-0.24113874077080963,1.0,-0.27657167979353753,1.0,-0.27172274553137926,0.0,1.0,0
0.3239649089840771,1.0,0.41587678165917213,1.0,0.293010385559716,0.0,0.0,0
0.5191825334448562,0.0,1.5097937352326787,1.0,1.0400589369243145,1.0,0.0,1
0.5808302043272074,0.0,-1.1991617531888707,2.0,1.7204067247742165,1.0,0.0,0
-0.2308641289570844,1.0,1.251182838750322,2.0,-0.120534348231401,0.0,1.0,0
-0.34388485890806175,1.0,0.645996050732121,1.0,0.866636951786104,0.0,0.0,0
-0.8987138968492233,1.0,1.7305125610737735,1.0,-0.5251856468872251,1.0,0.0,1
-1.70013361831979,0.0,0.40082327321572137,2.0,1.0800793950331322,1.0,0.0,0
0.7452239933468109,0.0,-1.1991617531888707,2.0,0.003973743662698739,1.0,0.0,0
0.6527524870232839,1.0,1.0432786062193287,1.0,-0.671927326619557,0.0,1.0,0
-0.8165170023394216,0.0,1.683292501935176,1.0,0.19962931663914119,1.0,0.0,0
0.13902189633702328,0.0,0.5118189791462243,1.0,0.590940462592026,1.0,0.0,0
-1.4432683229766596,1.0,0.9747049877566686,1.0,1.097866265303718,1.0,0.0,0
0.6219286515821083,0.0,-1.1991617531888707,2.0,1.524751151797774,1.0,0.0,0
-0.08701956356493143,1.0,-1.1991617531888707,2.0,1.226821074765464,1.0,0.0,0
0.1492965081507485,0.0,0.41728278652942724,1.0,0.7287887071890651,1.0,0.0,0
0.3136902971703519,0.0,1.1769141823994616,2.0,-1.3611685496047519,1.0,0.0,0
1.2486799722193465,1.0,-1.1991617531888707,1.0,0.039547484203870095,1.0,0.0,0
-2.2652372680746766,0.0,-1.1991617531888707,1.0,-0.3250833563431363,1.0,0.0,0
-0.07674495175120621,0.0,-1.1991617531888707,2.0,0.2040760342067876,1.0,0.0,0
-0.693221660574719,1.0,0.040031252073455155,1.0,1.1556735936831213,0.0,1.0,0
0.3856125798664284,1.0,-1.1991617531888707,1.0,-1.2722341982518235,1.0,0.0,1
1.279503807660522,0.0,-0.23833536936735697,2.0,-0.5162922117519323,0.0,1.0,0
-0.46718020067276433,0.0,0.846053786617149,1.0,-0.7742018306754246,1.0,0.0,0
-1.5357398293001865,0.0,0.46910435967756653,1.0,0.5197929815096833,0.0,0.0,1
-0.5185532597413904,1.0,0.538939871501078,1.0,0.8799771044890433,1.0,0.0,0
-0.08701956356493143,0.0,-1.1991617531888707,2.0,-1.138832671222431,1.0,0.0,0
0.6322032633958335,1.0,0.5256848044745289,1.0,-0.10274747796081532,0.0,0.0,0
1.1151100186409186,0.0,-1.1991617531888707,2.0,-0.6897141968901427,0.0,0.0,0
0.1801203435919241,0.0,0.07591390077131326,1.0,-0.6808207617548498,0.0,1.0,0
0.6116540397683831,0.0,0.8927440005605995,2.0,-0.396230837425479,0.0,0.0,1
-0.066470339937481,0.0,0.6001819964637781,2.0,0.039547484203870095,0.0,1.0,0
0.09792344908212242,0.0,0.6364926707078365,1.0,-0.1472146536372795,0.0,1.0,0
-0.5082786479276652,0.0,-1.1991617531888707,2.0,-0.2405957225578543,1.0,0.0,0
-0.18976568170218358,0.0,0.8135414002178203,1.0,-0.15166137120492593,1.0,0.0,0
0.015726554572320705,0.0,1.4584887611498076,2.0,1.3824561896330887,0.0,1.0,0
-1.1350299685649032,1.0,0.14334212797928272,1.0,1.4802839761213098,0.0,0.0,0
-0.9295377322903989,1.0,0.13685264148221382,1.0,-1.4100824428488625,1.0,0.0,0
-1.268599922143331,1.0,0.8222856014489371,1.0,0.04844091933916293,0.0,1.0,0
0.9198923941801395,0.0,-1.1991617531888707,1.0,1.2668415328742817,0.0,0.0,1
1.238405360405621,1.0,0.9977441570057742,2.0,-1.0143245793283313,0.0,1.0,0
1.0945607950134681,0.0,0.2224737099148811,1.0,0.813276340974347,1.0,0.0,1
1.2897784194742472,0.0,0.7991134921252662,2.0,-0.5785462576989822,1.0,0.0,0
-0.7445947196433451,0.0,0.11363010110984778,1.0,-1.2500006104135915,1.0,0.0,0
0.6322032633958335,0.0,-1.1991617531888707,1.0,-1.521250382040023,1.0,0.0,0
0.4678094743762301,1.0,-1.1991617531888707,3.0,-1.1432793887900774,0.0,0.0,0
0.7554986051605361,0.0,0.687784558252755,2.0,0.05288763690680935,0.0,1.0,0
2.050099693689913,1.0,-1.1991617531888707,2.0,-0.5118454941842859,0.0,0.0,0
-0.641848601506093,1.0,-1.1991617531888707,1.0,-1.0632384725724418,1.0,0.0,0
-0.3644340825355122,1.0,0.540601383045258,1.0,-0.20057526444903653,0.0,0.0,0
-0.7959677787119712,1.0,0.3770613121326334,1.0,-1.5612708401488409,0.0,0.0,0
0.1595711199644737,1.0,1.2364426092580985,2.0,0.22186290447737328,0.0,1.0,0
0.35478874442525277,0.0,-0.0038673798960453015,1.0,0.38194473691264436,0.0,0.0,0
-1.9775481372903707,0.0,1.1433368390762721,2.0,0.7910427531361149,0.0,1.0,0
0.6527524870232839,0.0,0.17975270676917324,2.0,1.3513291666595637,0.0,1.0,0
0.015726554572320705,1.0,0.7930643197527184,1.0,-0.8853697698665851,0.0,0.0,0
-0.48772942430021476,1.0,0.24959396390202976,2.0,1.640365808556581,0.0,0.0,1
1.567192938444828,0.0,1.3083603169433824,2.0,1.587005197744824,1.0,0.0,0
-1.5254652174864614,0.0,-1.1991617531888707,2.0,0.4931126761038048,1.0,0.0,0
0.16984573177819892,1.0,0.49437191099288885,2.0,0.3419242788038266,0.0,1.0,0
-1.1350299685649032,1.0,0.19361948964903536,2.0,1.6537059612595202,0.0,1.0,0
1.4438975966801255,1.0,0.8791992741879081,2.0,-0.8542427468930601,0.0,1.0,1
-1.3302475930256823,0.0,-1.1991617531888707,2.0,1.3602226017948567,1.0,0.0,0
-1.4843667702315604,0.0,0.7024095623742269,2.0,1.6581526788271668,0.0,1.0,0
-1.8337035718982178,0.0,-1.1991617531888707,1.0,-0.27172274553137926,0.0,0.0,0
1.9268043519252105,1.0,-1.1991617531888707,2.0,-1.552377405013548,1.0,0.0,0
0.1492965081507485,1.0,1.0937417328912349,1.0,0.15071542339503058,1.0,0.0,0
-0.17949106988845837,1.0,1.2919400632435343,1.0,-0.38733740229018615,1.0,0.0,0
1.618565997513454,0.0,0.7505512648869131,1.0,-1.659098626637062,1.0,0.0,0
1.6596644447683548,0.0,0.636929792993833,2.0,-1.7035658023135263,1.0,0.0,0
0.5705555925134822,0.0,-1.1991617531888707,2.0,-1.6235248860958906,0.0,0.0,0
-0.2925117998394357,0.0,-1.1991617531888707,2.0,-0.1427679360696331,1.0,0.0,0
0.07737422545467199,1.0,1.0920376103027465,1.0,-1.6857789320429406,1.0,0.0,0
-0.24113874077080963,0.0,-0.06222408283216078,1.0,-0.8497960293254138,1.0,0.0,0
-1.176128415819804,0.0,0.27493652342268937,2.0,0.5642601571861475,0.0,1.0,0
-0.2000402935159088,1.0,1.0212394399801001,1.0,-1.107705648248906,0.0,1.0,0
1.032913124131117,1.0,-1.1991617531888707,1.0,-0.06717373741964397,1.0,0.0,1
-1.3816206520943084,0.0,-1.1991617531888707,1.0,-0.43180457796665034,0.0,0.0,1
-0.1281180108198323,1.0,1.4449560041715852,1.0,0.4931126761038048,1.0,0.0,0
-0.25141335258453484,0.0,-1.1991617531888707,2.0,-0.7875419833783639,0.0,0.0,0
0.3753379680527032,1.0,0.578503667569799,2.0,-0.16055480634021876,0.0,1.0,0
-1.5357398293001865,1.0,-1.1991617531888707,2.0,1.182353899089,1.0,0.0,0
-0.05619572812375579,0.0,-1.1991617531888707,1.0,0.2752235152891303,0.0,0.0,1
-0.8473408377805972,1.0,0.8623990321116602,2.0,1.2757349680095746,0.0,1.0,0
0.3239649089840771,1.0,0.5989681402727272,1.0,-1.2010867171694808,1.0,0.0,1
-0.4774548124864896,1.0,0.37352268035191116,1.0,0.2752235152891303,0.0,0.0,0
1.0226385123173916,0.0,-1.1991617531888707,2.0,0.9022106923272754,1.0,0.0,0
0.9712654532487656,1.0,-1.1991617531888707,2.0,-0.9120500752724636,0.0,0.0,0
2.050099693689913,0.0,-1.1991617531888707,2.0,-0.28950961580196494,1.0,0.0,0
2.050099693689913,0.0,1.063596733125886,1.0,0.7777026004331756,0.0,1.0,0
1.0637369595722925,0.0,1.1408125735787897,1.0,0.35971114907441226,1.0,0.0,1
-1.124755356751178,1.0,-1.1991617531888707,1.0,-0.6541404563489713,1.0,0.0,0
-0.45690558885903915,0.0,-1.1991617531888707,2.0,0.25743664501854463,1.0,0.0,0
-0.4466309770453139,0.0,1.089733422071561,1.0,0.155162140962677,0.0,1.0,0
-0.16921645807473315,0.0,0.5089110546580388,1.0,0.017313896365637998,0.0,1.0,0
1.0740115713860177,0.0,0.9941231757911075,2.0,-0.9209435104077565,0.0,1.0,0
0.4986333098174057,0.0,-1.1991617531888707,2.0,-1.712459237448819,1.0,0.0,0
2.050099693689913,0.0,-0.11968898608439618,2.0,1.7070665720712772,1.0,0.0,0
-2.2446880444472264,0.0,-1.1991617531888707,2.0,0.4886659585361584,0.0,0.0,0
0.27259184991545105,1.0,1.5405831671962211,1.0,-0.9520705333812813,0.0,0.0,0
1.762410562905607,0.0,0.4855384978749986,1.0,-0.6363535860783857,1.0,0.0,0
0.16984573177819892,1.0,0.9728953749049297,2.0,-0.00047297390494768034,0.0,0.0,1
1.423348373052675,1.0,0.6623869395175394,2.0,0.15960885853032342,0.0,1.0,0
-0.8370662259668721,0.0,0.5025588172175439,1.0,0.16850229366561625,0.0,1.0,0
0.13902189633702328,0.0,-1.1991617531888707,1.0,0.003973743662698739,1.0,0.0,0
-0.46718020067276433,0.0,0.615252102467559,1.0,1.4980708463918955,0.0,1.0,0
-0.4260817534178635,1.0,0.6092876734078497,1.0,1.204587486927232,0.0,1.0,1
0.27259184991545105,1.0,0.9268401772360246,2.0,1.151226876115475,0.0,0.0,0
-0.045921116310030576,0.0,0.7427832874686623,2.0,-1.2677874806841771,0.0,1.0,0
0.796597052415437,0.0,-0.21247668955720764,1.0,-0.7697551131077782,0.0,1.0,0
0.13902189633702328,1.0,0.46312923795879835,1.0,1.5336445869330668,1.0,0.0,0
-0.3747086943492374,1.0,0.7255069826764134,2.0,1.333542296388978,0.0,1.0,0
-1.268599922143331,1.0,0.34487241856781176,2.0,-0.32063663877548987,0.0,1.0,0
-0.40553252979041304,1.0,-1.1991617531888707,2.0,1.0533990896272536,1.0,0.0,1
-0.5699263188100164,1.0,1.0172319271200576,1.0,-0.33842350904607554,0.0,1.0,0
0.6938509342781848,0.0,1.1552505359626974,1.0,1.5514314572036525,0.0,1.0,0
-1.4535429347903848,0.0,0.8226094134672968,1.0,0.9689114558419717,0.0,0.0,0
-0.16921645807473315,0.0,-1.1991617531888707,2.0,-1.138832671222431,0.0,0.0,1
-1.1658538040060789,0.0,0.9048152146782321,1.0,1.41802993017426,0.0,1.0,1
-2.953636259594266,1.0,1.1324512333787442,3.0,-1.2544473279812378,0.0,0.0,1
0.6219286515821083,1.0,-1.1991617531888707,2.0,-0.6541404563489713,1.0,0.0,0
-0.6212993778786425,0.0,-1.1991617531888707,2.0,-0.9253902279754028,1.0,0.0,0
-1.1453045803786284,0.0,1.021618630396868,2.0,-0.38289068472253973,1.0,0.0,0
-0.2205895171433592,0.0,-1.1991617531888707,2.0,1.0178253490860822,0.0,0.0,0
-1.6487605592511638,1.0,0.6595340742439098,1.0,0.17294901123326267,1.0,0.0,0
-0.6521232133198182,1.0,0.42631074220541526,2.0,0.23520305718031254,0.0,1.0,0
1.8959805164840349,0.0,0.7956302387429521,2.0,0.982251608544911,1.0,0.0,0
1.4747214321213011,1.0,0.9488464675384458,1.0,-1.1343859536547847,0.0,0.0,0
0.30341568535662666,1.0,0.7131604724860006,2.0,-1.330041526631227,0.0,0.0,0
-0.4260817534178635,1.0,0.9934680509338545,2.0,1.6981731369359845,0.0,1.0,0
0.09792344908212242,1.0,1.4769643992678188,1.0,-1.161066259060663,1.0,0.0,0
0.5294571452585813,1.0,0.9588334110992649,1.0,-1.5079102293370839,0.0,0.0,0
0.30341568535662666,1.0,-1.1991617531888707,2.0,-0.3473169441813684,1.0,0.0,0
-0.2308641289570844,0.0,-1.1991617531888707,2.0,-1.1477261063577238,1.0,0.0,0
0.30341568535662666,0.0,-1.1991617531888707,2.0,1.4536036707154314,1.0,0.0,0
0.508907921631131,0.0,-1.1991617531888707,2.0,0.31079725583030166,0.0,0.0,0
-0.5699263188100164,0.0,-1.1991617531888707,2.0,-0.4229111428313575,1.0,0.0,0
-1.6282113356237136,1.0,0.8020609954111617,1.0,1.4447102355801384,0.0,1.0,1
0.4369856389350545,0.0,1.96616488222978,2.0,1.7115132896389238,1.0,0.0,0
0.5705555925134822,0.0,1.05233832068864,1.0,-0.1916818293137437,0.0,0.0,0
-1.0014600149864754,0.0,0.6605334388860818,1.0,1.386902907200735,0.0,0.0,1
0.7760478287879865,1.0,0.7770023499272994,1.0,-0.31618992120784345,0.0,0.0,0
0.4678094743762301,0.0,1.072088938705456,1.0,-1.0721319077077347,0.0,1.0,0
-1.124755356751178,0.0,0.24312283047647942,2.0,1.4624971058507241,0.0,1.0,0
0.5500063688860318,1.0,1.2844011002394506,1.0,0.8088296234067006,0.0,0.0,0
0.70412554609191,0.0,-1.1991617531888707,2.0,1.440263518012492,0.0,0.0,0
-0.7754185550845207,0.0,0.5230895205698654,2.0,-1.6635453442047083,0.0,1.0,1
-0.7137708842021695,1.0,0.32507200787000634,1.0,-0.6363535860783857,1.0,0.0,0
0.16984573177819892,0.0,-1.1991617531888707,1.0,1.5958986328801168,0.0,0.0,0
-1.4432683229766596,0.0,-1.1991617531888707,2.0,0.5776003098890868,1.0,0.0,0
-0.40553252979041304,0.0,0.1345202054800824,1.0,0.7065551193508329,1.0,0.0,0
-0.2308641289570844,0.0,0.7514938148033408,1.0,0.5064528288067441,0.0,1.0,1
-1.2891491457707813,1.0,-1.1991617531888707,2.0,-0.7919887009460103,0.0,0.0,0
-0.2719625762119853,0.0,-1.1991617531888707,2.0,0.6265142031331974,1.0,0.0,0
-0.4363563652315887,1.0,0.8636468813830024,2.0,-1.4456561833900339,1.0,0.0,1
-1.1042061331237276,0.0,-0.249076225187777,1.0,-1.3567218320371055,0.0,1.0,0
1.4952706557487514,1.0,1.1402035707882228,2.0,0.8710836693537505,0.0,0.0,0
-1.6795843946923394,0.0,-1.1991617531888707,2.0,0.4219651950214621,1.0,0.0,0
1.2897784194742472,0.0,0.5927635253640129,1.0,1.5825584801771775,0.0,1.0,0
-1.9672735254766456,0.0,0.939282602174113,1.0,0.24409649231560537,0.0,1.0,1
0.4780840861899553,1.0,1.483049799007625,1.0,-1.667992061772355,0.0,0.0,0
-0.7548693314570704,0.0,0.8019566222913946,2.0,-1.3211480914959342,1.0,0.0,0
-1.1555791921923537,1.0,-0.0014005674920121265,1.0,-0.8097755712165959,1.0,0.0,1
0.6424778752095588,1.0,1.1578073582131347,1.0,-1.3344882441988735,0.0,1.0,0
0.30341568535662666,1.0,0.7766865175052522,1.0,1.7381935950448022,1.0,0.0,1
0.6835763224644595,1.0,0.38834318458303807,2.0,-0.5963331279695678,1.0,0.0,1
0.6835763224644595,1.0,1.011021407310072,1.0,1.1289932882772429,1.0,0.0,0
0.2520426262880006,1.0,1.284425039028388,1.0,1.6492592436918738,0.0,0.0,0
-0.8473408377805972,1.0,-1.1991617531888707,2.0,1.1690137463860606,1.0,0.0,1
-0.48772942430021476,1.0,-1.1991617531888707,1.0,1.0489523720596072,0.0,0.0,0
-0.2308641289570844,0.0,0.606572695558499,2.0,-1.1210458009518454,0.0,1.0,0
0.7349493815330856,1.0,-1.1991617531888707,2.0,0.10624824771856638,0.0,0.0,0
-2.419356445280555,0.0,1.4701638681064904,1.0,1.4358168004448457,0.0,0.0,0
-2.2138642090060507,0.0,1.2224805499982654,1.0,-0.863136182028353,0.0,1.0,0
-1.9159004664080195,0.0,1.3830121535091673,1.0,-1.169959694195956,1.0,0.0,0
-0.8473408377805972,0.0,-1.1991617531888707,2.0,-0.05383358471670471,0.0,0.0,0
-1.597387500182538,0.0,0.8716390854576335,1.0,0.6531945085390759,1.0,0.0,0
2.050099693689913,0.0,0.42844943360908,2.0,-0.5029520590489931,0.0,1.0,0
-1.0631076858688266,1.0,-0.008667426261840958,3.0,0.8177230585419935,0.0,1.0,1
1.5158198793762019,1.0,0.34817932287162046,1.0,0.43085863015675496,1.0,0.0,1
0.6938509342781848,0.0,1.5130616991064822,2.0,-1.045451602301856,0.0,1.0,0
-0.2616879643982601,1.0,0.17568215509826254,2.0,-1.627971603663537,0.0,1.0,1
-0.4363563652315887,1.0,-1.1991617531888707,1.0,0.951124585571386,1.0,0.0,1
-0.066470339937481,0.0,-1.1991617531888707,2.0,-0.23170228742256146,1.0,0.0,0
-1.412444487535484,0.0,-1.1991617531888707,2.0,-0.7208412198636676,1.0,0.0,0
0.6835763224644595,1.0,1.8379648474657666,1.0,0.675428096377308,0.0,0.0,1
-0.09729417537865664,0.0,-1.1991617531888707,2.0,-0.08940732525787606,0.0,0.0,0
1.4438975966801255,1.0,0.005745161005793426,1.0,-1.3478283969018128,1.0,0.0,0
0.6013794279546579,1.0,-1.1991617531888707,2.0,1.2668415328742817,1.0,0.0,0
-1.597387500182538,0.0,0.9981426580456183,1.0,1.342435731524271,1.0,0.0,0
-0.3747086943492374,1.0,0.6954475241835341,1.0,0.4353053477244014,0.0,1.0,1
-0.2616879643982601,1.0,-1.1991617531888707,2.0,0.04844091933916293,0.0,0.0,0
-1.3918952639080335,0.0,0.2708970921773972,1.0,0.8710836693537505,1.0,0.0,0
0.6013794279546579,1.0,-1.1991617531888707,2.0,0.7510222950272971,1.0,0.0,0
-2.2652372680746766,1.0,1.243530565478602,1.0,-0.947623815813635,0.0,1.0,0
-1.1453045803786284,0.0,-1.1991617531888707,2.0,-1.6546519090694156,1.0,0.0,0
0.2520426262880006,1.0,-1.1991617531888707,2.0,0.11514168285385921,1.0,0.0,0
1.3206022549154228,0.0,0.08919434291413592,1.0,-1.0098778617606847,1.0,0.0,0
0.9712654532487656,1.0,-1.1991617531888707,2.0,-0.5474192347254573,1.0,0.0,0
-0.066470339937481,0.0,-1.1991617531888707,2.0,0.9199975625978611,1.0,0.0,0
1.0226385123173916,1.0,0.6013904265293367,1.0,-0.1916818293137437,0.0,0.0,1
0.7863224406017117,1.0,-0.3662182949739133,2.0,0.6798748139449544,1.0,0.0,0
1.0637369595722925,0.0,-0.0038767958196939453,1.0,0.8043829058390541,1.0,0.0,0
2.050099693689913,0.0,-1.1991617531888707,2.0,-1.4856766414988516,0.0,0.0,0
-1.5357398293001865,1.0,-1.1991617531888707,2.0,-1.7080125198811726,1.0,0.0,0
0.3445141326115275,1.0,0.9264335370079417,1.0,0.6932149666478937,1.0,0.0,0
0.2520426262880006,0.0,-0.3357984779115634,2.0,-0.7742018306754246,0.0,0.0,0
-1.3096983693982318,1.0,-1.1991617531888707,2.0,-0.17834167661080444,1.0,0.0,1
0.41643641530760406,1.0,-0.5461826093845426,1.0,-0.9076033577048171,1.0,0.0,1
1.084286183199743,0.0,0.7867920378672746,2.0,1.4758372585536634,0.0,1.0,0
0.21094417903309975,0.0,-1.1991617531888707,2.0,1.5825584801771775,1.0,0.0,0
-0.07674495175120621,0.0,1.3680041287646976,2.0,-1.1432793887900774,0.0,1.0,0
1.6493898329546297,0.0,-1.1991617531888707,2.0,0.6398543558361367,1.0,0.0,0
-1.4638175466041101,1.0,-1.1991617531888707,2.0,0.9555713031390325,1.0,0.0,0
1.3103276431016977,0.0,1.1152162628953937,2.0,-0.03604671444611903,1.0,0.0,0
-1.4740921584178353,0.0,0.6874433507144344,3.0,-0.7075010671607284,0.0,1.0,1
-2.1111180908687985,1.0,-1.1991617531888707,2.0,1.0489523720596072,1.0,0.0,0
-0.2308641289570844,1.0,0.640621792615681,2.0,-0.1472146536372795,0.0,1.0,1
0.8993431705526891,1.0,0.40578945477674244,1.0,-0.45848488337252885,0.0,0.0,0
-0.7651439432707955,1.0,1.5175491048887557,2.0,-1.076578625275381,1.0,0.0,1
0.9712654532487656,0.0,1.3222813610781694,2.0,-0.9387303806783421,1.0,0.0,0
1.1973069131507204,1.0,0.9193604228365798,2.0,-1.3033612212253485,0.0,1.0,1
0.33423952079780234,1.0,1.393388182186182,1.0,0.622067485565551,0.0,1.0,1
0.6116540397683831,0.0,-1.1991617531888707,2.0,1.0133786315184359,1.0,0.0,0
-1.0939315213100023,1.0,-1.1991617531888707,2.0,0.04844091933916293,1.0,0.0,0
-2.326884938957028,0.0,-1.1991617531888707,1.0,0.15071542339503058,0.0,0.0,0
0.6938509342781848,0.0,0.480803724607039,2.0,-1.0410048847342097,0.0,0.0,0
0.5705555925134822,0.0,-1.1991617531888707,2.0,-1.1210458009518454,0.0,0.0,0
-0.17949106988845837,1.0,-1.1991617531888707,2.0,-0.5740995401313358,0.0,0.0,0
0.8068716642291621,1.0,1.0438931947273138,1.0,0.5331331342126227,1.0,0.0,1
1.957628187366386,0.0,0.5265301629078707,1.0,0.40862504231852287,1.0,0.0,0
-0.4466309770453139,0.0,0.24665412102859435,1.0,0.6932149666478937,0.0,1.0,0
-0.7137708842021695,1.0,0.4327951217608443,2.0,-0.18723511174609728,1.0,0.0,0
0.2417680144742754,0.0,0.17265661136043117,2.0,1.0400589369243145,0.0,1.0,0
0.991814676876216,0.0,-1.1991617531888707,1.0,0.4931126761038048,0.0,0.0,1
-0.4158071416041383,1.0,0.19347569732348474,2.0,0.1818424463685555,1.0,0.0,0
-0.6007501542511922,1.0,1.1939222131636857,1.0,-0.8987099225695243,1.0,0.0,0
-0.8370662259668721,1.0,1.0325774887885442,1.0,1.6181322207183488,0.0,0.0,0
0.4472602507487797,0.0,0.7403174326161865,1.0,-0.10719419552846174,0.0,0.0,0
0.3136902971703519,0.0,-1.1991617531888707,1.0,-0.565206104996043,1.0,0.0,0
-0.3644340825355122,1.0,-1.1991617531888707,1.0,-0.7519682428371925,1.0,0.0,0
0.9301670059938647,0.0,0.49309549476674824,1.0,1.4269233653095528,1.0,0.0,1
0.4061618034938788,0.0,0.6571832851702597,1.0,0.47532580583321915,0.0,0.0,0
0.6527524870232839,0.0,-1.1991617531888707,3.0,0.6042806152949654,0.0,0.0,0
-0.5391024833688408,1.0,-1.1991617531888707,3.0,-1.6502051915017693,0.0,0.0,0
-0.3747086943492374,1.0,0.4991288675385973,2.0,0.9733581734096182,1.0,0.0,0
0.03627577819977113,0.0,0.15215367700327692,2.0,-0.3339767914784291,0.0,1.0,0
-0.48772942430021476,0.0,-1.1991617531888707,2.0,-1.2722341982518235,1.0,0.0,0
-0.34388485890806175,0.0,-1.1991617531888707,2.0,-1.2677874806841771,1.0,0.0,0
0.6527524870232839,0.0,1.1929215717861033,2.0,-1.6502051915017693,0.0,1.0,0
0.2417680144742754,1.0,0.9009698472152592,1.0,-0.2139154171519758,0.0,1.0,1
-0.004822669055129724,0.0,1.0733173177617952,1.0,1.6670461139624595,0.0,1.0,0
-0.24113874077080963,0.0,0.41081372779891795,1.0,-0.9387303806783421,0.0,0.0,0
1.567192938444828,0.0,1.081872242968381,2.0,-1.2500006104135915,0.0,1.0,0
0.7863224406017117,0.0,-0.20527127367898496,1.0,0.6709813788096616,0.0,0.0,0
0.4575348625625049,0.0,-0.40898143038815093,1.0,-1.3167013739282878,1.0,0.0,0
-0.5596517069962913,0.0,0.3878396720557222,2.0,1.1868006166566463,0.0,1.0,0
0.16984573177819892,0.0,-1.1991617531888707,2.0,1.4269233653095528,1.0,0.0,0
-0.8576154495943225,0.0,0.871554342144795,1.0,1.2446079450360497,0.0,1.0,0
0.3445141326115275,1.0,0.06582609511310458,1.0,-0.5429725171578108,0.0,0.0,0
-1.3918952639080335,1.0,-1.1991617531888707,2.0,-1.4412094658223875,1.0,0.0,0
-1.0836569094962771,1.0,0.6322207140259996,1.0,1.5647716099065918,0.0,1.0,1
-0.9089885086629486,0.0,0.599570121018539,1.0,-1.5879511455547193,0.0,1.0,0
-0.5082786479276652,0.0,1.064795268492017,2.0,0.8577435166508112,0.0,1.0,0
0.03627577819977113,1.0,-1.1991617531888707,2.0,-0.13387450093434025,0.0,0.0,0
-0.08701956356493143,0.0,-1.1991617531888707,2.0,-1.4100824428488625,1.0,0.0,0
-0.045921116310030576,0.0,1.498314128385651,2.0,-0.05828030228435113,0.0,1.0,0
-0.08701956356493143,1.0,0.8478286084289657,1.0,-1.4501029009576802,0.0,1.0,1
0.2417680144742754,1.0,0.06391801404286983,1.0,0.5064528288067441,1.0,0.0,0
-0.5185532597413904,1.0,0.21286547799505118,2.0,1.204587486927232,0.0,1.0,0
1.0637369595722925,0.0,0.37419025337941136,2.0,0.7065551193508329,0.0,1.0,0
0.3958871916801536,1.0,-1.1991617531888707,2.0,-0.5696528225636893,1.0,0.0,0
-1.1042061331237276,0.0,-1.1991617531888707,2.0,0.4219651950214621,1.0,0.0,0
0.8787939469252386,1.0,-1.1991617531888707,2.0,0.2529899274508982,1.0,0.0,0
1.0226385123173916,0.0,1.219173007326752,1.0,-1.0187712968959777,1.0,0.0,0
-1.371346040280583,0.0,-1.1991617531888707,2.0,0.8844238220566897,0.0,0.0,0
0.026001166386045917,0.0,-1.1991617531888707,2.0,-0.9965377090577455,1.0,0.0,0
1.8857059046703095,0.0,-1.1991617531888707,2.0,0.4575389355626335,0.0,0.0,0
-1.946724301849195,1.0,-1.1991617531888707,1.0,0.4619856531302799,1.0,0.0,0
-0.6007501542511922,0.0,1.2995827609996793,1.0,-1.023218014463624,0.0,1.0,0
-0.9911854031727503,1.0,0.5364802407337262,1.0,-0.8497960293254138,0.0,1.0,1
1.4541722084938506,1.0,0.5180759402067483,1.0,-0.4273578603990039,0.0,1.0,1
0.7760478287879865,1.0,-1.1991617531888707,1.0,-1.4367627482547412,1.0,0.0,1
-0.5596517069962913,0.0,-1.1991617531888707,1.0,1.1378867234125356,1.0,0.0,0
1.0534623477585674,1.0,-1.1991617531888707,2.0,1.0133786315184359,1.0,0.0,0
-0.15894184626100794,1.0,0.37574675343611924,2.0,-0.2139154171519758,0.0,0.0,0
-0.9500869559178494,0.0,0.4765571430414753,1.0,0.16850229366561625,1.0,0.0,0
0.48835869800368054,0.0,0.9658420501324225,2.0,1.3202021436860387,1.0,0.0,0
0.1492965081507485,1.0,1.360530279266524,1.0,0.24409649231560537,1.0,0.0,0
1.084286183199743,1.0,-1.1991617531888707,1.0,-0.6585871739166177,1.0,0.0,0
0.6013794279546579,0.0,0.7625056577145319,1.0,-1.5657175577164872,0.0,1.0,1
-0.3233356352806113,1.0,-0.30359091209137057,2.0,1.6270256558536418,0.0,1.0,0
-0.8370662259668721,0.0,1.5691110219728877,2.0,-1.5612708401488409,0.0,1.0,0
-0.2616879643982601,1.0,0.789672991319924,2.0,-0.41401770769606466,1.0,0.0,1
-0.25141335258453484,1.0,0.5287299780192889,1.0,-0.6630338914842642,0.0,0.0,0
-0.7240454960158946,0.0,0.7109750206479447,1.0,0.8799771044890433,0.0,1.0,0
-0.48772942430021476,0.0,-1.1991617531888707,1.0,-0.05828030228435113,1.0,0.0,0
-1.22750147488843,0.0,0.6983774723575421,2.0,-1.1432793887900774,0.0,0.0,0
1.238405360405621,1.0,1.0953403652164728,1.0,0.08401465988033428,1.0,0.0,0
-0.08701956356493143,0.0,0.8033388479646385,1.0,-0.6185667158078,1.0,0.0,0
-2.1624911499374244,0.0,-1.1991617531888707,2.0,-1.5390372523106086,1.0,0.0,0
-0.6212993778786425,0.0,0.799976246078569,1.0,1.088972830168425,0.0,0.0,0
0.4986333098174057,0.0,0.07649497497478645,1.0,1.1912473342242926,0.0,0.0,0
-0.9706361795452998,0.0,1.2724716037523267,2.0,-0.23170228742256146,1.0,0.0,0
1.8035090101605078,1.0,-1.1991617531888707,2.0,-1.1744064117636024,1.0,0.0,0
0.21094417903309975,1.0,-1.1991617531888707,2.0,-0.43625129553429676,1.0,0.0,0
0.94044161780759,0.0,1.2776438184901358,1.0,1.1378867234125356,0.0,1.0,1
0.10819806089584763,0.0,0.3984809425141628,1.0,0.24409649231560537,1.0,0.0,0
-0.5391024833688408,1.0,0.2113086587544907,3.0,0.622067485565551,0.0,1.0,1
-0.8987138968492233,1.0,-1.1991617531888707,2.0,-1.2010867171694808,1.0,0.0,0
-1.412444487535484,1.0,-1.1991617531888707,2.0,-1.3567218320371055,1.0,0.0,0
0.2520426262880006,1.0,-1.1991617531888707,2.0,-1.0632384725724418,1.0,0.0,0
0.6116540397683831,1.0,1.181240081152371,2.0,-0.8853697698665851,0.0,1.0,1
1.721312115650706,1.0,0.9599641198967402,2.0,0.5331331342126227,0.0,1.0,0
-1.1144807449374527,1.0,-1.1991617531888707,2.0,0.6887682490802473,1.0,0.0,0
0.8274208878566126,0.0,-1.1991617531888707,2.0,-1.5790577104194266,1.0,0.0,0
0.3753379680527032,1.0,0.0861686395843784,1.0,-1.4767832063635589,1.0,0.0,1
-0.03564650449630537,0.0,-1.1991617531888707,2.0,-0.22725556985491505,1.0,0.0,0
-0.015097280868854937,1.0,0.5688499519509882,1.0,0.7198952720537722,0.0,0.0,0
0.5500063688860318,0.0,1.165945110124505,2.0,1.1779071815213533,1.0,0.0,0
0.3136902971703519,0.0,-0.0312785699647463,2.0,-1.6190781685282443,0.0,1.0,0
-0.6521232133198182,0.0,1.1654092004361607,1.0,-0.6763740441872034,1.0,0.0,0
-0.8370662259668721,1.0,-1.1991617531888707,2.0,-0.06272701985199755,1.0,0.0,0
1.032913124131117,1.0,1.7311640153167227,2.0,-0.1916818293137437,1.0,0.0,0
-0.8370662259668721,0.0,-1.1991617531888707,2.0,-1.6946723671782333,0.0,0.0,0
-0.8987138968492233,0.0,0.24878052385393784,1.0,-0.03159999687847261,1.0,0.0,0
0.3445141326115275,0.0,0.9490074957920311,1.0,-1.1744064117636024,1.0,0.0,0
1.0534623477585674,0.0,0.7400925675921016,1.0,-1.330041526631227,1.0,0.0,0
-1.1042061331237276,1.0,-1.1991617531888707,2.0,-1.6457584739341227,1.0,0.0,0
1.043187735944842,0.0,0.13934099879629047,1.0,-1.63686503879883,0.0,0.0,0
-0.45690558885903915,0.0,-1.1991617531888707,2.0,-0.4229111428313575,1.0,0.0,0
-0.8781646732217729,0.0,0.8814112182857211,2.0,1.1289932882772429,0.0,1.0,0
-1.5357398293001865,0.0,0.6302601272120286,1.0,-0.694160914457789,1.0,0.0,0
-0.2616879643982601,1.0,0.8730637625832595,1.0,0.039547484203870095,0.0,1.0,0
-0.5699263188100164,0.0,1.205661795258573,1.0,-0.5607593874283965,1.0,0.0,0
-0.03564650449630537,0.0,0.34953681179629564,1.0,-0.04494014958141187,1.0,0.0,0
-1.412444487535484,1.0,0.5106269870490694,2.0,-0.13387450093434025,0.0,0.0,0
1.0123639005036664,0.0,0.5567123475920357,1.0,0.12403511798915205,0.0,1.0,1
0.3136902971703519,1.0,-0.08824474844745289,1.0,-0.9387303806783421,1.0,0.0,0
0.7554986051605361,0.0,-1.1991617531888707,2.0,-1.2944677860900557,1.0,0.0,0
1.567192938444828,1.0,1.2212017398932309,2.0,-1.2677874806841771,1.0,0.0,0
1.2589545840330716,0.0,-1.1991617531888707,1.0,0.6309609207008439,1.0,0.0,0
0.30341568535662666,1.0,-1.1991617531888707,1.0,1.3780094720654423,0.0,0.0,0
0.28286646172917623,0.0,0.5425785674195586,1.0,-0.7697551131077782,1.0,0.0,0
1.0226385123173916,1.0,-1.1991617531888707,2.0,-1.045451602301856,0.0,0.0,0
-0.4260817534178635,0.0,-1.1991617531888707,2.0,0.9377844328684468,1.0,0.0,0
-0.6521232133198182,1.0,0.9550218771246564,1.0,-1.2989145036577021,0.0,1.0,1
-0.693221660574719,1.0,0.31302840315561453,2.0,-1.1121523658165524,0.0,1.0,0
-0.16921645807473315,0.0,-1.1991617531888707,2.0,-1.3611685496047519,1.0,0.0,0
-1.1966776394472545,1.0,-1.1991617531888707,1.0,1.4002430599036744,1.0,0.0,1
0.35478874442525277,0.0,0.5850450214428992,2.0,-0.8453493117577673,0.0,1.0,0
-0.39525791797668786,1.0,0.005717551602552156,1.0,-1.627971603663537,1.0,0.0,0
2.0398250818761876,1.0,-1.1991617531888707,2.0,0.05288763690680935,1.0,0.0,1
-1.8439781837119429,1.0,-1.1991617531888707,2.0,-0.10274747796081532,0.0,0.0,0
0.41643641530760406,0.0,-1.1991617531888707,1.0,0.813276340974347,1.0,0.0,0
-0.3849833061629626,0.0,0.7852026618737591,1.0,0.021760613933284417,1.0,0.0,0
-0.33361024709433656,0.0,0.9310088779415785,1.0,0.568706874753794,0.0,0.0,0
0.2931410735429015,0.0,-1.1991617531888707,2.0,0.4931126761038048,1.0,0.0,0
1.0020892886899413,1.0,0.25267552440597474,1.0,0.6131740504302582,0.0,1.0,0
0.6219286515821083,1.0,0.6185890100535023,1.0,-0.7564149604048389,1.0,0.0,0
-0.14866723444728272,0.0,0.8202283019276596,1.0,1.0711859598978393,0.0,0.0,0
0.9712654532487656,1.0,-1.1991617531888707,2.0,1.2134809220625247,0.0,0.0,0
0.28286646172917623,0.0,0.43407313390624747,1.0,1.1245465707095963,1.0,0.0,0
-0.5185532597413904,0.0,1.0104846996620962,2.0,1.555878174771299,0.0,1.0,0
0.6322032633958335,0.0,0.9197029071103103,2.0,-1.1032589306812597,0.0,1.0,0
-0.8165170023394216,0.0,-1.1991617531888707,2.0,-0.7030543495930819,1.0,0.0,0
0.12874728452329806,1.0,0.3451939962992037,1.0,1.0934195477360715,0.0,0.0,0
-0.18976568170218358,0.0,0.1273133532745234,1.0,0.6042806152949654,1.0,0.0,0
1.228130748591896,0.0,-1.1991617531888707,2.0,-0.04049343201376545,0.0,0.0,0
0.7246747697193604,1.0,-1.1991617531888707,2.0,-1.1343859536547847,1.0,0.0,0
0.03627577819977113,0.0,0.3849970206653722,1.0,1.35577588422721,1.0,0.0,0
2.050099693689913,0.0,0.8542102107838903,1.0,1.6359190909889345,1.0,0.0,1
-0.46718020067276433,0.0,0.85684906328442,1.0,1.2134809220625247,1.0,0.0,0
-0.18976568170218358,0.0,-1.1991617531888707,2.0,1.6625993963948131,0.0,0.0,0
1.2178561367781706,1.0,-1.1991617531888707,1.0,0.866636951786104,1.0,0.0,0
0.6219286515821083,0.0,0.9308760974589391,2.0,-1.5079102293370839,0.0,1.0,0
1.423348373052675,0.0,-1.1991617531888707,1.0,-1.5434839698782552,1.0,0.0,1
0.35478874442525277,0.0,-1.1991617531888707,2.0,-0.2806161806666721,1.0,0.0,0
0.9198923941801395,1.0,0.5411020229179017,1.0,1.249054662603696,0.0,1.0,1
0.7246747697193604,1.0,-1.1991617531888707,2.0,-0.32063663877548987,0.0,0.0,0
0.6219286515821083,0.0,-1.1991617531888707,1.0,-1.5479306874459016,1.0,0.0,0
0.20066956721937454,0.0,0.9305340919609874,1.0,-1.2855743509547628,0.0,0.0,0
0.8582447232977882,1.0,0.2710989759641023,2.0,1.182353899089,0.0,0.0,0
1.238405360405621,0.0,0.0374713975764187,1.0,1.386902907200735,0.0,1.0,0
-0.6829470487609939,1.0,0.6253135754579364,2.0,1.1067597004390106,1.0,0.0,0
0.04655039001349635,0.0,0.684475419661979,1.0,-0.1472146536372795,0.0,1.0,1
-0.07674495175120621,1.0,-0.4786930988768933,1.0,-0.694160914457789,1.0,0.0,1
1.5363691030036524,1.0,-1.1991617531888707,2.0,-0.6007798455372143,0.0,0.0,0
-0.1383926226335575,0.0,1.236319883066813,1.0,1.6848329842330452,1.0,0.0,0
0.6733017106507344,1.0,-1.1991617531888707,2.0,0.21741618690972686,1.0,0.0,0
1.6596644447683548,1.0,-1.1991617531888707,3.0,0.9155508450302147,0.0,0.0,1
1.0226385123173916,1.0,0.7379036047316683,2.0,0.8755303869213968,1.0,0.0,1
-1.4432683229766596,0.0,0.449818313758062,1.0,-1.6101847333929513,1.0,0.0,0
1.1459338540820942,1.0,0.7055629392449837,3.0,-1.5701642752841336,0.0,0.0,1
-0.5391024833688408,0.0,1.6781823684566781,2.0,0.25743664501854463,0.0,1.0,0
-0.6212993778786425,1.0,1.0260662977895054,1.0,0.9333377153008003,0.0,0.0,0
0.41643641530760406,0.0,0.9812340530514476,1.0,-0.24948915769314714,1.0,0.0,0
0.2417680144742754,1.0,0.4089286279660631,1.0,-0.9298369455430493,0.0,1.0,0
-1.2377760867021554,0.0,0.001644286868895245,1.0,-1.4812299239312052,0.0,1.0,0
1.032913124131117,1.0,-1.1991617531888707,2.0,0.11958840042150563,1.0,0.0,0
2.050099693689913,0.0,1.0517229342210235,1.0,0.039547484203870095,0.0,0.0,0
-1.7823305128295917,0.0,0.11841993359236351,2.0,0.24409649231560537,1.0,0.0,1
0.11847267270957285,0.0,-1.1991617531888707,2.0,-0.013813126607886937,0.0,0.0,0
-1.3302475930256823,1.0,0.8427941215235102,1.0,-0.04494014958141187,0.0,1.0,0
1.4541722084938506,1.0,-1.1991617531888707,2.0,-0.3739972495872469,1.0,0.0,0
0.6116540397683831,1.0,-1.1991617531888707,1.0,-1.0365581671665633,1.0,0.0,0
2.050099693689913,1.0,0.8317857896346964,1.0,-1.0054311441930384,0.0,1.0,1
1.4644468203075758,0.0,-1.1991617531888707,2.0,0.3730513017773515,0.0,0.0,0
1.8857059046703095,0.0,1.081127427448576,1.0,-1.2366604577106521,1.0,0.0,1
0.2931410735429015,1.0,-1.1991617531888707,2.0,-1.3922955725782769,0.0,0.0,0
0.07737422545467199,0.0,0.4425752341852444,1.0,0.9111041274625682,1.0,0.0,1
-0.7034962723884443,0.0,-0.07644085080628739,2.0,-0.8320091590548281,0.0,1.0,0
0.6835763224644595,0.0,0.8711057292401089,1.0,-0.09385404282552248,1.0,0.0,0
-2.2652372680746766,0.0,-1.1991617531888707,2.0,-0.1472146536372795,1.0,0.0,0
2.050099693689913,0.0,0.7865765887668382,1.0,1.5291978693654205,0.0,1.0,1
1.4849960439350263,0.0,1.0234052620112273,2.0,-0.45403816580488243,0.0,1.0,0
0.30341568535662666,0.0,0.530708598720926,1.0,-0.8053288536489496,1.0,0.0,0
2.050099693689913,0.0,0.08226534025217673,1.0,0.012867178797991577,1.0,0.0,0
-1.741232065574691,1.0,-1.1991617531888707,1.0,1.5425380220683598,1.0,0.0,0
0.8993431705526891,0.0,-1.1991617531888707,2.0,1.1112064180066572,0.0,0.0,0
-2.2549626562609517,0.0,1.3699951976365823,1.0,1.409136495038967,1.0,0.0,0
-0.9706361795452998,0.0,0.8102577963352441,1.0,-1.4501029009576802,1.0,0.0,0
-0.9089885086629486,0.0,0.2746371289690461,1.0,1.2001407693595856,1.0,0.0,0
1.2486799722193465,0.0,-1.1991617531888707,2.0,1.173460463953707,1.0,0.0,0
1.6904882802095305,1.0,0.9579093738462825,1.0,0.7910427531361149,0.0,1.0,0
-0.4158071416041383,1.0,1.0409335624550236,2.0,1.4358168004448457,0.0,0.0,0
-0.5596517069962913,0.0,2.159180305185212,2.0,1.289075120712514,1.0,0.0,1
0.3239649089840771,1.0,-1.1991617531888707,2.0,1.1912473342242926,1.0,0.0,0
-1.7823305128295917,0.0,0.8635638935813529,2.0,1.2401612274684033,0.0,1.0,0
-0.7137708842021695,1.0,1.341600921302186,1.0,0.7110018369184794,0.0,0.0,1
-1.1453045803786284,0.0,-0.058707155553408406,2.0,0.6398543558361367,0.0,0.0,0
-0.10756878719238186,0.0,-1.1991617531888707,2.0,0.9155508450302147,1.0,0.0,0
-1.4432683229766596,1.0,1.8596602526958543,1.0,-1.3745087023076912,1.0,0.0,1
-0.18976568170218358,1.0,1.2036707263866886,2.0,-0.4451447306695896,0.0,1.0,0
1.9884520228075617,0.0,0.609783046746927,1.0,-1.245553892845945,1.0,0.0,1
1.2589545840330716,1.0,-1.1991617531888707,2.0,-0.27172274553137926,0.0,0.0,0
-1.073382297682552,0.0,1.020291304346254,1.0,-0.6897141968901427,0.0,0.0,0
0.2931410735429015,1.0,0.03566274227623709,2.0,0.5064528288067441,0.0,1.0,0
-1.5871128883688126,0.0,-1.1991617531888707,2.0,-0.9965377090577455,0.0,0.0,0
0.48835869800368054,1.0,1.452905278018055,2.0,-1.4723364887959125,1.0,0.0,0
0.6219286515821083,0.0,0.8550860512751457,1.0,1.1378867234125356,0.0,0.0,0
0.3856125798664284,1.0,-1.1991617531888707,2.0,0.6487477909714295,0.0,0.0,0
-1.176128415819804,1.0,-1.1991617531888707,1.0,1.471390540986017,0.0,0.0,0
1.043187735944842,0.0,0.10188557166524699,1.0,-0.9031566401371708,0.0,1.0,0
0.9301670059938647,1.0,-1.1991617531888707,2.0,1.3068619909830996,1.0,0.0,0
1.4336229848664002,1.0,1.2153070525052927,1.0,0.8177230585419935,1.0,0.0,0
1.0534623477585674,0.0,-1.1991617531888707,1.0,0.1818424463685555,1.0,0.0,1
1.4130737612389497,1.0,-1.1991617531888707,2.0,1.6714928315301059,1.0,0.0,0
0.4369856389350545,0.0,0.6608277263980853,2.0,-1.6502051915017693,0.0,1.0,1
-1.022009238613926,0.0,0.1141811720311863,2.0,0.6309609207008439,0.0,1.0,0
-0.5904755424374669,0.0,0.017358027111238673,1.0,0.008420461230345158,0.0,0.0,0
1.7932343983467827,0.0,0.6848335439444819,1.0,0.9600180207066789,0.0,1.0,0
-0.03564650449630537,1.0,-1.1991617531888707,1.0,-0.2139154171519758,1.0,0.0,0
1.526094491189927,1.0,-1.1991617531888707,2.0,1.2535013801713426,1.0,0.0,0
-0.8884392850354981,1.0,0.6482984834521173,1.0,0.8266164936772863,0.0,1.0,1
0.0876488372683972,0.0,0.9303773726894106,1.0,-1.1655129766283094,1.0,0.0,0
-0.045921116310030576,0.0,-1.1991617531888707,1.0,-1.138832671222431,0.0,0.0,1
-0.3644340825355122,1.0,1.0882782628880217,2.0,-1.6768854969076477,0.0,0.0,0
0.26231723810172586,1.0,-1.1991617531888707,2.0,-0.2984030509372578,0.0,0.0,0
-1.946724301849195,1.0,-1.1991617531888707,2.0,-1.57461099285178,1.0,0.0,0
0.7657732169742613,0.0,0.4629827325705017,1.0,-0.8542427468930601,0.0,1.0,0
-1.6590351710648892,0.0,-1.1991617531888707,2.0,-0.534079082022518,0.0,0.0,0
-0.5391024833688408,0.0,0.2486804597161798,2.0,0.40862504231852287,0.0,0.0,0
-1.1555791921923537,1.0,-1.1991617531888707,2.0,-0.4940586239137002,0.0,0.0,0
-0.6315739896923678,0.0,0.15970732246457528,2.0,0.8888705396243362,1.0,0.0,1
0.04655039001349635,1.0,-1.1991617531888707,2.0,1.6581526788271668,0.0,0.0,0
0.16984573177819892,0.0,-1.1991617531888707,1.0,1.3290955788213317,1.0,0.0,0
-0.693221660574719,0.0,1.194648835203898,2.0,-0.29395633336961136,0.0,1.0,0
-0.8267916141531468,1.0,1.6124253879003896,1.0,-0.2984030509372578,1.0,0.0,1
1.4336229848664002,0.0,-1.1991617531888707,1.0,0.5509200044832083,0.0,0.0,0
0.09792344908212242,1.0,1.6817963276265904,1.0,1.6981731369359845,0.0,1.0,0
-1.3405222048394074,0.0,1.2952214328391427,2.0,-0.5740995401313358,1.0,0.0,0
1.1151100186409186,0.0,-1.1991617531888707,2.0,0.3508177139391194,1.0,0.0,0
-1.5357398293001865,0.0,1.0678586355163697,2.0,-1.5790577104194266,1.0,0.0,0
-1.7104082301335153,1.0,0.93726679655366,1.0,-0.8497960293254138,0.0,0.0,0
-0.15894184626100794,1.0,-0.005209228811948156,1.0,0.09290809501562712,1.0,0.0,0
1.1459338540820942,0.0,0.8823762706637498,1.0,1.12009985314195,1.0,0.0,0
2.050099693689913,1.0,1.498354026367213,1.0,-0.5073987766166395,0.0,1.0,0
0.6938509342781848,0.0,0.6189484110714155,2.0,-0.45848488337252885,0.0,0.0,0
-0.2719625762119853,0.0,-0.007298925494254523,2.0,-1.2900210685224092,1.0,0.0,0
0.19039495540564932,1.0,-1.1991617531888707,2.0,0.8621902342184576,1.0,0.0,0
-1.0425584622413764,0.0,2.0567912322453994,2.0,1.182353899089,0.0,1.0,0
-0.7445947196433451,1.0,0.6066279143649813,2.0,-0.46293160094017527,0.0,1.0,1
2.009001246435012,1.0,0.8293149874325072,1.0,-1.4056357252812162,1.0,0.0,0
1.0637369595722925,1.0,-1.1991617531888707,2.0,-1.330041526631227,0.0,0.0,0
0.5911048161409327,1.0,1.1173373991871711,1.0,1.142333440980182,0.0,1.0,1
-0.46718020067276433,1.0,-1.1991617531888707,2.0,-0.6141199982401535,1.0,0.0,0
0.42671102712132924,0.0,1.4102485904186255,1.0,0.30635053826265524,1.0,0.0,0
1.3925245376114994,0.0,-1.1991617531888707,2.0,-1.245553892845945,0.0,0.0,0
-0.46718020067276433,0.0,0.4816241866998857,2.0,0.8532967990831648,0.0,0.0,0
-0.45690558885903915,0.0,0.11545982254429439,1.0,0.11514168285385921,1.0,0.0,1
-0.9706361795452998,1.0,-1.1991617531888707,2.0,1.5291978693654205,1.0,0.0,0
-0.39525791797668786,1.0,-1.1991617531888707,1.0,0.675428096377308,1.0,0.0,1
-0.9089885086629486,0.0,-1.1991617531888707,1.0,-0.4184644252637111,1.0,0.0,0
-0.8678900614080477,0.0,0.5246030903984122,1.0,-0.43180457796665034,1.0,0.0,0
-0.9911854031727503,1.0,0.48775538932252555,1.0,1.7470870301800951,0.0,1.0,1
1.1562084658958194,1.0,-1.1991617531888707,2.0,0.8577435166508112,0.0,0.0,0
0.7452239933468109,0.0,-1.1991617531888707,2.0,-0.8764763347312923,1.0,0.0,0
0.7349493815330856,0.0,-1.1991617531888707,2.0,1.066739242330193,1.0,0.0,0
0.8376954996703379,1.0,0.6982212318617442,2.0,-1.690225649610587,0.0,1.0,0
-0.10756878719238186,1.0,0.6770812065350035,2.0,-0.6363535860783857,1.0,0.0,0
0.10819806089584763,1.0,-1.1991617531888707,2.0,-1.7169059550164654,1.0,0.0,0
-0.5699263188100164,0.0,0.20472724730790215,2.0,-1.107705648248906,0.0,1.0,0
-0.1383926226335575,0.0,0.8586203740738594,1.0,-1.3433816793341662,1.0,0.0,0
-1.70013361831979,1.0,0.6067361176909782,1.0,0.7021084017831866,0.0,0.0,0
-0.4363563652315887,0.0,0.3437683616220203,1.0,1.6981731369359845,0.0,1.0,0
-0.10756878719238186,0.0,-1.1991617531888707,2.0,0.021760613933284417,1.0,0.0,0
-0.34388485890806175,1.0,0.9919586304953903,2.0,-0.03604671444611903,1.0,0.0,0
0.796597052415437,1.0,0.8098604124388836,2.0,-1.4812299239312052,0.0,1.0,1
0.8068716642291621,0.0,0.6133973251006913,2.0,1.7293001599095095,0.0,1.0,0
1.2897784194742472,1.0,1.6443041943525094,2.0,1.6492592436918738,1.0,0.0,0
-0.45690558885903915,1.0,-1.1991617531888707,2.0,0.9244442801655075,1.0,0.0,0
1.0534623477585674,1.0,0.11673687713814014,2.0,1.3824561896330887,0.0,1.0,0
0.6630270988370092,1.0,0.43310488968969396,1.0,-1.192193282034188,0.0,1.0,1
0.6322032633958335,0.0,0.5732822985187057,2.0,-1.161066259060663,0.0,0.0,0
-0.34388485890806175,0.0,0.9075437578413138,1.0,-1.4278693131194482,1.0,0.0,0
-0.7959677787119712,0.0,-1.1991617531888707,2.0,0.2752235152891303,0.0,0.0,0
1.4849960439350263,0.0,-1.1991617531888707,2.0,0.45309221799498706,0.0,0.0,0
0.5397317570723066,1.0,1.842128122045828,1.0,0.45309221799498706,1.0,0.0,0
-0.8267916141531468,1.0,-1.1991617531888707,2.0,1.6225789382859954,1.0,0.0,0
-0.5185532597413904,0.0,0.240659050319045,1.0,-1.0632384725724418,1.0,0.0,0
-0.2925117998394357,0.0,0.4966727477936228,1.0,0.23964977474795895,1.0,0.0,0
-1.0631076858688266,1.0,1.4746409004135577,1.0,0.2485432098832518,1.0,0.0,0
-1.8131543482707673,1.0,-1.1991617531888707,2.0,1.280181685577221,1.0,0.0,0
-0.004822669055129724,1.0,-1.1991617531888707,2.0,0.813276340974347,1.0,0.0,0
0.4678094743762301,1.0,0.8187598966142411,1.0,-1.5079102293370839,1.0,0.0,0
0.991814676876216,0.0,0.9677193299608908,3.0,1.5958986328801168,0.0,1.0,1
1.6288406093271792,0.0,0.5493012177208778,1.0,-0.5474192347254573,1.0,0.0,0
0.35478874442525277,0.0,0.355138807591493,2.0,0.3686045842097051,0.0,0.0,0
-0.6315739896923678,1.0,1.1132462601577742,2.0,1.0000384788154966,0.0,1.0,0
0.2931410735429015,0.0,-1.1991617531888707,2.0,0.42641191258910854,0.0,0.0,0
0.4061618034938788,0.0,-1.1991617531888707,1.0,-0.7430748077018997,1.0,0.0,1
-0.210314905329634,1.0,0.9630402542751926,1.0,-1.3211480914959342,0.0,0.0,1
0.1595711199644737,0.0,-0.16745261532379838,1.0,-0.11608763066375458,1.0,0.0,1
-1.0014600149864754,0.0,-1.1991617531888707,1.0,0.7732558828655293,0.0,0.0,0
1.279503807660522,0.0,-1.1991617531888707,2.0,-0.8497960293254138,1.0,0.0,0
-2.0597450318001727,0.0,-0.014395978454554039,2.0,-0.2628293103960864,0.0,0.0,0
0.2520426262880006,0.0,0.2503521851436396,2.0,0.24409649231560537,0.0,0.0,0
-0.7240454960158946,1.0,1.1211024919112413,2.0,0.12848183555679848,0.0,1.0,1
1.9370789637389356,1.0,0.007232398166509031,1.0,-0.48516518877840736,0.0,0.0,0
0.4780840861899553,0.0,0.5372849032258744,2.0,-1.1744064117636024,0.0,1.0,0
-1.5768382765550875,0.0,0.5572051674602929,2.0,0.6309609207008439,0.0,1.0,0
0.5705555925134822,1.0,1.6420936865820324,1.0,-1.4278693131194482,1.0,0.0,0
-1.556289052927637,1.0,0.8247455514001415,2.0,-0.9609639685165742,0.0,1.0,0
0.03627577819977113,1.0,-1.1991617531888707,2.0,0.030654049068577254,0.0,0.0,0
-1.1658538040060789,0.0,-1.1991617531888707,2.0,0.3152439733979481,1.0,0.0,0
-0.8370662259668721,1.0,-1.1991617531888707,3.0,-0.8675828995959994,0.0,0.0,1
-0.2925117998394357,1.0,0.5096411877206286,2.0,-1.3656152671723985,0.0,0.0,1
-0.693221660574719,0.0,-1.1991617531888707,2.0,-1.583504427987073,1.0,0.0,0
1.382249925797774,1.0,0.5116597064038277,1.0,-1.6413117563664763,0.0,1.0,0
1.8857059046703095,0.0,-1.1991617531888707,2.0,-0.2984030509372578,0.0,0.0,0
-0.693221660574719,1.0,-0.036765021205339456,2.0,-0.5385257995901644,0.0,1.0,0
-0.45690558885903915,0.0,-1.1991617531888707,1.0,-0.8364558766224744,0.0,0.0,1
-0.7034962723884443,0.0,1.1634845218055958,2.0,-1.3167013739282878,0.0,0.0,0
-0.2719625762119853,0.0,1.5840769144488274,2.0,1.5514314572036525,0.0,0.0,0
-2.522102563417807,0.0,0.9281933571786913,2.0,0.12403511798915205,0.0,1.0,0
1.2178561367781706,0.0,1.176306456344305,1.0,-1.3167013739282878,0.0,1.0,1
0.1801203435919241,0.0,1.2419290604986917,2.0,0.6087273328626117,0.0,1.0,0
0.05682500182722156,1.0,1.209160688649659,2.0,1.035612219356668,0.0,1.0,0
-1.566563664741362,0.0,0.5435938912543559,2.0,0.2485432098832518,0.0,1.0,0
-0.40553252979041304,1.0,-1.1991617531888707,2.0,-0.4673783185078217,1.0,0.0,0
-1.073382297682552,1.0,0.9208206889617595,1.0,-0.7386280901342532,0.0,1.0,0
0.94044161780759,0.0,0.9849654718790789,1.0,0.9644647382743253,0.0,1.0,0
-0.2925117998394357,0.0,1.6624027167487938,1.0,-0.9920909914900992,1.0,0.0,0
-0.8370662259668721,1.0,1.02759614599453,1.0,0.4397520652920478,0.0,0.0,0
-0.7137708842021695,0.0,0.8422377840686057,2.0,-0.45848488337252885,0.0,1.0,0
0.796597052415437,0.0,-1.1991617531888707,2.0,1.471390540986017,1.0,0.0,0
-2.275511879888402,0.0,-1.1991617531888707,2.0,0.7643624477302364,1.0,0.0,0
1.1767576895232699,0.0,0.4399872915091884,1.0,-0.04049343201376545,0.0,1.0,0
-0.4774548124864896,1.0,-1.1991617531888707,2.0,-0.6630338914842642,1.0,0.0,0
1.4849960439350263,1.0,0.3065711542276478,1.0,-0.8542427468930601,0.0,1.0,1
-0.045921116310030576,1.0,0.42275982184637173,1.0,0.14626870582738416,1.0,0.0,0
-0.3233356352806113,1.0,0.38323576416728666,2.0,-1.2677874806841771,0.0,1.0,0
-0.4466309770453139,0.0,0.4383950428610006,1.0,0.8621902342184576,0.0,1.0,0
-0.785693166898246,0.0,1.4158598425455458,1.0,0.3241374085332409,0.0,1.0,0
0.0876488372683972,0.0,0.9467843802593803,2.0,-0.8586894644607066,0.0,1.0,0
-1.3405222048394074,1.0,1.1184799177871887,2.0,0.7688091652978828,0.0,0.0,0
2.050099693689913,0.0,0.42948135500420703,1.0,-1.6190781685282443,1.0,0.0,0
-0.5596517069962913,0.0,-1.1991617531888707,2.0,1.333542296388978,0.0,0.0,0
-0.6829470487609939,0.0,-1.1991617531888707,2.0,-0.5162922117519323,1.0,0.0,0
1.2178561367781706,1.0,0.9373121206607147,1.0,1.249054662603696,1.0,0.0,0
-2.121392702682524,0.0,-1.1991617531888707,1.0,0.2796702328567767,1.0,0.0,1
0.7863224406017117,0.0,-1.1991617531888707,2.0,-1.4323160306870946,1.0,0.0,0
-0.5391024833688408,1.0,-1.1991617531888707,3.0,1.12009985314195,1.0,0.0,1
-0.4158071416041383,1.0,-1.1991617531888707,1.0,-0.07606717255493681,0.0,0.0,1
-0.2925117998394357,0.0,0.6483742896170855,1.0,-0.5474192347254573,0.0,1.0,1
1.957628187366386,0.0,-1.1991617531888707,2.0,-0.15166137120492593,1.0,0.0,0
-0.5288278715551156,0.0,0.7112528701915446,1.0,-1.5034635117694373,1.0,0.0,0
-0.33361024709433656,1.0,-1.1991617531888707,2.0,0.3730513017773515,1.0,0.0,0
0.05682500182722156,0.0,0.9540501218857255,1.0,-0.8231157239195352,1.0,0.0,0
-0.6007501542511922,0.0,0.34331065197753763,1.0,0.4619856531302799,1.0,0.0,0
0.6733017106507344,0.0,0.738474145868009,1.0,-0.969857403651867,0.0,1.0,1
0.7144001579056353,1.0,0.5694822551627873,1.0,1.6937264193683381,0.0,1.0,0
0.7144001579056353,0.0,-0.46898432404352647,2.0,0.008420461230345158,0.0,0.0,1
1.5363691030036524,1.0,-1.1991617531888707,2.0,-1.3122546563606414,1.0,0.0,0
-0.16921645807473315,1.0,-1.1991617531888707,4.0,0.021760613933284417,1.0,0.0,1
-0.4260817534178635,1.0,1.0618605325602217,1.0,-0.7386280901342532,1.0,0.0,0
0.48835869800368054,1.0,1.386129941380371,1.0,-0.4051242725607718,0.0,0.0,0
-0.8884392850354981,0.0,0.5458462121095099,1.0,-0.8186690063518888,0.0,1.0,0
-0.9295377322903989,1.0,-1.1991617531888707,2.0,-0.1916818293137437,1.0,0.0,0
0.28286646172917623,1.0,-1.1991617531888707,1.0,-1.7080125198811726,1.0,0.0,1
-0.16921645807473315,0.0,0.5792152879689442,2.0,-0.2139154171519758,0.0,1.0,0
1.4336229848664002,0.0,-0.464113897638255,2.0,-1.3078079387929948,0.0,0.0,0
-1.22750147488843,0.0,0.3375211356689972,1.0,-1.5968445806900122,1.0,0.0,0
-0.6007501542511922,1.0,-1.1991617531888707,2.0,0.9199975625978611,1.0,0.0,0
1.3103276431016977,1.0,-1.1991617531888707,1.0,0.22186290447737328,1.0,0.0,0
-0.6521232133198182,0.0,0.7196730998123758,1.0,0.5776003098890868,0.0,0.0,0
0.7246747697193604,0.0,0.5312007802214783,1.0,-1.5390372523106086,1.0,0.0,0
-0.693221660574719,1.0,-0.3305289120987428,1.0,0.1773957288009091,0.0,0.0,1
0.6424778752095588,1.0,1.1871419501769906,2.0,0.8532967990831648,0.0,1.0,0
0.6116540397683831,1.0,0.5628518489948403,2.0,1.7204067247742165,0.0,1.0,1
-0.7754185550845207,0.0,-1.1991617531888707,1.0,0.6398543558361367,0.0,0.0,0
0.5705555925134822,0.0,0.3087660219893523,1.0,1.3246488612536853,1.0,0.0,0
0.9301670059938647,0.0,-1.1991617531888707,2.0,-1.6546519090694156,0.0,0.0,0
-0.10756878719238186,1.0,-1.1991617531888707,1.0,0.75991573016259,0.0,0.0,0
0.2931410735429015,0.0,-1.1991617531888707,2.0,-1.192193282034188,0.0,0.0,0
0.796597052415437,0.0,0.6335189943460362,1.0,-0.25838259282844,1.0,0.0,0
0.7554986051605361,0.0,-1.1991617531888707,1.0,-1.6012912982576586,1.0,0.0,1
0.5705555925134822,1.0,0.8692452065638963,1.0,-0.3473169441813684,1.0,0.0,0
-0.4363563652315887,0.0,-1.1991617531888707,2.0,0.844403363947872,0.0,0.0,1
0.07737422545467199,0.0,-1.1991617531888707,1.0,1.1601203112507676,1.0,0.0,0
-0.2822371880257105,1.0,0.7723813657027553,2.0,-0.8809230522989386,0.0,0.0,0
-0.33361024709433656,0.0,-1.1991617531888707,1.0,-0.049386867149058294,1.0,0.0,1
0.6938509342781848,0.0,-1.1991617531888707,2.0,-0.3028497685049042,1.0,0.0,0
-1.073382297682552,0.0,1.4399031641946107,2.0,-0.7386280901342532,1.0,0.0,1
0.36506335623897795,0.0,-1.1991617531888707,3.0,-1.3834021374429841,1.0,0.0,1
-0.17949106988845837,0.0,0.8788253503047062,1.0,1.5603248923389454,1.0,0.0,0
-1.6384859474374387,0.0,0.4326838861882486,1.0,1.4002430599036744,0.0,1.0,0
-0.2925117998394357,0.0,0.39356184057138516,2.0,-0.6630338914842642,1.0,0.0,0
0.4061618034938788,1.0,0.564017508424164,1.0,-1.467889771228266,1.0,0.0,0
-1.2788745339570562,0.0,0.9081634532909395,2.0,0.813276340974347,0.0,0.0,0
-0.07674495175120621,1.0,1.4811763493853864,1.0,1.333542296388978,1.0,0.0,0
0.6527524870232839,1.0,1.6746933697650195,1.0,0.2040760342067876,0.0,1.0,0
-0.05619572812375579,1.0,-0.6478064390379906,1.0,-0.11164091309610816,1.0,0.0,0
-1.0836569094962771,1.0,-1.1991617531888707,1.0,-0.2850628982343185,0.0,0.0,1
0.19039495540564932,0.0,2.008789811035886,1.0,-1.1566195414930167,1.0,0.0,1
0.991814676876216,1.0,-1.1991617531888707,1.0,1.4358168004448457,1.0,0.0,1
-1.4638175466041101,1.0,-1.1991617531888707,2.0,-0.1472146536372795,1.0,0.0,0
-0.5185532597413904,1.0,-1.1991617531888707,2.0,1.3513291666595637,1.0,0.0,0
-1.1453045803786284,1.0,0.26305809635196536,1.0,0.47977252340086557,0.0,1.0,0
0.3136902971703519,0.0,-1.1991617531888707,2.0,0.6042806152949654,1.0,0.0,0
-0.6623978251335434,0.0,0.9146371401873097,1.0,-0.8142222887842424,0.0,0.0,0
0.6424778752095588,1.0,1.1086367665519203,1.0,0.22186290447737328,0.0,1.0,1
-2.2446880444472264,1.0,-0.20426871719828782,2.0,-0.3739972495872469,1.0,0.0,0
-0.45690558885903915,0.0,1.3794007478100754,1.0,1.2757349680095746,0.0,0.0,0
0.015726554572320705,0.0,1.3452766425475566,1.0,1.1112064180066572,0.0,1.0,0
-1.1144807449374527,0.0,0.5348672451351261,1.0,-0.3739972495872469,0.0,0.0,0
1.4130737612389497,1.0,0.2964814334663242,1.0,0.39973160718323003,0.0,1.0,1
0.8274208878566126,1.0,-1.1991617531888707,2.0,0.26188336258619105,0.0,0.0,0
0.03627577819977113,1.0,-1.1991617531888707,1.0,-1.6457584739341227,1.0,0.0,0
-0.5391024833688408,0.0,0.6873811098631971,2.0,0.07067450717739503,0.0,1.0,1
0.05682500182722156,0.0,0.6940319437977042,2.0,-0.1916818293137437,0.0,1.0,0
-0.4158071416041383,0.0,-1.1991617531888707,3.0,0.37749801934499794,0.0,0.0,0
1.187032301336995,1.0,0.3593006458442185,1.0,1.2312677923331103,0.0,1.0,0
1.3514260903565984,1.0,-1.1991617531888707,1.0,1.6625993963948131,1.0,0.0,0
0.3958871916801536,0.0,1.3079441011997248,1.0,0.28411695042442314,0.0,1.0,0
0.7863224406017117,0.0,-1.1991617531888707,2.0,0.7198952720537722,1.0,0.0,0
-1.987822749104096,0.0,0.9444806708039742,2.0,-1.6413117563664763,1.0,0.0,0
0.005451942758595491,0.0,0.5574300324843782,1.0,0.3686045842097051,0.0,1.0,1
-0.025371892682580152,1.0,-1.1991617531888707,2.0,-0.18278839417845086,1.0,0.0,0
1.2178561367781706,1.0,1.1773809887837403,2.0,0.6976616842155401,0.0,1.0,0
1.6904882802095305,1.0,-1.1991617531888707,3.0,0.3863914544802908,0.0,0.0,1
0.4575348625625049,0.0,1.345667642766867,1.0,-1.0943654955459667,1.0,0.0,0
1.382249925797774,1.0,0.7876464930404123,2.0,1.035612219356668,0.0,1.0,1
1.854882069229134,0.0,0.5739201874479236,1.0,-0.20502198201668295,0.0,1.0,1
0.1492965081507485,0.0,-1.1991617531888707,1.0,-1.3211480914959342,0.0,0.0,0
0.6630270988370092,1.0,0.4742743401284076,2.0,-0.1472146536372795,0.0,1.0,0
0.36506335623897795,1.0,0.582555706577265,1.0,0.8577435166508112,0.0,1.0,0
-0.4158071416041383,1.0,0.8843828199524802,3.0,0.9555713031390325,0.0,0.0,1
1.279503807660522,0.0,-1.1991617531888707,2.0,1.364669319362503,0.0,0.0,0
-1.1453045803786284,0.0,-1.1991617531888707,3.0,1.0445056544919609,0.0,0.0,0
0.8685193351115135,0.0,0.4474537997787546,1.0,0.45309221799498706,0.0,0.0,0
0.3856125798664284,1.0,1.285392804469163,1.0,1.6803862666653988,0.0,0.0,0
-1.2480506985158806,0.0,0.3292975233013051,1.0,0.05733435447445577,0.0,0.0,0
0.7554986051605361,0.0,-1.1991617531888707,2.0,1.386902907200735,0.0,0.0,0
-1.5151906056727362,0.0,-1.1991617531888707,2.0,1.0533990896272536,0.0,0.0,0
-0.5082786479276652,1.0,-1.1991617531888707,1.0,1.6937264193683381,1.0,0.0,0
0.2931410735429015,0.0,-0.014031630086927208,1.0,-0.7564149604048389,1.0,0.0,0
0.21094417903309975,1.0,-1.1991617531888707,2.0,1.4447102355801384,0.0,0.0,0
0.0876488372683972,0.0,0.6746325876105629,1.0,0.928890997733154,0.0,1.0,1
1.043187735944842,0.0,1.7230029629841201,1.0,1.0089319139507895,0.0,1.0,0
-0.2925117998394357,1.0,0.3756233888771287,1.0,1.7293001599095095,0.0,1.0,1
-1.4946413820452857,1.0,1.3521370206812287,2.0,-0.8231157239195352,0.0,1.0,0
-0.1281180108198323,0.0,0.9841919298125492,2.0,1.5114109990948348,0.0,0.0,0
1.043187735944842,0.0,-1.1991617531888707,2.0,-0.8764763347312923,1.0,0.0,0
0.9815400650624908,1.0,0.5223266711623944,2.0,-0.6541404563489713,0.0,1.0,0
1.3000530312879723,1.0,1.1553269804953707,1.0,-0.48071847121076094,1.0,0.0,0
-0.8370662259668721,1.0,1.1201945734428096,1.0,-1.0098778617606847,0.0,1.0,0
-2.121392702682524,1.0,-1.1991617531888707,2.0,-0.5518659522931036,1.0,0.0,1
-0.5288278715551156,0.0,0.8589390791505789,2.0,0.2485432098832518,0.0,1.0,0
-0.24113874077080963,0.0,-1.1991617531888707,2.0,-0.32063663877548987,1.0,0.0,0
-1.0117346268002008,0.0,1.1143265379065548,1.0,-0.23170228742256146,0.0,1.0,1
-0.24113874077080963,0.0,1.251342271084645,1.0,0.5953871801596725,1.0,0.0,1
-0.30278641165316095,0.0,-1.1991617531888707,1.0,-1.3211480914959342,0.0,0.0,0
1.4027991494252245,0.0,-1.1991617531888707,2.0,0.16405557609796984,1.0,0.0,0
-1.6795843946923394,0.0,1.9877212828921047,1.0,0.5331331342126227,1.0,0.0,1
0.12874728452329806,1.0,2.249777449878328,1.0,-1.5790577104194266,0.0,0.0,1
-2.2138642090060507,0.0,0.6257128744574119,1.0,-0.8008821360813031,0.0,1.0,1
0.4369856389350545,1.0,-1.1991617531888707,2.0,-0.9120500752724636,0.0,0.0,0
0.8787939469252386,1.0,-1.1991617531888707,2.0,-1.1788531293312488,1.0,0.0,0
1.4130737612389497,1.0,-1.1991617531888707,2.0,0.8488500815155183,1.0,0.0,0
-1.1966776394472545,0.0,1.59133339974345,1.0,-1.1744064117636024,1.0,0.0,0
1.3411514785428733,1.0,-1.1991617531888707,2.0,1.3290955788213317,1.0,0.0,0
-0.6315739896923678,0.0,-1.1991617531888707,2.0,-1.5345905347429623,1.0,0.0,0
0.04655039001349635,1.0,-1.1991617531888707,2.0,1.7026198545036308,1.0,0.0,0
1.5980167738860036,0.0,-1.1991617531888707,2.0,-1.2944677860900557,1.0,0.0,0
1.0945607950134681,1.0,0.6727577016609877,4.0,1.386902907200735,0.0,0.0,1
-1.3918952639080335,0.0,-1.1991617531888707,2.0,0.08401465988033428,1.0,0.0,0
0.5808302043272074,1.0,-1.1991617531888707,2.0,-0.6363535860783857,1.0,0.0,0
-0.14866723444728272,1.0,-1.1991617531888707,2.0,-1.2010867171694808,0.0,0.0,0
0.1801203435919241,1.0,0.26975217969848575,1.0,1.7293001599095095,0.0,1.0,0
-0.9500869559178494,0.0,-1.1991617531888707,2.0,-1.4901233590664982,1.0,0.0,0
-0.980910791359025,0.0,-0.5124573243457204,1.0,1.7381935950448022,1.0,0.0,0
-2.1933149853786,0.0,0.824517175353679,2.0,0.09735481258327354,0.0,1.0,0
0.3445141326115275,1.0,0.9585818942234962,2.0,0.33747756123618017,1.0,0.0,0
-1.0528330740551015,1.0,-1.1991617531888707,1.0,-0.8764763347312923,1.0,0.0,0
1.4336229848664002,1.0,-1.1991617531888707,2.0,-0.11164091309610816,1.0,0.0,0
-0.8884392850354981,0.0,0.4529777551220164,2.0,-0.03159999687847261,0.0,1.0,0
0.7144001579056353,0.0,-1.1991617531888707,1.0,0.3196906909655945,1.0,0.0,0
-1.3302475930256823,1.0,0.1244976729197098,2.0,0.7376821423243579,0.0,0.0,1
-1.9159004664080195,0.0,1.290378935020965,1.0,0.7376821423243579,0.0,1.0,0
-1.0939315213100023,1.0,-1.1991617531888707,1.0,-0.43625129553429676,1.0,0.0,1
-0.03564650449630537,0.0,0.3941269555822335,1.0,-0.23170228742256146,0.0,0.0,0
-0.5185532597413904,1.0,-1.1991617531888707,2.0,0.4175184774538157,1.0,0.0,0
0.7554986051605361,1.0,1.081092157632875,3.0,1.3290955788213317,0.0,0.0,1
1.8959805164840349,1.0,0.529047725544451,2.0,0.8043829058390541,0.0,1.0,1
-0.004822669055129724,0.0,-1.1991617531888707,2.0,1.7248534423418629,1.0,0.0,0
-1.361071428466858,0.0,0.8110859188405509,2.0,-0.08940732525787606,0.0,1.0,1
0.9507162296213152,0.0,-0.09568077465910568,2.0,0.7954894707037613,1.0,0.0,0
0.23149340266055018,1.0,1.5148891862539613,2.0,1.5469847396360061,1.0,0.0,1
-1.4946413820452857,0.0,0.6669879747513023,1.0,0.28856366799206956,0.0,0.0,0
-0.210314905329634,0.0,-1.1991617531888707,2.0,0.7554690125949436,0.0,0.0,0
-0.14866723444728272,1.0,1.0328786387533766,1.0,-0.947623815813635,1.0,0.0,0
-0.30278641165316095,0.0,1.5797605912114931,3.0,1.7248534423418629,0.0,1.0,1
-0.10756878719238186,0.0,-1.1991617531888707,1.0,-1.085472060410674,0.0,0.0,0
0.4780840861899553,0.0,-1.1991617531888707,2.0,-0.6007798455372143,1.0,0.0,0
0.1595711199644737,1.0,-1.1991617531888707,2.0,1.7070665720712772,0.0,0.0,0
1.3514260903565984,0.0,-1.1991617531888707,1.0,-1.5612708401488409,1.0,0.0,0
0.015726554572320705,0.0,1.2099854597245148,1.0,-0.4406980131019432,0.0,1.0,0
-0.045921116310030576,0.0,0.3650743625520601,1.0,-1.2322137401430058,1.0,0.0,0
0.4780840861899553,0.0,0.5691491868127054,1.0,-1.63686503879883,0.0,0.0,1
1.90625512829776,1.0,-1.1991617531888707,2.0,0.17294901123326267,0.0,0.0,0
-0.3233356352806113,1.0,0.24375864471065595,1.0,-0.9654106860842206,1.0,0.0,0
2.050099693689913,1.0,-1.1991617531888707,2.0,1.2668415328742817,1.0,0.0,0
1.5055452675624768,0.0,0.6215363537474717,1.0,-0.2806161806666721,1.0,0.0,0
0.9507162296213152,1.0,0.6873375412673312,2.0,1.5158577166624811,0.0,0.0,1
0.5705555925134822,1.0,0.32313488106919436,1.0,0.568706874753794,0.0,0.0,0
-1.361071428466858,1.0,0.15970540736146036,1.0,-1.4723364887959125,1.0,0.0,0
-0.4158071416041383,1.0,0.1739386133039906,3.0,0.030654049068577254,0.0,1.0,1
-0.8370662259668721,0.0,-1.1991617531888707,1.0,-0.24948915769314714,1.0,0.0,0
0.6116540397683831,1.0,0.446217760309955,2.0,0.06622778960974861,0.0,1.0,0
0.23149340266055018,0.0,-1.1991617531888707,2.0,-1.21442686987242,1.0,0.0,0
0.796597052415437,1.0,0.24395063379793366,2.0,-0.7430748077018997,1.0,0.0,0
0.20066956721937454,0.0,-1.1991617531888707,2.0,0.8355099288125791,1.0,0.0,0
1.2178561367781706,0.0,1.8109665217102724,1.0,1.2312677923331103,0.0,1.0,0
1.8651566810428593,1.0,1.0062411503431314,2.0,-0.8097755712165959,0.0,0.0,0
0.5911048161409327,0.0,0.9389608648507946,2.0,1.5692183274742382,0.0,1.0,0
1.330876866729148,1.0,1.1241872442537106,1.0,0.017313896365637998,0.0,0.0,0
-0.5596517069962913,0.0,0.7463910225534505,1.0,0.7465755774596508,0.0,0.0,0
1.0123639005036664,1.0,-1.1991617531888707,2.0,-1.627971603663537,1.0,0.0,0
0.27259184991545105,0.0,-1.1991617531888707,2.0,0.5820470274567332,1.0,0.0,0
0.09792344908212242,0.0,0.5542638882595213,1.0,0.3641578666420587,0.0,0.0,0
-1.1658538040060789,0.0,1.3198702462563976,1.0,-1.1477261063577238,1.0,0.0,0
0.5602809806997571,1.0,-0.18593336038344957,1.0,-0.22725556985491505,0.0,0.0,1
0.2417680144742754,0.0,1.2669436586109093,1.0,1.5069642815271884,1.0,0.0,0
-0.8987138968492233,0.0,0.4965139538270049,1.0,0.8532967990831648,1.0,0.0,0
-1.6795843946923394,0.0,0.9334346752205656,2.0,-1.7035658023135263,1.0,0.0,0
-0.4774548124864896,0.0,-1.1991617531888707,1.0,-0.31174320364019703,0.0,0.0,0
-1.3199729812119572,0.0,0.8186593537007041,1.0,1.6314723734212881,0.0,0.0,1
-1.2583253103296057,1.0,0.9266213767051372,1.0,1.1556735936831213,0.0,1.0,1
-1.1864030276335293,1.0,-1.1991617531888707,2.0,0.7999361882714078,1.0,0.0,0
-0.210314905329634,0.0,0.5166353038884974,1.0,-0.8320091590548281,0.0,0.0,0
-0.1281180108198323,0.0,-1.1991617531888707,2.0,0.3019038206950088,0.0,0.0,0
0.28286646172917623,0.0,-1.1991617531888707,2.0,1.2535013801713426,1.0,0.0,0
0.30341568535662666,0.0,-1.1991617531888707,2.0,-1.5657175577164872,1.0,0.0,0
-1.0014600149864754,0.0,-0.17646333507175146,1.0,-1.1254925185194917,1.0,0.0,0
-0.8884392850354981,1.0,1.0331335070595966,2.0,0.5820470274567332,0.0,1.0,0
0.30341568535662666,0.0,1.1376186603587655,1.0,1.173460463953707,0.0,1.0,1
0.4472602507487797,0.0,1.3042642305642722,2.0,-1.2989145036577021,1.0,0.0,0
-0.2308641289570844,1.0,1.6007788478985059,1.0,-0.20946869958432937,1.0,0.0,1
-1.5357398293001865,0.0,-1.1991617531888707,2.0,-1.032111449598917,1.0,0.0,0
1.8959805164840349,1.0,0.882239340791028,2.0,-1.1432793887900774,0.0,1.0,0
-1.1658538040060789,1.0,1.328965070949484,4.0,1.2535013801713426,0.0,1.0,1
-1.4329937111629345,1.0,0.9938114927591429,1.0,0.16850229366561625,1.0,0.0,0
0.6527524870232839,0.0,0.8135043748909304,1.0,0.4130717598861693,1.0,0.0,0
-2.3988072216531044,0.0,-1.1991617531888707,2.0,1.6136855031507025,1.0,0.0,0
1.1767576895232699,0.0,0.7687884726671083,2.0,0.8532967990831648,1.0,0.0,0
0.1595711199644737,1.0,-1.1991617531888707,2.0,1.2712882504419283,1.0,0.0,0
-1.5768382765550875,0.0,0.001977514810903538,1.0,0.4575389355626335,0.0,0.0,0
-0.2000402935159088,0.0,-1.1991617531888707,2.0,0.9555713031390325,1.0,0.0,0
0.11847267270957285,0.0,0.46871383823403484,2.0,1.502517563959542,0.0,0.0,0
1.4336229848664002,0.0,-1.1991617531888707,2.0,-0.8586894644607066,0.0,0.0,0
-0.08701956356493143,1.0,-1.1991617531888707,2.0,0.49755939367145124,1.0,0.0,0
-1.6384859474374387,0.0,0.12759455424857455,1.0,0.35526443150676584,1.0,0.0,0
0.3445141326115275,1.0,-1.1991617531888707,2.0,-1.1032589306812597,1.0,0.0,0
-1.9159004664080195,1.0,0.01376194223706685,1.0,-0.3517636617490148,0.0,0.0,0
0.8993431705526891,0.0,0.12558385556976145,1.0,1.7293001599095095,0.0,1.0,0
-1.7617812892021412,0.0,0.5186533437959179,2.0,-0.6674806090519105,0.0,1.0,0
-2.4604548925354557,1.0,-1.1991617531888707,2.0,0.14626870582738416,1.0,0.0,0
-0.16921645807473315,0.0,0.5345249204533217,1.0,0.6843215315126009,0.0,0.0,1
2.0398250818761876,1.0,0.6435708918208388,1.0,0.07512122474504145,1.0,0.0,0
2.0192758582487373,1.0,0.5996334790132599,1.0,-1.116599083384199,0.0,0.0,0
-0.07674495175120621,0.0,-1.1991617531888707,2.0,0.3152439733979481,1.0,0.0,0
-0.2205895171433592,0.0,-1.1991617531888707,4.0,-1.3789554198753375,1.0,0.0,1
-2.275511879888402,1.0,-0.43274019963271393,1.0,0.23520305718031254,1.0,0.0,0
-0.17949106988845837,0.0,0.6290052558959318,1.0,1.502517563959542,0.0,0.0,1
1.1151100186409186,1.0,1.1617840698314115,1.0,-1.3078079387929948,0.0,0.0,0
-1.1864030276335293,1.0,0.7626180104306112,1.0,-1.6101847333929513,0.0,0.0,1
0.42671102712132924,0.0,-1.1991617531888707,2.0,-1.161066259060663,0.0,0.0,0
-0.004822669055129724,1.0,0.6254679008506193,1.0,1.2001407693595856,0.0,1.0,0
-0.2205895171433592,1.0,-1.1991617531888707,2.0,0.11514168285385921,1.0,0.0,0
0.5705555925134822,1.0,-1.1991617531888707,1.0,0.06178107204210219,1.0,0.0,1
-0.3644340825355122,0.0,-1.1991617531888707,2.0,0.3196906909655945,1.0,0.0,0
-1.3405222048394074,0.0,0.48274388365444976,1.0,-0.6007798455372143,1.0,0.0,0
0.36506335623897795,0.0,0.8695675822549196,2.0,0.9199975625978611,0.0,1.0,0
-1.5151906056727362,1.0,-1.1991617531888707,2.0,1.1645670288184142,1.0,0.0,0
-0.24113874077080963,0.0,-1.1991617531888707,2.0,-0.27172274553137926,0.0,0.0,0
-1.412444487535484,0.0,-1.1991617531888707,1.0,-0.48516518877840736,0.0,0.0,1
-0.4466309770453139,1.0,0.41131532522311914,1.0,1.342435731524271,0.0,0.0,0
0.48835869800368054,1.0,0.7361077167855866,1.0,-1.659098626637062,0.0,1.0,0
1.0534623477585674,1.0,0.5804917041950848,3.0,0.15960885853032342,0.0,1.0,1
-1.0425584622413764,1.0,1.0947169991525436,2.0,0.9333377153008003,0.0,1.0,0
-1.4432683229766596,1.0,1.303787689072492,1.0,0.9555713031390325,1.0,0.0,0
-0.30278641165316095,1.0,0.8920312630179706,1.0,-0.863136182028353,0.0,1.0,1
1.3000530312879723,1.0,-1.1991617531888707,2.0,-0.20057526444903653,1.0,0.0,0
0.12874728452329806,1.0,-1.1991617531888707,1.0,1.2401612274684033,1.0,0.0,0
-0.48772942430021476,0.0,0.37919856720896195,2.0,0.866636951786104,0.0,1.0,0
-0.354159470721787,1.0,-1.1991617531888707,2.0,-0.4184644252637111,0.0,0.0,0
1.3411514785428733,1.0,-1.1991617531888707,2.0,-0.018259844175533356,1.0,0.0,0
-0.4260817534178635,0.0,-1.1991617531888707,1.0,-0.48071847121076094,0.0,0.0,0
-0.03564650449630537,0.0,0.8939942437108354,1.0,-0.3339767914784291,0.0,1.0,0
1.2486799722193465,0.0,1.2321735252309338,1.0,1.3157554261183924,1.0,0.0,0
0.2417680144742754,1.0,0.5813736091795375,1.0,0.26633008015383747,0.0,1.0,0
-0.14866723444728272,0.0,-1.1991617531888707,2.0,0.6309609207008439,1.0,0.0,0
-0.46718020067276433,0.0,-1.1991617531888707,2.0,-1.6235248860958906,1.0,0.0,0
-1.2788745339570562,1.0,0.6925834874750667,1.0,-0.8453493117577673,0.0,1.0,1
-0.05619572812375579,0.0,-1.1991617531888707,2.0,0.951124585571386,1.0,0.0,0
-1.5151906056727362,0.0,1.247053557250552,1.0,-1.330041526631227,0.0,1.0,0
1.228130748591896,1.0,0.5681415233903683,1.0,-0.6185667158078,1.0,0.0,1
0.22121879084682497,0.0,1.5140420723094306,1.0,-0.22725556985491505,1.0,0.0,1
-0.24113874077080963,0.0,1.089806834357636,2.0,1.195694051791939,0.0,1.0,0
-0.24113874077080963,0.0,0.7987832964298567,1.0,-0.10719419552846174,1.0,0.0,0
1.6493898329546297,0.0,-1.1991617531888707,2.0,-1.0810253428430274,0.0,0.0,0
0.19039495540564932,1.0,0.33959311764748995,1.0,1.3735627544977957,1.0,0.0,1
-0.9500869559178494,0.0,0.5281959834340594,1.0,0.866636951786104,0.0,1.0,0
-2.820066306015838,1.0,-1.1991617531888707,1.0,1.6581526788271668,1.0,0.0,1
1.4747214321213011,0.0,-1.1991617531888707,2.0,1.0311655017890216,1.0,0.0,0
-0.31306102346688613,0.0,-1.1991617531888707,2.0,-0.91649679284011,0.0,0.0,0
0.015726554572320705,0.0,-1.1991617531888707,2.0,0.37749801934499794,1.0,0.0,0
1.957628187366386,0.0,-1.1991617531888707,1.0,0.39973160718323003,1.0,0.0,0
1.1253846304546438,0.0,0.7464487948307525,1.0,-1.6991190847458797,1.0,0.0,0
-0.05619572812375579,1.0,0.9860521333049093,2.0,0.590940462592026,0.0,1.0,0
1.279503807660522,0.0,0.815090080270142,1.0,-1.530143817175316,1.0,0.0,0
1.1151100186409186,1.0,0.8582628881590612,1.0,0.8310632112449327,0.0,0.0,0
-0.9500869559178494,1.0,-1.1991617531888707,2.0,0.3686045842097051,0.0,0.0,0
1.0020892886899413,1.0,-1.1991617531888707,2.0,1.449156953147785,1.0,0.0,0
0.09792344908212242,0.0,-1.1991617531888707,2.0,0.6798748139449544,1.0,0.0,0
-0.354159470721787,0.0,1.1838417487340844,1.0,-0.18723511174609728,0.0,1.0,0
-0.7651439432707955,1.0,0.5980014919754362,1.0,0.23964977474795895,1.0,0.0,1
0.7144001579056353,0.0,-1.1991617531888707,2.0,-1.0587917550047954,0.0,0.0,0
-0.7343201078296199,0.0,-1.1991617531888707,1.0,-1.5123569469047302,0.0,0.0,1
0.1492965081507485,0.0,-0.4598749764851514,1.0,-0.6096732806725071,1.0,0.0,0
0.9507162296213152,0.0,-1.1991617531888707,2.0,-0.9076033577048171,1.0,0.0,1
-0.30278641165316095,1.0,-1.1991617531888707,2.0,-0.4762717536431145,0.0,0.0,1
0.9096177823664143,0.0,-0.2514094591495395,2.0,-0.7875419833783639,0.0,1.0,0
-3.087206213172694,0.0,-1.1991617531888707,1.0,-0.9920909914900992,1.0,0.0,1
-0.09729417537865664,1.0,-0.1941373429442132,2.0,-0.41401770769606466,0.0,1.0,0
-2.378257998025654,1.0,0.7411635890091596,1.0,1.088972830168425,0.0,0.0,0
0.4369856389350545,1.0,1.696816960133234,3.0,-0.7830952658107174,0.0,1.0,1
0.8376954996703379,0.0,-1.1991617531888707,2.0,-1.4545496185253268,1.0,0.0,0
0.508907921631131,1.0,-1.1991617531888707,1.0,1.280181685577221,1.0,0.0,0
0.6219286515821083,1.0,0.7766665685144711,1.0,0.8888705396243362,0.0,1.0,0
-0.8884392850354981,1.0,0.9704307967878643,1.0,0.39973160718323003,1.0,0.0,0
-0.7445947196433451,0.0,-0.1839987870534574,1.0,0.7865960355684685,0.0,0.0,1
-0.8473408377805972,1.0,-1.1991617531888707,1.0,0.8844238220566897,0.0,0.0,1
-0.49800403611394,0.0,1.4293871733982757,1.0,-1.1744064117636024,1.0,0.0,1
-0.08701956356493143,0.0,0.6759519340648645,1.0,-0.534079082022518,1.0,0.0,0
-0.3747086943492374,1.0,0.896990741718089,2.0,0.1329285531244449,0.0,1.0,0
-1.566563664741362,0.0,-1.1991617531888707,2.0,-0.2539358752607936,1.0,0.0,0
-1.22750147488843,1.0,0.6689067484805961,1.0,-0.5518659522931036,0.0,1.0,1
0.48835869800368054,0.0,0.4165188199784726,2.0,-1.1744064117636024,1.0,0.0,1
-0.03564650449630537,1.0,0.5989397329098548,1.0,-0.36065709688430764,1.0,0.0,0
2.050099693689913,0.0,0.8965592051495116,1.0,0.2263096220450197,1.0,0.0,0
0.11847267270957285,1.0,0.938578003819723,1.0,-1.0587917550047954,1.0,0.0,1
-0.48772942430021476,0.0,-1.1991617531888707,2.0,-0.28950961580196494,1.0,0.0,0
1.238405360405621,1.0,0.04321191916360047,1.0,1.2846284031448674,0.0,1.0,0
-1.895351242780569,0.0,0.48488512852893456,1.0,1.249054662603696,1.0,0.0,0
0.33423952079780234,1.0,-1.1991617531888707,2.0,0.35971114907441226,1.0,0.0,0
-0.4466309770453139,1.0,-1.1991617531888707,3.0,-0.5607593874283965,1.0,0.0,1
1.8343328456016836,0.0,-1.1991617531888707,2.0,-0.28950961580196494,1.0,0.0,0
0.8376954996703379,0.0,1.6541430366057694,1.0,-1.3389349617665198,0.0,1.0,0
0.991814676876216,1.0,-1.1991617531888707,2.0,0.5953871801596725,1.0,0.0,0
-1.268599922143331,1.0,-1.1991617531888707,2.0,0.49755939367145124,1.0,0.0,0
-0.3849833061629626,0.0,0.6373592548673694,1.0,-0.07606717255493681,1.0,0.0,0
0.30341568535662666,0.0,-1.1991617531888707,2.0,-0.07162045498729039,0.0,0.0,0
0.3239649089840771,0.0,-1.1991617531888707,1.0,-1.2099801523047737,1.0,0.0,0
-0.10756878719238186,0.0,-0.04989624489711931,1.0,-0.03159999687847261,0.0,1.0,0
-0.025371892682580152,0.0,0.9035162959904905,1.0,1.0800793950331322,0.0,1.0,0
0.04655039001349635,0.0,-1.1991617531888707,2.0,0.7465755774596508,1.0,0.0,0
0.3239649089840771,0.0,-1.1991617531888707,2.0,1.2935218382801603,1.0,0.0,0
0.9096177823664143,0.0,0.4759224459507826,1.0,-0.9876442739224527,1.0,0.0,0
-1.217226863074705,0.0,0.02500200160279408,2.0,0.6531945085390759,1.0,0.0,0
0.6116540397683831,0.0,-1.1991617531888707,2.0,-0.8453493117577673,0.0,0.0,0
-0.18976568170218358,0.0,0.8204852449289206,1.0,-1.2544473279812378,0.0,1.0,1
-0.2205895171433592,0.0,-1.1991617531888707,2.0,-1.4767832063635589,0.0,0.0,0
-0.6623978251335434,1.0,-1.1991617531888707,2.0,-0.23170228742256146,0.0,0.0,0
0.3445141326115275,0.0,-1.1991617531888707,2.0,0.4130717598861693,1.0,0.0,0
-0.46718020067276433,1.0,0.9743012201832584,1.0,0.3419242788038266,1.0,0.0,1
0.5602809806997571,1.0,0.5559380075658747,1.0,0.13737527069209132,0.0,1.0,1
1.238405360405621,0.0,0.9634138589745413,3.0,1.097866265303718,0.0,0.0,1
0.30341568535662666,0.0,0.6088898107357105,1.0,0.47977252340086557,1.0,0.0,0
-1.895351242780569,1.0,-1.1991617531888707,1.0,0.28856366799206956,1.0,0.0,0
0.2520426262880006,0.0,0.9574580478788499,1.0,-1.6768854969076477,1.0,0.0,1
-1.5460144411139118,1.0,-1.1991617531888707,1.0,-0.3695505320196005,1.0,0.0,0
-2.1727657617511498,1.0,-1.1991617531888707,1.0,0.7021084017831866,1.0,0.0,0
-0.7651439432707955,1.0,1.0394895747063213,1.0,0.7954894707037613,0.0,1.0,1
1.279503807660522,0.0,-1.1991617531888707,1.0,1.409136495038967,0.0,0.0,0
0.6527524870232839,1.0,-1.1991617531888707,1.0,-1.1210458009518454,1.0,0.0,0
0.70412554609191,0.0,0.7632584528306491,1.0,-0.8675828995959994,0.0,0.0,0
-1.607662111996263,0.0,-1.1991617531888707,2.0,-1.023218014463624,1.0,0.0,0
0.33423952079780234,0.0,-0.27899476400977835,1.0,1.3290955788213317,1.0,0.0,0
0.1595711199644737,0.0,-1.1991617531888707,2.0,-0.6319068685107392,0.0,0.0,0
-0.1383926226335575,0.0,0.8172112165619194,1.0,0.3419242788038266,0.0,1.0,1
0.26231723810172586,0.0,0.4963854823263743,1.0,-0.20502198201668295,1.0,0.0,0
-1.5357398293001865,1.0,0.288943906789577,1.0,-1.1210458009518454,0.0,1.0,0
0.4986333098174057,1.0,0.27301216397597716,2.0,-1.5034635117694373,0.0,1.0,0
0.7554986051605361,0.0,0.3108190125286213,2.0,0.003973743662698739,0.0,1.0,0
-1.4638175466041101,1.0,0.11207264350158241,2.0,-1.667992061772355,0.0,1.0,0
-0.6315739896923678,1.0,0.13335279053956997,1.0,0.6265142031331974,0.0,1.0,1
-1.4740921584178353,1.0,-1.1991617531888707,2.0,-1.4323160306870946,0.0,0.0,0
-1.607662111996263,1.0,1.5927017409191104,1.0,0.8355099288125791,0.0,1.0,0
0.6013794279546579,0.0,1.1517535576747262,1.0,-0.22280885228726863,1.0,0.0,0
-1.8439781837119429,1.0,-1.1991617531888707,2.0,-1.1566195414930167,1.0,0.0,0
0.9712654532487656,0.0,0.21269726810478468,1.0,0.17294901123326267,0.0,0.0,0
1.90625512829776,0.0,0.41665958005742426,1.0,0.021760613933284417,0.0,0.0,1
-0.05619572812375579,0.0,0.8980555390500233,1.0,-1.2588940455488844,1.0,0.0,0
1.0740115713860177,0.0,-1.1991617531888707,2.0,-0.31618992120784345,1.0,0.0,0
1.0740115713860177,0.0,0.4736394834457885,1.0,-1.6991190847458797,1.0,0.0,1
2.050099693689913,1.0,0.3726284867891372,1.0,0.9244442801655075,1.0,0.0,1
-0.7548693314570704,0.0,-1.1991617531888707,2.0,-0.36510381445195406,0.0,0.0,0
0.1801203435919241,1.0,-1.1991617531888707,2.0,-0.725287937431314,0.0,0.0,0
1.2692291958467967,1.0,0.7385813916424484,1.0,1.6670461139624595,1.0,0.0,0
0.5808302043272074,1.0,0.4779377727954568,1.0,0.6131740504302582,0.0,1.0,1
-0.210314905329634,0.0,-1.1991617531888707,2.0,-0.22280885228726863,1.0,0.0,0
0.8171462760428874,1.0,-1.1991617531888707,2.0,0.06622778960974861,0.0,0.0,0
-0.2822371880257105,0.0,-1.1991617531888707,1.0,-1.7035658023135263,1.0,0.0,0
-0.25141335258453484,0.0,0.6044616135580754,2.0,0.25743664501854463,1.0,0.0,0
-1.5768382765550875,1.0,0.5808823852305426,4.0,0.9600180207066789,0.0,1.0,1
-1.073382297682552,0.0,0.8392778326124628,2.0,1.3824561896330887,0.0,0.0,0
0.4472602507487797,0.0,1.0963362188362673,1.0,1.7159600072065702,1.0,0.0,0
0.015726554572320705,1.0,0.45575816566112903,3.0,1.2935218382801603,1.0,0.0,1
1.1253846304546438,0.0,1.6509180029601265,1.0,0.8177230585419935,1.0,0.0,1
0.1801203435919241,1.0,1.5771364211681784,1.0,1.6047920680154097,0.0,0.0,1
-1.3816206520943084,0.0,0.7179258874038003,2.0,-1.4234225955518018,1.0,0.0,0
0.5294571452585813,1.0,0.2112893481314147,1.0,-0.04494014958141187,1.0,0.0,0
-0.49800403611394,0.0,0.6149544635251042,2.0,0.20852275177443402,0.0,0.0,0
-1.2891491457707813,0.0,1.2528786625586457,1.0,1.6981731369359845,1.0,0.0,0
-1.3405222048394074,1.0,0.1608265406433606,1.0,0.2796702328567767,1.0,0.0,1
-0.6315739896923678,0.0,0.8134777230392468,1.0,-1.5879511455547193,0.0,1.0,0
0.13902189633702328,1.0,-1.1991617531888707,1.0,-0.24948915769314714,1.0,0.0,0
-1.371346040280583,0.0,-1.1991617531888707,1.0,-0.6274601509430928,0.0,0.0,0
-0.2616879643982601,0.0,0.5077900809680647,1.0,-0.6052265631048607,0.0,0.0,0
1.2486799722193465,1.0,0.7556176701776186,2.0,1.41802993017426,0.0,0.0,0
-0.015097280868854937,0.0,-1.1991617531888707,1.0,0.7821493180008221,0.0,0.0,0
0.2931410735429015,0.0,-1.1991617531888707,2.0,-0.6496937387813249,1.0,0.0,0
0.23149340266055018,1.0,-1.1991617531888707,2.0,-0.013813126607886937,0.0,0.0,0
0.4472602507487797,0.0,-1.1991617531888707,2.0,-0.91649679284011,1.0,0.0,0
2.050099693689913,0.0,0.4043614262206651,2.0,-0.07162045498729039,0.0,0.0,0
-1.3302475930256823,0.0,0.7253020666431094,1.0,-0.534079082022518,0.0,1.0,0
-0.09729417537865664,0.0,1.2901239071228192,1.0,1.7070665720712772,1.0,0.0,0
-0.16921645807473315,1.0,0.61669912246286,2.0,-0.20946869958432937,0.0,1.0,1
0.3445141326115275,1.0,-1.1991617531888707,2.0,-1.0410048847342097,1.0,0.0,0
0.20066956721937454,0.0,-1.1991617531888707,2.0,0.5197929815096833,0.0,0.0,0
-1.6384859474374387,1.0,0.5175942917733285,1.0,0.7999361882714078,1.0,0.0,0
1.084286183199743,0.0,0.7033152465556908,1.0,-1.552377405013548,0.0,0.0,1
1.7829597865330575,0.0,0.8629172270961912,1.0,1.3379890139566244,1.0,0.0,0
-0.549377095182566,1.0,0.421152890740969,1.0,0.8310632112449327,0.0,1.0,1
-1.741232065574691,1.0,-1.1991617531888707,2.0,-1.2811276333871164,1.0,0.0,0
-0.03564650449630537,0.0,1.871514102609936,1.0,1.5825584801771775,0.0,1.0,0
0.5191825334448562,0.0,-1.1991617531888707,2.0,-1.6946723671782333,1.0,0.0,0
0.005451942758595491,1.0,-0.5572080176094649,1.0,1.0489523720596072,0.0,1.0,0
1.330876866729148,1.0,-1.1991617531888707,2.0,1.7115132896389238,1.0,0.0,1
0.5294571452585813,0.0,1.2031084840305126,1.0,-0.28950961580196494,1.0,0.0,0
-0.6110247660649173,0.0,0.7934661722230139,2.0,0.19518259907149477,0.0,0.0,0
-0.11784339900610707,0.0,-1.1991617531888707,2.0,-0.8453493117577673,1.0,0.0,0
0.36506335623897795,0.0,0.9536699739173999,1.0,-0.28950961580196494,0.0,1.0,0
1.7007628920232558,1.0,0.5309882037757143,2.0,-0.22725556985491505,0.0,1.0,0
-0.7137708842021695,0.0,0.06776210477043318,2.0,0.14626870582738416,0.0,0.0,0
1.3000530312879723,1.0,0.34399099235913777,1.0,1.6225789382859954,0.0,1.0,0
-1.1453045803786284,0.0,-1.1991617531888707,2.0,-0.6630338914842642,0.0,0.0,0
-0.5082786479276652,1.0,-1.1991617531888707,2.0,-0.20502198201668295,0.0,0.0,0
-0.7445947196433451,0.0,-1.1991617531888707,2.0,1.0800793950331322,0.0,0.0,0
0.4061618034938788,1.0,0.5235426020484867,2.0,-0.6096732806725071,1.0,0.0,0
-0.40553252979041304,0.0,-1.1991617531888707,2.0,-0.7519682428371925,1.0,0.0,0
-1.268599922143331,1.0,0.8981117154080633,1.0,-0.03159999687847261,0.0,0.0,0
-0.6007501542511922,0.0,-1.1991617531888707,1.0,1.6759395490977524,0.0,0.0,1
-1.9569989136629202,1.0,0.7080827361685315,2.0,0.7110018369184794,0.0,1.0,1
0.9609908414350403,1.0,1.4548183064380038,1.0,-0.3562103793166612,0.0,0.0,0
-0.2719625762119853,1.0,-1.1991617531888707,2.0,-1.107705648248906,1.0,0.0,0
0.42671102712132924,1.0,-1.1991617531888707,2.0,-1.0365581671665633,0.0,0.0,0
0.3239649089840771,0.0,-1.1991617531888707,1.0,-1.712459237448819,0.0,0.0,0
-0.17949106988845837,1.0,1.5137150684525462,1.0,0.030654049068577254,1.0,0.0,0
-2.470729504349181,1.0,0.6709961259790498,1.0,0.3152439733979481,1.0,0.0,0
0.005451942758595491,1.0,-1.1991617531888707,1.0,1.555878174771299,1.0,0.0,0
0.026001166386045917,0.0,-1.1991617531888707,2.0,-0.7341813725666069,0.0,0.0,0
-2.028921196358997,1.0,-1.1991617531888707,3.0,0.8221697761096398,0.0,0.0,1
0.5294571452585813,0.0,0.3976315942826648,1.0,1.3379890139566244,1.0,0.0,0
-0.8884392850354981,1.0,2.0936928753923585,1.0,1.4358168004448457,1.0,0.0,1
1.382249925797774,1.0,0.9812565555130488,2.0,-1.0587917550047954,0.0,1.0,0
-1.3096983693982318,0.0,1.0156990466684348,1.0,-1.5879511455547193,0.0,1.0,0
-0.05619572812375579,1.0,0.24693803506539147,1.0,0.8755303869213968,1.0,0.0,0
1.6802136683958053,0.0,0.35025880567064666,2.0,1.5958986328801168,0.0,1.0,0
0.09792344908212242,0.0,-1.1991617531888707,2.0,-1.5168036644723766,1.0,0.0,0
-1.4021698757217589,1.0,0.5006813777971489,1.0,-0.5696528225636893,1.0,0.0,0
-0.09729417537865664,0.0,-1.1991617531888707,2.0,0.6265142031331974,1.0,0.0,0
0.2931410735429015,0.0,1.1585478647509313,1.0,1.6714928315301059,1.0,0.0,0
-0.8576154495943225,1.0,-1.1991617531888707,2.0,-0.36065709688430764,1.0,0.0,0
-0.1383926226335575,0.0,1.548951050665243,1.0,-0.24948915769314714,0.0,0.0,0
-0.004822669055129724,1.0,1.1788179544876878,2.0,1.2179276396301713,0.0,1.0,0
0.6013794279546579,0.0,1.2992758657255026,1.0,0.7376821423243579,1.0,0.0,0
0.2931410735429015,0.0,1.142981268264589,1.0,1.1868006166566463,1.0,0.0,0
1.0637369595722925,0.0,1.3174749310353242,2.0,1.3157554261183924,0.0,0.0,1
-1.412444487535484,1.0,1.5913582960839447,1.0,0.15071542339503058,0.0,0.0,0
-2.0494704199864473,0.0,-1.1991617531888707,2.0,-1.5034635117694373,1.0,0.0,0
-2.131667314496249,0.0,1.3720469114404412,1.0,0.7065551193508329,1.0,0.0,0
0.6013794279546579,1.0,0.5715012526217654,1.0,-1.6546519090694156,1.0,0.0,0
1.6493898329546297,0.0,1.677103527035234,1.0,-1.1832998468988951,1.0,0.0,1
-0.6315739896923678,1.0,-1.1991617531888707,2.0,-0.7341813725666069,1.0,0.0,0
1.0945607950134681,1.0,0.7689601935797522,1.0,-0.3784439671548933,1.0,0.0,0
0.5911048161409327,0.0,1.2484378576188369,1.0,0.33747756123618017,0.0,1.0,0
-0.8576154495943225,0.0,0.7520927633025538,1.0,-0.7697551131077782,0.0,1.0,0
0.3445141326115275,1.0,-1.1991617531888707,1.0,0.49755939367145124,0.0,0.0,0
-0.4774548124864896,0.0,0.6129455203574801,1.0,-0.10719419552846174,0.0,1.0,0
0.6322032633958335,1.0,1.403743463912784,2.0,1.2757349680095746,0.0,0.0,0
-1.3302475930256823,0.0,0.4900112212000571,2.0,0.6443010734037831,1.0,0.0,0
1.0740115713860177,0.0,0.5738552335339403,1.0,0.7021084017831866,0.0,1.0,0
-0.18976568170218358,0.0,0.8671121008776501,1.0,-1.4100824428488625,0.0,1.0,0
0.5808302043272074,1.0,-1.1991617531888707,1.0,-0.3250833563431363,0.0,0.0,1
0.6219286515821083,1.0,-1.1991617531888707,1.0,0.7732558828655293,1.0,0.0,0
0.30341568535662666,0.0,-1.1991617531888707,2.0,0.866636951786104,1.0,0.0,0
-0.5802009306237417,0.0,1.2947428166523216,1.0,1.1779071815213533,1.0,0.0,0
-1.3918952639080335,0.0,-1.1991617531888707,2.0,-0.2628293103960864,1.0,0.0,0
-1.2583253103296057,0.0,0.4724821227966296,1.0,-0.396230837425479,0.0,0.0,0
0.4575348625625049,0.0,0.6203058999960906,2.0,-0.3250833563431363,1.0,0.0,0
0.16984573177819892,1.0,0.8288794610657731,2.0,1.3513291666595637,0.0,1.0,0
0.9096177823664143,1.0,-1.1991617531888707,1.0,0.622067485565551,1.0,0.0,0
-1.4740921584178353,1.0,0.22678364947516555,2.0,1.257948097738989,1.0,0.0,0
-1.0631076858688266,0.0,0.0981613344742969,3.0,1.302415273415453,0.0,1.0,1
2.050099693689913,1.0,2.1966065269937523,1.0,0.24409649231560537,1.0,0.0,0
-0.7959677787119712,1.0,-1.1991617531888707,1.0,1.395796342336028,0.0,0.0,0
1.9987266346212869,0.0,1.4242985848298217,1.0,-0.08051389012258323,1.0,0.0,0
-0.7651439432707955,1.0,0.5330656118796995,1.0,1.0533990896272536,1.0,0.0,0
-0.9295377322903989,0.0,-1.1991617531888707,1.0,-0.3250833563431363,1.0,0.0,1
-1.2994237575845067,1.0,-1.1991617531888707,2.0,-1.0276647320312704,1.0,0.0,0
-1.6282113356237136,0.0,0.6809706213696215,2.0,-1.5256970996076695,0.0,1.0,0
0.5705555925134822,0.0,-1.1991617531888707,2.0,0.9778048909772645,0.0,0.0,0
-0.066470339937481,0.0,0.6724014924815997,2.0,1.524751151797774,1.0,0.0,1
-0.6212993778786425,0.0,0.5916449455529327,1.0,0.951124585571386,1.0,0.0,0
1.1459338540820942,1.0,0.3743010101762283,1.0,-1.4545496185253268,0.0,1.0,1
-0.25141335258453484,0.0,1.5424334759891538,2.0,-0.9253902279754028,0.0,1.0,0
0.6116540397683831,0.0,1.5320564897605817,1.0,-0.6897141968901427,1.0,0.0,1
0.21094417903309975,1.0,-1.1991617531888707,2.0,-1.2366604577106521,0.0,0.0,0
0.3136902971703519,1.0,-1.1991617531888707,2.0,0.26188336258619105,1.0,0.0,0
0.3136902971703519,1.0,-1.1991617531888707,2.0,-0.3562103793166612,0.0,0.0,0
-1.2480506985158806,0.0,0.4290761511034604,2.0,-0.29395633336961136,1.0,0.0,0
-0.354159470721787,0.0,0.3052141440787513,2.0,-0.4762717536431145,1.0,0.0,0
0.8993431705526891,1.0,1.1689372991497506,1.0,-1.4278693131194482,0.0,1.0,1
0.27259184991545105,0.0,0.3219535816310981,1.0,1.6537059612595202,0.0,0.0,0
-0.3747086943492374,1.0,-1.1991617531888707,2.0,-1.5701642752841336,0.0,0.0,0
2.050099693689913,0.0,0.37520541762228216,1.0,-0.1694482414755116,0.0,1.0,1
2.050099693689913,1.0,1.244952689133408,1.0,1.1601203112507676,1.0,0.0,0
1.9679027991801112,0.0,-1.1991617531888707,2.0,-0.6230134333754463,1.0,0.0,0
0.015726554572320705,0.0,1.2174021753130915,1.0,-0.969857403651867,0.0,1.0,0
-0.6212993778786425,1.0,-1.1991617531888707,2.0,-0.6096732806725071,0.0,0.0,0
0.7657732169742613,0.0,0.6198703736293568,1.0,-1.627971603663537,1.0,0.0,0
-1.361071428466858,0.0,-1.1991617531888707,2.0,-0.5696528225636893,1.0,0.0,0
-0.33361024709433656,1.0,0.8553670926572704,1.0,-0.396230837425479,1.0,0.0,0
-2.2652372680746766,1.0,-1.1991617531888707,1.0,1.4669438234183707,1.0,0.0,0
1.957628187366386,1.0,1.2908123866926577,1.0,-1.6190781685282443,1.0,0.0,0
-1.217226863074705,0.0,1.172303252466271,1.0,1.5514314572036525,1.0,0.0,1
0.5808302043272074,1.0,0.9207865362895419,1.0,0.6176207679979046,0.0,0.0,0
0.19039495540564932,1.0,1.1310623048445978,1.0,-1.000984426625392,1.0,0.0,0
0.05682500182722156,1.0,-1.1991617531888707,2.0,-1.0899187779783204,1.0,0.0,0
-0.549377095182566,1.0,0.7953892549343161,2.0,-1.032111449598917,0.0,1.0,0
1.6596644447683548,0.0,-1.1991617531888707,2.0,0.4397520652920478,1.0,0.0,0
1.4747214321213011,0.0,1.6668109649356477,1.0,0.9244442801655075,0.0,0.0,0
1.4541722084938506,0.0,1.0808037750221426,1.0,-1.3700619847400448,0.0,0.0,0
0.5294571452585813,0.0,-1.1991617531888707,1.0,1.6492592436918738,0.0,0.0,1
0.9507162296213152,0.0,-1.1991617531888707,2.0,0.6309609207008439,0.0,0.0,0
0.7554986051605361,0.0,1.2663059292736174,2.0,-0.39178411985783257,1.0,0.0,0
-0.4466309770453139,0.0,1.426500474636281,2.0,0.42641191258910854,0.0,1.0,0
-0.10756878719238186,0.0,-1.1991617531888707,1.0,-0.9387303806783421,0.0,0.0,0
-0.07674495175120621,1.0,1.2081233411290397,2.0,0.9155508450302147,0.0,0.0,0
0.06709961364094677,1.0,1.0925123962833376,1.0,1.502517563959542,0.0,1.0,1
-1.0014600149864754,1.0,0.8519805519822635,2.0,1.4891774112566027,0.0,1.0,0
0.30341568535662666,1.0,0.7820215160078351,2.0,-0.6496937387813249,0.0,0.0,0
1.0534623477585674,1.0,1.0712480488460492,1.0,-1.1343859536547847,1.0,0.0,0
-0.48772942430021476,0.0,0.526384295887279,2.0,0.2040760342067876,0.0,1.0,1
0.6835763224644595,1.0,0.11744195426830875,2.0,-1.4945700766341445,0.0,1.0,0
-0.3233356352806113,0.0,0.33521040416883596,1.0,0.6798748139449544,0.0,0.0,0
0.13902189633702328,0.0,0.3755027373808842,1.0,0.7421288598920043,1.0,0.0,0
1.6288406093271792,0.0,-1.1991617531888707,2.0,0.4441987828596942,1.0,0.0,0
-1.751506677388416,1.0,1.583009882829926,2.0,-0.8053288536489496,0.0,1.0,0
-0.641848601506093,1.0,-0.127052078785753,1.0,0.5420265693479155,0.0,0.0,1
0.23149340266055018,1.0,0.3823521036716452,1.0,0.47087908826557273,0.0,1.0,0
-1.361071428466858,0.0,-1.1991617531888707,1.0,-1.6946723671782333,0.0,0.0,1
-0.354159470721787,1.0,1.8843620506326235,2.0,-1.076578625275381,0.0,0.0,0
1.1562084658958194,1.0,0.646544408590713,2.0,-1.667992061772355,1.0,0.0,0
-1.6693097828786143,1.0,-1.1991617531888707,2.0,0.9778048909772645,1.0,0.0,0
0.9301670059938647,0.0,0.8438675368194619,1.0,0.8266164936772863,0.0,1.0,0
-0.11784339900610707,1.0,0.3622971438514724,1.0,-1.5390372523106086,0.0,0.0,0
0.8685193351115135,0.0,-1.1991617531888707,1.0,-0.947623815813635,1.0,0.0,0
0.13902189633702328,0.0,-1.1991617531888707,2.0,-0.18723511174609728,1.0,0.0,0
0.6630270988370092,0.0,-1.1991617531888707,2.0,0.982251608544911,1.0,0.0,0
0.4061618034938788,0.0,-1.1991617531888707,2.0,0.8043829058390541,1.0,0.0,0
0.6527524870232839,1.0,-1.1991617531888707,1.0,-0.009366409040240518,1.0,0.0,1
1.9268043519252105,0.0,-1.1991617531888707,2.0,0.7865960355684685,1.0,0.0,0
-0.25141335258453484,0.0,0.20699967674576375,1.0,-1.4545496185253268,0.0,1.0,0
0.2417680144742754,0.0,-1.1991617531888707,1.0,-1.499016794201791,1.0,0.0,0
-0.549377095182566,0.0,-1.1991617531888707,3.0,-0.022706561743179775,0.0,0.0,1
0.9301670059938647,1.0,-1.1991617531888707,2.0,0.7777026004331756,1.0,0.0,0
-0.2616879643982601,1.0,-1.1991617531888707,2.0,1.0445056544919609,1.0,0.0,1
-0.6007501542511922,1.0,0.43097290114693143,2.0,1.5825584801771775,0.0,1.0,0
-0.14866723444728272,0.0,-1.1991617531888707,2.0,1.7115132896389238,1.0,0.0,0
1.6288406093271792,1.0,1.2707341264512524,2.0,0.5642601571861475,1.0,0.0,0
1.8857059046703095,1.0,-1.1991617531888707,1.0,-0.9298369455430493,1.0,0.0,0
0.4678094743762301,1.0,-1.1991617531888707,2.0,-1.4011890077135698,0.0,0.0,0
-0.3849833061629626,0.0,0.8963937083219908,1.0,-1.2010867171694808,1.0,0.0,0
0.33423952079780234,0.0,0.5962381607823093,2.0,-0.6096732806725071,1.0,0.0,0
-0.9295377322903989,1.0,0.7956731689711132,1.0,-0.6630338914842642,0.0,0.0,0
-1.5871128883688126,1.0,0.26397862258257054,2.0,0.012867178797991577,0.0,1.0,1
0.6322032633958335,1.0,-1.1991617531888707,2.0,-0.5963331279695678,0.0,0.0,0
1.5363691030036524,1.0,0.5245485099596351,1.0,1.1067597004390106,1.0,0.0,0
1.6802136683958053,1.0,-1.1991617531888707,2.0,-1.2677874806841771,1.0,0.0,0
0.21094417903309975,0.0,0.3898028123405129,1.0,1.311308708550746,0.0,1.0,1
0.1492965081507485,1.0,-1.1991617531888707,2.0,-0.11608763066375458,1.0,0.0,0
-1.5460144411139118,0.0,-1.1991617531888707,2.0,1.173460463953707,0.0,0.0,0
2.050099693689913,1.0,-1.1991617531888707,2.0,-1.6235248860958906,0.0,0.0,0
0.8171462760428874,1.0,1.0366347943295764,1.0,-0.8809230522989386,0.0,0.0,1
-1.0836569094962771,0.0,0.5640714504952363,1.0,-1.659098626637062,0.0,1.0,0
-1.1350299685649032,1.0,-1.1991617531888707,2.0,-0.4673783185078217,0.0,0.0,0
1.187032301336995,0.0,0.3913334585051685,2.0,-0.48071847121076094,0.0,1.0,0
-0.45690558885903915,0.0,0.8799102562193479,2.0,1.3735627544977957,0.0,1.0,0
0.12874728452329806,1.0,1.2793600700650187,1.0,-1.21442686987242,0.0,1.0,0
-0.7651439432707955,0.0,-1.1991617531888707,2.0,-1.1788531293312488,0.0,0.0,0
-0.09729417537865664,0.0,1.2520222922823927,2.0,0.22186290447737328,1.0,0.0,0
0.21094417903309975,1.0,1.4302358832620687,1.0,1.5958986328801168,1.0,0.0,0
-0.14866723444728272,0.0,-1.1991617531888707,2.0,-0.587439692834275,1.0,0.0,0
0.5294571452585813,0.0,1.1716838762004982,1.0,-0.5207389293195788,1.0,0.0,0
1.5980167738860036,0.0,1.483240670951419,1.0,0.4575389355626335,0.0,1.0,1
1.0123639005036664,0.0,0.047831467060808375,2.0,1.249054662603696,0.0,1.0,0
0.33423952079780234,0.0,-1.1991617531888707,1.0,-0.13387450093434025,1.0,0.0,0
-1.2377760867021554,1.0,-1.1991617531888707,2.0,-0.4006775549931254,0.0,0.0,0
-1.6282113356237136,0.0,0.7329138035655626,1.0,0.22186290447737328,1.0,0.0,0
-0.3233356352806113,1.0,0.9201558289970054,3.0,1.0622925247625465,0.0,1.0,1
-0.45690558885903915,0.0,-1.1991617531888707,1.0,1.2668415328742817,1.0,0.0,0
0.07737422545467199,0.0,0.39806839738480865,1.0,1.6047920680154097,1.0,0.0,0
0.6630270988370092,1.0,0.5656263546326816,1.0,1.5914519153124704,1.0,0.0,0
0.33423952079780234,1.0,-1.1991617531888707,2.0,1.3913496247683814,1.0,0.0,0
0.6424778752095588,1.0,0.7615441163588808,2.0,0.4575389355626335,0.0,0.0,1
1.5877421620722785,1.0,1.438448005011071,1.0,-1.2855743509547628,0.0,0.0,1
1.3411514785428733,0.0,0.6810033377145024,1.0,-0.9209435104077565,1.0,0.0,1
-0.10756878719238186,0.0,1.947991670812011,2.0,-0.29395633336961136,0.0,0.0,0
1.2589545840330716,0.0,0.5751785697863981,1.0,1.5736650450418848,0.0,0.0,0
0.9198923941801395,1.0,-1.1991617531888707,2.0,0.9244442801655075,0.0,0.0,0
-0.9911854031727503,1.0,-1.1991617531888707,2.0,-0.29395633336961136,1.0,0.0,0
0.8685193351115135,0.0,0.7474333174237836,1.0,1.3780094720654423,1.0,0.0,0
0.6116540397683831,1.0,-1.1991617531888707,2.0,0.1329285531244449,0.0,0.0,0
-0.6829470487609939,1.0,-1.1991617531888707,2.0,1.471390540986017,0.0,0.0,0
-1.2480506985158806,0.0,0.9674486620539724,1.0,0.3019038206950088,0.0,1.0,1
0.5397317570723066,0.0,1.3565368104959914,2.0,0.12848183555679848,1.0,0.0,0
-0.8165170023394216,0.0,0.8971460246623296,1.0,0.003973743662698739,1.0,0.0,0
-2.0186465845452717,1.0,1.112332436788072,1.0,-1.2500006104135915,0.0,0.0,0
1.4027991494252245,1.0,-0.010457728490503776,2.0,-0.16500152390786518,0.0,1.0,0
0.3445141326115275,1.0,-1.1991617531888707,2.0,-0.4051242725607718,0.0,0.0,0
-1.0939315213100023,0.0,-1.1991617531888707,1.0,0.24409649231560537,1.0,0.0,0
0.26231723810172586,1.0,0.26448117755832895,1.0,-1.4945700766341445,1.0,0.0,0
0.6527524870232839,1.0,0.21017651362967923,3.0,0.5864937450243797,1.0,0.0,1
-0.11784339900610707,0.0,0.8792540142186115,1.0,-1.161066259060663,0.0,0.0,0
0.9507162296213152,0.0,1.3117340902642898,1.0,0.7510222950272971,0.0,0.0,0
0.33423952079780234,1.0,0.6503178000949477,1.0,-0.725287937431314,0.0,1.0,1
-0.025371892682580152,1.0,0.6981715987726808,1.0,0.012867178797991577,0.0,1.0,0
1.032913124131117,0.0,-1.1991617531888707,2.0,0.21296946934208044,0.0,0.0,0
1.4336229848664002,1.0,-1.1991617531888707,2.0,-1.27668091581947,1.0,0.0,0
-0.025371892682580152,0.0,0.5782101780174269,2.0,-0.027153279310826194,0.0,1.0,0
-1.6179367238099882,0.0,1.4792995483326965,2.0,-0.06717373741964397,1.0,0.0,1
-0.07674495175120621,0.0,0.3080845644642685,1.0,-0.00047297390494768034,1.0,0.0,0
1.238405360405621,0.0,-1.1991617531888707,2.0,-1.3611685496047519,1.0,0.0,0
0.3445141326115275,0.0,0.9692376875472255,1.0,-1.1254925185194917,1.0,0.0,0
0.847970111484063,0.0,0.4021510780421144,3.0,0.6798748139449544,0.0,1.0,1
-0.066470339937481,1.0,-1.1991617531888707,1.0,0.1106949652862128,1.0,0.0,0
0.4986333098174057,0.0,0.5055936172870975,1.0,-0.2183621347196222,0.0,1.0,0
-1.895351242780569,0.0,1.2282662361005756,2.0,-1.2633407631165308,0.0,1.0,0
1.3411514785428733,1.0,0.12216651365298839,1.0,1.0133786315184359,0.0,1.0,1
-0.7445947196433451,0.0,1.595470182063754,1.0,-1.3122546563606414,1.0,0.0,0
0.6322032633958335,0.0,-1.1991617531888707,1.0,-1.3878488550106305,0.0,0.0,1
-1.176128415819804,1.0,-1.1991617531888707,1.0,0.3508177139391194,1.0,0.0,0
-0.004822669055129724,1.0,-1.1991617531888707,1.0,1.587005197744824,0.0,0.0,1
-0.3233356352806113,1.0,0.4045602777607714,2.0,-0.3739972495872469,0.0,1.0,0
-0.5596517069962913,1.0,-1.1991617531888707,2.0,-0.7075010671607284,0.0,0.0,0
2.050099693689913,1.0,-1.1991617531888707,2.0,-0.17834167661080444,1.0,0.0,0
-1.2377760867021554,1.0,0.8644786745026131,1.0,0.5998338977273189,1.0,0.0,0
-0.49800403611394,1.0,0.3691295933980508,1.0,0.9199975625978611,0.0,1.0,1
-2.2446880444472264,0.0,0.9642632072060394,2.0,0.07067450717739503,0.0,1.0,0
-0.693221660574719,0.0,0.8348395811434739,1.0,1.7159600072065702,1.0,0.0,0
-0.7754185550845207,1.0,0.4802135536637695,1.0,0.8888705396243362,0.0,0.0,0
-1.2788745339570562,1.0,-1.1991617531888707,2.0,1.7026198545036308,0.0,0.0,0
-0.4363563652315887,0.0,-1.1991617531888707,1.0,-1.000984426625392,1.0,0.0,0
-0.693221660574719,0.0,-1.1991617531888707,2.0,0.18628916393620193,1.0,0.0,0
-0.9500869559178494,1.0,0.7356517626522929,2.0,0.866636951786104,1.0,0.0,0
1.90625512829776,1.0,1.1995502224428618,1.0,0.18628916393620193,0.0,0.0,0
0.19039495540564932,0.0,0.7071962030182174,1.0,0.7910427531361149,1.0,0.0,0
-0.16921645807473315,0.0,0.6416650450375715,2.0,-1.5345905347429623,1.0,0.0,0
-0.10756878719238186,0.0,1.3227797666638457,1.0,0.6354076382684902,0.0,0.0,0
-1.0528330740551015,0.0,0.8989684048681686,1.0,0.2752235152891303,0.0,0.0,0
0.36506335623897795,1.0,-1.1991617531888707,1.0,-0.6230134333754463,1.0,0.0,0
0.3753379680527032,0.0,0.4125314157011376,2.0,-0.05383358471670471,0.0,0.0,0
-0.17949106988845837,0.0,1.1015839205551918,1.0,1.386902907200735,0.0,1.0,0
-0.15894184626100794,1.0,0.7717599147419412,1.0,0.7465755774596508,1.0,0.0,1
-0.9500869559178494,0.0,1.0756165586432667,1.0,-0.5296323644548716,0.0,1.0,0
1.135659242268369,1.0,0.452860295464297,2.0,-1.3122546563606414,0.0,0.0,0
0.8787939469252386,0.0,0.5839503804207563,2.0,-0.8231157239195352,1.0,0.0,0
-1.5460144411139118,1.0,-1.1991617531888707,2.0,0.6265142031331974,1.0,0.0,0
1.9679027991801112,0.0,1.0551089961202513,4.0,0.5998338977273189,1.0,0.0,1
1.2178561367781706,1.0,0.9910645965245427,1.0,-0.5385257995901644,0.0,1.0,1
1.8959805164840349,0.0,-1.1991617531888707,1.0,1.5514314572036525,1.0,0.0,1
1.721312115650706,0.0,-1.1991617531888707,2.0,-1.5123569469047302,1.0,0.0,0
-0.8370662259668721,0.0,-1.1991617531888707,2.0,-1.0632384725724418,1.0,0.0,0
0.8582447232977882,1.0,-1.1991617531888707,1.0,-0.449591448237236,1.0,0.0,1
-2.039195808172722,1.0,0.7435585850463807,1.0,-0.6986076320254355,1.0,0.0,0
0.6527524870232839,0.0,0.7481340855719437,1.0,-0.45403816580488243,0.0,0.0,0
0.05682500182722156,0.0,0.592917371980917,1.0,0.515346263942037,1.0,0.0,0
-0.2822371880257105,1.0,-1.1991617531888707,1.0,-1.5701642752841336,0.0,0.0,0
1.0020892886899413,0.0,0.32170318189881314,1.0,0.2707767977214839,1.0,0.0,0
-0.6521232133198182,1.0,1.2808007063832703,2.0,-1.2811276333871164,0.0,1.0,1
-0.2616879643982601,1.0,0.6504355789365196,1.0,1.6314723734212881,1.0,0.0,0
0.3136902971703519,0.0,0.7603320156790183,1.0,-0.9120500752724636,1.0,0.0,0
-0.10756878719238186,0.0,0.7253762768888153,1.0,1.4758372585536634,0.0,1.0,0
-0.9706361795452998,0.0,0.9037006246653082,1.0,-0.00047297390494768034,0.0,0.0,1
-0.9089885086629486,1.0,0.6705055403977599,1.0,0.6798748139449544,0.0,1.0,0
0.6219286515821083,0.0,0.8562805968431206,1.0,-1.4767832063635589,0.0,1.0,0
-0.5802009306237417,1.0,0.7171378224719819,2.0,0.5420265693479155,0.0,1.0,0
1.3617007021703238,1.0,0.8362625027579114,1.0,-1.4945700766341445,0.0,1.0,1
1.0123639005036664,1.0,-1.1991617531888707,1.0,0.9111041274625682,0.0,0.0,0
0.36506335623897795,0.0,-0.01379479566837353,3.0,-1.681332214475294,0.0,0.0,1
-0.3849833061629626,0.0,1.286265772305746,2.0,0.11958840042150563,0.0,1.0,0
-0.7548693314570704,1.0,0.276618303141503,2.0,-0.16500152390786518,1.0,0.0,0
-1.7206828419472404,0.0,-1.1991617531888707,1.0,-1.6324183212311836,1.0,0.0,0
1.1151100186409186,1.0,-1.1991617531888707,1.0,-1.4011890077135698,1.0,0.0,0
-0.6315739896923678,1.0,1.0111519535057438,1.0,0.9866983261125574,1.0,0.0,0
0.5500063688860318,1.0,1.6018329525713813,2.0,-0.9298369455430493,0.0,0.0,0
-1.4843667702315604,0.0,-1.1991617531888707,2.0,-1.3656152671723985,1.0,0.0,0
1.4027991494252245,1.0,1.130699233212381,2.0,-0.9342836631106957,1.0,0.0,0
0.30341568535662666,1.0,1.0581343802661565,1.0,-0.04049343201376545,1.0,0.0,0
0.42671102712132924,1.0,-1.1991617531888707,1.0,0.4441987828596942,0.0,0.0,0
-0.066470339937481,0.0,0.3434480606260381,2.0,-0.9876442739224527,0.0,0.0,0
0.7144001579056353,1.0,0.5677982411570064,1.0,-1.3567218320371055,1.0,0.0,0
0.026001166386045917,1.0,0.5204680635892968,2.0,-0.1916818293137437,0.0,0.0,0
0.09792344908212242,0.0,0.9035274674253277,2.0,-0.20502198201668295,1.0,0.0,0
-1.6693097828786143,1.0,1.0439579890493709,1.0,-1.614631450960598,0.0,0.0,0
-0.8473408377805972,0.0,-1.1991617531888707,2.0,-0.9520705333812813,1.0,0.0,0
-0.46718020067276433,0.0,0.575020254595559,1.0,0.15960885853032342,1.0,0.0,0
-0.9192631204766737,0.0,0.15963247385116439,2.0,1.1556735936831213,0.0,0.0,0
-0.210314905329634,1.0,-1.1991617531888707,2.0,-0.7519682428371925,1.0,0.0,0
-0.1383926226335575,0.0,0.930801568029381,1.0,-1.032111449598917,1.0,0.0,0
-0.34388485890806175,0.0,0.43094050398590283,1.0,0.622067485565551,1.0,0.0,0
0.4369856389350545,1.0,0.7821894067142491,1.0,1.1023129828713643,1.0,0.0,1
-0.6110247660649173,0.0,1.1525848720185579,1.0,-0.018259844175533356,1.0,0.0,0
-0.31306102346688613,0.0,0.5275767667602126,2.0,1.5336445869330668,0.0,1.0,0
-0.693221660574719,0.0,0.9573286188266616,1.0,-1.3433816793341662,1.0,0.0,0
-0.9603615677315746,1.0,-0.4080210061759836,1.0,0.1818424463685555,1.0,0.0,1
-0.6829470487609939,0.0,-1.1991617531888707,2.0,0.5731535923214404,0.0,0.0,0
-0.7343201078296199,0.0,-1.1991617531888707,2.0,0.07512122474504145,1.0,0.0,0
-0.33361024709433656,1.0,0.4017862508987089,2.0,0.9155508450302147,0.0,1.0,0
-0.5904755424374669,0.0,-1.1991617531888707,2.0,1.4447102355801384,1.0,0.0,0
0.8993431705526891,0.0,-1.1991617531888707,3.0,-0.6496937387813249,0.0,0.0,1
-0.1383926226335575,0.0,1.1488793070829788,2.0,0.8266164936772863,0.0,1.0,0
0.36506335623897795,0.0,-1.1991617531888707,2.0,-0.6185667158078,0.0,0.0,0
0.6733017106507344,1.0,-0.1463081214231226,2.0,-0.694160914457789,1.0,0.0,1
-0.2205895171433592,1.0,-1.1991617531888707,2.0,0.8755303869213968,1.0,0.0,0
-1.0528330740551015,0.0,0.1325208378280331,1.0,1.6047920680154097,1.0,0.0,0
0.20066956721937454,1.0,0.443911816567581,2.0,-1.6101847333929513,0.0,1.0,0
-0.4363563652315887,0.0,-1.1991617531888707,2.0,-0.9031566401371708,1.0,0.0,0
0.04655039001349635,1.0,0.9895636344581692,1.0,-0.06717373741964397,0.0,1.0,1
0.6116540397683831,0.0,0.8622054471051201,1.0,1.2623948153066353,0.0,1.0,0
1.3103276431016977,1.0,0.8324329348956367,2.0,1.1245465707095963,0.0,0.0,0
0.9198923941801395,1.0,0.6103930070890512,2.0,1.6181322207183488,0.0,1.0,1
0.70412554609191,1.0,0.3177960523603814,1.0,-0.396230837425479,0.0,1.0,0
1.3103276431016977,0.0,-1.1991617531888707,2.0,1.5069642815271884,1.0,0.0,0
2.050099693689913,1.0,-1.1991617531888707,2.0,1.3691160369301494,1.0,0.0,0
-0.9706361795452998,1.0,-0.21999921459288743,1.0,0.1818424463685555,1.0,0.0,1
-0.05619572812375579,0.0,1.2811778221049965,1.0,0.9066574098949218,1.0,0.0,0
-1.792605124643317,1.0,-1.1991617531888707,2.0,-0.5251856468872251,1.0,0.0,0
-0.066470339937481,0.0,-1.1991617531888707,2.0,-0.12942778336669383,0.0,0.0,0
1.5569183266311029,0.0,0.8342715934779532,1.0,1.502517563959542,1.0,0.0,0
0.10819806089584763,0.0,-1.1991617531888707,2.0,1.1868006166566463,1.0,0.0,0
-1.22750147488843,1.0,0.002610935166186439,2.0,-0.449591448237236,0.0,0.0,0
-0.08701956356493143,0.0,0.5852757913682555,2.0,0.5464732869155619,0.0,1.0,0
-1.1042061331237276,0.0,-1.1991617531888707,2.0,-1.1210458009518454,1.0,0.0,0
-0.49800403611394,0.0,-1.1991617531888707,2.0,0.6087273328626117,1.0,0.0,0
-0.8267916141531468,1.0,1.243233564903852,1.0,0.6932149666478937,1.0,0.0,1
-0.2616879643982601,1.0,0.06909868715276979,1.0,0.10180153015091996,1.0,0.0,0
1.8035090101605078,0.0,0.6407073338881505,1.0,0.47087908826557273,1.0,0.0,0
0.04655039001349635,1.0,0.6171834839590262,2.0,1.2623948153066353,0.0,0.0,0
1.382249925797774,0.0,-1.1991617531888707,1.0,0.003973743662698739,1.0,0.0,0
-0.9089885086629486,0.0,-1.1991617531888707,1.0,1.142333440980182,1.0,0.0,0
1.2075815249644455,1.0,-0.38338751358364903,1.0,1.7159600072065702,1.0,0.0,1
0.20066956721937454,0.0,-1.1991617531888707,2.0,-0.8853697698665851,1.0,0.0,0
0.27259184991545105,1.0,0.37638831297964076,1.0,-0.8053288536489496,0.0,1.0,0
0.28286646172917623,1.0,0.029187299868677956,2.0,-1.0721319077077347,0.0,1.0,0
-1.268599922143331,1.0,-1.1991617531888707,2.0,-0.7830952658107174,1.0,0.0,0
0.21094417903309975,1.0,0.712267076882858,1.0,-0.5829929752666286,1.0,0.0,0
-1.3096983693982318,0.0,0.6557316370090976,1.0,0.5864937450243797,0.0,1.0,0
0.3753379680527032,1.0,-1.1991617531888707,1.0,-1.5479306874459016,1.0,0.0,0
0.28286646172917623,0.0,0.41431102527074176,2.0,0.8088296234067006,0.0,1.0,0
0.6938509342781848,0.0,0.7670886590606286,1.0,1.0000384788154966,0.0,1.0,0
-1.2583253103296057,0.0,0.2937765099083273,2.0,-0.36065709688430764,0.0,1.0,0
0.796597052415437,0.0,0.49774855696846837,1.0,0.4575389355626335,1.0,0.0,0
-1.412444487535484,0.0,-1.1991617531888707,1.0,-1.467889771228266,1.0,0.0,1
-1.792605124643317,1.0,-1.1991617531888707,2.0,-2.1660244293487536,1.0,0.0,0
-0.8267916141531468,0.0,0.1680397765259695,1.0,-0.7030543495930819,0.0,1.0,0
-1.1864030276335293,1.0,1.0609240471369914,2.0,-0.12942778336669383,0.0,1.0,0
1.6391152211409046,0.0,-0.7636604423873701,1.0,0.05288763690680935,0.0,1.0,0
0.4369856389350545,0.0,0.789378863399847,2.0,-0.8809230522989386,0.0,1.0,1
1.1459338540820942,1.0,0.3853782857771814,1.0,1.249054662603696,1.0,0.0,0
-1.5151906056727362,0.0,0.46745800936638027,1.0,0.6798748139449544,1.0,0.0,0
-0.015097280868854937,1.0,1.2807901733161378,1.0,-1.3078079387929948,0.0,1.0,1
-1.2994237575845067,0.0,-1.1991617531888707,2.0,-1.3967422901459232,1.0,0.0,1
-0.2719625762119853,0.0,1.117400757181892,1.0,1.0089319139507895,1.0,0.0,1
-0.8165170023394216,1.0,1.212228843431799,1.0,1.0445056544919609,1.0,0.0,0
0.6219286515821083,1.0,-1.1991617531888707,2.0,-0.8809230522989386,1.0,0.0,0
0.3753379680527032,1.0,1.231884185068644,2.0,0.7243419896214186,0.0,1.0,0
0.3753379680527032,1.0,0.06064334730816354,1.0,1.2712882504419283,0.0,1.0,1
-0.9706361795452998,1.0,-1.1991617531888707,2.0,-1.1432793887900774,1.0,0.0,0
-1.1042061331237276,0.0,-0.02646352195788319,1.0,0.3419242788038266,0.0,1.0,0
-0.30278641165316095,0.0,0.5142696727657061,1.0,0.866636951786104,0.0,1.0,0
-0.3233356352806113,0.0,-1.1991617531888707,2.0,-0.3517636617490148,1.0,0.0,0
0.9815400650624908,0.0,1.0639475161797818,2.0,-1.6457584739341227,0.0,1.0,0
0.6116540397683831,1.0,0.7106777008893425,1.0,1.364669319362503,0.0,0.0,0
0.1801203435919241,1.0,-1.1991617531888707,2.0,-0.7030543495930819,1.0,0.0,0
-0.015097280868854937,1.0,-1.1991617531888707,2.0,1.7204067247742165,1.0,0.0,0
-0.3644340825355122,0.0,-1.1991617531888707,2.0,0.3419242788038266,0.0,0.0,1
1.9165297401114851,0.0,0.30102804785323617,2.0,-0.05383358471670471,0.0,1.0,0
-0.2205895171433592,1.0,-1.1991617531888707,2.0,0.5642601571861475,1.0,0.0,1
-0.03564650449630537,0.0,0.7759747375141809,1.0,0.47532580583321915,1.0,0.0,0
-0.9089885086629486,0.0,1.071769595261031,1.0,1.0222720666537288,0.0,1.0,0
0.4472602507487797,0.0,-1.1991617531888707,1.0,0.1818424463685555,1.0,0.0,0
-0.33361024709433656,0.0,-1.1991617531888707,1.0,-0.7208412198636676,1.0,0.0,1
1.4747214321213011,0.0,0.21572233306683708,2.0,0.05288763690680935,0.0,0.0,0
-0.1281180108198323,0.0,1.0328835861030903,1.0,1.5114109990948348,1.0,0.0,0
-0.6007501542511922,0.0,0.7892456041414287,1.0,-1.245553892845945,0.0,1.0,0
-0.6726724369472686,0.0,1.2345643718780723,1.0,-0.894263205001878,0.0,1.0,0
-0.9295377322903989,1.0,1.0869123155912552,1.0,0.7198952720537722,1.0,0.0,0
0.5808302043272074,0.0,1.397257807621945,2.0,1.449156953147785,0.0,1.0,0
-0.49800403611394,0.0,0.24677971987455236,2.0,0.7021084017831866,0.0,1.0,0
0.5602809806997571,0.0,0.6228858630758345,1.0,1.1556735936831213,0.0,1.0,1
1.9165297401114851,0.0,0.4494606682513376,1.0,1.7470870301800951,1.0,0.0,0
0.4472602507487797,1.0,0.3921911055168313,1.0,-0.9831975563548063,1.0,0.0,0
1.4438975966801255,1.0,-1.1991617531888707,2.0,-0.7830952658107174,1.0,0.0,1
0.11847267270957285,0.0,1.1483181818702868,1.0,-0.4940586239137002,1.0,0.0,0
0.9712654532487656,1.0,-1.1991617531888707,1.0,1.524751151797774,0.0,0.0,0
0.5500063688860318,0.0,-1.1991617531888707,2.0,-1.2588940455488844,1.0,0.0,0
-1.032283850427651,0.0,1.1196144567908939,2.0,1.182353899089,0.0,1.0,0
-0.5596517069962913,0.0,-0.20348320573728948,3.0,0.8221697761096398,0.0,1.0,1
0.20066956721937454,0.0,-1.1991617531888707,1.0,-0.32063663877548987,1.0,0.0,1
0.8993431705526891,0.0,-1.1991617531888707,1.0,0.7110018369184794,0.0,0.0,0
1.5055452675624768,0.0,-1.1991617531888707,2.0,1.1912473342242926,1.0,0.0,0
-0.9089885086629486,0.0,-1.1991617531888707,1.0,0.039547484203870095,0.0,0.0,0
1.1973069131507204,1.0,0.9114928600563491,1.0,0.4353053477244014,0.0,1.0,1
0.6733017106507344,1.0,0.855485350274621,1.0,-1.614631450960598,0.0,1.0,0
0.6630270988370092,0.0,0.3052778212573246,1.0,1.0000384788154966,1.0,0.0,1
0.6527524870232839,0.0,1.6358306610283109,1.0,0.9022106923272754,0.0,1.0,0
-0.30278641165316095,0.0,-0.10302567388087033,1.0,0.15960885853032342,0.0,0.0,0
0.8582447232977882,1.0,0.2614561125962763,2.0,1.7204067247742165,0.0,1.0,0
0.6424778752095588,0.0,-1.1991617531888707,2.0,-0.725287937431314,1.0,0.0,0
-1.2480506985158806,1.0,-1.1991617531888707,2.0,-0.9920909914900992,1.0,0.0,0
0.5602809806997571,1.0,0.6444133775995082,1.0,-0.13387450093434025,0.0,1.0,1
-0.549377095182566,1.0,0.702016327867949,2.0,1.6670461139624595,0.0,1.0,0
-0.46718020067276433,1.0,-1.1991617531888707,2.0,-0.24948915769314714,1.0,0.0,0
0.70412554609191,0.0,1.2812665552159914,1.0,-1.032111449598917,1.0,0.0,0
-0.6623978251335434,0.0,1.4834829314954654,1.0,-1.4189758779841555,0.0,0.0,0
-0.8987138968492233,1.0,-1.1991617531888707,2.0,-1.5568241225811943,1.0,0.0,0
0.5397317570723066,1.0,0.7492103735225679,1.0,0.47087908826557273,0.0,1.0,0
-0.2308641289570844,1.0,-0.050159092799651674,1.0,-1.712459237448819,1.0,0.0,0
0.36506335623897795,0.0,0.9754068730483124,1.0,-1.6635453442047083,0.0,0.0,0
-0.7034962723884443,1.0,0.3406860031584443,2.0,-1.116599083384199,0.0,1.0,0
-0.24113874077080963,1.0,-1.1991617531888707,2.0,-0.9342836631106957,1.0,0.0,1
0.026001166386045917,0.0,-1.1991617531888707,2.0,0.49755939367145124,1.0,0.0,0
-0.9500869559178494,0.0,-0.026253498982939254,1.0,0.21741618690972686,1.0,0.0,0
-1.022009238613926,1.0,-1.1991617531888707,2.0,0.38194473691264436,1.0,0.0,0
-1.5151906056727362,0.0,0.9812238391681675,2.0,-1.3478283969018128,0.0,1.0,0
0.2931410735429015,1.0,-1.1991617531888707,2.0,-0.3784439671548933,1.0,0.0,0
-0.17949106988845837,0.0,1.0598037118147228,1.0,-0.33842350904607554,1.0,0.0,0
1.1459338540820942,1.0,1.4966770344061873,1.0,1.3468824490919173,0.0,0.0,1
1.7726851747193322,0.0,1.1804349398844438,1.0,1.3735627544977957,1.0,0.0,0
-1.4843667702315604,0.0,-1.1991617531888707,2.0,-1.3834021374429841,0.0,0.0,0
-0.6212993778786425,1.0,-1.1991617531888707,2.0,-0.13832121850198667,0.0,0.0,0
-0.49800403611394,1.0,-1.1991617531888707,2.0,-0.027153279310826194,1.0,0.0,1
0.16984573177819892,0.0,-1.1991617531888707,2.0,-1.3700619847400448,1.0,0.0,0
-0.693221660574719,0.0,0.5994558531993446,1.0,-1.3567218320371055,1.0,0.0,0
1.2486799722193465,0.0,-1.1991617531888707,2.0,0.8933172571919825,1.0,0.0,0
-0.354159470721787,0.0,0.6077412276424953,2.0,-0.04494014958141187,0.0,1.0,0
-0.8781646732217729,0.0,-1.1991617531888707,2.0,-0.7341813725666069,1.0,0.0,0
0.33423952079780234,1.0,-1.1991617531888707,2.0,-1.000984426625392,0.0,0.0,0
0.6630270988370092,0.0,1.4381350452436963,1.0,0.026207331500930835,1.0,0.0,0
0.9815400650624908,0.0,1.4386122251031817,1.0,-0.4184644252637111,1.0,0.0,1
0.27259184991545105,1.0,0.18316526092815877,1.0,-0.07606717255493681,1.0,0.0,1
-0.9192631204766737,1.0,1.4833452036631123,2.0,1.7426403126124486,0.0,1.0,0
-0.7754185550845207,1.0,-1.1991617531888707,2.0,-0.04049343201376545,0.0,0.0,0
0.30341568535662666,0.0,-1.1991617531888707,2.0,-0.36510381445195406,0.0,0.0,0
-1.4843667702315604,1.0,1.838719717276925,1.0,0.8488500815155183,0.0,1.0,0
-1.0836569094962771,1.0,-1.1991617531888707,2.0,-0.8142222887842424,0.0,0.0,0
-1.4021698757217589,0.0,-1.1991617531888707,1.0,-0.10274747796081532,0.0,0.0,0
-1.3507968166531328,0.0,-1.1991617531888707,2.0,1.0089319139507895,1.0,0.0,0
0.796597052415437,1.0,0.8501998252691756,1.0,-0.13387450093434025,0.0,0.0,0
0.7554986051605361,0.0,1.0058608427828795,1.0,-1.023218014463624,0.0,1.0,0
-1.5357398293001865,1.0,1.1031193544776348,1.0,-0.39178411985783257,1.0,0.0,0
0.27259184991545105,0.0,0.3900567230951753,1.0,0.09290809501562712,1.0,0.0,0
-0.30278641165316095,0.0,0.47067522300763676,1.0,0.32858412610088733,0.0,0.0,0
0.36506335623897795,1.0,-1.1991617531888707,2.0,1.6003453504477632,0.0,0.0,0
-1.3302475930256823,0.0,-1.1991617531888707,2.0,0.7821493180008221,1.0,0.0,0
-1.1042061331237276,0.0,-1.1991617531888707,2.0,-1.5790577104194266,1.0,0.0,0
-1.5254652174864614,1.0,0.4201426738478119,1.0,1.226821074765464,0.0,1.0,1
-0.10756878719238186,1.0,1.6112381835610226,1.0,-1.0054311441930384,1.0,0.0,0
0.3753379680527032,0.0,0.8479328219568064,1.0,1.342435731524271,1.0,0.0,0
-0.3849833061629626,0.0,0.8159397476854925,2.0,-0.15610808877257235,0.0,1.0,0
-0.9911854031727503,0.0,0.9612360675489456,1.0,0.25743664501854463,0.0,0.0,1
-0.549377095182566,0.0,-1.1991617531888707,3.0,0.8310632112449327,1.0,0.0,0
0.1595711199644737,1.0,-1.1991617531888707,2.0,1.2134809220625247,1.0,0.0,0
0.16984573177819892,0.0,-1.1991617531888707,2.0,-0.31618992120784345,0.0,0.0,0
-1.9056258545942943,1.0,-1.1991617531888707,2.0,1.4269233653095528,0.0,0.0,0
-1.556289052927637,0.0,0.8937671443997827,2.0,1.4891774112566027,0.0,1.0,0
-0.045921116310030576,0.0,-1.1991617531888707,2.0,0.866636951786104,1.0,0.0,0
-1.2891491457707813,0.0,-1.1991617531888707,3.0,-1.6190781685282443,1.0,0.0,1
0.3239649089840771,1.0,-1.1991617531888707,2.0,1.4669438234183707,1.0,0.0,0
-0.1281180108198323,1.0,-1.1991617531888707,2.0,-0.12942778336669383,1.0,0.0,0
-0.3849833061629626,1.0,0.41659446655151455,2.0,-0.1427679360696331,0.0,1.0,0
-1.6179367238099882,1.0,1.1734564637253475,2.0,1.4002430599036744,1.0,0.0,0
-0.2719625762119853,1.0,0.7540579782823857,2.0,-1.3611685496047519,0.0,1.0,0
0.8171462760428874,0.0,-1.1991617531888707,2.0,-0.3695505320196005,0.0,0.0,0
0.26231723810172586,0.0,0.061457266132034186,1.0,-1.6946723671782333,1.0,0.0,0
-0.6623978251335434,0.0,1.0120413593107305,1.0,1.0044851963831432,1.0,0.0,0
0.35478874442525277,1.0,-1.1991617531888707,2.0,1.12009985314195,1.0,0.0,0
-0.7754185550845207,0.0,-1.1991617531888707,1.0,0.3686045842097051,1.0,0.0,1
0.2520426262880006,0.0,1.9517704884417384,1.0,-1.6457584739341227,0.0,0.0,0
0.6013794279546579,1.0,-1.1991617531888707,2.0,0.928890997733154,0.0,0.0,0
-0.40553252979041304,1.0,-1.1991617531888707,2.0,0.10180153015091996,0.0,0.0,0
-1.1555791921923537,1.0,-1.1991617531888707,2.0,-1.4056357252812162,1.0,0.0,0
-0.045921116310030576,0.0,-1.1991617531888707,2.0,-1.6324183212311836,1.0,0.0,0
-0.30278641165316095,1.0,0.41294140735967166,2.0,0.5509200044832083,0.0,1.0,0
2.0192758582487373,0.0,-1.1991617531888707,2.0,0.8221697761096398,0.0,0.0,0
-0.6726724369472686,1.0,-1.1991617531888707,2.0,-0.022706561743179775,1.0,0.0,0
-0.2616879643982601,1.0,0.8880918959104367,1.0,0.19518259907149477,1.0,0.0,0
-0.7240454960158946,0.0,1.0892439536337553,1.0,-0.17389495904315802,0.0,1.0,1
0.12874728452329806,0.0,0.1992470201524327,2.0,-0.5918864104019215,1.0,0.0,0
1.0534623477585674,0.0,-1.1991617531888707,2.0,0.6798748139449544,1.0,0.0,0
-0.4466309770453139,1.0,-1.1991617531888707,2.0,-1.0187712968959777,1.0,0.0,0
-0.641848601506093,1.0,-0.07788675365810453,2.0,-1.5479306874459016,0.0,1.0,0
2.050099693689913,0.0,0.8399658334065229,2.0,-0.8987099225695243,1.0,0.0,0
-1.7720559010158665,1.0,0.2748819429839122,2.0,-0.5607593874283965,0.0,0.0,0
-0.3644340825355122,0.0,-1.1991617531888707,2.0,-0.25838259282844,1.0,0.0,0
-2.0494704199864473,1.0,-1.1991617531888707,2.0,-0.13387450093434025,0.0,0.0,0
-0.6212993778786425,1.0,0.3847893915693222,1.0,1.4447102355801384,0.0,0.0,0
-0.6212993778786425,1.0,0.6783004888515468,2.0,-0.1427679360696331,0.0,1.0,0
0.1595711199644737,0.0,0.5532421807476742,1.0,1.5603248923389454,1.0,0.0,0
-0.2205895171433592,0.0,0.921440703595237,1.0,-1.1744064117636024,0.0,0.0,0
1.3206022549154228,0.0,0.7174179063025491,2.0,-0.6230134333754463,0.0,1.0,0
-0.11784339900610707,1.0,-1.1991617531888707,2.0,-0.3739972495872469,0.0,0.0,0
-1.4946413820452857,0.0,0.9849485551348965,2.0,0.19518259907149477,0.0,1.0,0
-0.5596517069962913,0.0,1.0381111792393074,2.0,-1.4456561833900339,0.0,1.0,0
0.4986333098174057,1.0,0.7484716224959606,1.0,-0.2628293103960864,1.0,0.0,0
-1.0117346268002008,0.0,0.9219247459075509,1.0,0.49755939367145124,0.0,1.0,0
0.5602809806997571,1.0,-1.1991617531888707,2.0,0.7643624477302364,0.0,0.0,0
1.7932343983467827,1.0,0.6894004265060275,1.0,1.2312677923331103,0.0,1.0,1
-0.10756878719238186,1.0,-0.6853134143612126,1.0,-0.6496937387813249,0.0,1.0,0
-1.4227190993492091,0.0,0.3002974360148676,2.0,-0.11608763066375458,0.0,1.0,0
-0.40553252979041304,0.0,-1.1991617531888707,2.0,-0.8898164874342315,0.0,0.0,0
0.8582447232977882,1.0,-0.3077877009759444,2.0,-1.5256970996076695,0.0,0.0,1
-1.0939315213100023,0.0,-0.03064738389643088,1.0,1.066739242330193,1.0,0.0,0
0.9198923941801395,1.0,-1.1991617531888707,2.0,0.5998338977273189,1.0,0.0,0
0.6322032633958335,0.0,-1.1991617531888707,2.0,1.493624128824249,0.0,0.0,0
0.9096177823664143,0.0,0.43072298019042543,1.0,1.6581526788271668,0.0,1.0,1
-0.46718020067276433,1.0,0.8684426187667892,1.0,-1.0054311441930384,1.0,0.0,0
-0.5699263188100164,1.0,1.2021080022448567,2.0,-0.8898164874342315,0.0,1.0,0
1.6493898329546297,0.0,0.6808196474073896,1.0,1.2401612274684033,1.0,0.0,0
1.2589545840330716,0.0,1.0056098046828899,1.0,1.4669438234183707,0.0,0.0,0
-0.2925117998394357,0.0,0.42048819036814145,1.0,-1.2411071752782987,1.0,0.0,0
-0.7343201078296199,0.0,-1.1991617531888707,2.0,1.0178253490860822,1.0,0.0,0
0.06709961364094677,0.0,0.5468079130570874,1.0,1.6981731369359845,0.0,0.0,0
-1.0425584622413764,0.0,0.7836231805796713,1.0,-0.9831975563548063,0.0,1.0,0
0.70412554609191,0.0,0.4912056071761059,1.0,-1.712459237448819,1.0,0.0,0
0.8890685587389638,1.0,0.38350611289035275,2.0,1.195694051791939,0.0,1.0,0
-0.6623978251335434,0.0,1.2255763141836464,1.0,1.280181685577221,1.0,0.0,1
1.8240582337879583,0.0,0.8664898519572046,2.0,-1.0498983198695027,1.0,0.0,0
-0.6726724369472686,1.0,-1.1991617531888707,2.0,0.6932149666478937,0.0,0.0,0
-0.6829470487609939,1.0,0.5884882172517245,1.0,0.155162140962677,0.0,1.0,1
0.7452239933468109,1.0,-1.1991617531888707,2.0,0.8577435166508112,0.0,0.0,0
-0.6726724369472686,1.0,-1.1991617531888707,2.0,0.4397520652920478,1.0,0.0,0
1.6082913856997287,0.0,0.8772959808754607,2.0,-0.2984030509372578,0.0,1.0,0
0.4678094743762301,0.0,-1.1991617531888707,2.0,1.4002430599036744,1.0,0.0,0
0.6219286515821083,1.0,1.1191111038555044,1.0,-1.4412094658223875,0.0,1.0,0
0.4061618034938788,0.0,0.9914042081436009,2.0,-0.4006775549931254,0.0,1.0,0
-0.05619572812375579,1.0,-1.1991617531888707,2.0,0.008420461230345158,1.0,0.0,1
-0.15894184626100794,0.0,1.3455896023149314,2.0,1.7381935950448022,0.0,0.0,1
1.3103276431016977,1.0,0.7674809360153491,1.0,1.6492592436918738,0.0,1.0,0
1.1048354068271933,1.0,0.32531075739167514,1.0,0.9066574098949218,0.0,1.0,0
1.6288406093271792,0.0,-1.1991617531888707,1.0,-0.6852674793224962,0.0,0.0,0
-0.9398123441041242,0.0,-1.1991617531888707,2.0,0.7910427531361149,1.0,0.0,0
-1.987822749104096,0.0,-0.02296734162954325,3.0,-1.3167013739282878,1.0,0.0,1
-0.2925117998394357,1.0,-1.1991617531888707,2.0,-1.3967422901459232,0.0,0.0,0
-0.7034962723884443,0.0,-1.1991617531888707,1.0,-1.5879511455547193,1.0,0.0,0
-0.980910791359025,0.0,0.8554891804808509,1.0,1.302415273415453,1.0,0.0,0
-1.412444487535484,1.0,1.5394559694211234,1.0,1.0578458071949002,0.0,1.0,0
-0.7240454960158946,0.0,0.8808770641085653,2.0,0.6665346612420152,0.0,1.0,0
-1.22750147488843,0.0,-1.1991617531888707,2.0,1.4135832126066137,1.0,0.0,0
-0.066470339937481,1.0,1.2498676416861028,2.0,1.502517563959542,0.0,0.0,0
0.36506335623897795,1.0,-1.1991617531888707,2.0,0.07956794231268786,0.0,0.0,0
1.5363691030036524,0.0,0.32099475333819316,1.0,1.3602226017948567,0.0,1.0,0
1.4130737612389497,1.0,-1.1991617531888707,1.0,0.49755939367145124,1.0,0.0,0
-0.1383926226335575,1.0,0.9687810950462269,1.0,-0.5474192347254573,0.0,1.0,0
-0.641848601506093,1.0,0.7283556985599606,1.0,-0.4184644252637111,1.0,0.0,0
0.4986333098174057,1.0,0.5652779654576799,1.0,0.47532580583321915,1.0,0.0,0
-0.08701956356493143,0.0,-1.1991617531888707,1.0,-1.2588940455488844,0.0,0.0,0
-1.3405222048394074,1.0,1.1251996954338352,1.0,-0.6185667158078,1.0,0.0,0
-0.15894184626100794,1.0,-1.1991617531888707,2.0,1.6492592436918738,1.0,0.0,0
0.5294571452585813,0.0,0.6540463462679066,1.0,-0.5251856468872251,0.0,0.0,0
-0.066470339937481,0.0,0.981817361541888,1.0,-0.2806161806666721,0.0,0.0,0
-0.8987138968492233,1.0,0.3816955424870562,2.0,0.28411695042442314,0.0,0.0,1
0.5500063688860318,0.0,1.4819443057344974,1.0,1.6181322207183488,0.0,0.0,0
-0.2205895171433592,0.0,-1.1991617531888707,2.0,1.035612219356668,0.0,0.0,0
1.0123639005036664,1.0,0.06996319661726139,1.0,0.09735481258327354,0.0,1.0,0
-1.412444487535484,0.0,1.0511555849232075,1.0,1.3246488612536853,1.0,0.0,0
0.4061618034938788,0.0,-1.1991617531888707,2.0,-0.396230837425479,1.0,0.0,0
2.050099693689913,1.0,0.6257376112059805,2.0,0.6131740504302582,0.0,0.0,0
2.050099693689913,1.0,1.579146960255065,4.0,-1.627971603663537,0.0,0.0,1
0.9507162296213152,0.0,1.1097693904525106,3.0,-0.6007798455372143,0.0,1.0,1
-1.2788745339570562,0.0,0.9369008522667708,2.0,-0.06272701985199755,0.0,1.0,0
-0.7754185550845207,1.0,1.0022004423624293,1.0,-0.00047297390494768034,1.0,0.0,0
-0.6110247660649173,0.0,0.8510948167915808,1.0,-0.4051242725607718,0.0,0.0,0
0.8993431705526891,0.0,0.06193045619336305,1.0,-0.6185667158078,0.0,0.0,0
0.12874728452329806,1.0,0.7897697040272311,1.0,0.31079725583030166,1.0,0.0,0
-0.025371892682580152,0.0,-1.1991617531888707,1.0,0.35971114907441226,0.0,0.0,0
-1.1658538040060789,1.0,0.97259709759477,1.0,0.897763974759629,0.0,0.0,0
-0.30278641165316095,0.0,1.4153269651037996,1.0,-1.521250382040023,1.0,0.0,0
-2.234413432633501,0.0,-1.1991617531888707,2.0,-0.8497960293254138,0.0,0.0,0
2.050099693689913,1.0,-1.1991617531888707,1.0,1.6581526788271668,0.0,0.0,0
0.026001166386045917,1.0,0.1377868926184762,1.0,-0.17389495904315802,1.0,0.0,0
-0.49800403611394,1.0,-1.1991617531888707,2.0,0.3152439733979481,1.0,0.0,0
1.1459338540820942,1.0,1.7332597764922266,1.0,-1.2588940455488844,0.0,0.0,0
-0.6007501542511922,0.0,-1.1991617531888707,2.0,-0.1916818293137437,1.0,0.0,0
-0.4260817534178635,0.0,1.046213342151124,2.0,0.5331331342126227,0.0,0.0,0
-0.7651439432707955,0.0,0.40552596850650496,2.0,-1.712459237448819,0.0,0.0,0
-0.693221660574719,1.0,-0.30901560125650535,2.0,-0.1427679360696331,1.0,0.0,0
0.4061618034938788,0.0,-1.1991617531888707,2.0,1.2001407693595856,0.0,0.0,0
-0.45690558885903915,1.0,-1.1991617531888707,2.0,0.026207331500930835,1.0,0.0,1
0.1492965081507485,0.0,-1.1991617531888707,2.0,-1.5790577104194266,0.0,0.0,0
-0.785693166898246,1.0,-1.1991617531888707,2.0,0.0884613774479807,0.0,0.0,0
-0.9706361795452998,0.0,1.1152186567742879,2.0,-0.27172274553137926,0.0,1.0,1
-0.6829470487609939,0.0,0.46991700176602713,1.0,-0.18278839417845086,1.0,0.0,0
0.5705555925134822,0.0,0.19901800573826509,2.0,0.16405557609796984,0.0,0.0,1
0.2520426262880006,1.0,-0.11288653981995246,1.0,-0.2806161806666721,1.0,0.0,1
1.187032301336995,1.0,1.0786057154219135,1.0,-0.6496937387813249,0.0,1.0,1
0.6219286515821083,1.0,1.834146770222182,1.0,-1.3478283969018128,1.0,0.0,1
0.10819806089584763,0.0,-1.1991617531888707,1.0,0.40862504231852287,1.0,0.0,0
-0.2205895171433592,0.0,-1.1991617531888707,1.0,-0.2139154171519758,1.0,0.0,0
-1.0425584622413764,0.0,0.2830854467688971,1.0,-0.7075010671607284,0.0,1.0,1
1.90625512829776,1.0,0.9342915242725972,1.0,1.5469847396360061,1.0,0.0,0
-0.4466309770453139,0.0,-1.1991617531888707,2.0,0.5864937450243797,1.0,0.0,0
2.050099693689913,0.0,0.30226265099469957,2.0,-1.2500006104135915,0.0,1.0,0
-0.34388485890806175,1.0,0.7003771591934439,2.0,-0.6852674793224962,0.0,1.0,1
1.043187735944842,1.0,-1.1991617531888707,2.0,-1.3611685496047519,1.0,0.0,1
-0.40553252979041304,0.0,0.11822347593115085,2.0,0.1106949652862128,1.0,0.0,0
-0.46718020067276433,0.0,-0.22054996633037327,1.0,-0.6052265631048607,0.0,1.0,0
-0.18976568170218358,1.0,1.0291459431903351,1.0,0.4575389355626335,1.0,0.0,1
0.5191825334448562,1.0,0.48594801075775396,1.0,-1.2900210685224092,1.0,0.0,0
-0.05619572812375579,0.0,0.8518313335312205,1.0,0.844403363947872,1.0,0.0,0
0.8376954996703379,0.0,-1.1991617531888707,2.0,0.7732558828655293,1.0,0.0,0
-0.6521232133198182,1.0,0.13002450091764398,1.0,0.06178107204210219,0.0,0.0,0
0.6733017106507344,0.0,-1.1991617531888707,2.0,-0.7964354185136567,0.0,0.0,0
0.1801203435919241,1.0,0.8539192747023381,1.0,0.6531945085390759,1.0,0.0,0
0.5500063688860318,0.0,-1.1991617531888707,2.0,-1.3255948090635805,1.0,0.0,0
-0.693221660574719,1.0,-1.1991617531888707,2.0,1.0267187842213752,1.0,0.0,0
0.6219286515821083,0.0,-1.1991617531888707,2.0,-0.8853697698665851,0.0,0.0,1
0.30341568535662666,0.0,1.6009424296229111,1.0,0.7376821423243579,0.0,1.0,0
-0.8884392850354981,0.0,-1.1991617531888707,1.0,-1.5479306874459016,1.0,0.0,0
-0.6829470487609939,1.0,0.4798093073145804,1.0,-0.6808207617548498,0.0,1.0,0
-1.1144807449374527,1.0,-1.1991617531888707,2.0,1.5069642815271884,1.0,0.0,0
-1.022009238613926,0.0,-1.1991617531888707,2.0,1.4669438234183707,1.0,0.0,0
-0.15894184626100794,1.0,0.8882420719130372,2.0,1.2401612274684033,1.0,0.0,0
0.03627577819977113,1.0,-1.1991617531888707,2.0,-0.7919887009460103,1.0,0.0,0
0.5397317570723066,1.0,-1.1991617531888707,2.0,-0.6986076320254355,1.0,0.0,0
2.050099693689913,1.0,0.7528264073875212,1.0,0.590940462592026,0.0,0.0,0
-2.1111180908687985,1.0,0.892803847532943,2.0,0.8710836693537505,0.0,1.0,0
0.3445141326115275,0.0,0.7553779631043923,1.0,-0.0049196914725941,0.0,1.0,0
0.22121879084682497,1.0,-1.1991617531888707,1.0,0.6620879436743687,1.0,0.0,1
0.16984573177819892,0.0,0.9914094746771669,1.0,1.3735627544977957,0.0,0.0,1
-1.1144807449374527,0.0,0.9065889193465654,1.0,-0.8898164874342315,0.0,0.0,0
-0.8678900614080477,1.0,-1.1991617531888707,1.0,-0.8275624414871816,1.0,0.0,1
0.7657732169742613,0.0,-1.1991617531888707,2.0,-1.3344882441988735,1.0,0.0,0
0.5500063688860318,0.0,0.7496117472170845,1.0,-1.3344882441988735,0.0,0.0,0
-1.1864030276335293,0.0,0.9480315911630177,1.0,-1.1343859536547847,0.0,1.0,1
-1.8234289600844926,0.0,-1.1991617531888707,2.0,-1.3433816793341662,0.0,0.0,0
0.2417680144742754,0.0,-1.1991617531888707,1.0,0.4886659585361584,1.0,0.0,0
0.36506335623897795,1.0,1.272059218214899,2.0,-0.26727602796373284,0.0,1.0,0
-0.980910791359025,0.0,1.0679278984123617,2.0,-1.5256970996076695,0.0,1.0,0
0.8376954996703379,0.0,-1.1991617531888707,2.0,1.7248534423418629,1.0,0.0,0
-2.0905688672413483,0.0,-1.1991617531888707,2.0,-1.1477261063577238,1.0,0.0,1
0.06709961364094677,1.0,0.5901746251363992,1.0,-0.5785462576989822,0.0,0.0,0
2.050099693689913,0.0,-1.1991617531888707,2.0,-0.43625129553429676,1.0,0.0,0
-0.2616879643982601,0.0,0.9961120103760244,1.0,0.07067450717739503,1.0,0.0,0
-0.004822669055129724,0.0,1.905422439588166,1.0,0.9689114558419717,0.0,0.0,1
0.8274208878566126,0.0,0.6661571391832494,1.0,0.7821493180008221,0.0,1.0,1
-0.5288278715551156,0.0,0.5305070341180732,1.0,1.4536036707154314,0.0,1.0,0
-0.08701956356493143,0.0,0.925995457170388,1.0,-0.6496937387813249,1.0,0.0,0
0.94044161780759,1.0,0.28194260898502693,1.0,-1.2099801523047737,0.0,1.0,1
0.005451942758595491,0.0,-1.1991617531888707,2.0,-1.4323160306870946,1.0,0.0,0
0.03627577819977113,0.0,-1.1991617531888707,2.0,-0.3517636617490148,0.0,0.0,0
-1.4740921584178353,1.0,0.44120641423380563,1.0,0.11958840042150563,0.0,1.0,0
-1.124755356751178,0.0,-1.1991617531888707,2.0,-0.04494014958141187,1.0,0.0,0
0.5911048161409327,0.0,1.6208652473281495,2.0,1.493624128824249,0.0,1.0,0
-0.354159470721787,1.0,0.6824262593289399,2.0,0.20852275177443402,0.0,1.0,0
1.6493898329546297,1.0,-1.1991617531888707,2.0,-1.0410048847342097,1.0,0.0,0
1.3206022549154228,0.0,-1.1991617531888707,2.0,-0.8809230522989386,0.0,0.0,0
-0.39525791797668786,1.0,0.6838595544185834,1.0,-0.8764763347312923,1.0,0.0,0
-2.141941926309974,0.0,-1.1991617531888707,2.0,-0.34287022661372196,1.0,0.0,0
-0.6726724369472686,0.0,1.0068325980218107,2.0,0.45309221799498706,1.0,0.0,0
0.5911048161409327,0.0,-1.1991617531888707,1.0,-0.2405957225578543,1.0,0.0,1
0.21094417903309975,1.0,0.6298217281906222,2.0,-0.4762717536431145,0.0,1.0,1
1.4541722084938506,0.0,-0.06175185032238961,2.0,0.23964977474795895,1.0,0.0,0
-0.7651439432707955,0.0,-1.1991617531888707,2.0,0.017313896365637998,1.0,0.0,0
0.07737422545467199,0.0,-1.1991617531888707,2.0,0.20852275177443402,0.0,0.0,0
2.050099693689913,1.0,0.1044644176015069,1.0,-0.13387450093434025,1.0,0.0,0
1.4336229848664002,0.0,1.711228909033163,1.0,0.24409649231560537,0.0,0.0,1
1.032913124131117,0.0,1.4382097342651812,1.0,-0.5385257995901644,1.0,0.0,0
0.33423952079780234,0.0,-1.1991617531888707,1.0,-1.3211480914959342,1.0,0.0,0
0.796597052415437,1.0,-1.1991617531888707,1.0,-0.3784439671548933,0.0,0.0,0
-0.210314905329634,1.0,0.49930729131214374,1.0,-1.5123569469047302,0.0,1.0,0
0.41643641530760406,0.0,0.9383493085894082,2.0,1.1334400058448892,1.0,0.0,0
1.526094491189927,1.0,0.4932455111774224,2.0,-0.31618992120784345,1.0,0.0,0
0.026001166386045917,1.0,-1.1991617531888707,2.0,-1.667992061772355,1.0,0.0,0
-0.31306102346688613,0.0,-1.1991617531888707,2.0,-0.9076033577048171,1.0,0.0,0
1.330876866729148,0.0,0.736909825806915,1.0,1.342435731524271,1.0,0.0,0
-0.16921645807473315,0.0,0.6563977737092614,1.0,1.7026198545036308,0.0,1.0,0
0.36506335623897795,0.0,-1.1991617531888707,1.0,0.22186290447737328,1.0,0.0,0
0.3856125798664284,1.0,0.7663396941507412,1.0,-0.4762717536431145,1.0,0.0,0
0.19039495540564932,1.0,-1.1991617531888707,1.0,-1.2055334347371274,1.0,0.0,1
0.5191825334448562,0.0,0.8018894340904439,2.0,0.8844238220566897,0.0,1.0,0
-0.8678900614080477,0.0,0.6938314963383353,2.0,-0.15166137120492593,0.0,1.0,0
0.6116540397683831,0.0,-1.1991617531888707,2.0,-1.721352672584112,1.0,0.0,0
-3.087206213172694,1.0,-1.1991617531888707,1.0,1.5647716099065918,1.0,0.0,1
0.4061618034938788,1.0,0.6855849027332629,1.0,1.6581526788271668,1.0,0.0,0
1.0534623477585674,0.0,-1.1991617531888707,2.0,1.4536036707154314,1.0,0.0,0
-1.3199729812119572,0.0,1.1013188383656918,1.0,-1.6946723671782333,1.0,0.0,0
-0.980910791359025,1.0,-1.1991617531888707,2.0,-0.23170228742256146,0.0,0.0,0
-1.8028797364570421,1.0,-1.1991617531888707,2.0,0.8621902342184576,1.0,0.0,1
0.12874728452329806,1.0,1.0626848248592986,1.0,-1.2722341982518235,0.0,1.0,0
-0.5699263188100164,0.0,-1.1991617531888707,2.0,-1.054345037437149,1.0,0.0,0
0.3753379680527032,0.0,-1.1991617531888707,2.0,-0.4273578603990039,1.0,0.0,0
0.70412554609191,1.0,-1.1991617531888707,2.0,1.4046897774713207,0.0,0.0,0
-0.9911854031727503,1.0,0.19891698404894959,3.0,0.9422311504360932,0.0,0.0,1
0.5911048161409327,0.0,0.5980964491715545,1.0,1.2223743571978176,0.0,0.0,0
-0.2616879643982601,1.0,1.0784035124513556,1.0,-1.5790577104194266,0.0,1.0,0
-0.8781646732217729,0.0,0.4955784259553325,1.0,-1.6413117563664763,1.0,0.0,0
0.20066956721937454,1.0,-1.1991617531888707,1.0,0.6887682490802473,1.0,0.0,0
0.07737422545467199,0.0,1.4937244241786516,2.0,-1.690225649610587,0.0,1.0,0
1.5569183266311029,0.0,-1.1991617531888707,2.0,1.0445056544919609,0.0,0.0,0
1.3411514785428733,1.0,1.299338266168666,1.0,1.6492592436918738,1.0,0.0,0
-0.17949106988845837,1.0,0.8625927767101267,2.0,0.6709813788096616,1.0,0.0,0
-1.3302475930256823,0.0,-1.1991617531888707,2.0,-0.15166137120492593,1.0,0.0,0
1.6288406093271792,1.0,-0.1698267048186806,3.0,1.2312677923331103,0.0,1.0,1
0.2417680144742754,1.0,-1.1991617531888707,2.0,0.11514168285385921,1.0,0.0,0
0.16984573177819892,0.0,-1.1991617531888707,1.0,1.6047920680154097,1.0,0.0,1
-0.5288278715551156,0.0,0.48363424701099367,1.0,-1.5434839698782552,1.0,0.0,0
1.3411514785428733,0.0,1.1485617191497433,1.0,0.5953871801596725,1.0,0.0,0
0.12874728452329806,1.0,1.1979126496876196,1.0,0.21296946934208044,0.0,0.0,1
0.16984573177819892,0.0,-1.1991617531888707,2.0,-0.9520705333812813,1.0,0.0,0
-0.7651439432707955,0.0,-0.0715573378630635,1.0,0.039547484203870095,1.0,0.0,1
-2.0700196436138976,1.0,-1.1991617531888707,2.0,0.19962931663914119,0.0,0.0,0
1.5158198793762019,1.0,0.08083108761097572,2.0,1.5958986328801168,0.0,1.0,0
1.032913124131117,1.0,0.9223278751132564,2.0,-0.8675828995959994,0.0,1.0,0
-0.48772942430021476,1.0,0.26287775747530373,1.0,-0.8453493117577673,0.0,0.0,1
0.3958871916801536,1.0,0.981676122687158,1.0,-0.7742018306754246,0.0,1.0,1
-1.8131543482707673,0.0,0.3717234409753782,1.0,1.6270256558536418,1.0,0.0,0
-0.2000402935159088,1.0,1.1438231156755534,2.0,-1.0143245793283313,0.0,1.0,0
0.3958871916801536,1.0,-1.1991617531888707,2.0,1.0400589369243145,0.0,0.0,0
-0.9603615677315746,0.0,0.12663221493329213,1.0,-0.4896119063460538,1.0,0.0,0
0.28286646172917623,0.0,0.691175088725918,2.0,0.6887682490802473,0.0,1.0,0
-1.3816206520943084,1.0,-0.3018042804770114,1.0,0.008420461230345158,1.0,0.0,0
0.48835869800368054,0.0,0.3453910923281215,1.0,0.10180153015091996,0.0,1.0,0
-1.9159004664080195,0.0,1.422689738621304,2.0,-0.8898164874342315,0.0,1.0,0
-0.785693166898246,0.0,-1.1991617531888707,2.0,0.16850229366561625,0.0,0.0,0
-2.3063357153295776,1.0,-1.1991617531888707,2.0,-1.1254925185194917,1.0,0.0,0
-0.5904755424374669,0.0,1.5416810000568892,1.0,-0.018259844175533356,1.0,0.0,0
-1.4843667702315604,1.0,-0.27758604607677706,1.0,1.342435731524271,0.0,1.0,0
-0.9398123441041242,1.0,-1.1991617531888707,1.0,-0.534079082022518,1.0,0.0,1
0.4986333098174057,1.0,0.08976695874551793,1.0,-0.5162922117519323,1.0,0.0,1
-0.641848601506093,0.0,0.8969419065886568,2.0,-1.3344882441988735,0.0,1.0,0
-0.7034962723884443,0.0,1.2179837282923434,1.0,1.257948097738989,1.0,0.0,0
0.2931410735429015,0.0,-1.1991617531888707,2.0,0.8488500815155183,1.0,0.0,0
0.07737422545467199,0.0,0.08176454078760707,1.0,-0.8275624414871816,1.0,0.0,0
1.957628187366386,1.0,1.3974252195525803,2.0,-1.6635453442047083,1.0,0.0,0
-0.1281180108198323,0.0,0.03986767034904978,2.0,-1.169959694195956,0.0,0.0,0
-0.7754185550845207,0.0,-1.1991617531888707,2.0,-1.5790577104194266,1.0,0.0,0
0.35478874442525277,0.0,0.1296689301059609,1.0,-0.6986076320254355,0.0,0.0,0
-0.4363563652315887,0.0,0.897728535193139,2.0,-1.6012912982576586,0.0,1.0,0
0.6733017106507344,1.0,-1.1991617531888707,2.0,-0.27172274553137926,1.0,0.0,0
-0.8165170023394216,1.0,0.4289511906252073,2.0,0.8532967990831648,1.0,0.0,0
1.1048354068271933,0.0,-1.1991617531888707,2.0,-0.20502198201668295,1.0,0.0,0
-0.05619572812375579,1.0,0.7425920963410156,2.0,-1.4011890077135698,0.0,1.0,1
0.5500063688860318,0.0,0.6260976505915985,1.0,-1.5034635117694373,1.0,0.0,0
-0.45690558885903915,0.0,-0.18044770710248761,1.0,1.4847306936889564,0.0,1.0,0
-0.549377095182566,0.0,-1.1991617531888707,2.0,-1.4945700766341445,1.0,0.0,0
-1.1042061331237276,1.0,1.150938840891224,1.0,1.449156953147785,1.0,0.0,0
2.050099693689913,0.0,-1.1991617531888707,2.0,0.7865960355684685,0.0,0.0,0
-0.45690558885903915,0.0,-1.1991617531888707,2.0,-1.6724387793400013,0.0,0.0,0
1.3206022549154228,1.0,0.005282184827744502,1.0,1.4002430599036744,0.0,1.0,0
1.8857059046703095,0.0,-1.1991617531888707,2.0,0.622067485565551,0.0,0.0,0
-1.124755356751178,0.0,-1.1991617531888707,2.0,0.5286864166449762,1.0,0.0,0
-0.7959677787119712,1.0,0.8008736314798679,2.0,-0.7919887009460103,1.0,0.0,0
0.27259184991545105,0.0,0.9520874603767133,2.0,1.3246488612536853,0.0,0.0,0
-0.7137708842021695,0.0,-1.1991617531888707,2.0,0.6798748139449544,1.0,0.0,0
1.0740115713860177,0.0,0.767292617542375,2.0,0.7999361882714078,1.0,0.0,0
2.050099693689913,1.0,0.6280352561681894,1.0,1.524751151797774,0.0,1.0,0
-2.100843479055073,0.0,0.9745246488800072,1.0,0.017313896365637998,0.0,1.0,0
-1.9775481372903707,0.0,0.14757977239697653,1.0,-0.6230134333754463,0.0,1.0,0
-0.11784339900610707,1.0,0.10232540701398961,2.0,1.1289932882772429,1.0,0.0,0
1.0020892886899413,1.0,-0.7267364563707361,1.0,0.4130717598861693,1.0,0.0,1
-0.4774548124864896,0.0,1.1733235236507822,1.0,-1.023218014463624,1.0,0.0,0
1.1664830777095447,1.0,0.4962474353101689,1.0,-0.7875419833783639,1.0,0.0,0
-0.2308641289570844,0.0,-1.1991617531888707,2.0,-0.4940586239137002,1.0,0.0,0
-1.7823305128295917,1.0,0.8614994124233939,1.0,-1.63686503879883,0.0,0.0,0
2.050099693689913,0.0,1.1623549301516045,1.0,0.9644647382743253,0.0,1.0,1
-0.6623978251335434,1.0,-1.1991617531888707,2.0,0.12848183555679848,0.0,0.0,0
-0.49800403611394,1.0,1.3290113526080962,1.0,0.8933172571919825,0.0,1.0,0
-0.6110247660649173,0.0,-1.1991617531888707,2.0,-1.3522751144694591,0.0,0.0,0
1.1459338540820942,1.0,0.7751413484753081,2.0,0.2796702328567767,0.0,0.0,0
-1.0117346268002008,1.0,-1.1991617531888707,2.0,0.47087908826557273,1.0,0.0,0
1.1664830777095447,0.0,-1.1991617531888707,2.0,1.2001407693595856,1.0,0.0,0
-1.2891491457707813,0.0,1.4398307094600935,1.0,0.3908381720479372,1.0,0.0,0
0.4678094743762301,1.0,-1.1991617531888707,2.0,0.3196906909655945,0.0,0.0,0
1.5877421620722785,0.0,0.8759064139736095,1.0,-1.6012912982576586,0.0,1.0,1
0.8993431705526891,1.0,-1.1991617531888707,2.0,0.22186290447737328,1.0,0.0,0
-0.5904755424374669,1.0,-1.1991617531888707,1.0,0.3196906909655945,0.0,0.0,0
0.8685193351115135,1.0,0.2645962433371547,1.0,1.333542296388978,1.0,0.0,0
-1.6590351710648892,1.0,0.6726906730519632,1.0,0.21741618690972686,1.0,0.0,0
1.4438975966801255,1.0,0.6147187462500343,2.0,0.12403511798915205,0.0,1.0,1
1.4130737612389497,0.0,0.5895378533506652,1.0,0.17294901123326267,1.0,0.0,0
0.6219286515821083,1.0,1.2340212805530464,1.0,1.088972830168425,1.0,0.0,0
1.3103276431016977,0.0,-1.1991617531888707,2.0,-0.4762717536431145,1.0,0.0,0
-1.4329937111629345,1.0,0.7861873440587166,1.0,1.5114109990948348,0.0,1.0,1
1.0945607950134681,0.0,0.7304921556766579,2.0,-0.8675828995959994,1.0,0.0,0
-1.6795843946923394,1.0,0.5622228972134924,1.0,1.6714928315301059,0.0,1.0,1
0.4780840861899553,0.0,0.9192496660397628,2.0,-1.7080125198811726,1.0,0.0,0
-0.17949106988845837,0.0,1.3096469470528034,1.0,-1.169959694195956,1.0,0.0,0
-1.9056258545942943,1.0,0.7561955525425669,1.0,0.9866983261125574,1.0,0.0,1
-1.4638175466041101,1.0,-1.1991617531888707,1.0,1.6670461139624595,1.0,0.0,0
-0.8267916141531468,1.0,0.18240560335921274,1.0,-1.330041526631227,0.0,1.0,0
-0.9603615677315746,1.0,-1.1991617531888707,1.0,-0.3295300739107827,1.0,0.0,0
-1.6179367238099882,1.0,-1.1991617531888707,2.0,-1.6768854969076477,1.0,0.0,0
-0.3233356352806113,1.0,0.9121218118376971,1.0,-0.43625129553429676,1.0,0.0,0
0.7657732169742613,0.0,0.01239232432599656,1.0,1.587005197744824,1.0,0.0,0
-1.0425584622413764,0.0,-1.1991617531888707,2.0,1.311308708550746,1.0,0.0,0
1.0226385123173916,1.0,0.5159337377807061,1.0,0.16850229366561625,0.0,1.0,1
1.526094491189927,0.0,1.2679206803834064,1.0,0.26188336258619105,0.0,1.0,1
-0.4774548124864896,1.0,-1.1991617531888707,2.0,1.2001407693595856,0.0,0.0,0
-1.2480506985158806,0.0,0.33506102612586675,3.0,0.3863914544802908,0.0,0.0,1
-0.045921116310030576,1.0,0.49183344181397,1.0,-1.161066259060663,0.0,1.0,0
-1.5049159938590109,0.0,0.6125679258599745,1.0,1.5158577166624811,0.0,0.0,0
-0.5699263188100164,0.0,0.16963298272571475,1.0,-1.3567218320371055,0.0,0.0,0
-1.4227190993492091,0.0,-1.1991617531888707,2.0,-0.15166137120492593,1.0,0.0,0
-1.8850766309668439,0.0,0.6284005620873737,2.0,0.33303084366853375,0.0,1.0,1
0.27259184991545105,0.0,0.7791392858197754,1.0,0.9022106923272754,0.0,0.0,1
1.032913124131117,0.0,1.2963388955067394,2.0,0.31079725583030166,0.0,1.0,0
-2.2446880444472264,0.0,1.236266100587667,1.0,-0.7519682428371925,1.0,0.0,1
0.7863224406017117,1.0,0.3376571079901616,1.0,-0.28950961580196494,0.0,0.0,1
1.0123639005036664,1.0,-1.1991617531888707,2.0,0.590940462592026,1.0,0.0,0
0.3958871916801536,0.0,-1.1991617531888707,2.0,-0.5162922117519323,0.0,0.0,0
-2.1111180908687985,1.0,0.9977058549434745,1.0,-1.2055334347371274,0.0,1.0,0
0.36506335623897795,1.0,1.2283203377635743,2.0,0.26188336258619105,1.0,0.0,0
0.847970111484063,0.0,0.5778523729187763,2.0,-1.5390372523106086,0.0,1.0,0
-0.8576154495943225,1.0,0.48011013809556013,2.0,1.640365808556581,0.0,1.0,0
0.6630270988370092,0.0,-1.1991617531888707,2.0,-1.4100824428488625,0.0,0.0,0
0.991814676876216,1.0,-1.1991617531888707,2.0,1.3691160369301494,1.0,0.0,0
0.28286646172917623,0.0,-1.1991617531888707,2.0,0.7510222950272971,0.0,0.0,0
0.005451942758595491,0.0,-1.1991617531888707,2.0,-0.9920909914900992,1.0,0.0,0
-2.2960611035158522,0.0,-1.1991617531888707,1.0,1.5692183274742382,1.0,0.0,0
-0.6212993778786425,0.0,-1.1991617531888707,2.0,-1.0810253428430274,1.0,0.0,0
0.5602809806997571,1.0,1.2500837291542444,3.0,1.195694051791939,0.0,1.0,1
-0.210314905329634,0.0,-1.1991617531888707,1.0,0.23964977474795895,1.0,0.0,1
0.3136902971703519,1.0,1.5666641585596357,1.0,1.173460463953707,0.0,0.0,0
-1.792605124643317,1.0,0.5867585599550361,1.0,1.0044851963831432,0.0,1.0,1
-0.066470339937481,1.0,1.022054156763602,1.0,1.2979685558478067,1.0,0.0,0
0.4472602507487797,1.0,0.8712504791172168,2.0,0.49755939367145124,1.0,0.0,0
-0.6315739896923678,1.0,-1.1991617531888707,2.0,-1.3967422901459232,1.0,0.0,1
-0.4158071416041383,0.0,-1.1991617531888707,3.0,0.9199975625978611,1.0,0.0,1
-1.1864030276335293,0.0,0.5479304826663238,1.0,-0.8497960293254138,0.0,0.0,1
0.6835763224644595,0.0,0.3562061583942474,1.0,0.31079725583030166,1.0,0.0,0
0.8376954996703379,0.0,-1.1991617531888707,1.0,0.5998338977273189,0.0,0.0,0
-0.2719625762119853,1.0,1.2243267094011154,1.0,-1.2055334347371274,0.0,1.0,0
-2.2138642090060507,0.0,-1.1991617531888707,1.0,0.675428096377308,1.0,0.0,0
-0.2719625762119853,1.0,-1.1991617531888707,2.0,0.2974571031273624,0.0,0.0,0
-0.8473408377805972,1.0,-1.1991617531888707,2.0,1.0622925247625465,1.0,0.0,0
0.4061618034938788,1.0,0.039941721002829375,1.0,1.0044851963831432,1.0,0.0,1
-0.693221660574719,1.0,-1.1991617531888707,2.0,0.37749801934499794,1.0,0.0,0
-1.124755356751178,1.0,0.3986194683061469,1.0,0.12848183555679848,0.0,1.0,1
-1.4843667702315604,0.0,-1.1991617531888707,2.0,1.0267187842213752,1.0,0.0,0
-1.124755356751178,0.0,0.8357082399980481,1.0,0.1818424463685555,1.0,0.0,0
0.26231723810172586,1.0,-1.1991617531888707,2.0,0.008420461230345158,0.0,0.0,0
-1.4227190993492091,1.0,0.7702640596172079,2.0,0.8532967990831648,0.0,1.0,0
-0.8678900614080477,1.0,0.348901635929824,2.0,0.5020061112390977,0.0,1.0,0
0.20066956721937454,1.0,0.5935922862370248,1.0,-0.16500152390786518,1.0,0.0,0
1.0740115713860177,1.0,1.1732494729970024,2.0,-0.38733740229018615,1.0,0.0,0
1.1664830777095447,0.0,0.6139217441703461,1.0,0.7332354247567114,0.0,0.0,0
-0.18976568170218358,1.0,0.5144696414492965,1.0,0.09290809501562712,1.0,0.0,0
0.6116540397683831,0.0,0.5424802587929893,2.0,0.09290809501562712,1.0,0.0,0
-1.566563664741362,0.0,0.7431155578591129,1.0,0.8310632112449327,0.0,1.0,0
0.23149340266055018,0.0,0.07060523493656164,2.0,-0.8320091590548281,1.0,0.0,0
-1.7823305128295917,0.0,1.11333451449299,1.0,-0.48071847121076094,1.0,0.0,1
-2.4399056689080054,0.0,-1.1991617531888707,2.0,-0.6986076320254355,1.0,0.0,0
0.6116540397683831,1.0,-1.1991617531888707,1.0,-0.8898164874342315,0.0,0.0,0
-1.566563664741362,0.0,0.5313394656053888,2.0,-0.6630338914842642,0.0,1.0,0
1.5877421620722785,0.0,1.2234802338242903,1.0,0.33747756123618017,0.0,1.0,1
-0.6623978251335434,1.0,-0.13071503267702347,2.0,0.9733581734096182,0.0,0.0,0
-1.032283850427651,0.0,0.7535970767993782,1.0,0.42641191258910854,1.0,0.0,0
-0.693221660574719,1.0,-1.1991617531888707,2.0,-1.2633407631165308,1.0,0.0,0
1.4438975966801255,0.0,-1.1991617531888707,1.0,-0.9298369455430493,1.0,0.0,0
0.03627577819977113,0.0,0.1970389062608495,1.0,0.2752235152891303,1.0,0.0,0
-0.05619572812375579,0.0,-1.1991617531888707,1.0,0.6398543558361367,1.0,0.0,0
0.48835869800368054,0.0,0.3712325362102359,2.0,-0.9031566401371708,1.0,0.0,0
0.4575348625625049,1.0,-1.1991617531888707,1.0,-0.10274747796081532,1.0,0.0,1
0.6835763224644595,0.0,-1.1991617531888707,2.0,-0.5740995401313358,1.0,0.0,0
0.4472602507487797,0.0,-1.1991617531888707,1.0,0.1329285531244449,0.0,0.0,0
-0.9192631204766737,0.0,-1.1991617531888707,4.0,-1.2722341982518235,1.0,0.0,1
-1.4227190993492091,1.0,-1.1991617531888707,1.0,1.395796342336028,1.0,0.0,0
0.70412554609191,1.0,0.6268226767125483,1.0,0.590940462592026,1.0,0.0,0
2.050099693689913,1.0,0.9920652379021246,1.0,0.982251608544911,1.0,0.0,0
0.7760478287879865,0.0,-1.1991617531888707,2.0,-0.2761694630990257,1.0,0.0,0
-0.5596517069962913,0.0,-1.1991617531888707,2.0,0.537579851780269,0.0,0.0,0
0.09792344908212242,0.0,-1.1991617531888707,2.0,-1.3211480914959342,0.0,0.0,0
1.0740115713860177,1.0,0.9655910120324325,1.0,-1.5168036644723766,0.0,1.0,1
1.0020892886899413,0.0,0.7531374520517806,2.0,0.155162140962677,0.0,0.0,0
-1.4638175466041101,0.0,0.7550646841531654,2.0,1.2223743571978176,1.0,0.0,0
0.22121879084682497,1.0,1.4481293300331233,2.0,-0.863136182028353,0.0,1.0,0
2.050099693689913,1.0,-1.1991617531888707,2.0,-1.2811276333871164,1.0,0.0,0
-0.45690558885903915,1.0,1.1530113016454957,3.0,-0.894263205001878,0.0,0.0,1
0.22121879084682497,0.0,-1.1991617531888707,1.0,0.7954894707037613,1.0,0.0,0
-2.1727657617511498,0.0,0.33605257076365275,4.0,-0.9298369455430493,0.0,0.0,1
1.4336229848664002,1.0,0.9572558449082921,1.0,-0.3739972495872469,1.0,0.0,0
-1.1864030276335293,0.0,0.953324776580923,1.0,0.15071542339503058,0.0,1.0,0
1.6596644447683548,0.0,-0.3243179135129785,1.0,1.6848329842330452,0.0,1.0,0
1.6288406093271792,1.0,-1.1991617531888707,2.0,-0.4406980131019432,1.0,0.0,0
-1.4740921584178353,1.0,-1.1991617531888707,2.0,-0.863136182028353,1.0,0.0,0
2.050099693689913,0.0,0.2230937245483589,1.0,0.2752235152891303,0.0,0.0,1
-1.3816206520943084,1.0,-1.1991617531888707,2.0,0.38194473691264436,0.0,0.0,0
0.4986333098174057,0.0,-1.1991617531888707,1.0,-1.6324183212311836,1.0,0.0,0
1.187032301336995,0.0,0.5896728681202719,2.0,-1.3344882441988735,0.0,1.0,0
0.508907921631131,0.0,-1.1991617531888707,2.0,-0.3250833563431363,0.0,0.0,0
-0.7754185550845207,1.0,-1.1991617531888707,2.0,-1.1566195414930167,0.0,0.0,0
0.9301670059938647,1.0,0.7328043235041557,2.0,1.182353899089,0.0,0.0,0
0.8582447232977882,0.0,0.521329700399116,1.0,-1.2411071752782987,1.0,0.0,0
1.3000530312879723,0.0,0.7902408193935185,2.0,-1.0410048847342097,0.0,1.0,0
-0.7034962723884443,0.0,1.177832314751173,1.0,0.026207331500930835,1.0,0.0,0
-0.7240454960158946,1.0,0.6189702751653116,2.0,-0.07162045498729039,1.0,0.0,0
1.2486799722193465,1.0,0.5361853148540179,1.0,0.9111041274625682,0.0,1.0,1
0.5705555925134822,1.0,0.46822468898008107,3.0,-0.1427679360696331,0.0,1.0,1
-0.7959677787119712,1.0,2.102296954912229,2.0,1.4847306936889564,0.0,1.0,0
1.947353575552661,0.0,0.9759438998801407,1.0,1.4758372585536634,1.0,0.0,0
1.371975313984049,0.0,0.7521344167953048,1.0,-0.4273578603990039,0.0,0.0,0
1.711037503836981,0.0,-1.1991617531888707,1.0,0.33303084366853375,1.0,0.0,1
0.94044161780759,1.0,0.06362803551287514,1.0,1.6359190909889345,1.0,0.0,0
-0.025371892682580152,0.0,0.12062006788763426,1.0,1.6003453504477632,1.0,0.0,0
-0.2000402935159088,1.0,0.20783019312996442,2.0,0.8799771044890433,0.0,0.0,0
-0.025371892682580152,1.0,1.3086496571056723,3.0,1.6803862666653988,0.0,1.0,1
-0.8165170023394216,0.0,-0.052603083558231095,1.0,-1.3878488550106305,0.0,1.0,0
0.9096177823664143,1.0,-1.1991617531888707,1.0,-0.969857403651867,1.0,0.0,0
2.050099693689913,1.0,-1.1991617531888707,2.0,-0.6897141968901427,1.0,0.0,0
-1.8131543482707673,1.0,1.6146252030118078,1.0,0.5242396990773298,0.0,1.0,0
1.4952706557487514,0.0,-1.1991617531888707,2.0,0.8799771044890433,1.0,0.0,0
-0.5802009306237417,0.0,1.753496671108323,1.0,0.9377844328684468,0.0,1.0,0
-1.2788745339570562,1.0,-0.34417705403964366,1.0,1.173460463953707,1.0,0.0,0
-1.4946413820452857,1.0,0.7551047417266539,2.0,-1.5657175577164872,0.0,1.0,0
-1.6179367238099882,1.0,1.0828026638984132,2.0,0.23964977474795895,1.0,0.0,0
1.1048354068271933,1.0,0.8020764758280079,1.0,-0.3028497685049042,0.0,1.0,1
1.6699390565820802,1.0,0.49346064109400617,1.0,-1.223320305007713,0.0,1.0,1
0.48835869800368054,1.0,-1.1991617531888707,1.0,-0.27172274553137926,0.0,0.0,0
-1.0631076858688266,1.0,-1.1991617531888707,3.0,-0.6007798455372143,0.0,0.0,1
-1.70013361831979,0.0,0.4324743419890834,2.0,0.7910427531361149,0.0,0.0,0
-0.08701956356493143,0.0,-1.1991617531888707,2.0,0.5820470274567332,1.0,0.0,0
0.33423952079780234,0.0,0.32807744302513037,2.0,-0.6541404563489713,1.0,0.0,0
0.4369856389350545,1.0,-1.1991617531888707,2.0,1.066739242330193,1.0,0.0,0
-1.6590351710648892,1.0,1.0254711794965221,1.0,-1.1477261063577238,1.0,0.0,0
0.20066956721937454,0.0,1.5228047862039926,2.0,0.5464732869155619,1.0,0.0,0
0.3136902971703519,1.0,1.2601546180682701,1.0,-1.3522751144694591,1.0,0.0,0
0.10819806089584763,1.0,0.938800315372988,1.0,-0.43625129553429676,1.0,0.0,0
0.5294571452585813,0.0,-1.1991617531888707,2.0,0.7999361882714078,0.0,0.0,0
1.4747214321213011,0.0,-1.1991617531888707,2.0,-1.0587917550047954,1.0,0.0,0
1.618565997513454,0.0,1.0222940234287543,1.0,0.866636951786104,0.0,0.0,0
-0.7343201078296199,1.0,0.6795706809925639,1.0,-0.26727602796373284,0.0,1.0,1
-0.3747086943492374,1.0,1.146801898978994,2.0,-0.36510381445195406,0.0,0.0,0
-2.388532609839379,1.0,-1.1991617531888707,2.0,-1.6190781685282443,1.0,0.0,0
0.07737422545467199,0.0,-1.1991617531888707,2.0,1.2757349680095746,0.0,0.0,0
0.8685193351115135,0.0,-1.1991617531888707,2.0,1.2979685558478067,0.0,0.0,0
-0.8062423905256964,0.0,0.6886034244263393,2.0,1.5647716099065918,0.0,1.0,0
-1.4227190993492091,1.0,1.2511739016024521,2.0,-0.7075010671607284,0.0,1.0,0
2.050099693689913,0.0,0.767179307274738,2.0,0.6354076382684902,0.0,1.0,0
0.7863224406017117,0.0,1.1373775169582028,1.0,0.1818424463685555,0.0,1.0,0
0.4472602507487797,1.0,0.3683188664127051,2.0,1.5914519153124704,0.0,1.0,1
-0.15894184626100794,0.0,0.45333093205480585,2.0,-0.7430748077018997,1.0,0.0,0
0.5500063688860318,1.0,1.2618426218722076,2.0,0.12403511798915205,0.0,1.0,0
-2.624848681555059,1.0,0.49269763209460904,1.0,-0.2539358752607936,0.0,1.0,1
-1.3302475930256823,1.0,0.1926841213692891,1.0,1.0222720666537288,0.0,1.0,0
0.3753379680527032,1.0,0.3514008454948857,1.0,0.9377844328684468,1.0,0.0,0
0.09792344908212242,1.0,1.451189026443172,2.0,-1.3033612212253485,0.0,1.0,0
-0.6007501542511922,0.0,-1.1991617531888707,1.0,-1.0988122131136133,1.0,0.0,1
0.6219286515821083,0.0,1.635618084582547,3.0,0.8088296234067006,0.0,0.0,1
0.33423952079780234,0.0,0.3178089793064078,1.0,0.75991573016259,0.0,0.0,1
-2.039195808172722,1.0,-1.1991617531888707,2.0,1.409136495038967,1.0,0.0,0
0.8376954996703379,1.0,0.44403853255702286,1.0,-1.4189758779841555,0.0,1.0,1
-0.045921116310030576,1.0,-1.1991617531888707,2.0,-0.16055480634021876,1.0,0.0,0
1.382249925797774,0.0,-1.1991617531888707,2.0,1.471390540986017,1.0,0.0,0
-1.751506677388416,1.0,-1.1991617531888707,1.0,0.6443010734037831,1.0,0.0,1
-1.2377760867021554,1.0,-1.1991617531888707,2.0,0.39973160718323003,1.0,0.0,0
0.7144001579056353,1.0,1.2949853963802205,1.0,-0.9609639685165742,0.0,1.0,0
-1.0014600149864754,0.0,-1.1991617531888707,2.0,1.1690137463860606,0.0,0.0,0
-0.2822371880257105,1.0,1.1654771865967426,2.0,1.235714509900757,1.0,0.0,0
0.6527524870232839,0.0,1.1702505811108546,2.0,1.4669438234183707,1.0,0.0,0
2.050099693689913,0.0,-0.03319303471203094,1.0,-0.7830952658107174,1.0,0.0,0
0.6630270988370092,0.0,-1.1991617531888707,1.0,0.7554690125949436,1.0,0.0,0
-2.0186465845452717,1.0,0.2833763828504492,1.0,-0.7163945022960212,0.0,1.0,1
-0.46718020067276433,1.0,-1.1991617531888707,2.0,0.7065551193508329,1.0,0.0,0
-1.4535429347903848,0.0,1.5244575201922288,1.0,1.7248534423418629,0.0,1.0,0
-1.3302475930256823,1.0,0.9801459552982811,2.0,-0.12942778336669383,1.0,0.0,0
1.3925245376114994,1.0,-1.1991617531888707,1.0,0.7065551193508329,1.0,0.0,0
-0.30278641165316095,0.0,0.5560115794438757,1.0,-0.9743041212195135,0.0,1.0,1
-0.07674495175120621,1.0,1.208169622787652,1.0,-0.3072964860725506,0.0,1.0,1
0.8993431705526891,0.0,0.1202509317622199,1.0,-1.6546519090694156,1.0,0.0,0
-1.032283850427651,0.0,0.8731035009728956,2.0,1.4002430599036744,0.0,1.0,0
-2.1727657617511498,0.0,1.4426636257429422,2.0,1.204587486927232,1.0,0.0,0
-0.7445947196433451,0.0,1.7687156763792946,1.0,-0.8186690063518888,1.0,0.0,1
-0.3233356352806113,0.0,0.1518124694649562,1.0,-0.06717373741964397,0.0,1.0,0
-1.0117346268002008,0.0,-1.1991617531888707,1.0,-0.6230134333754463,0.0,0.0,0
0.11847267270957285,0.0,-1.1991617531888707,2.0,-0.4184644252637111,1.0,0.0,0
0.5397317570723066,1.0,-1.1991617531888707,2.0,0.2485432098832518,1.0,0.0,0
-0.4466309770453139,1.0,0.4782025358011041,1.0,0.40417832475087645,0.0,1.0,1
1.5980167738860036,0.0,0.6195246975171012,1.0,1.1868006166566463,1.0,0.0,0
0.8993431705526891,0.0,0.2798771702755105,1.0,1.7159600072065702,1.0,0.0,0
-0.4260817534178635,0.0,0.6923282999849945,1.0,0.5642601571861475,1.0,0.0,0
1.032913124131117,0.0,0.06610873241449193,1.0,-0.03159999687847261,0.0,0.0,0
0.4986333098174057,0.0,1.1490377818657442,1.0,-0.45403816580488243,0.0,1.0,0
-0.24113874077080963,1.0,-1.1991617531888707,2.0,-0.9076033577048171,1.0,0.0,0
-2.039195808172722,0.0,1.2531799721154038,1.0,-1.3878488550106305,0.0,1.0,0
-0.7959677787119712,0.0,0.8341431219773227,1.0,1.4269233653095528,0.0,1.0,0
0.21094417903309975,1.0,0.778871330975603,1.0,1.1868006166566463,0.0,1.0,0
-0.31306102346688613,1.0,-1.1991617531888707,2.0,-0.8987099225695243,1.0,0.0,0
0.6835763224644595,0.0,-0.26603781470146254,2.0,0.8310632112449327,0.0,1.0,0
1.3514260903565984,1.0,1.1734433771873949,1.0,0.4397520652920478,0.0,1.0,1
0.7554986051605361,1.0,-1.1991617531888707,2.0,-0.6185667158078,1.0,0.0,0
0.6835763224644595,1.0,0.413678243283164,1.0,0.26633008015383747,0.0,0.0,0
1.0226385123173916,0.0,-1.1991617531888707,2.0,1.5291978693654205,1.0,0.0,0
-0.9192631204766737,0.0,0.7202205001194104,1.0,-0.17834167661080444,1.0,0.0,0
1.0740115713860177,1.0,0.735203468931459,1.0,-0.23170228742256146,1.0,0.0,0
1.1459338540820942,0.0,0.6448484251904633,2.0,1.4447102355801384,0.0,0.0,0
-0.4466309770453139,1.0,0.36908905704878364,1.0,1.4536036707154314,0.0,0.0,0
-0.40553252979041304,0.0,-1.1991617531888707,2.0,1.35577588422721,0.0,0.0,0
0.26231723810172586,1.0,0.42001228724406636,1.0,-1.3656152671723985,1.0,0.0,0
0.6527524870232839,0.0,1.2090850420766173,2.0,0.568706874753794,0.0,0.0,0
1.8240582337879583,0.0,-0.033020675431682044,2.0,-0.32063663877548987,1.0,0.0,0
-0.2308641289570844,1.0,-1.1991617531888707,1.0,-0.8987099225695243,1.0,0.0,1
0.1492965081507485,0.0,0.4680883974750644,1.0,1.4891774112566027,0.0,1.0,1
0.015726554572320705,0.0,-1.1991617531888707,2.0,-0.04494014958141187,0.0,0.0,0
-1.7104082301335153,0.0,0.5068986004680369,2.0,-0.9342836631106957,0.0,1.0,0
-0.8987138968492233,1.0,1.0938625439794056,2.0,0.5731535923214404,0.0,0.0,0
0.21094417903309975,0.0,0.713699414420944,2.0,-0.22725556985491505,0.0,1.0,0
0.23149340266055018,0.0,-1.1991617531888707,1.0,-0.6585871739166177,1.0,0.0,0
-2.224138820819776,0.0,0.7079118132155185,1.0,0.3730513017773515,0.0,1.0,0
2.0398250818761876,1.0,0.922371762892975,1.0,-1.4278693131194482,0.0,1.0,1
-1.1144807449374527,1.0,-1.1991617531888707,2.0,-1.5123569469047302,1.0,0.0,0
-0.8576154495943225,1.0,-1.1991617531888707,1.0,-0.26727602796373284,1.0,0.0,0
0.26231723810172586,1.0,-1.1991617531888707,1.0,0.3241374085332409,1.0,0.0,0
-0.09729417537865664,1.0,0.672958308712283,4.0,-1.3611685496047519,0.0,1.0,1
0.9096177823664143,0.0,1.1808490809330605,3.0,-1.2055334347371274,0.0,1.0,1
-1.93644969003547,0.0,1.6242351904428265,1.0,-0.41401770769606466,1.0,0.0,0
-1.5768382765550875,0.0,0.08623646615303429,1.0,-1.2099801523047737,0.0,1.0,1
1.1253846304546438,0.0,-1.1991617531888707,1.0,-0.26727602796373284,1.0,0.0,1
-0.2308641289570844,0.0,-1.1991617531888707,2.0,1.249054662603696,1.0,0.0,0
-0.2205895171433592,0.0,0.7422347700181439,2.0,-1.4056357252812162,0.0,1.0,1
-1.0836569094962771,0.0,0.2977533811185299,2.0,-0.12942778336669383,0.0,1.0,0
0.2417680144742754,1.0,-1.1991617531888707,1.0,-0.8764763347312923,1.0,0.0,0
1.8959805164840349,0.0,1.0809657608272856,1.0,0.19518259907149477,0.0,1.0,0
-0.15894184626100794,0.0,-1.1991617531888707,2.0,0.12848183555679848,0.0,0.0,0
-1.6590351710648892,1.0,0.270042477412333,1.0,1.151226876115475,0.0,1.0,1
0.5602809806997571,1.0,-1.1991617531888707,2.0,1.4447102355801384,1.0,0.0,1
0.847970111484063,1.0,1.7893237818158467,1.0,-1.1121523658165524,0.0,1.0,0
0.3136902971703519,0.0,-1.1991617531888707,1.0,0.9422311504360932,0.0,0.0,0
-0.40553252979041304,0.0,-1.1991617531888707,2.0,-1.667992061772355,1.0,0.0,0
1.5158198793762019,1.0,0.9165750649477534,1.0,1.142333440980182,0.0,1.0,1
-1.268599922143331,0.0,-1.1991617531888707,1.0,-1.045451602301856,1.0,0.0,0
-0.641848601506093,1.0,-1.1991617531888707,2.0,-1.712459237448819,0.0,0.0,0
0.13902189633702328,0.0,1.8175490503003444,2.0,0.043994201771516514,1.0,0.0,0
1.5055452675624768,0.0,0.00198613277492089,1.0,-1.3611685496047519,1.0,0.0,0
-0.17949106988845837,0.0,0.36976269456948113,1.0,0.897763974759629,0.0,0.0,0
0.36506335623897795,0.0,-1.1991617531888707,2.0,1.609238785583056,0.0,0.0,0
1.1151100186409186,0.0,0.5738340078077492,2.0,0.7910427531361149,1.0,0.0,0
0.4369856389350545,0.0,1.643359090965262,1.0,-0.7075010671607284,1.0,0.0,1
-0.5288278715551156,1.0,-1.1991617531888707,2.0,-0.7964354185136567,0.0,0.0,0
0.70412554609191,0.0,-1.1991617531888707,2.0,0.23964977474795895,0.0,0.0,0
0.6116540397683831,1.0,-1.1991617531888707,2.0,1.1156531355743036,0.0,0.0,0
2.050099693689913,0.0,0.5531504153900809,2.0,1.6359190909889345,0.0,0.0,1
-0.8370662259668721,0.0,-1.1991617531888707,2.0,0.3641578666420587,1.0,0.0,0
-1.022009238613926,0.0,-1.1991617531888707,2.0,1.6270256558536418,1.0,0.0,0
0.6424778752095588,0.0,0.6366145989394909,1.0,-1.192193282034188,1.0,0.0,1
-0.2308641289570844,0.0,0.33015165929059054,2.0,0.9422311504360932,0.0,1.0,0
0.11847267270957285,0.0,0.6797425614971341,2.0,0.8266164936772863,1.0,0.0,0
-0.9398123441041242,1.0,1.02123177956764,1.0,-0.022706561743179775,0.0,0.0,0
0.4369856389350545,1.0,1.2320863880392015,1.0,-1.3656152671723985,1.0,0.0,0
0.5191825334448562,0.0,0.13503058046022734,1.0,1.3780094720654423,0.0,0.0,0
-0.40553252979041304,1.0,0.6439417834574419,2.0,1.7115132896389238,0.0,1.0,1
1.084286183199743,0.0,0.7581904516206812,1.0,-1.4501029009576802,1.0,0.0,0
1.043187735944842,0.0,-1.1991617531888707,2.0,-1.5790577104194266,0.0,0.0,0
-0.6110247660649173,0.0,-1.1991617531888707,2.0,-0.12498106579904741,1.0,0.0,0
0.3856125798664284,1.0,0.772504091894041,1.0,1.1645670288184142,1.0,0.0,0
0.2931410735429015,1.0,-1.1991617531888707,2.0,0.7421288598920043,1.0,0.0,0
1.135659242268369,0.0,-1.1991617531888707,2.0,-0.4985053414813466,0.0,0.0,0
-0.8165170023394216,1.0,0.5115650683915621,2.0,0.28411695042442314,1.0,0.0,0
0.3445141326115275,0.0,0.8319607023858655,1.0,0.6042806152949654,0.0,1.0,0
-0.45690558885903915,0.0,0.39512217083432316,1.0,-1.690225649610587,0.0,1.0,0
1.6904882802095305,1.0,-1.1991617531888707,3.0,0.3641578666420587,1.0,0.0,1
-0.40553252979041304,1.0,0.8513855932812068,2.0,-0.20946869958432937,0.0,1.0,0
-0.3849833061629626,0.0,0.40388440595310643,1.0,-1.3967422901459232,1.0,0.0,0
0.9507162296213152,0.0,-1.1991617531888707,2.0,-1.076578625275381,1.0,0.0,0
-2.850890141457014,0.0,-1.1991617531888707,1.0,1.6892797018006915,1.0,0.0,1
0.015726554572320705,0.0,1.6123143119197203,2.0,0.16405557609796984,1.0,0.0,0
-1.3507968166531328,0.0,-1.1991617531888707,2.0,-0.7964354185136567,1.0,0.0,0
0.20066956721937454,1.0,-0.28102844392597126,1.0,1.035612219356668,1.0,0.0,1
-0.8576154495943225,0.0,0.33935165506307513,1.0,-1.023218014463624,1.0,0.0,1
-0.6829470487609939,1.0,0.5992427979778021,1.0,1.1156531355743036,1.0,0.0,0
0.16984573177819892,0.0,0.35822116605506926,2.0,-1.054345037437149,0.0,0.0,0
0.7657732169742613,1.0,0.6390633774558578,2.0,-0.6052265631048607,0.0,1.0,0
-0.4260817534178635,0.0,-1.1991617531888707,2.0,-0.5518659522931036,1.0,0.0,0
-0.6212993778786425,1.0,0.14898497930760007,2.0,0.3730513017773515,0.0,0.0,0
0.6938509342781848,0.0,-1.1991617531888707,1.0,1.4802839761213098,1.0,0.0,0
-0.1281180108198323,0.0,0.9568621316262352,1.0,1.7293001599095095,0.0,1.0,1
-0.8884392850354981,0.0,0.4007820984987491,1.0,-0.4718250360754681,0.0,0.0,0
-1.0425584622413764,1.0,-1.1991617531888707,2.0,-0.2539358752607936,1.0,0.0,0
0.10819806089584763,0.0,0.9174896862770873,1.0,-0.11164091309610816,0.0,0.0,0
2.050099693689913,1.0,-1.1991617531888707,1.0,1.6937264193683381,0.0,0.0,1
-0.2308641289570844,1.0,-1.1991617531888707,2.0,1.3691160369301494,1.0,0.0,0
-1.1658538040060789,0.0,-1.1991617531888707,2.0,1.0711859598978393,1.0,0.0,0
0.5397317570723066,1.0,-1.1991617531888707,2.0,-0.03159999687847261,1.0,0.0,0
1.2486799722193465,0.0,0.33343494398931417,1.0,-1.2855743509547628,0.0,0.0,0
0.3136902971703519,1.0,0.2878181453418156,1.0,0.8488500815155183,1.0,0.0,0
1.1562084658958194,0.0,-1.1991617531888707,1.0,-0.7163945022960212,1.0,0.0,0
-1.3302475930256823,1.0,-1.1991617531888707,2.0,-1.614631450960598,1.0,0.0,0
-0.7343201078296199,0.0,1.0308088910618514,1.0,0.25743664501854463,0.0,1.0,0
0.508907921631131,1.0,0.6581288673332859,1.0,0.12848183555679848,0.0,1.0,0
1.9884520228075617,0.0,0.5803147167488745,1.0,1.5825584801771775,1.0,0.0,0
0.2417680144742754,0.0,1.0681929806018613,1.0,0.4619856531302799,1.0,0.0,0
-0.4260817534178635,1.0,0.2231581996865637,1.0,-0.1472146536372795,0.0,0.0,0
-0.4363563652315887,1.0,0.45506457914965015,2.0,1.0533990896272536,0.0,1.0,0
-0.7651439432707955,0.0,0.8847139731994472,1.0,-1.659098626637062,0.0,1.0,0
-0.07674495175120621,0.0,-1.1991617531888707,2.0,-0.38289068472253973,1.0,0.0,0
-0.3233356352806113,0.0,0.919023683872194,1.0,-0.3339767914784291,0.0,1.0,0
-1.6795843946923394,0.0,-1.1991617531888707,2.0,0.2752235152891303,1.0,0.0,0
1.423348373052675,1.0,-0.09121842480925327,1.0,0.26633008015383747,1.0,0.0,0
0.8171462760428874,0.0,-1.1991617531888707,1.0,0.8844238220566897,0.0,0.0,0
2.050099693689913,0.0,-1.1991617531888707,2.0,-1.6546519090694156,0.0,0.0,0
0.4678094743762301,1.0,-1.1991617531888707,2.0,0.09735481258327354,1.0,0.0,0
-0.1281180108198323,1.0,1.287730826188713,1.0,-1.000984426625392,0.0,0.0,1
2.0295504700624627,0.0,0.5711908463252109,1.0,1.0578458071949002,0.0,0.0,0
0.8274208878566126,0.0,-1.1991617531888707,2.0,0.7777026004331756,1.0,0.0,0
-0.5185532597413904,0.0,0.4966880686185428,1.0,-0.06717373741964397,0.0,1.0,1
1.2075815249644455,1.0,1.676197044894139,2.0,0.6843215315126009,1.0,0.0,0
0.5500063688860318,0.0,0.7163719408179121,2.0,-1.1477261063577238,1.0,0.0,0
0.9609908414350403,0.0,0.7755815030079031,2.0,1.3780094720654423,0.0,1.0,0
-1.4432683229766596,1.0,0.45774508514293094,2.0,-0.8586894644607066,1.0,0.0,0
-0.8473408377805972,0.0,0.19906524494843494,4.0,1.4580503882830778,0.0,1.0,1
-0.3233356352806113,0.0,0.6675479828205105,1.0,0.4886659585361584,1.0,0.0,1
0.3445141326115275,1.0,0.8178315503792498,1.0,-0.640800303646032,0.0,1.0,0
0.35478874442525277,1.0,0.15670890935420645,2.0,1.6937264193683381,0.0,1.0,0
-0.7343201078296199,0.0,1.1999701088008232,1.0,-0.08051389012258323,0.0,1.0,0
-1.5460144411139118,0.0,0.5429887186700191,1.0,-1.4634430536606196,1.0,0.0,0
1.6082913856997287,1.0,1.449573636965678,3.0,-1.5612708401488409,0.0,0.0,1
-0.5802009306237417,1.0,1.059471760608124,1.0,-1.3522751144694591,1.0,0.0,0
0.005451942758595491,0.0,-1.1991617531888707,3.0,1.7159600072065702,1.0,0.0,1
-0.1383926226335575,0.0,-1.1991617531888707,2.0,-1.6235248860958906,1.0,0.0,0
0.6219286515821083,0.0,-1.1991617531888707,2.0,1.2446079450360497,1.0,0.0,0
0.3239649089840771,0.0,-1.1991617531888707,1.0,-1.3878488550106305,1.0,0.0,1
-1.1658538040060789,0.0,0.4492832020293486,2.0,-0.6585871739166177,0.0,1.0,0
-0.693221660574719,1.0,0.6519268058953916,1.0,1.2090342044948783,0.0,1.0,1
-0.2616879643982601,1.0,-1.1991617531888707,1.0,0.3019038206950088,0.0,0.0,1
-0.015097280868854937,0.0,-1.1991617531888707,2.0,-1.1210458009518454,0.0,0.0,0
-0.31306102346688613,0.0,-0.05165558629208976,1.0,-1.2099801523047737,1.0,0.0,0
1.423348373052675,0.0,0.7929996850225877,2.0,-1.0187712968959777,0.0,1.0,0
-2.820066306015838,1.0,0.6368913313396071,4.0,-1.4412094658223875,0.0,1.0,1
0.508907921631131,1.0,0.9975957365143627,1.0,1.035612219356668,0.0,1.0,1
-1.032283850427651,0.0,-1.1991617531888707,1.0,-0.5429725171578108,1.0,0.0,0
-0.641848601506093,1.0,-1.1991617531888707,1.0,-1.4234225955518018,1.0,0.0,0
0.7246747697193604,1.0,1.011556678630712,1.0,-1.2989145036577021,0.0,1.0,1
-0.210314905329634,0.0,0.48411398034129877,1.0,0.8043829058390541,0.0,0.0,1
0.22121879084682497,0.0,-1.1991617531888707,2.0,0.7910427531361149,0.0,0.0,0
-0.40553252979041304,0.0,-0.06576223583710432,2.0,0.9689114558419717,1.0,0.0,0
-1.8645274073393934,1.0,-1.1991617531888707,1.0,-1.721352672584112,0.0,0.0,1
0.3958871916801536,1.0,-1.1991617531888707,2.0,0.5553667220508547,0.0,0.0,0
-0.2616879643982601,0.0,1.4337540872762313,1.0,-0.5518659522931036,1.0,0.0,0
0.4575348625625049,1.0,-1.1991617531888707,2.0,-0.10274747796081532,0.0,0.0,0
-1.4535429347903848,0.0,-1.1991617531888707,2.0,-0.8053288536489496,1.0,0.0,0
0.9096177823664143,1.0,0.37962372010048967,1.0,-0.587439692834275,0.0,0.0,0
0.8274208878566126,1.0,0.9124318989503991,1.0,-1.499016794201791,0.0,1.0,1
-1.792605124643317,0.0,-1.1991617531888707,1.0,0.19073588150384835,1.0,0.0,1
-0.3849833061629626,1.0,0.48657504743598673,1.0,-0.4940586239137002,1.0,0.0,0
0.06709961364094677,1.0,0.08226262718943053,1.0,0.33303084366853375,1.0,0.0,0
-1.5254652174864614,1.0,1.3488957086591082,3.0,-1.0187712968959777,1.0,0.0,1
-0.2205895171433592,0.0,-1.1991617531888707,2.0,0.09290809501562712,1.0,0.0,0
0.42671102712132924,1.0,-1.1991617531888707,1.0,-1.4367627482547412,1.0,0.0,1
-0.5288278715551156,0.0,0.4539400944372988,1.0,-1.023218014463624,0.0,1.0,1
0.30341568535662666,1.0,1.0852350044463765,1.0,-1.192193282034188,0.0,1.0,1
0.6116540397683831,1.0,1.2915423601633211,1.0,0.3196906909655945,1.0,0.0,0
-2.388532609839379,0.0,0.2394803043517688,1.0,1.7293001599095095,1.0,0.0,0
1.279503807660522,1.0,0.957253291437472,1.0,-0.3028497685049042,0.0,1.0,0
0.04655039001349635,1.0,-0.2842684792126814,1.0,1.2712882504419283,1.0,0.0,0
0.0876488372683972,0.0,1.2214591616702708,1.0,-1.076578625275381,0.0,0.0,0
0.847970111484063,0.0,0.1719805799608398,1.0,1.1156531355743036,0.0,1.0,0
2.050099693689913,1.0,0.39382835908822145,1.0,1.1868006166566463,1.0,0.0,1
-0.3747086943492374,1.0,0.8116521509948829,1.0,0.9377844328684468,0.0,1.0,1
-0.066470339937481,0.0,1.0548344980071032,1.0,0.844403363947872,1.0,0.0,0
-0.9295377322903989,1.0,0.6613042678898652,1.0,-0.7386280901342532,0.0,0.0,0
1.4747214321213011,1.0,0.6272120810125964,1.0,-1.690225649610587,0.0,0.0,0
0.5602809806997571,1.0,0.28328621341211857,1.0,-0.6897141968901427,0.0,1.0,0
1.279503807660522,1.0,0.5355858875790261,2.0,-1.6457584739341227,1.0,0.0,0
-1.7104082301335153,1.0,1.1843369624812354,3.0,0.6843215315126009,0.0,1.0,1
-0.8267916141531468,0.0,-1.1991617531888707,1.0,-0.6096732806725071,1.0,0.0,0
0.20066956721937454,0.0,0.20994877595092185,1.0,-1.7080125198811726,1.0,0.0,0
-1.5871128883688126,1.0,-1.1991617531888707,2.0,-1.4100824428488625,1.0,0.0,0
-0.3644340825355122,0.0,0.18802499467437148,1.0,-0.120534348231401,0.0,1.0,0
0.7863224406017117,0.0,-1.1991617531888707,1.0,1.1690137463860606,0.0,0.0,1
0.16984573177819892,0.0,1.3034270113191688,1.0,-1.4634430536606196,1.0,0.0,0
0.5397317570723066,0.0,0.37860456605946263,1.0,-0.8853697698665851,1.0,0.0,0
-0.40553252979041304,1.0,0.9008061058989275,4.0,0.6620879436743687,1.0,0.0,1
-0.15894184626100794,1.0,-1.1991617531888707,2.0,-1.2811276333871164,0.0,0.0,0
-1.1144807449374527,1.0,-1.1991617531888707,2.0,-1.3478283969018128,0.0,0.0,0
1.032913124131117,1.0,-1.1991617531888707,2.0,-1.4367627482547412,1.0,0.0,0
-0.8165170023394216,1.0,-1.1991617531888707,2.0,-0.5207389293195788,1.0,0.0,0
-1.3507968166531328,1.0,-1.1991617531888707,1.0,1.4891774112566027,1.0,0.0,0
-0.9911854031727503,1.0,0.9683312054061305,2.0,-0.4985053414813466,1.0,0.0,0
-0.004822669055129724,0.0,0.5385027492150817,1.0,1.097866265303718,0.0,0.0,0
1.0226385123173916,0.0,1.2240239635170207,2.0,0.7243419896214186,0.0,1.0,0
1.043187735944842,1.0,-1.1991617531888707,2.0,0.75991573016259,1.0,0.0,0
2.050099693689913,1.0,1.2724428772056022,1.0,0.3730513017773515,0.0,1.0,0
-0.5391024833688408,1.0,-1.1991617531888707,2.0,-1.6324183212311836,1.0,0.0,0
-0.3644340825355122,0.0,-1.1991617531888707,2.0,-0.05383358471670471,0.0,0.0,0
1.0534623477585674,1.0,0.6187449313654478,3.0,-1.2989145036577021,0.0,1.0,1
1.5466437148173775,1.0,0.0004993743899837815,1.0,-0.6897141968901427,1.0,0.0,0
-0.9398123441041242,1.0,-1.1991617531888707,2.0,0.15071542339503058,1.0,0.0,0
1.2178561367781706,1.0,-1.1991617531888707,2.0,1.151226876115475,1.0,0.0,0
-0.5391024833688408,0.0,-1.1991617531888707,2.0,1.3468824490919173,0.0,0.0,0
-1.361071428466858,1.0,0.15361585823157153,1.0,-1.4100824428488625,1.0,0.0,0
0.1801203435919241,1.0,-1.1991617531888707,3.0,1.4980708463918955,1.0,0.0,1
0.5397317570723066,0.0,0.4919011087906995,2.0,0.05733435447445577,1.0,0.0,0
-1.1864030276335293,1.0,-1.1991617531888707,1.0,0.40417832475087645,1.0,0.0,1
-0.5391024833688408,1.0,-1.1991617531888707,2.0,0.5820470274567332,0.0,0.0,0
0.4061618034938788,1.0,0.2652555175844899,1.0,-0.725287937431314,0.0,0.0,0
0.0876488372683972,0.0,0.016776793315839308,2.0,-1.032111449598917,0.0,1.0,0
0.5294571452585813,1.0,1.012743085010448,2.0,-0.5785462576989822,0.0,1.0,1
0.6938509342781848,0.0,-1.1991617531888707,2.0,0.3508177139391194,0.0,0.0,0
0.05682500182722156,1.0,-1.1991617531888707,2.0,-1.4856766414988516,1.0,0.0,1
0.005451942758595491,0.0,-1.1991617531888707,2.0,-1.1655129766283094,0.0,0.0,0
-0.693221660574719,0.0,0.4376486314219333,1.0,1.5203044342301277,0.0,0.0,0
-1.3405222048394074,0.0,0.7350547292561947,1.0,-0.46293160094017527,1.0,0.0,1
1.2589545840330716,0.0,-1.1991617531888707,2.0,0.003973743662698739,0.0,0.0,0
0.3856125798664284,0.0,1.1330091667529114,1.0,1.1556735936831213,0.0,1.0,0
-0.693221660574719,0.0,-1.1991617531888707,2.0,0.07512122474504145,1.0,0.0,0
-1.1966776394472545,0.0,-1.1991617531888707,1.0,0.844403363947872,1.0,0.0,0
-1.1453045803786284,0.0,-1.1991617531888707,2.0,-1.2944677860900557,1.0,0.0,0
-0.7240454960158946,0.0,-1.1991617531888707,2.0,-1.2900210685224092,1.0,0.0,0
0.8685193351115135,0.0,-0.016013442627089005,1.0,0.6398543558361367,1.0,0.0,1
-0.7343201078296199,0.0,0.8728136820348271,1.0,0.5286864166449762,1.0,0.0,0
0.6938509342781848,0.0,0.9172782269748071,2.0,0.8399566463802255,0.0,1.0,0
0.508907921631131,0.0,0.039406609274116,2.0,-0.9654106860842206,1.0,0.0,0
-0.7548693314570704,0.0,-1.1991617531888707,1.0,-0.6585871739166177,0.0,0.0,0
0.33423952079780234,1.0,0.373889582190358,1.0,1.6937264193683381,0.0,0.0,0
0.2931410735429015,1.0,-1.1991617531888707,2.0,0.017313896365637998,0.0,0.0,0
-0.8884392850354981,1.0,-1.1991617531888707,1.0,-0.018259844175533356,1.0,0.0,0
-0.3849833061629626,0.0,0.05807934342104492,1.0,0.32858412610088733,0.0,1.0,0
0.4472602507487797,1.0,1.9276652451252887,1.0,-1.4945700766341445,1.0,0.0,0
-0.354159470721787,1.0,-1.1991617531888707,1.0,0.30635053826265524,1.0,0.0,0
1.854882069229134,0.0,-1.1991617531888707,2.0,1.0445056544919609,1.0,0.0,0
0.3958871916801536,1.0,-0.16487329061175962,2.0,0.5509200044832083,0.0,1.0,0
1.0945607950134681,0.0,1.0487888366569327,2.0,-1.3922955725782769,0.0,0.0,0
1.6493898329546297,0.0,-1.1991617531888707,2.0,-1.6857789320429406,1.0,0.0,0
0.6733017106507344,0.0,1.1058064037398916,1.0,-0.4940586239137002,1.0,0.0,0
0.6424778752095588,0.0,0.3105536111552689,1.0,0.06622778960974861,1.0,0.0,1
0.7144001579056353,0.0,-1.1991617531888707,2.0,-1.3789554198753375,1.0,0.0,0
-0.641848601506093,1.0,0.8042676729754085,1.0,0.866636951786104,0.0,1.0,1
-1.4227190993492091,0.0,-1.1991617531888707,2.0,-0.7608616779724854,1.0,0.0,0
-0.2719625762119853,1.0,1.517923507547736,3.0,1.12009985314195,1.0,0.0,1
1.3925245376114994,0.0,-1.1991617531888707,2.0,-0.34287022661372196,1.0,0.0,0
-0.641848601506093,1.0,-1.1991617531888707,2.0,1.0133786315184359,1.0,0.0,0
0.2417680144742754,0.0,1.113152579697066,1.0,0.07956794231268786,1.0,0.0,1
0.7554986051605361,0.0,0.841900406736515,2.0,-0.947623815813635,0.0,1.0,0
-0.7343201078296199,0.0,-1.1991617531888707,2.0,-0.6319068685107392,0.0,0.0,0
-0.34388485890806175,0.0,0.2542487816149386,1.0,0.1818424463685555,0.0,0.0,0
1.5158198793762019,1.0,0.5838484011798831,1.0,0.7643624477302364,1.0,0.0,0
-2.183040373564875,0.0,0.05189802893356285,1.0,-1.530143817175316,1.0,0.0,0
-0.5288278715551156,0.0,0.7709163118197881,1.0,0.5331331342126227,0.0,1.0,1
-0.6110247660649173,0.0,-1.1991617531888707,2.0,-0.20502198201668295,1.0,0.0,0
0.8376954996703379,1.0,-1.1991617531888707,1.0,0.6309609207008439,1.0,0.0,1
0.7349493815330856,1.0,-1.1991617531888707,2.0,-1.467889771228266,0.0,0.0,0
0.2520426262880006,0.0,-1.1991617531888707,2.0,0.017313896365637998,0.0,0.0,0
1.8240582337879583,0.0,-1.1991617531888707,1.0,-0.3562103793166612,0.0,0.0,0
-2.912537812339365,0.0,0.29475081861807845,1.0,-0.06272701985199755,0.0,0.0,1
-2.131667314496249,0.0,0.6713561653646678,1.0,0.8266164936772863,0.0,1.0,1
-1.7823305128295917,1.0,1.1306397054238904,1.0,-0.6319068685107392,0.0,1.0,0
-0.5082786479276652,0.0,-0.24138979924383938,1.0,1.2846284031448674,1.0,0.0,0
-1.7823305128295917,1.0,1.713256364864232,1.0,-1.21442686987242,0.0,1.0,0
2.050099693689913,0.0,0.4414547392710493,1.0,-0.6007798455372143,0.0,1.0,0
0.005451942758595491,1.0,-1.1991617531888707,1.0,-1.4367627482547412,1.0,0.0,0
0.9815400650624908,0.0,1.0731404899075112,1.0,0.33303084366853375,1.0,0.0,0
-1.5357398293001865,1.0,0.6728780339733798,1.0,0.5108995463743905,1.0,0.0,0
-1.4535429347903848,0.0,-1.1991617531888707,2.0,-1.1744064117636024,1.0,0.0,0
-1.8234289600844926,1.0,1.1404917938070287,2.0,0.09735481258327354,0.0,1.0,0
-1.1555791921923537,0.0,0.5253104018155486,2.0,-0.32063663877548987,0.0,1.0,0
-0.5082786479276652,1.0,0.33695809535319027,2.0,-0.9609639685165742,0.0,1.0,0
0.847970111484063,0.0,-1.1991617531888707,2.0,-1.4545496185253268,1.0,0.0,0
0.5808302043272074,1.0,0.8352639360753703,2.0,-1.4589963360929732,1.0,0.0,0
0.6116540397683831,1.0,0.7244051600175891,1.0,1.6492592436918738,0.0,1.0,1
0.6835763224644595,1.0,0.5956898029237172,1.0,-1.583504427987073,1.0,0.0,0
0.9609908414350403,0.0,-1.1991617531888707,2.0,0.5509200044832083,1.0,0.0,0
0.847970111484063,1.0,1.316938382979274,1.0,-0.863136182028353,1.0,0.0,0
0.7760478287879865,1.0,0.8256707057966078,1.0,-0.40957099012841824,1.0,0.0,0
0.5911048161409327,1.0,0.7569674986898339,1.0,-0.8898164874342315,0.0,0.0,0
-0.5391024833688408,0.0,-1.1991617531888707,2.0,0.7688091652978828,0.0,0.0,0
-1.3816206520943084,0.0,0.8540456715079274,1.0,-0.049386867149058294,1.0,0.0,0
-0.5904755424374669,1.0,0.9312168262214812,2.0,1.1467801585478286,1.0,0.0,0
-0.17949106988845837,0.0,-1.1991617531888707,1.0,0.23964977474795895,1.0,0.0,0
-0.48772942430021476,0.0,0.8683277125798898,2.0,-0.23614900499020788,0.0,0.0,0
-1.5768382765550875,0.0,-1.1991617531888707,2.0,-1.5879511455547193,0.0,0.0,0
0.06709961364094677,0.0,0.3834449891825993,1.0,-1.5079102293370839,0.0,1.0,1
0.6527524870232839,1.0,0.28599017941855776,1.0,-1.000984426625392,0.0,1.0,1
-1.1350299685649032,0.0,0.8749775889628392,1.0,-0.46293160094017527,0.0,1.0,0
0.8685193351115135,0.0,0.7088929843780984,1.0,-0.9787508387871598,1.0,0.0,0
2.050099693689913,1.0,1.1721610560599836,1.0,-1.0365581671665633,1.0,0.0,0
0.35478874442525277,1.0,-1.1991617531888707,3.0,1.280181685577221,0.0,0.0,1
0.04655039001349635,0.0,-1.1991617531888707,2.0,1.41802993017426,1.0,0.0,0
1.1459338540820942,0.0,1.86142278592935,1.0,1.3691160369301494,1.0,0.0,0
0.005451942758595491,0.0,-0.008230942343549447,3.0,-0.4051242725607718,1.0,0.0,1
-0.03564650449630537,1.0,0.36445323077509845,2.0,-1.3656152671723985,0.0,1.0,0
0.2417680144742754,0.0,0.5069068992482019,1.0,-1.0810253428430274,0.0,1.0,1
-0.3849833061629626,0.0,0.7727185834429197,2.0,-0.7475215252695461,0.0,0.0,0
0.4575348625625049,1.0,-1.1991617531888707,2.0,-1.2722341982518235,0.0,0.0,0
-0.5185532597413904,0.0,1.636106116693017,1.0,-1.6991190847458797,0.0,0.0,0
-1.2377760867021554,0.0,-1.1991617531888707,2.0,-1.3789554198753375,1.0,0.0,0
-0.6726724369472686,1.0,1.110227100096993,2.0,0.7154485544861258,1.0,0.0,0
-0.08701956356493143,1.0,-1.1991617531888707,2.0,1.386902907200735,1.0,0.0,0
-0.2308641289570844,0.0,1.752117637273604,1.0,0.15960885853032342,0.0,0.0,0
0.7657732169742613,0.0,-1.1991617531888707,1.0,1.151226876115475,1.0,0.0,0
-0.8370662259668721,0.0,-1.1991617531888707,2.0,1.7115132896389238,0.0,0.0,0
0.3856125798664284,1.0,-1.1991617531888707,2.0,0.590940462592026,0.0,0.0,0
-0.39525791797668786,0.0,0.33558400886818524,1.0,0.3863914544802908,0.0,1.0,0
-0.39525791797668786,0.0,-0.09033987125525167,1.0,1.0222720666537288,0.0,0.0,1
1.9165297401114851,0.0,0.8233922118655489,1.0,0.16850229366561625,0.0,1.0,0
0.10819806089584763,0.0,-1.1991617531888707,1.0,-0.05383358471670471,1.0,0.0,0
-0.1383926226335575,1.0,-1.1991617531888707,1.0,-1.57461099285178,1.0,0.0,1
1.5980167738860036,1.0,0.9999221080232963,2.0,0.37749801934499794,0.0,0.0,0
-0.9398123441041242,0.0,0.6960980208749254,1.0,1.4447102355801384,1.0,0.0,0
0.4678094743762301,1.0,-1.1991617531888707,2.0,1.2623948153066353,1.0,0.0,0
0.05682500182722156,1.0,-0.24356790985328766,1.0,-1.5923978631223656,0.0,0.0,1
0.8068716642291621,1.0,-1.1991617531888707,2.0,-0.00047297390494768034,1.0,0.0,0
0.42671102712132924,1.0,0.8867253102459652,1.0,-1.6502051915017693,0.0,1.0,1
0.27259184991545105,1.0,-1.1991617531888707,1.0,0.7910427531361149,1.0,0.0,0
1.043187735944842,0.0,0.8677929200350291,1.0,-0.6986076320254355,0.0,1.0,0
1.3514260903565984,0.0,1.1535813640060575,1.0,1.5736650450418848,0.0,0.0,0
1.0123639005036664,1.0,0.9881900267489427,3.0,1.1245465707095963,0.0,1.0,1
-2.367983386211929,1.0,0.26738144163405486,1.0,1.6181322207183488,0.0,0.0,1
-0.2308641289570844,1.0,-0.34267274054281915,1.0,-0.08051389012258323,0.0,1.0,0
1.3103276431016977,0.0,0.6596737171793777,2.0,-0.7163945022960212,0.0,0.0,0
-0.15894184626100794,1.0,0.06264941782111551,2.0,1.1067597004390106,0.0,1.0,0
1.2897784194742472,0.0,0.6382255198430499,1.0,0.23075633961266612,0.0,1.0,1
0.04655039001349635,0.0,-1.1991617531888707,2.0,-0.7519682428371925,1.0,0.0,0
-1.0425584622413764,1.0,0.9551003963523711,1.0,1.3202021436860387,0.0,1.0,0
0.7144001579056353,1.0,0.6889315454267078,2.0,-0.8720296171636458,1.0,0.0,0
0.026001166386045917,0.0,0.6626848976438467,2.0,-1.530143817175316,0.0,0.0,0
0.09792344908212242,1.0,1.551016808558612,1.0,-1.7035658023135263,1.0,0.0,0
0.1595711199644737,0.0,-1.1991617531888707,2.0,0.008420461230345158,1.0,0.0,0
-0.6521232133198182,0.0,-0.0656318492333588,1.0,0.3196906909655945,1.0,0.0,0
0.09792344908212242,1.0,0.5654586235181939,2.0,-0.5963331279695678,1.0,0.0,0
0.0876488372683972,0.0,0.6894851698188658,1.0,-0.9565172509489278,1.0,0.0,0
-0.40553252979041304,0.0,-1.1991617531888707,1.0,-1.0054311441930384,0.0,0.0,1
-0.015097280868854937,1.0,-1.1991617531888707,2.0,-0.4762717536431145,1.0,0.0,0
-0.3644340825355122,0.0,-1.1991617531888707,1.0,-0.8987099225695243,0.0,0.0,0
0.7657732169742613,0.0,0.3757576056871041,1.0,0.844403363947872,1.0,0.0,0
0.8376954996703379,0.0,-1.1991617531888707,2.0,-0.1694482414755116,1.0,0.0,0
-0.14866723444728272,0.0,0.34318760660239966,1.0,-0.48071847121076094,0.0,1.0,0
0.9096177823664143,0.0,0.43990510166716995,1.0,0.982251608544911,0.0,1.0,1
1.2178561367781706,0.0,-0.22091032489984377,2.0,-1.3122546563606414,1.0,0.0,0
-1.0117346268002008,0.0,-1.1991617531888707,2.0,0.5197929815096833,0.0,0.0,0
0.48835869800368054,0.0,0.9264621039627404,2.0,-0.7919887009460103,0.0,1.0,0
-0.980910791359025,1.0,0.6333148762723636,1.0,-1.4011890077135698,0.0,1.0,0
0.5191825334448562,0.0,0.8769935541752185,1.0,1.3157554261183924,1.0,0.0,0
1.2589545840330716,0.0,0.6852912535889646,4.0,0.2752235152891303,0.0,1.0,1
0.8274208878566126,0.0,1.6661389233342128,1.0,0.9778048909772645,1.0,0.0,0
0.2417680144742754,1.0,0.16946557079507932,1.0,1.4358168004448457,1.0,0.0,0
-0.31306102346688613,1.0,0.4326907486410774,1.0,0.2529899274508982,0.0,1.0,0
0.1801203435919241,1.0,0.9343671708456392,1.0,0.2752235152891303,0.0,0.0,1
0.847970111484063,1.0,1.3843919853035174,1.0,-0.013813126607886937,1.0,0.0,0
-0.045921116310030576,1.0,0.2405489318899332,1.0,-0.05383358471670471,0.0,1.0,1
0.7657732169742613,0.0,0.6667402880817639,1.0,-0.5207389293195788,0.0,1.0,1
-0.6007501542511922,0.0,0.17086200014975933,2.0,-0.18723511174609728,0.0,0.0,0
0.7657732169742613,1.0,-1.1991617531888707,2.0,0.9778048909772645,1.0,0.0,0
2.0398250818761876,0.0,0.1513391198117014,1.0,1.311308708550746,0.0,1.0,0
0.7760478287879865,0.0,0.9083760297367035,2.0,1.5425380220683598,1.0,0.0,0
0.5602809806997571,1.0,0.27266776459913145,1.0,-0.6808207617548498,1.0,0.0,0
-0.2925117998394357,1.0,-1.1991617531888707,2.0,-0.9609639685165742,0.0,0.0,0
2.050099693689913,1.0,1.0838781538894064,1.0,1.440263518012492,0.0,0.0,0
0.7554986051605361,1.0,0.5637425315352368,2.0,-1.1121523658165524,0.0,1.0,1
1.084286183199743,1.0,-1.1991617531888707,2.0,0.9022106923272754,1.0,0.0,0
-1.032283850427651,1.0,1.0207116694799943,1.0,1.640365808556581,1.0,0.0,0
-1.2891491457707813,0.0,0.044222614832536346,1.0,1.6448125261242275,0.0,0.0,0
-2.121392702682524,0.0,-1.1991617531888707,2.0,1.6581526788271668,1.0,0.0,0
1.6082913856997287,0.0,-1.1991617531888707,2.0,0.8221697761096398,0.0,0.0,0
-0.9911854031727503,1.0,0.2760559011934009,1.0,1.4758372585536634,1.0,0.0,0
-0.4363563652315887,1.0,1.1145461363970737,1.0,1.0222720666537288,1.0,0.0,1
0.06709961364094677,1.0,0.3306604383514727,1.0,-0.34287022661372196,1.0,0.0,0
-0.8473408377805972,1.0,-1.1991617531888707,2.0,0.12403511798915205,0.0,0.0,0
-0.6110247660649173,1.0,-1.1991617531888707,2.0,-1.5390372523106086,1.0,0.0,0
0.20066956721937454,0.0,0.22786121416119984,1.0,0.6709813788096616,1.0,0.0,0
-0.4774548124864896,0.0,0.7889918529786928,1.0,-0.6052265631048607,0.0,0.0,0
-0.3644340825355122,0.0,-0.04516370591612698,1.0,0.18628916393620193,0.0,1.0,1
0.12874728452329806,1.0,-1.1991617531888707,2.0,-0.7163945022960212,1.0,0.0,0
-0.45690558885903915,0.0,-1.1991617531888707,2.0,0.15071542339503058,0.0,0.0,0
-0.14866723444728272,1.0,0.6893874995600014,1.0,-1.1432793887900774,1.0,0.0,0
-0.10756878719238186,0.0,0.9140329251545306,1.0,-1.2722341982518235,1.0,0.0,1
-0.6829470487609939,0.0,0.9948941643868171,1.0,-0.32063663877548987,0.0,1.0,0
-0.5185532597413904,1.0,0.3119227502905605,1.0,1.6670461139624595,0.0,0.0,0
1.238405360405621,1.0,-1.1991617531888707,1.0,0.2040760342067876,1.0,0.0,1
-0.45690558885903915,0.0,0.9138921650755788,1.0,-1.6324183212311836,0.0,1.0,1
0.5808302043272074,0.0,-1.1991617531888707,2.0,0.8221697761096398,1.0,0.0,0
0.005451942758595491,0.0,0.6274249766422126,1.0,-0.9031566401371708,0.0,1.0,0
1.4438975966801255,0.0,1.4147862676576675,2.0,-1.1832998468988951,1.0,0.0,0
-0.2822371880257105,0.0,-1.1991617531888707,2.0,0.6042806152949654,1.0,0.0,0
1.5774675502585531,0.0,0.022492099378673913,1.0,1.7248534423418629,0.0,0.0,0
-1.2377760867021554,0.0,-1.1991617531888707,2.0,-1.21442686987242,0.0,0.0,0
-0.5288278715551156,1.0,0.10538797607871064,2.0,-1.000984426625392,0.0,0.0,0
1.1664830777095447,0.0,0.5365643456788597,2.0,0.26188336258619105,0.0,1.0,1
0.7554986051605361,0.0,-1.1991617531888707,2.0,0.25743664501854463,1.0,0.0,0
-0.6110247660649173,1.0,0.8576987306997705,1.0,0.23075633961266612,1.0,0.0,1
0.7760478287879865,1.0,0.39526037744245496,1.0,1.311308708550746,0.0,0.0,0
1.0637369595722925,1.0,-1.1991617531888707,2.0,1.7159600072065702,1.0,0.0,0
-0.09729417537865664,0.0,-1.1991617531888707,2.0,0.2040760342067876,0.0,0.0,0
0.9301670059938647,1.0,0.5357871329980264,2.0,0.9155508450302147,0.0,1.0,0
0.5397317570723066,0.0,0.9994013595679453,1.0,-0.8453493117577673,0.0,0.0,0
0.5705555925134822,0.0,0.37146809389337954,1.0,0.12848183555679848,1.0,0.0,0
2.050099693689913,0.0,-0.048827776950881085,1.0,-0.22725556985491505,1.0,0.0,0
-0.3644340825355122,0.0,1.0115348145368155,1.0,0.75991573016259,0.0,0.0,0
-0.3747086943492374,0.0,-1.1991617531888707,2.0,1.204587486927232,0.0,0.0,0
-0.5391024833688408,0.0,0.6235791304034608,1.0,0.10180153015091996,1.0,0.0,0
0.1595711199644737,0.0,0.9997076164744174,2.0,0.9377844328684468,1.0,0.0,1
-1.1864030276335293,0.0,0.45748175846461986,1.0,-0.23614900499020788,1.0,0.0,0
-0.9500869559178494,0.0,0.5781034110187664,2.0,1.0267187842213752,0.0,1.0,0
-1.2994237575845067,1.0,-1.1991617531888707,1.0,-1.0365581671665633,0.0,0.0,1
2.050099693689913,0.0,0.11928396428107638,2.0,0.8221697761096398,0.0,0.0,0
1.6082913856997287,1.0,-1.1991617531888707,2.0,-0.6452470212136785,1.0,0.0,0
-0.31306102346688613,0.0,-1.1991617531888707,2.0,1.4847306936889564,0.0,0.0,0
-0.1383926226335575,1.0,-1.1991617531888707,2.0,-1.0721319077077347,0.0,0.0,0
-0.549377095182566,1.0,1.3947199768107312,3.0,0.4130717598861693,0.0,1.0,1
1.2075815249644455,1.0,0.46941348923871107,1.0,-1.605738015825305,0.0,1.0,1
1.1253846304546438,1.0,-1.1991617531888707,2.0,1.0533990896272536,1.0,0.0,0
0.11847267270957285,1.0,-1.1991617531888707,2.0,1.3513291666595637,1.0,0.0,0
-0.4466309770453139,0.0,1.1759861553483228,1.0,1.0267187842213752,0.0,1.0,0
1.6596644447683548,0.0,0.64780694031927,3.0,-1.0054311441930384,0.0,1.0,1
1.567192938444828,0.0,-1.1991617531888707,1.0,-0.32063663877548987,1.0,0.0,1
0.2520426262880006,0.0,-1.1991617531888707,1.0,0.9377844328684468,1.0,0.0,0
1.618565997513454,1.0,0.7889889803240201,1.0,-1.5434839698782552,0.0,0.0,0
-0.24113874077080963,1.0,1.0008601893657887,1.0,0.8755303869213968,0.0,1.0,1
-0.11784339900610707,1.0,0.37498549994791086,1.0,-0.9565172509489278,0.0,1.0,0
1.5158198793762019,0.0,-1.1991617531888707,2.0,-1.4501029009576802,1.0,0.0,0
-0.7548693314570704,1.0,0.5269125451631638,1.0,-0.18278839417845086,1.0,0.0,0
-0.5904755424374669,0.0,-1.1991617531888707,2.0,-0.018259844175533356,0.0,0.0,0
0.4575348625625049,1.0,-1.1991617531888707,2.0,-0.6363535860783857,1.0,0.0,0
-0.14866723444728272,0.0,-0.5591101937784284,2.0,-1.1121523658165524,0.0,1.0,0
-0.49800403611394,0.0,0.37094702625417614,1.0,-1.627971603663537,0.0,0.0,0
-0.15894184626100794,0.0,0.7510230186209058,2.0,0.4353053477244014,1.0,0.0,0
-2.1933149853786,1.0,-1.1991617531888707,1.0,0.38194473691264436,1.0,0.0,1
0.7657732169742613,0.0,0.18066684932272833,1.0,-1.4545496185253268,1.0,0.0,0
0.5191825334448562,0.0,-1.1991617531888707,2.0,0.10180153015091996,1.0,0.0,0
-0.5288278715551156,0.0,-1.1991617531888707,2.0,-1.5434839698782552,1.0,0.0,0
1.9165297401114851,1.0,-1.1991617531888707,2.0,-0.6541404563489713,1.0,0.0,0
-0.30278641165316095,1.0,0.12642889481925065,2.0,0.6309609207008439,0.0,0.0,0
-1.6179367238099882,1.0,-1.1991617531888707,2.0,-0.06272701985199755,0.0,0.0,0
-0.7034962723884443,1.0,-1.1991617531888707,2.0,0.537579851780269,1.0,0.0,0
-0.2308641289570844,0.0,-1.1991617531888707,2.0,-1.467889771228266,1.0,0.0,0
0.9096177823664143,0.0,-1.1991617531888707,2.0,-0.1427679360696331,1.0,0.0,0
-1.556289052927637,0.0,-1.1991617531888707,2.0,-1.1343859536547847,0.0,0.0,0
0.3753379680527032,0.0,-1.1991617531888707,2.0,1.2846284031448674,1.0,0.0,0
-1.8748020191531185,1.0,-1.1991617531888707,3.0,-0.2628293103960864,1.0,0.0,1
-2.3063357153295776,0.0,-1.1991617531888707,2.0,0.7154485544861258,1.0,0.0,0
0.42671102712132924,0.0,-1.1991617531888707,2.0,-0.2405957225578543,1.0,0.0,0
1.187032301336995,0.0,0.8402041041524126,2.0,-0.5118454941842859,0.0,1.0,0
-0.2925117998394357,1.0,0.6668229566995608,1.0,-0.5829929752666286,0.0,1.0,1
1.2075815249644455,1.0,-0.23198041886411586,1.0,-0.16055480634021876,0.0,0.0,0
1.4952706557487514,0.0,-1.1991617531888707,2.0,0.026207331500930835,1.0,0.0,0
-0.7343201078296199,0.0,-1.1991617531888707,2.0,1.6492592436918738,1.0,0.0,0
0.7554986051605361,1.0,-1.1991617531888707,2.0,-0.5607593874283965,1.0,0.0,0
-0.8576154495943225,0.0,1.2447929376152322,1.0,-0.2539358752607936,0.0,0.0,0
-0.6829470487609939,1.0,0.3276821338238112,2.0,0.2485432098832518,1.0,0.0,0
-0.2205895171433592,1.0,0.8726349390774281,3.0,-1.552377405013548,0.0,1.0,1
-0.9192631204766737,1.0,0.9654952568766829,1.0,-0.17389495904315802,1.0,0.0,1
-0.3233356352806113,0.0,1.1623863697610755,2.0,0.4130717598861693,0.0,1.0,0
1.279503807660522,0.0,0.9388947937933276,2.0,-1.4589963360929732,1.0,0.0,0
0.7554986051605361,0.0,-1.1991617531888707,1.0,-0.29395633336961136,0.0,0.0,0
-0.8267916141531468,1.0,-1.1991617531888707,2.0,1.3468824490919173,1.0,0.0,0
-1.5151906056727362,1.0,-1.1991617531888707,2.0,1.3780094720654423,0.0,0.0,0
-0.3849833061629626,0.0,-1.1991617531888707,1.0,-1.2411071752782987,0.0,0.0,0
0.7554986051605361,1.0,0.6818991271965389,1.0,1.2001407693595856,1.0,0.0,0
-0.7034962723884443,1.0,-0.12090587452204593,1.0,-0.6763740441872034,0.0,0.0,1
-0.066470339937481,1.0,0.991800155712625,4.0,-0.7208412198636676,1.0,0.0,1
-1.3405222048394074,0.0,-1.1991617531888707,2.0,1.1601203112507676,1.0,0.0,0
0.3239649089840771,0.0,0.7483249575157375,1.0,-0.3562103793166612,0.0,1.0,0
0.9815400650624908,0.0,1.073439565177302,1.0,-0.6852674793224962,1.0,0.0,0
-0.7240454960158946,0.0,0.4564630831993715,1.0,0.8577435166508112,0.0,1.0,1
-1.7823305128295917,1.0,0.6792489436692456,1.0,0.7510222950272971,0.0,1.0,0
-0.2205895171433592,1.0,-1.1991617531888707,2.0,1.4002430599036744,1.0,0.0,0
-0.6521232133198182,0.0,0.9170808117620366,1.0,-0.565206104996043,0.0,1.0,0
0.4369856389350545,1.0,0.3313254579081528,1.0,1.4669438234183707,0.0,1.0,0
1.371975313984049,0.0,0.5557120253983059,2.0,0.8488500815155183,0.0,1.0,0
-1.5357398293001865,0.0,0.4608143570685544,1.0,0.10180153015091996,0.0,1.0,0
-0.693221660574719,0.0,0.25705919543618616,1.0,-0.9120500752724636,1.0,0.0,1
-1.70013361831979,0.0,1.707386893000641,1.0,-0.10274747796081532,1.0,0.0,1
0.5191825334448562,1.0,-1.1991617531888707,2.0,-0.3473169441813684,0.0,0.0,0
1.371975313984049,0.0,-1.1991617531888707,1.0,-1.552377405013548,0.0,0.0,0
1.2897784194742472,1.0,-1.1991617531888707,2.0,-0.11608763066375458,1.0,0.0,0
0.005451942758595491,1.0,0.8750332865451003,1.0,0.622067485565551,0.0,0.0,0
-2.388532609839379,1.0,-1.1991617531888707,1.0,0.7198952720537722,1.0,0.0,1
-0.641848601506093,0.0,-1.1991617531888707,2.0,1.257948097738989,0.0,0.0,0
-0.3233356352806113,1.0,1.067295116424784,2.0,-1.7080125198811726,0.0,1.0,0
-0.6110247660649173,1.0,-1.1991617531888707,3.0,-1.3700619847400448,0.0,0.0,1
-0.549377095182566,1.0,0.42856609530716805,1.0,0.33303084366853375,0.0,0.0,0
-0.39525791797668786,1.0,0.5661718398366014,1.0,0.8710836693537505,1.0,0.0,0
0.20066956721937454,0.0,0.6360089475793754,1.0,1.7381935950448022,1.0,0.0,0
0.28286646172917623,1.0,-1.1991617531888707,1.0,0.8755303869213968,1.0,0.0,0
-2.080294255427623,0.0,-1.1991617531888707,2.0,1.0533990896272536,0.0,0.0,0
-0.3644340825355122,0.0,0.6073152767913363,2.0,0.07956794231268786,0.0,1.0,0
-1.9159004664080195,1.0,0.16820990151935114,1.0,0.26188336258619105,0.0,1.0,0
0.19039495540564932,1.0,0.5986554996892052,1.0,-0.7386280901342532,0.0,1.0,1
-0.7240454960158946,0.0,-0.2143129542606303,2.0,-0.38289068472253973,0.0,0.0,0
-0.2205895171433592,0.0,1.197087240245059,1.0,0.8577435166508112,0.0,0.0,0
-0.693221660574719,0.0,-1.1991617531888707,1.0,-0.8542427468930601,1.0,0.0,0
0.7144001579056353,0.0,0.6508377505906674,2.0,-1.4767832063635589,0.0,1.0,1
-0.354159470721787,0.0,-1.1991617531888707,1.0,-1.6324183212311836,1.0,0.0,0
-1.7617812892021412,1.0,1.0983931991736924,2.0,-0.45848488337252885,0.0,1.0,0
0.8274208878566126,1.0,-1.1991617531888707,1.0,0.3641578666420587,1.0,0.0,0
-0.4363563652315887,1.0,-1.1991617531888707,1.0,0.5286864166449762,1.0,0.0,0
-0.1281180108198323,1.0,-1.1991617531888707,2.0,-0.45403816580488243,0.0,0.0,0
-1.751506677388416,1.0,-1.1991617531888707,2.0,1.4002430599036744,1.0,0.0,0
0.03627577819977113,1.0,0.25098305202810245,1.0,0.1818424463685555,1.0,0.0,0
-0.4158071416041383,0.0,0.5815986337955489,1.0,0.38194473691264436,1.0,0.0,0
-0.8576154495943225,0.0,-1.1991617531888707,2.0,1.3691160369301494,0.0,0.0,0
0.6322032633958335,1.0,1.2709449473858279,2.0,0.9600180207066789,0.0,1.0,0
0.36506335623897795,0.0,1.7593377356090418,1.0,0.47532580583321915,0.0,1.0,0
1.3411514785428733,1.0,-1.1991617531888707,2.0,-0.11164091309610816,1.0,0.0,0
-0.6521232133198182,0.0,0.15911252335544487,1.0,-1.2811276333871164,0.0,0.0,0
-0.9192631204766737,0.0,1.4632240131935461,1.0,-1.3789554198753375,0.0,1.0,0
0.8685193351115135,0.0,-1.1991617531888707,2.0,1.142333440980182,1.0,0.0,0
-0.5699263188100164,1.0,0.5016148309737801,2.0,-0.4451447306695896,0.0,1.0,0
0.5911048161409327,1.0,1.871235614698631,2.0,-1.330041526631227,0.0,1.0,0
0.005451942758595491,1.0,0.6806884628440129,2.0,-1.467889771228266,0.0,1.0,0
0.9712654532487656,1.0,-1.1991617531888707,4.0,-0.6185667158078,1.0,0.0,1
-2.1727657617511498,1.0,1.2995599393542259,1.0,1.4802839761213098,1.0,0.0,0
0.026001166386045917,0.0,-1.1991617531888707,2.0,0.590940462592026,0.0,0.0,0
-1.124755356751178,0.0,-1.1991617531888707,2.0,0.7777026004331756,1.0,0.0,0
0.026001166386045917,0.0,-1.1991617531888707,1.0,-0.7608616779724854,1.0,0.0,1
0.28286646172917623,0.0,1.7636393763891614,1.0,-0.43625129553429676,1.0,0.0,1
0.11847267270957285,1.0,-1.1991617531888707,2.0,0.5509200044832083,0.0,0.0,1
1.7829597865330575,0.0,0.9433625697686727,3.0,-1.6101847333929513,0.0,1.0,1
-1.1453045803786284,1.0,-1.1991617531888707,2.0,-0.6986076320254355,1.0,0.0,0
0.10819806089584763,1.0,0.0035459842620801352,1.0,0.9866983261125574,0.0,0.0,1
-0.9398123441041242,0.0,-0.8154477032713657,1.0,1.088972830168425,1.0,0.0,1
1.187032301336995,0.0,0.6652342190737505,1.0,-0.2761694630990257,0.0,1.0,0
0.21094417903309975,0.0,-1.1991617531888707,1.0,0.3196906909655945,0.0,0.0,0
1.8137836219742332,0.0,-1.1991617531888707,2.0,0.7954894707037613,1.0,0.0,0
-0.641848601506093,0.0,-1.1991617531888707,1.0,1.5291978693654205,0.0,0.0,0
1.4952706557487514,0.0,0.516851550948565,1.0,-0.00047297390494768034,0.0,0.0,0
-0.7240454960158946,0.0,0.4654736433553984,1.0,-0.7742018306754246,1.0,0.0,0
0.9712654532487656,0.0,0.33369555760487907,1.0,0.4219651950214621,0.0,1.0,0
-2.4399056689080054,0.0,-1.1991617531888707,2.0,-0.28950961580196494,0.0,0.0,0
-0.09729417537865664,0.0,0.46706637077936475,3.0,-0.3295300739107827,0.0,1.0,0
-1.5049159938590109,0.0,0.9543233432634639,2.0,1.6848329842330452,1.0,0.0,0
0.5602809806997571,1.0,0.22703005940929427,1.0,-1.2010867171694808,0.0,0.0,0
2.050099693689913,1.0,0.27299125743363856,2.0,-1.3433816793341662,0.0,1.0,0
0.6630270988370092,0.0,1.5986015352486889,1.0,0.293010385559716,1.0,0.0,0
0.015726554572320705,1.0,-1.1991617531888707,2.0,-1.4234225955518018,1.0,0.0,0
0.04655039001349635,0.0,0.8047059124048888,1.0,-1.169959694195956,0.0,1.0,1
2.050099693689913,1.0,-1.1991617531888707,2.0,-1.2055334347371274,1.0,0.0,0
2.050099693689913,1.0,0.7658344261122364,1.0,-1.627971603663537,0.0,1.0,0
-1.5871128883688126,1.0,-1.1991617531888707,2.0,-0.4985053414813466,0.0,0.0,0
-1.556289052927637,0.0,-1.1991617531888707,2.0,-1.6546519090694156,1.0,0.0,0
1.5877421620722785,0.0,1.0865353594614549,2.0,-0.27172274553137926,0.0,1.0,0
-1.0836569094962771,0.0,-1.1991617531888707,2.0,0.7777026004331756,1.0,0.0,0
-1.556289052927637,0.0,0.02908324593276368,2.0,-0.40957099012841824,1.0,0.0,0
-1.361071428466858,0.0,-1.1991617531888707,2.0,-0.10274747796081532,1.0,0.0,0
-1.371346040280583,1.0,-1.1991617531888707,2.0,-0.0983007603931689,0.0,0.0,0
0.7452239933468109,0.0,-1.1991617531888707,2.0,-0.6185667158078,1.0,0.0,0
0.5191825334448562,1.0,1.360957028077314,1.0,1.7426403126124486,1.0,0.0,0
0.3856125798664284,0.0,1.0057987615235688,2.0,0.026207331500930835,0.0,0.0,0
0.4780840861899553,1.0,0.8476471524088205,1.0,-1.4456561833900339,1.0,0.0,0
-0.5185532597413904,1.0,-1.1991617531888707,2.0,-1.6946723671782333,1.0,0.0,0
0.04655039001349635,0.0,0.7373624285097575,1.0,-1.3656152671723985,0.0,1.0,0
-0.8781646732217729,0.0,0.2301178439983627,2.0,0.7376821423243579,0.0,1.0,0
1.4644468203075758,0.0,1.0002945955791618,1.0,-1.57461099285178,1.0,0.0,0
0.6116540397683831,0.0,-1.1991617531888707,2.0,-1.4100824428488625,0.0,0.0,0
0.508907921631131,1.0,-1.1991617531888707,2.0,-0.3473169441813684,1.0,0.0,0
-0.4158071416041383,1.0,-1.1991617531888707,2.0,-0.8453493117577673,0.0,0.0,0
-1.6487605592511638,0.0,-1.1991617531888707,2.0,0.9689114558419717,1.0,0.0,0
0.12874728452329806,0.0,-1.1991617531888707,2.0,-1.57461099285178,0.0,0.0,0
0.3445141326115275,0.0,-0.07737382520713977,1.0,-0.671927326619557,0.0,0.0,1
-0.5391024833688408,1.0,-1.1991617531888707,2.0,1.4224766477419064,0.0,0.0,0
-1.597387500182538,0.0,0.7199633975262231,2.0,0.7777026004331756,0.0,1.0,0
1.1048354068271933,0.0,-1.1991617531888707,2.0,1.4002430599036744,0.0,0.0,0
-0.9089885086629486,0.0,1.4412075090078451,2.0,0.7110018369184794,0.0,0.0,0
-0.14866723444728272,0.0,0.6769857705631065,2.0,-1.3522751144694591,1.0,0.0,0
0.94044161780759,0.0,1.8350866070758631,2.0,0.8088296234067006,0.0,1.0,0
1.2589545840330716,1.0,-1.1991617531888707,2.0,-1.0988122131136133,0.0,0.0,0
0.4472602507487797,1.0,-1.1991617531888707,1.0,-1.3789554198753375,0.0,0.0,1
1.4644468203075758,0.0,0.4562819463630786,2.0,0.19518259907149477,1.0,0.0,0
-1.0014600149864754,0.0,0.5581454830897529,2.0,0.021760613933284417,0.0,1.0,0
1.6596644447683548,1.0,-0.14458708209045185,2.0,0.11514168285385921,0.0,0.0,1
-0.5802009306237417,1.0,0.346619311792535,1.0,0.8488500815155183,0.0,0.0,0
-1.0425584622413764,1.0,-1.1991617531888707,1.0,0.4886659585361584,0.0,0.0,1
-1.0425584622413764,1.0,-1.1991617531888707,2.0,-1.1877465644665417,1.0,0.0,0
-0.6315739896923678,0.0,0.27258238291858833,1.0,-0.23170228742256146,0.0,1.0,0
0.12874728452329806,1.0,-1.1991617531888707,2.0,-1.2188735874400665,1.0,0.0,0
-0.09729417537865664,0.0,-1.1991617531888707,2.0,1.4847306936889564,1.0,0.0,0
0.6630270988370092,0.0,0.021192382731300825,1.0,1.7293001599095095,1.0,0.0,0
-1.8542527955256682,0.0,-0.3097093473599104,2.0,-0.9298369455430493,0.0,0.0,0
-1.0117346268002008,1.0,0.45041454919452883,1.0,-0.5073987766166395,0.0,1.0,1
1.5569183266311029,0.0,0.6452295307103463,1.0,1.4269233653095528,0.0,1.0,0
0.026001166386045917,1.0,0.6244667806972585,2.0,0.3863914544802908,0.0,1.0,0
0.20066956721937454,1.0,-0.4349570910802409,1.0,0.5197929815096833,1.0,0.0,0
1.2075815249644455,1.0,0.863788120237733,2.0,-1.169959694195956,0.0,1.0,0
-0.1383926226335575,1.0,1.3212647605079626,1.0,-0.26727602796373284,0.0,0.0,1
-0.8062423905256964,1.0,-1.1991617531888707,2.0,0.590940462592026,1.0,0.0,0
-1.0939315213100023,0.0,-1.1991617531888707,2.0,-1.2633407631165308,0.0,0.0,0
1.187032301336995,1.0,0.2772375198153495,2.0,1.035612219356668,1.0,0.0,0
0.8376954996703379,1.0,0.7532608166107712,2.0,-1.5657175577164872,1.0,0.0,0
-0.1383926226335575,1.0,-1.1991617531888707,2.0,-1.1477261063577238,1.0,0.0,0
-0.45690558885903915,0.0,0.3216513145227822,2.0,-0.8809230522989386,0.0,1.0,0
0.6322032633958335,1.0,-1.1991617531888707,2.0,-0.6496937387813249,1.0,0.0,0
-0.5904755424374669,1.0,-1.1991617531888707,1.0,1.4802839761213098,1.0,0.0,0
-0.5596517069962913,0.0,-1.1991617531888707,1.0,-0.9609639685165742,1.0,0.0,0
-0.40553252979041304,1.0,0.4493360269569371,1.0,-1.3789554198753375,0.0,1.0,0
-0.6726724369472686,0.0,1.1316938100967657,2.0,0.26188336258619105,0.0,1.0,0
-0.49800403611394,1.0,1.260490080297246,2.0,0.928890997733154,1.0,0.0,1
-0.11784339900610707,0.0,1.1937602273585428,2.0,1.4758372585536634,0.0,0.0,0
1.8035090101605078,0.0,1.0776194373176935,1.0,-1.2099801523047737,1.0,0.0,0
0.4678094743762301,0.0,0.8360143373125939,1.0,0.9689114558419717,0.0,0.0,0
0.3856125798664284,0.0,1.1077953979167348,2.0,-1.4945700766341445,0.0,1.0,0
-2.275511879888402,1.0,0.6729702781067517,2.0,1.6848329842330452,1.0,0.0,0
0.7760478287879865,1.0,0.38153738688814326,2.0,-0.7163945022960212,0.0,1.0,0
1.371975313984049,0.0,-1.1991617531888707,2.0,-1.1210458009518454,0.0,0.0,0
0.4575348625625049,0.0,-0.5107675650305944,1.0,-0.10719419552846174,1.0,0.0,0
0.48835869800368054,0.0,0.8757765061456426,1.0,1.4046897774713207,1.0,0.0,0
-0.07674495175120621,0.0,-1.1991617531888707,2.0,1.6448125261242275,0.0,0.0,0
-0.39525791797668786,1.0,1.11129349334819,1.0,0.9422311504360932,0.0,0.0,1
0.6116540397683831,0.0,0.9435251939415202,2.0,-1.552377405013548,0.0,1.0,0
0.2931410735429015,0.0,1.133853248450843,2.0,-0.863136182028353,0.0,1.0,0
0.35478874442525277,1.0,0.3048126107923084,2.0,1.4891774112566027,1.0,0.0,1
-1.1864030276335293,1.0,0.5859543762386668,2.0,-0.6185667158078,1.0,0.0,0
-1.70013361831979,0.0,0.9339158448782067,1.0,-0.6674806090519105,0.0,1.0,0
1.6082913856997287,0.0,0.42792533372327785,2.0,0.12403511798915205,1.0,0.0,0
1.1973069131507204,0.0,0.7113810225083226,2.0,-0.31618992120784345,0.0,1.0,0
0.09792344908212242,0.0,0.5407038410619098,2.0,-0.013813126607886937,0.0,1.0,0
0.005451942758595491,0.0,1.1474351597423504,1.0,0.13737527069209132,0.0,1.0,0
-0.2616879643982601,0.0,-1.1991617531888707,2.0,-0.45848488337252885,1.0,0.0,0
-1.0425584622413764,0.0,0.31295195862294106,2.0,-1.4011890077135698,1.0,0.0,0
-1.2377760867021554,1.0,0.7303849099022185,1.0,0.622067485565551,1.0,0.0,1
-0.2616879643982601,1.0,1.0553562040140116,1.0,-1.1032589306812597,1.0,0.0,0
-1.6898590065060648,0.0,-1.1991617531888707,2.0,-0.24504244012550072,1.0,0.0,0
-0.2205895171433592,0.0,0.5340225250694894,1.0,0.6665346612420152,0.0,1.0,0
0.3445141326115275,1.0,0.4479908266105831,1.0,-0.3784439671548933,0.0,0.0,0
0.5191825334448562,1.0,-1.1991617531888707,2.0,-0.41401770769606466,1.0,0.0,0
-1.70013361831979,1.0,1.3027876860626149,1.0,0.16850229366561625,0.0,1.0,0
-0.7548693314570704,0.0,0.07369892442690144,1.0,-1.4945700766341445,0.0,0.0,1
0.5911048161409327,0.0,0.18312871437704759,2.0,-1.2277670225753594,1.0,0.0,0
1.5980167738860036,0.0,1.48171401458492,2.0,-0.48071847121076094,0.0,1.0,0
-0.015097280868854937,0.0,0.6057656391874572,1.0,1.5114109990948348,1.0,0.0,0
1.5877421620722785,0.0,-1.1991617531888707,2.0,-0.9743041212195135,0.0,0.0,0
0.6527524870232839,0.0,-1.1991617531888707,2.0,-1.5701642752841336,1.0,0.0,0
0.7246747697193604,1.0,-1.1991617531888707,1.0,-0.120534348231401,0.0,0.0,1
0.6835763224644595,0.0,0.8469151042431154,1.0,1.4447102355801384,1.0,0.0,0
-0.18976568170218358,0.0,1.88297088781151,1.0,-1.530143817175316,1.0,0.0,0
-0.39525791797668786,1.0,0.9015335258987713,2.0,0.15960885853032342,0.0,0.0,1
-0.2616879643982601,0.0,-1.1991617531888707,2.0,-0.6852674793224962,1.0,0.0,0
-0.066470339937481,0.0,-0.02857795538875822,1.0,-1.1210458009518454,1.0,0.0,1
0.8685193351115135,0.0,0.7268196262698127,1.0,-0.38289068472253973,1.0,0.0,0
-1.1658538040060789,1.0,1.3323019785354273,1.0,0.9466778680037397,1.0,0.0,1
-0.354159470721787,1.0,-1.1991617531888707,2.0,1.0845261126007786,1.0,0.0,0
0.41643641530760406,0.0,-1.1991617531888707,2.0,1.0089319139507895,1.0,0.0,0
0.28286646172917623,1.0,-1.1991617531888707,1.0,1.35577588422721,1.0,0.0,0
0.09792344908212242,0.0,1.5281054724424317,2.0,-0.2139154171519758,0.0,1.0,0
-1.9775481372903707,1.0,-1.1991617531888707,2.0,-1.161066259060663,1.0,0.0,0
-1.3918952639080335,0.0,0.8657653046120336,1.0,-1.499016794201791,1.0,0.0,1
0.005451942758595491,0.0,1.085330759602126,2.0,-1.414529160416509,0.0,0.0,0
0.3445141326115275,1.0,0.09745545938449675,1.0,1.173460463953707,0.0,1.0,1
-0.5288278715551156,0.0,-1.1991617531888707,2.0,-0.5251856468872251,0.0,0.0,0
2.050099693689913,0.0,1.3743622711064636,1.0,0.8221697761096398,1.0,0.0,0
-2.419356445280555,0.0,1.127809661795714,1.0,1.0089319139507895,1.0,0.0,0
-0.40553252979041304,1.0,0.2147291925097887,1.0,1.2312677923331103,1.0,0.0,0
0.6322032633958335,0.0,0.40642909921714904,1.0,-0.2850628982343185,1.0,0.0,0
-0.641848601506093,0.0,-1.1991617531888707,2.0,-0.6096732806725071,0.0,0.0,0
-0.1281180108198323,0.0,1.163524100603306,2.0,-0.3072964860725506,0.0,1.0,0
-0.5185532597413904,0.0,0.32497641230618324,1.0,-1.0810253428430274,1.0,0.0,0
0.508907921631131,1.0,-1.1991617531888707,2.0,0.2529899274508982,1.0,0.0,0
-1.5151906056727362,0.0,0.4009528618598358,2.0,0.3508177139391194,0.0,0.0,0
0.015726554572320705,1.0,-1.1991617531888707,2.0,0.19962931663914119,0.0,0.0,0
0.0876488372683972,1.0,0.7763507360924241,1.0,1.4313700828771994,1.0,0.0,1
0.9815400650624908,0.0,-1.1991617531888707,3.0,-0.5251856468872251,1.0,0.0,1
0.20066956721937454,1.0,1.149571776450974,1.0,0.6309609207008439,0.0,1.0,0
1.8651566810428593,1.0,0.3742590374996247,1.0,0.5331331342126227,1.0,0.0,0
2.050099693689913,1.0,0.5876771710825265,1.0,-0.7119477847283747,0.0,1.0,0
0.5500063688860318,1.0,0.4375520783065525,2.0,1.333542296388978,0.0,1.0,1
-0.045921116310030576,1.0,1.0773315334827405,2.0,1.5336445869330668,0.0,0.0,1
-0.210314905329634,0.0,0.8654935195616313,4.0,0.47087908826557273,0.0,1.0,1
0.7760478287879865,1.0,-1.1991617531888707,2.0,0.6887682490802473,0.0,0.0,0
0.9507162296213152,1.0,-1.1991617531888707,1.0,-1.3789554198753375,1.0,0.0,0
0.6630270988370092,0.0,-1.1991617531888707,2.0,-1.2722341982518235,1.0,0.0,0
1.4336229848664002,0.0,-1.1991617531888707,1.0,-0.8008821360813031,1.0,0.0,0
2.050099693689913,1.0,0.9454588097199549,1.0,-1.57461099285178,0.0,1.0,1
-1.9261750782217446,0.0,0.416820767902936,1.0,1.3068619909830996,1.0,0.0,0
0.22121879084682497,1.0,-1.1991617531888707,1.0,-1.3122546563606414,1.0,0.0,0
1.279503807660522,0.0,0.710912301020929,2.0,-1.6413117563664763,0.0,1.0,0
2.050099693689913,1.0,-1.1991617531888707,2.0,-0.07606717255493681,1.0,0.0,0
-0.10756878719238186,1.0,-1.1991617531888707,2.0,1.555878174771299,1.0,0.0,0
-1.0631076858688266,0.0,0.7404819718921496,2.0,-1.6857789320429406,0.0,1.0,1
-0.24113874077080963,1.0,1.1526099279509792,1.0,1.3780094720654423,0.0,1.0,0
-0.8781646732217729,1.0,0.53860664355907,3.0,1.4669438234183707,0.0,1.0,1
2.0192758582487373,1.0,0.42139068271108016,4.0,1.4135832126066137,0.0,1.0,1
-0.2925117998394357,0.0,-1.1991617531888707,2.0,1.226821074765464,0.0,0.0,0
-0.2719625762119853,0.0,-0.14234130450427385,1.0,-0.8586894644607066,0.0,0.0,0
-1.176128415819804,0.0,-1.1991617531888707,2.0,-1.63686503879883,0.0,0.0,0
-0.8062423905256964,0.0,0.6791820746521472,1.0,0.6309609207008439,1.0,0.0,0
0.41643641530760406,0.0,0.4446500888184097,1.0,-1.1566195414930167,0.0,0.0,0
0.35478874442525277,0.0,0.5338385155785241,2.0,-1.023218014463624,0.0,1.0,0
0.1595711199644737,1.0,-1.1991617531888707,2.0,0.9422311504360932,1.0,0.0,0
0.07737422545467199,1.0,1.0446520543366287,1.0,-0.8675828995959994,1.0,0.0,1
-0.7548693314570704,0.0,-1.1991617531888707,1.0,1.2935218382801603,1.0,0.0,0
-1.556289052927637,1.0,1.063733822590534,1.0,0.3952848896155836,1.0,0.0,0
-0.8678900614080477,0.0,-1.1991617531888707,2.0,-1.3878488550106305,0.0,0.0,0
-0.8987138968492233,0.0,0.4050709719247687,1.0,-1.4901233590664982,0.0,1.0,1
0.30341568535662666,1.0,-1.1991617531888707,1.0,-0.07606717255493681,1.0,0.0,0
-1.7104082301335153,0.0,-1.1991617531888707,1.0,0.12403511798915205,1.0,0.0,0
-1.3096983693982318,0.0,0.7697950189459617,1.0,1.1378867234125356,1.0,0.0,0
-0.980910791359025,0.0,-1.1991617531888707,3.0,-0.8898164874342315,1.0,0.0,1
-0.6623978251335434,1.0,-1.1991617531888707,2.0,1.035612219356668,0.0,0.0,0
-1.4329937111629345,1.0,0.48627533379849086,1.0,-0.17389495904315802,0.0,1.0,0
1.2692291958467967,1.0,-1.1991617531888707,2.0,-0.6319068685107392,1.0,0.0,0
-2.1111180908687985,0.0,-1.1991617531888707,2.0,-0.8320091590548281,1.0,0.0,0
0.5602809806997571,0.0,-1.1991617531888707,2.0,1.5114109990948348,0.0,0.0,0
-0.9706361795452998,1.0,0.674756271353406,1.0,0.813276340974347,1.0,0.0,0
-0.4466309770453139,0.0,1.3265668830737378,1.0,1.142333440980182,0.0,0.0,0
-0.17949106988845837,0.0,1.0007716158467208,2.0,1.0222720666537288,0.0,0.0,0
0.7246747697193604,1.0,-0.1577754396918288,2.0,0.6443010734037831,0.0,1.0,0
-1.1555791921923537,1.0,0.08364198020800202,1.0,-1.032111449598917,0.0,1.0,0
1.2486799722193465,0.0,0.3933307514621765,2.0,-0.8720296171636458,0.0,1.0,0
2.050099693689913,0.0,0.3106908602118433,1.0,-0.6496937387813249,0.0,1.0,0
0.3239649089840771,0.0,0.7449685797147917,2.0,0.9199975625978611,1.0,0.0,0
1.526094491189927,1.0,1.0710916487583246,1.0,-0.9387303806783421,0.0,0.0,0
0.7760478287879865,0.0,-1.1991617531888707,2.0,-0.36065709688430764,1.0,0.0,1
-1.5871128883688126,0.0,-1.1991617531888707,2.0,1.0222720666537288,1.0,0.0,0
-0.980910791359025,1.0,1.0066300758674005,1.0,-1.5123569469047302,0.0,1.0,1
0.2931410735429015,0.0,-1.1991617531888707,2.0,-0.8231157239195352,1.0,0.0,0
-0.2205895171433592,0.0,1.5871345361638347,2.0,-0.9565172509489278,0.0,0.0,0
-1.2788745339570562,0.0,0.8043560869025507,1.0,0.293010385559716,1.0,0.0,0
-0.2616879643982601,0.0,0.7344790811782143,1.0,-1.4723364887959125,0.0,0.0,0
-1.217226863074705,1.0,-1.1991617531888707,2.0,0.47087908826557273,1.0,0.0,0
0.42671102712132924,0.0,-1.1991617531888707,2.0,0.6443010734037831,1.0,0.0,0
-0.5802009306237417,1.0,0.9564068158606464,2.0,-1.4278693131194482,0.0,1.0,0
1.0226385123173916,1.0,0.35298798720143343,2.0,-1.2544473279812378,0.0,0.0,0
1.9781774109938366,1.0,0.9535343207800882,1.0,1.409136495038967,1.0,0.0,0
-0.8473408377805972,0.0,1.2080737080399764,1.0,-0.36065709688430764,0.0,1.0,1
-0.210314905329634,0.0,-1.1991617531888707,2.0,1.6181322207183488,1.0,0.0,0
0.19039495540564932,1.0,-1.1991617531888707,2.0,-0.3562103793166612,1.0,0.0,0
1.4027991494252245,0.0,0.5393591194913346,1.0,0.13737527069209132,0.0,0.0,0
-0.045921116310030576,1.0,0.4055138395201101,2.0,1.3290955788213317,0.0,1.0,0
-1.5460144411139118,0.0,1.3676849449121993,2.0,1.6537059612595202,0.0,1.0,0
0.8376954996703379,0.0,0.9804812579353301,1.0,-0.725287937431314,1.0,0.0,1
0.3856125798664284,0.0,-1.1991617531888707,2.0,-1.0143245793283313,0.0,0.0,0
1.90625512829776,1.0,0.5435289373403723,2.0,-1.6012912982576586,0.0,1.0,0
1.6699390565820802,1.0,0.7736566647854121,1.0,-0.19612854688139011,0.0,1.0,0
-1.8131543482707673,0.0,-1.1991617531888707,2.0,0.8266164936772863,1.0,0.0,0
0.23149340266055018,1.0,-1.1991617531888707,2.0,-0.049386867149058294,1.0,0.0,0
0.0876488372683972,0.0,0.916690769094284,2.0,-1.0632384725724418,0.0,1.0,0
-0.8781646732217729,0.0,-1.1991617531888707,1.0,-1.6101847333929513,1.0,0.0,0
-0.2719625762119853,0.0,-1.1991617531888707,2.0,0.26633008015383747,1.0,0.0,0
-0.7034962723884443,1.0,0.9709534603463302,4.0,1.2001407693595856,1.0,0.0,1
0.5191825334448562,0.0,1.0389072237674382,1.0,-1.1744064117636024,1.0,0.0,0
0.5705555925134822,1.0,1.1004050149959894,1.0,-1.627971603663537,0.0,1.0,1
0.6630270988370092,1.0,-0.30201813365818525,2.0,0.8177230585419935,1.0,0.0,1
0.3753379680527032,0.0,-1.1991617531888707,2.0,-0.43625129553429676,0.0,0.0,0
1.6802136683958053,1.0,-1.1991617531888707,2.0,1.0222720666537288,0.0,0.0,0
-0.7548693314570704,1.0,0.5786439488729722,1.0,-0.10274747796081532,0.0,1.0,0
0.2520426262880006,0.0,-1.1991617531888707,2.0,-1.2900210685224092,1.0,0.0,0
-0.2000402935159088,1.0,0.7858289005923609,1.0,-0.6452470212136785,1.0,0.0,0
0.09792344908212242,0.0,1.135689034378487,1.0,1.5291978693654205,1.0,0.0,0
1.043187735944842,0.0,0.6530634195941382,1.0,-1.5168036644723766,0.0,0.0,1
-1.9159004664080195,1.0,1.1547186160725091,2.0,0.866636951786104,1.0,0.0,0
0.991814676876216,0.0,0.0809946693353811,1.0,-0.9743041212195135,1.0,0.0,1
-0.14866723444728272,1.0,0.354069062909845,1.0,1.5069642815271884,0.0,1.0,0
-2.039195808172722,0.0,0.2198634243691501,1.0,-0.587439692834275,0.0,0.0,0
-1.8748020191531185,1.0,-1.1991617531888707,2.0,0.7732558828655293,1.0,0.0,0
0.20066956721937454,0.0,-1.1991617531888707,2.0,1.1779071815213533,1.0,0.0,0
0.7246747697193604,0.0,0.21798805964379622,1.0,-0.06272701985199755,0.0,0.0,0
-0.4363563652315887,1.0,0.7435415087102719,1.0,0.8710836693537505,0.0,1.0,0
-0.7034962723884443,1.0,0.5587501768983109,1.0,0.35526443150676584,0.0,1.0,1
-2.1111180908687985,0.0,-1.1991617531888707,2.0,-1.414529160416509,1.0,0.0,0
0.005451942758595491,0.0,1.003335460141913,2.0,-0.8142222887842424,0.0,1.0,0
0.5397317570723066,1.0,0.3834721198100616,1.0,0.7999361882714078,0.0,1.0,0
-0.641848601506093,0.0,-1.1991617531888707,2.0,-0.9431770982459885,1.0,0.0,0
-0.785693166898246,1.0,0.593445780848728,2.0,0.3019038206950088,1.0,0.0,0
0.10819806089584763,1.0,-0.7509805446630229,1.0,-0.0049196914725941,0.0,0.0,1
-0.7343201078296199,0.0,0.3862376883000332,1.0,0.8888705396243362,0.0,0.0,1
1.187032301336995,1.0,0.4994539562923667,1.0,-0.9876442739224527,0.0,1.0,1
-0.9089885086629486,1.0,-1.1991617531888707,2.0,1.493624128824249,1.0,0.0,0
-0.34388485890806175,0.0,-1.1991617531888707,1.0,-0.5251856468872251,0.0,0.0,1
1.5055452675624768,0.0,-1.1991617531888707,2.0,0.44864550042734064,1.0,0.0,0
-1.2480506985158806,0.0,1.1547216483191078,1.0,-1.583504427987073,1.0,0.0,0
-0.24113874077080963,0.0,0.8559175252109038,2.0,-1.2944677860900557,0.0,1.0,0
1.0020892886899413,1.0,0.9212653120682893,1.0,0.6665346612420152,1.0,0.0,1
-0.6315739896923678,1.0,-1.1991617531888707,2.0,1.342435731524271,0.0,0.0,0
1.3411514785428733,0.0,0.2774808975028794,2.0,-0.32063663877548987,0.0,1.0,0
0.015726554572320705,0.0,-1.1991617531888707,2.0,0.6354076382684902,1.0,0.0,0
-0.9706361795452998,1.0,0.23059598140940524,1.0,0.982251608544911,1.0,0.0,0
0.9301670059938647,0.0,-1.1991617531888707,1.0,1.4536036707154314,1.0,0.0,0
1.3617007021703238,1.0,0.10648708567478868,1.0,0.021760613933284417,0.0,0.0,1
-1.032283850427651,0.0,0.09237676551547021,1.0,0.3241374085332409,0.0,0.0,0
-0.210314905329634,0.0,-1.1991617531888707,2.0,1.1467801585478286,1.0,0.0,0
-1.3405222048394074,0.0,-1.1991617531888707,2.0,-1.107705648248906,0.0,0.0,0
2.050099693689913,0.0,-1.1991617531888707,2.0,-1.6413117563664763,1.0,0.0,0
-1.7309574537609655,1.0,1.1598151842372753,2.0,1.5069642815271884,1.0,0.0,0
1.1973069131507204,1.0,0.6453449156730244,1.0,0.11958840042150563,1.0,0.0,0
-0.3849833061629626,0.0,0.02421250034363953,2.0,-1.6546519090694156,0.0,1.0,0
0.22121879084682497,1.0,-1.1991617531888707,1.0,0.10180153015091996,1.0,0.0,0
-0.48772942430021476,0.0,-0.2518117903956137,1.0,-0.10274747796081532,1.0,0.0,0
-0.31306102346688613,0.0,-1.1991617531888707,2.0,0.5286864166449762,1.0,0.0,0
-0.3747086943492374,1.0,0.8452152906366359,1.0,0.9955917612478502,0.0,1.0,1
1.0226385123173916,1.0,-1.1991617531888707,1.0,-1.3700619847400448,1.0,0.0,1
-0.6623978251335434,1.0,0.9163610521746532,1.0,-1.6724387793400013,1.0,0.0,1
-0.11784339900610707,0.0,0.3678187053158403,1.0,-1.5345905347429623,1.0,0.0,0
1.6802136683958053,0.0,-1.1991617531888707,2.0,-0.2984030509372578,1.0,0.0,0
1.1253846304546438,0.0,-1.1991617531888707,2.0,0.9244442801655075,1.0,0.0,0
0.42671102712132924,0.0,-1.1991617531888707,1.0,0.35526443150676584,1.0,0.0,1
1.2692291958467967,0.0,0.729909325961996,2.0,1.5203044342301277,0.0,1.0,0
0.8068716642291621,1.0,0.5420946846991713,1.0,-0.6674806090519105,1.0,0.0,0
0.6938509342781848,0.0,-1.1991617531888707,2.0,0.32858412610088733,1.0,0.0,0
-0.4466309770453139,0.0,0.5037310199158439,2.0,-0.38733740229018615,0.0,1.0,0
0.12874728452329806,1.0,-0.22126701285501071,2.0,-1.6101847333929513,0.0,0.0,0
0.6733017106507344,1.0,0.6011657210971779,1.0,-0.18278839417845086,1.0,0.0,0
-0.2616879643982601,0.0,0.5331473229459391,3.0,-1.2277670225753594,1.0,0.0,1
0.94044161780759,0.0,0.4803693153837888,1.0,0.8177230585419935,1.0,0.0,0
-1.0528330740551015,0.0,-1.1991617531888707,1.0,1.1067597004390106,0.0,0.0,0
0.30341568535662666,0.0,1.7336346579269857,1.0,-1.4011890077135698,1.0,0.0,0
-0.2925117998394357,0.0,-1.1991617531888707,1.0,1.6537059612595202,1.0,0.0,0
-0.2719625762119853,0.0,-1.1991617531888707,2.0,-0.06717373741964397,0.0,0.0,0
-0.7240454960158946,0.0,0.6432023940631296,2.0,0.33303084366853375,0.0,1.0,1
0.21094417903309975,0.0,0.5021478680074524,2.0,-1.3478283969018128,1.0,0.0,0
-1.1453045803786284,0.0,-1.1991617531888707,1.0,-1.721352672584112,0.0,0.0,1
-0.6623978251335434,1.0,0.45581753385769375,1.0,0.8221697761096398,0.0,1.0,1
-0.18976568170218358,1.0,0.09230000179894442,1.0,-0.7653083955401317,0.0,0.0,0
-1.4638175466041101,0.0,0.6433437925097863,2.0,0.21296946934208044,1.0,0.0,0
0.3753379680527032,1.0,-1.1991617531888707,1.0,0.10624824771856638,0.0,0.0,0
-1.1042061331237276,0.0,-1.1991617531888707,2.0,1.280181685577221,1.0,0.0,0
1.5055452675624768,0.0,-1.1991617531888707,1.0,-0.6674806090519105,1.0,0.0,0
-1.4740921584178353,1.0,-1.1991617531888707,2.0,-0.9520705333812813,0.0,0.0,0
-0.8576154495943225,0.0,-1.1991617531888707,2.0,-1.627971603663537,0.0,0.0,0
-0.7137708842021695,0.0,-1.1991617531888707,2.0,-0.2183621347196222,1.0,0.0,0
-1.0631076858688266,0.0,1.2861130428323255,1.0,-1.3211480914959342,0.0,1.0,0
1.8035090101605078,1.0,0.874544935250778,1.0,0.45309221799498706,0.0,0.0,0
0.3856125798664284,0.0,0.9972125562994383,2.0,0.6042806152949654,1.0,0.0,0
0.7349493815330856,1.0,1.4851371018110378,1.0,-0.9920909914900992,1.0,0.0,1
1.032913124131117,1.0,-1.1991617531888707,2.0,-1.5657175577164872,1.0,0.0,0
0.5808302043272074,0.0,-1.1991617531888707,2.0,0.33747756123618017,0.0,0.0,0
-0.2719625762119853,1.0,0.7983485680227539,2.0,-0.41401770769606466,1.0,0.0,0
0.5191825334448562,0.0,-1.1991617531888707,2.0,0.11958840042150563,1.0,0.0,0
0.3136902971703519,0.0,0.849891493667662,1.0,1.333542296388978,0.0,0.0,0
-0.07674495175120621,0.0,0.6384259673024187,1.0,1.342435731524271,0.0,1.0,0
-0.5082786479276652,1.0,-1.1991617531888707,3.0,-1.169959694195956,1.0,0.0,1
-0.7959677787119712,0.0,-0.15751753913901012,1.0,-0.3784439671548933,0.0,0.0,1
-0.6623978251335434,1.0,1.3080189498131358,2.0,-0.13387450093434025,0.0,1.0,0
-0.48772942430021476,0.0,0.4419772432375891,2.0,-0.7030543495930819,1.0,0.0,0
-0.6726724369472686,1.0,1.4438466806922272,2.0,0.8221697761096398,0.0,1.0,0
-0.6212993778786425,0.0,0.2745211056386629,2.0,0.7287887071890651,0.0,1.0,0
-0.354159470721787,1.0,-1.1991617531888707,1.0,1.333542296388978,0.0,0.0,1
0.12874728452329806,1.0,0.7562890734113487,1.0,-1.5345905347429623,0.0,0.0,0
1.0945607950134681,0.0,0.8804246209976491,1.0,1.257948097738989,1.0,0.0,0
2.050099693689913,0.0,-1.1991617531888707,2.0,1.7293001599095095,0.0,0.0,0
1.2897784194742472,1.0,-1.1991617531888707,2.0,-1.681332214475294,1.0,0.0,0
-0.39525791797668786,0.0,1.5185033050157994,1.0,-1.3834021374429841,0.0,0.0,0
-0.6110247660649173,0.0,0.9037127536517032,1.0,-0.04049343201376545,1.0,0.0,0
1.2075815249644455,1.0,1.0564299384938158,1.0,-1.4634430536606196,1.0,0.0,0
0.94044161780759,1.0,0.8715201894725777,2.0,1.3691160369301494,0.0,1.0,1
0.4369856389350545,0.0,1.1401477136140357,1.0,-0.6541404563489713,0.0,1.0,0
0.6938509342781848,1.0,-1.1991617531888707,1.0,-1.5701642752841336,1.0,0.0,0
-0.3747086943492374,1.0,1.6721499532363868,1.0,-0.6897141968901427,0.0,0.0,1
0.6424778752095588,0.0,0.667757048243897,2.0,-0.45848488337252885,0.0,0.0,0
-1.4946413820452857,1.0,0.6244768349886123,2.0,1.4980708463918955,0.0,1.0,0
-0.03564650449630537,1.0,0.7593109465348764,2.0,-1.2588940455488844,0.0,1.0,0
-0.8576154495943225,1.0,0.2741320205224674,2.0,1.3780094720654423,0.0,0.0,1
0.6116540397683831,0.0,1.1601383578879298,2.0,1.3780094720654423,0.0,1.0,0
0.10819806089584763,1.0,0.8502451493762302,1.0,1.6136855031507025,0.0,0.0,0
-0.7548693314570704,0.0,0.7333763009678326,2.0,0.42641191258910854,1.0,0.0,0
0.3136902971703519,0.0,0.34925034428867846,1.0,-0.4762717536431145,1.0,0.0,0
2.050099693689913,1.0,0.7311463229823533,1.0,-0.9342836631106957,0.0,0.0,0
-1.8028797364570421,1.0,0.7003536991802852,1.0,-1.4589963360929732,1.0,0.0,0
-0.5288278715551156,0.0,-1.1991617531888707,1.0,0.9422311504360932,1.0,0.0,1
-0.7445947196433451,1.0,-1.1991617531888707,2.0,-0.120534348231401,1.0,0.0,0
1.3103276431016977,0.0,1.7098037531317583,2.0,0.4931126761038048,0.0,1.0,0
-0.14866723444728272,0.0,0.9826090970880104,1.0,0.6665346612420152,0.0,1.0,1
1.084286183199743,1.0,-1.1991617531888707,2.0,0.6487477909714295,1.0,0.0,0
0.8376954996703379,1.0,-1.1991617531888707,2.0,0.7154485544861258,1.0,0.0,0
-1.6282113356237136,1.0,0.03239110778812958,2.0,-0.2405957225578543,0.0,1.0,0
-0.066470339937481,0.0,1.3797018977749074,3.0,0.47087908826557273,0.0,1.0,0
-1.0014600149864754,1.0,-1.1991617531888707,2.0,-1.3611685496047519,1.0,0.0,0
-0.24113874077080963,0.0,-1.1991617531888707,2.0,-0.4762717536431145,1.0,0.0,0
-0.9603615677315746,1.0,0.20108312526392919,1.0,-0.5162922117519323,1.0,0.0,0
-0.3747086943492374,1.0,0.6097887920562719,1.0,-0.8853697698665851,0.0,0.0,0
-0.9500869559178494,0.0,1.1110434127997573,1.0,-1.5657175577164872,0.0,1.0,1
1.957628187366386,1.0,1.2740309764637077,2.0,1.3379890139566244,0.0,1.0,0
0.11847267270957285,1.0,1.028135885889104,2.0,1.1779071815213533,1.0,0.0,0
-1.2377760867021554,0.0,-1.1991617531888707,2.0,-0.0049196914725941,1.0,0.0,0
0.13902189633702328,0.0,0.9346739065278901,1.0,1.6492592436918738,0.0,0.0,0
2.009001246435012,1.0,-1.1991617531888707,3.0,1.7248534423418629,1.0,0.0,1
-1.1453045803786284,1.0,0.11599557264071265,1.0,-1.2411071752782987,0.0,1.0,0
0.6835763224644595,0.0,-1.1991617531888707,1.0,0.9111041274625682,1.0,0.0,0
-0.3849833061629626,0.0,0.6872373175376467,1.0,-1.21442686987242,0.0,0.0,0
-1.6693097828786143,0.0,0.6002552491579267,1.0,-0.5251856468872251,1.0,0.0,0
-1.9775481372903707,1.0,1.4579238057308859,1.0,-0.013813126607886937,0.0,0.0,0
-0.1383926226335575,1.0,0.37760647815270054,1.0,-0.7830952658107174,0.0,0.0,0
0.3136902971703519,0.0,-1.1991617531888707,2.0,0.09735481258327354,1.0,0.0,0
1.1664830777095447,1.0,1.0086570529226913,1.0,0.4130717598861693,0.0,1.0,1
1.1048354068271933,0.0,1.2863190760091132,1.0,0.6709813788096616,1.0,0.0,0
0.5191825334448562,0.0,1.418881556077147,1.0,-0.1694482414755116,0.0,1.0,0
1.084286183199743,0.0,1.672857743429302,1.0,-1.0410048847342097,1.0,0.0,0
1.0123639005036664,0.0,-1.1991617531888707,2.0,-1.161066259060663,1.0,0.0,0
-1.9159004664080195,0.0,0.6591210503387769,1.0,-0.7653083955401317,1.0,0.0,0
2.050099693689913,0.0,-1.1991617531888707,2.0,0.5953871801596725,1.0,0.0,0
1.1459338540820942,0.0,0.6790333349768831,1.0,1.1601203112507676,1.0,0.0,0
1.6391152211409046,1.0,1.245246657461559,1.0,-0.587439692834275,1.0,0.0,0
-1.268599922143331,1.0,-1.1991617531888707,2.0,0.9644647382743253,0.0,0.0,0
-0.7034962723884443,0.0,-1.1991617531888707,2.0,-0.25838259282844,1.0,0.0,0
0.42671102712132924,1.0,0.3179034577267473,2.0,-0.08051389012258323,1.0,0.0,0
-0.3233356352806113,1.0,-0.0703813049585335,1.0,1.5825584801771775,1.0,0.0,0
0.4780840861899553,0.0,-1.1991617531888707,1.0,-0.2628293103960864,0.0,0.0,1
-0.39525791797668786,1.0,0.819250482195531,1.0,0.11958840042150563,1.0,0.0,0
-0.980910791359025,0.0,-1.1991617531888707,2.0,1.0845261126007786,0.0,0.0,0
0.9712654532487656,0.0,1.116058110306358,1.0,0.7110018369184794,0.0,1.0,0
1.6699390565820802,1.0,-0.16711348248051894,2.0,0.37749801934499794,1.0,0.0,0
0.06709961364094677,0.0,1.2742574374070552,1.0,0.6932149666478937,0.0,0.0,0
-1.946724301849195,1.0,-1.1991617531888707,1.0,1.1334400058448892,1.0,0.0,0
-0.39525791797668786,1.0,-1.1991617531888707,1.0,-1.2099801523047737,1.0,0.0,0
-0.693221660574719,1.0,-1.1991617531888707,3.0,-0.5429725171578108,1.0,0.0,0
-0.9192631204766737,0.0,0.4202221506270839,1.0,-0.7697551131077782,0.0,0.0,0
0.28286646172917623,0.0,-1.1991617531888707,2.0,-1.223320305007713,1.0,0.0,0
-0.8678900614080477,0.0,0.7175438243323597,1.0,1.0489523720596072,0.0,1.0,1
0.3239649089840771,0.0,-1.1991617531888707,2.0,0.9466778680037397,1.0,0.0,0
-0.7445947196433451,0.0,-1.1991617531888707,2.0,-1.627971603663537,0.0,0.0,0
0.8068716642291621,0.0,1.4320432618268402,2.0,-1.5879511455547193,0.0,0.0,0
1.4438975966801255,0.0,0.872797563250276,1.0,-1.5879511455547193,0.0,1.0,1
-0.4466309770453139,1.0,0.5245051009556952,1.0,-1.4901233590664982,0.0,0.0,1
1.2692291958467967,1.0,0.3125389347178084,1.0,0.039547484203870095,1.0,0.0,0
1.279503807660522,1.0,-1.1991617531888707,1.0,0.8933172571919825,1.0,0.0,1
-1.3405222048394074,1.0,1.3906692145386752,1.0,1.7426403126124486,0.0,0.0,0
-1.0631076858688266,0.0,1.2137294863143198,1.0,1.5069642815271884,0.0,1.0,1
0.03627577819977113,0.0,0.4874636552813421,1.0,-1.583504427987073,0.0,0.0,0
-1.073382297682552,1.0,-1.1991617531888707,2.0,0.897763974759629,1.0,0.0,0
-0.08701956356493143,1.0,0.7876935726586558,3.0,-0.43625129553429676,0.0,1.0,1
-1.022009238613926,0.0,0.8710216242949755,2.0,1.493624128824249,1.0,0.0,0
-0.354159470721787,0.0,1.256337179192391,1.0,0.33303084366853375,1.0,0.0,0
-0.09729417537865664,1.0,0.8027137263895207,2.0,-0.24504244012550072,1.0,0.0,0
-0.03564650449630537,0.0,1.0181661782563203,1.0,1.386902907200735,1.0,0.0,1
-0.7445947196433451,1.0,0.4300911557544049,4.0,0.17294901123326267,0.0,1.0,1
-0.6521232133198182,0.0,-1.1991617531888707,4.0,0.9778048909772645,1.0,0.0,1
-0.2205895171433592,1.0,0.38951602564904314,3.0,1.2090342044948783,1.0,0.0,1
0.4472602507487797,1.0,-1.1991617531888707,2.0,1.6981731369359845,1.0,0.0,0
1.1973069131507204,1.0,-1.1991617531888707,2.0,1.35577588422721,1.0,0.0,0
0.9712654532487656,0.0,-0.1602915660010728,2.0,-0.013813126607886937,0.0,1.0,0
1.6596644447683548,0.0,0.9242243059728749,2.0,-1.627971603663537,1.0,0.0,0
0.508907921631131,0.0,0.3305809615722007,2.0,1.1378867234125356,0.0,1.0,0
-1.0631076858688266,1.0,-0.043837337417070306,1.0,0.8933172571919825,0.0,1.0,0
-0.09729417537865664,1.0,0.2618678597659992,2.0,0.47087908826557273,1.0,0.0,0
-0.7754185550845207,0.0,1.0239805909053552,1.0,-0.25838259282844,1.0,0.0,0
0.20066956721937454,0.0,0.10293345225299871,1.0,1.6803862666653988,0.0,0.0,0
-0.49800403611394,1.0,-1.1991617531888707,2.0,0.9199975625978611,1.0,0.0,0
1.7315867274644314,0.0,0.7531942667775252,2.0,-0.08940732525787606,1.0,0.0,0
1.135659242268369,0.0,0.8378363983345803,1.0,1.1289932882772429,1.0,0.0,0
1.0020892886899413,0.0,-1.1991617531888707,2.0,-0.449591448237236,0.0,0.0,0
0.6116540397683831,0.0,0.6892443456021559,2.0,0.9022106923272754,1.0,0.0,0
0.5191825334448562,0.0,-1.1991617531888707,2.0,-0.5518659522931036,1.0,0.0,0
-0.8884392850354981,0.0,-1.1991617531888707,2.0,-1.0810253428430274,1.0,0.0,0
2.050099693689913,0.0,-1.1991617531888707,1.0,0.9422311504360932,1.0,0.0,0
-1.6795843946923394,1.0,0.9727844585161863,1.0,0.3152439733979481,0.0,0.0,0
-0.210314905329634,0.0,0.8729434302708677,2.0,0.4886659585361584,1.0,0.0,0
1.3925245376114994,0.0,-1.1991617531888707,2.0,1.3246488612536853,1.0,0.0,0
-1.8542527955256682,0.0,-1.1991617531888707,2.0,-0.1694482414755116,0.0,0.0,0
-0.980910791359025,0.0,0.8445884135503293,2.0,1.6492592436918738,0.0,0.0,0
-0.9089885086629486,0.0,1.380301165457973,1.0,-0.20057526444903653,0.0,0.0,0
2.050099693689913,1.0,-1.1991617531888707,1.0,0.9244442801655075,1.0,0.0,0
0.4472602507487797,0.0,0.78085250514806,1.0,0.7243419896214186,0.0,1.0,0
1.382249925797774,1.0,0.9623257612213748,1.0,1.0133786315184359,1.0,0.0,0
-0.09729417537865664,1.0,-1.1991617531888707,1.0,-0.04494014958141187,1.0,0.0,0
-0.7137708842021695,0.0,1.0962361546985093,2.0,0.8844238220566897,0.0,1.0,1
-1.6282113356237136,1.0,-1.1991617531888707,2.0,0.7865960355684685,1.0,0.0,0
0.11847267270957285,0.0,-1.1991617531888707,2.0,1.2712882504419283,1.0,0.0,0
-0.5802009306237417,1.0,-1.1991617531888707,1.0,-1.0721319077077347,1.0,0.0,0
0.05682500182722156,1.0,1.1298154131248133,1.0,-0.8764763347312923,1.0,0.0,0
-0.8062423905256964,1.0,-1.1991617531888707,2.0,1.7115132896389238,1.0,0.0,0
-0.9192631204766737,1.0,-1.1991617531888707,2.0,-1.467889771228266,0.0,0.0,0
0.04655039001349635,1.0,-1.1991617531888707,2.0,1.5158577166624811,1.0,0.0,0
-0.10756878719238186,0.0,0.5856101364537474,1.0,-1.116599083384199,1.0,0.0,0
-0.9911854031727503,1.0,-1.1991617531888707,2.0,0.8710836693537505,1.0,0.0,0
-0.10756878719238186,0.0,-0.10703510184402758,2.0,-0.9876442739224527,1.0,0.0,1
0.30341568535662666,0.0,1.0876780376533988,1.0,0.3908381720479372,1.0,0.0,0
0.8376954996703379,1.0,-1.1991617531888707,2.0,-0.39178411985783257,1.0,0.0,0
-1.268599922143331,0.0,-1.1991617531888707,1.0,-0.5251856468872251,0.0,0.0,0
0.41643641530760406,1.0,-1.1991617531888707,2.0,-0.6185667158078,1.0,0.0,0
0.10819806089584763,0.0,-1.1991617531888707,2.0,-0.2628293103960864,1.0,0.0,0
1.3103276431016977,1.0,1.2230068841710353,2.0,0.45309221799498706,1.0,0.0,1
-0.4260817534178635,0.0,-1.1991617531888707,1.0,1.249054662603696,1.0,0.0,0
0.5500063688860318,0.0,-0.20844364198896548,2.0,1.6670461139624595,0.0,1.0,0
0.4780840861899553,1.0,1.445054791573933,2.0,0.3908381720479372,1.0,0.0,0
-0.49800403611394,0.0,1.2788512910041365,1.0,1.0222720666537288,1.0,0.0,0
0.6424778752095588,0.0,0.9376041738857509,1.0,-1.107705648248906,1.0,0.0,0
-0.25141335258453484,0.0,0.9974406131620485,1.0,-0.20502198201668295,1.0,0.0,1
-2.2960611035158522,0.0,-1.1991617531888707,2.0,0.7643624477302364,0.0,0.0,0
1.187032301336995,1.0,0.24828562929063933,1.0,-0.03159999687847261,0.0,1.0,0
-0.004822669055129724,1.0,-1.1991617531888707,1.0,1.386902907200735,0.0,0.0,0
1.238405360405621,0.0,0.48021961815696707,1.0,0.6087273328626117,1.0,0.0,1
1.5363691030036524,1.0,0.0120310082049685,2.0,-0.41401770769606466,1.0,0.0,0
-1.7617812892021412,0.0,0.6909483085987181,1.0,1.555878174771299,0.0,0.0,0
1.1253846304546438,1.0,0.2611520899767719,1.0,-0.4229111428313575,0.0,1.0,1
-0.5288278715551156,0.0,-0.37008249428418394,2.0,-0.28950961580196494,0.0,1.0,0
-0.549377095182566,1.0,-1.1991617531888707,2.0,0.26633008015383747,0.0,0.0,1
1.238405360405621,0.0,-1.1991617531888707,2.0,1.386902907200735,1.0,0.0,0
-0.980910791359025,0.0,0.7952446646491343,1.0,1.3246488612536853,1.0,0.0,0
0.07737422545467199,0.0,1.5787026563323874,1.0,-0.013813126607886937,1.0,0.0,0
-0.03564650449630537,0.0,0.30036957156553223,1.0,-0.8409025941901209,0.0,1.0,1
0.3445141326115275,0.0,2.104949053542637,2.0,0.8621902342184576,0.0,0.0,1
0.33423952079780234,0.0,0.814135720551172,1.0,0.021760613933284417,0.0,0.0,0
-0.40553252979041304,1.0,-0.1634460600153135,1.0,0.38194473691264436,1.0,0.0,0
-0.210314905329634,1.0,0.5074672265012626,2.0,0.07956794231268786,0.0,1.0,0
0.05682500182722156,0.0,1.0921237899429208,1.0,0.03510076663622367,1.0,0.0,0
0.847970111484063,1.0,0.43330166653475916,1.0,-1.6324183212311836,0.0,0.0,0
1.5877421620722785,1.0,0.6614561994036545,1.0,1.2401612274684033,0.0,1.0,1
0.09792344908212242,0.0,0.15879477583028276,1.0,0.9022106923272754,0.0,1.0,0
-0.7137708842021695,0.0,-1.1991617531888707,2.0,1.4269233653095528,1.0,0.0,0
-1.4740921584178353,0.0,0.5817192852917932,1.0,-0.5918864104019215,0.0,1.0,0
1.5877421620722785,1.0,0.48714335428536,2.0,0.4575389355626335,0.0,1.0,0
-1.5049159938590109,0.0,1.518548629122854,2.0,-0.9565172509489278,0.0,1.0,0
1.1253846304546438,0.0,0.7367484783694771,2.0,0.8221697761096398,0.0,1.0,0
-0.16921645807473315,1.0,-1.1991617531888707,2.0,-1.3122546563606414,0.0,0.0,0
-0.7137708842021695,1.0,1.8222032296455484,2.0,1.066739242330193,0.0,0.0,1
-0.9706361795452998,1.0,1.4903192112482737,1.0,-0.947623815813635,0.0,0.0,0
1.382249925797774,1.0,0.393674991247096,1.0,0.7999361882714078,0.0,1.0,0
0.07737422545467199,1.0,0.44296096787098876,1.0,1.0533990896272536,1.0,0.0,0
0.4678094743762301,0.0,0.34945797338472856,2.0,-0.05383358471670471,0.0,1.0,1
0.5911048161409327,0.0,0.48223191275504246,1.0,0.6620879436743687,1.0,0.0,1
-0.3233356352806113,1.0,1.4777296425541837,2.0,-1.27668091581947,1.0,0.0,0
-1.70013361831979,0.0,-1.1991617531888707,2.0,0.5731535923214404,1.0,0.0,0
-0.045921116310030576,0.0,0.29590227436596594,2.0,-1.3700619847400448,1.0,0.0,0
1.7932343983467827,0.0,-1.1991617531888707,2.0,1.4891774112566027,1.0,0.0,0
-0.9398123441041242,0.0,0.573266977693786,2.0,-1.6190781685282443,1.0,0.0,0
0.12874728452329806,0.0,0.5337968620857731,1.0,0.5197929815096833,0.0,1.0,0
-1.2480506985158806,1.0,0.12172364605764702,1.0,-0.1427679360696331,0.0,0.0,0
0.7760478287879865,0.0,0.30905137235348584,1.0,1.1289932882772429,0.0,1.0,0
0.5500063688860318,1.0,1.253077514098752,1.0,1.2623948153066353,0.0,0.0,0
0.33423952079780234,1.0,0.5371605811153265,2.0,0.951124585571386,0.0,1.0,0
-0.2925117998394357,1.0,1.331723936578553,3.0,1.6670461139624595,1.0,0.0,1
1.7829597865330575,1.0,-1.1991617531888707,2.0,-1.1832998468988951,0.0,0.0,0
-0.46718020067276433,0.0,-1.1991617531888707,2.0,-0.7608616779724854,1.0,0.0,0
0.6322032633958335,0.0,0.4373035936773827,1.0,-0.8497960293254138,1.0,0.0,0
-0.7240454960158946,1.0,0.5053480053126002,3.0,1.5291978693654205,1.0,0.0,1
0.05682500182722156,1.0,1.4109582957146556,1.0,-0.40957099012841824,0.0,1.0,0
-0.7137708842021695,1.0,0.4646643526973889,1.0,-0.20946869958432937,1.0,0.0,0
-1.5254652174864614,1.0,1.0297528712858606,1.0,0.37749801934499794,1.0,0.0,0
-1.895351242780569,0.0,1.3034903693138897,1.0,-1.1432793887900774,1.0,0.0,0
0.41643641530760406,0.0,-1.1991617531888707,1.0,0.23964977474795895,1.0,0.0,1
-1.1658538040060789,1.0,1.0636407804975307,1.0,-0.36510381445195406,0.0,0.0,0
0.3445141326115275,0.0,1.0923052459630667,1.0,-0.20946869958432937,0.0,0.0,0
1.084286183199743,0.0,0.9944626278182394,1.0,1.5958986328801168,0.0,1.0,0
1.4130737612389497,0.0,1.2981106850719575,1.0,0.6843215315126009,0.0,0.0,0
1.5466437148173775,0.0,1.333770862624624,2.0,-1.6991190847458797,1.0,0.0,0
0.7452239933468109,1.0,0.5620468673188396,1.0,0.6887682490802473,0.0,1.0,1
-1.1453045803786284,1.0,0.48350753102155203,1.0,0.09290809501562712,0.0,1.0,1
0.4986333098174057,0.0,-1.1991617531888707,2.0,-0.969857403651867,1.0,0.0,0
0.8890685587389638,0.0,0.836478749817979,2.0,-0.22725556985491505,0.0,1.0,0
-0.980910791359025,0.0,0.8331360969226904,1.0,-1.3122546563606414,0.0,0.0,0
0.30341568535662666,0.0,0.2844304875233249,1.0,0.05288763690680935,1.0,0.0,0
1.4336229848664002,0.0,0.7388999371272418,1.0,-1.129939236087138,0.0,1.0,1
-1.0939315213100023,0.0,0.07329515685349106,1.0,1.1556735936831213,0.0,1.0,0
0.7760478287879865,0.0,0.5782984323526429,2.0,0.07067450717739503,0.0,1.0,0
0.3445141326115275,0.0,0.4067798822710446,2.0,-0.6897141968901427,0.0,0.0,0
0.8171462760428874,1.0,0.8382157483432746,1.0,-0.2850628982343185,1.0,0.0,0
-0.8781646732217729,1.0,-1.1991617531888707,2.0,-0.38289068472253973,1.0,0.0,0
-1.1042061331237276,1.0,1.1576002078928638,1.0,1.6848329842330452,1.0,0.0,0
-0.3747086943492374,1.0,-1.1991617531888707,2.0,-1.2811276333871164,1.0,0.0,0
-0.785693166898246,1.0,-1.1991617531888707,2.0,0.5820470274567332,0.0,0.0,0
0.508907921631131,1.0,1.1719125714308134,1.0,-1.5123569469047302,0.0,1.0,1
0.6938509342781848,0.0,-1.1991617531888707,2.0,-1.3656152671723985,0.0,0.0,0
1.2178561367781706,0.0,0.7759083472728615,2.0,-0.45848488337252885,1.0,0.0,0
2.050099693689913,1.0,-1.1991617531888707,2.0,1.302415273415453,1.0,0.0,0
-1.0117346268002008,0.0,-1.1991617531888707,2.0,0.7954894707037613,0.0,0.0,0
-0.6829470487609939,1.0,0.2147418002719623,1.0,0.9600180207066789,0.0,1.0,0
2.050099693689913,1.0,0.3646873521309059,2.0,-1.5790577104194266,0.0,1.0,0
1.8857059046703095,0.0,0.895559042547708,1.0,0.30635053826265524,1.0,0.0,0
0.04655039001349635,1.0,-1.1991617531888707,2.0,0.10180153015091996,1.0,0.0,0
-1.4638175466041101,1.0,0.5786209676355922,1.0,-1.1966399996018344,1.0,0.0,0
-0.39525791797668786,0.0,1.3774503748793845,1.0,1.226821074765464,0.0,1.0,1
0.30341568535662666,1.0,0.7768496204538788,1.0,-0.26727602796373284,1.0,0.0,0
-1.6693097828786143,1.0,0.358273512206879,1.0,0.47087908826557273,1.0,0.0,0
-1.556289052927637,1.0,-1.1991617531888707,2.0,0.15960885853032342,1.0,0.0,0
0.1595711199644737,0.0,0.39377122517862423,2.0,0.28856366799206956,0.0,1.0,0
0.8993431705526891,1.0,1.020860728339111,1.0,0.039547484203870095,0.0,1.0,1
-1.8439781837119429,0.0,1.433331966631302,1.0,-1.0899187779783204,1.0,0.0,0
-0.4260817534178635,0.0,1.026247913401577,2.0,-0.8142222887842424,0.0,0.0,0
0.5602809806997571,1.0,0.5041880911926214,1.0,-0.3339767914784291,0.0,1.0,1
0.3958871916801536,0.0,0.7275591752560512,1.0,1.3735627544977957,0.0,1.0,0
-0.9911854031727503,0.0,0.3952715488772924,1.0,-1.1121523658165524,0.0,1.0,0
-0.45690558885903915,0.0,0.9100731302804369,1.0,-1.223320305007713,1.0,0.0,0
-1.3816206520943084,0.0,0.46200810467689807,2.0,-0.18278839417845086,1.0,0.0,0
0.1492965081507485,0.0,-1.1991617531888707,1.0,-1.330041526631227,1.0,0.0,1
1.3411514785428733,0.0,-1.1991617531888707,2.0,1.1601203112507676,1.0,0.0,0
0.23149340266055018,0.0,0.8297776444267035,1.0,1.0000384788154966,0.0,0.0,1
0.4986333098174057,0.0,-1.1991617531888707,2.0,0.14182198825973774,1.0,0.0,0
-1.9056258545942943,0.0,-1.1991617531888707,2.0,-0.4406980131019432,1.0,0.0,0
1.4130737612389497,1.0,0.9945248686694764,1.0,-0.8142222887842424,0.0,1.0,1
0.991814676876216,0.0,-1.1991617531888707,2.0,-1.1877465644665417,1.0,0.0,0
-0.3233356352806113,0.0,-0.20330047298173415,1.0,1.1378867234125356,0.0,0.0,1
0.7349493815330856,1.0,0.20542913259954584,1.0,0.37749801934499794,1.0,0.0,1
-0.5391024833688408,0.0,0.726833989543175,1.0,0.30635053826265524,1.0,0.0,1
1.330876866729148,1.0,1.040817858308493,1.0,-0.9031566401371708,1.0,0.0,0
2.050099693689913,0.0,1.4513752702211042,2.0,-0.1916818293137437,0.0,1.0,0
-0.7754185550845207,1.0,0.9280781318079394,1.0,-0.4451447306695896,0.0,0.0,0
-0.025371892682580152,1.0,0.24308787984463082,1.0,1.0489523720596072,0.0,1.0,0
0.4678094743762301,0.0,1.1911582405929766,1.0,1.1868006166566463,1.0,0.0,0
0.23149340266055018,1.0,-1.1991617531888707,2.0,-1.7080125198811726,0.0,0.0,0
-1.6693097828786143,1.0,1.0351627184018544,1.0,1.4624971058507241,0.0,1.0,0
0.3856125798664284,0.0,0.5815359141685328,1.0,-0.9876442739224527,0.0,1.0,1
-0.10756878719238186,1.0,-1.1991617531888707,2.0,0.675428096377308,1.0,0.0,0
0.3445141326115275,0.0,1.046306384244127,1.0,1.6937264193683381,1.0,0.0,0
0.3445141326115275,0.0,1.163938082059996,1.0,1.2846284031448674,1.0,0.0,0
0.16984573177819892,1.0,-1.1991617531888707,2.0,-1.3255948090635805,0.0,0.0,1
0.8274208878566126,0.0,-1.1991617531888707,2.0,-0.8453493117577673,0.0,0.0,0
-0.025371892682580152,1.0,-1.1991617531888707,1.0,-0.36065709688430764,1.0,0.0,0
-0.1383926226335575,0.0,0.7746024065403647,1.0,0.4664323706979263,0.0,1.0,0
0.2520426262880006,0.0,-1.1991617531888707,2.0,0.8888705396243362,1.0,0.0,0
1.8651566810428593,0.0,-1.1991617531888707,1.0,0.6309609207008439,1.0,0.0,1
-0.4466309770453139,1.0,0.5313233468208375,2.0,0.1818424463685555,0.0,0.0,1
-1.9569989136629202,0.0,0.8365923792694683,2.0,-1.4189758779841555,0.0,1.0,0
0.3856125798664284,1.0,-1.1991617531888707,2.0,1.1467801585478286,1.0,0.0,0
0.19039495540564932,0.0,-1.1991617531888707,2.0,0.9911450436802038,1.0,0.0,0
1.526094491189927,0.0,-1.1991617531888707,2.0,0.3952848896155836,0.0,0.0,0
1.7007628920232558,1.0,1.2003882396475962,2.0,-0.9076033577048171,0.0,1.0,0
-1.946724301849195,1.0,-1.1991617531888707,2.0,-0.2984030509372578,0.0,0.0,0
1.238405360405621,1.0,0.5293624408230143,4.0,0.6798748139449544,1.0,0.0,1
0.7144001579056353,1.0,-1.1991617531888707,2.0,1.6003453504477632,1.0,0.0,1
0.5808302043272074,0.0,-1.1991617531888707,2.0,1.5158577166624811,0.0,0.0,0
-2.1111180908687985,1.0,1.4865561932192448,1.0,1.4758372585536634,0.0,1.0,1
0.04655039001349635,0.0,-1.1991617531888707,1.0,-0.2761694630990257,0.0,0.0,0
-0.641848601506093,0.0,0.5421350614565124,1.0,-0.7075010671607284,0.0,0.0,0
1.3514260903565984,0.0,-1.1991617531888707,1.0,-0.7341813725666069,1.0,0.0,1
0.3239649089840771,1.0,0.4129205008173331,1.0,1.471390540986017,0.0,1.0,1
0.30341568535662666,1.0,0.6379867703213813,1.0,0.9199975625978611,0.0,1.0,1
0.796597052415437,1.0,0.8399778028009915,2.0,0.23075633961266612,0.0,1.0,0
-0.5288278715551156,0.0,0.6932352609018684,1.0,0.7954894707037613,1.0,0.0,0
-0.9398123441041242,0.0,-1.1991617531888707,2.0,1.2935218382801603,0.0,0.0,0
1.0945607950134681,0.0,0.0038605399487170737,1.0,-1.0143245793283313,1.0,0.0,0
0.4986333098174057,0.0,-1.1991617531888707,1.0,-0.48516518877840736,1.0,0.0,1
0.03627577819977113,1.0,-1.1991617531888707,1.0,-0.11608763066375458,0.0,0.0,1
0.8787939469252386,1.0,-1.1991617531888707,2.0,0.8177230585419935,1.0,0.0,0
-1.607662111996263,0.0,-1.1991617531888707,2.0,-0.5251856468872251,0.0,0.0,0
-0.6829470487609939,0.0,1.557205304682775,1.0,-0.5829929752666286,1.0,0.0,0
0.5705555925134822,0.0,0.28986235832514085,2.0,1.587005197744824,0.0,1.0,0
0.7349493815330856,0.0,-1.1991617531888707,2.0,-1.3167013739282878,1.0,0.0,0
-1.0939315213100023,0.0,-0.1381416429650274,1.0,-1.0498983198695027,0.0,0.0,0
0.03627577819977113,1.0,1.1162255222369937,1.0,0.9244442801655075,1.0,0.0,0
1.1767576895232699,0.0,0.26189882059969155,1.0,1.4224766477419064,0.0,0.0,0
-2.2138642090060507,0.0,-0.2892155097425525,2.0,-0.5785462576989822,0.0,1.0,0
0.20066956721937454,0.0,0.583127045673237,1.0,-0.04049343201376545,0.0,1.0,1
-1.4843667702315604,1.0,-1.1991617531888707,2.0,1.0578458071949002,1.0,0.0,1
-1.607662111996263,0.0,0.5101687986288083,2.0,-0.08940732525787606,0.0,1.0,0
0.48835869800368054,0.0,0.5133296763200987,3.0,-1.129939236087138,0.0,1.0,1
0.015726554572320705,0.0,1.3036178832629632,2.0,0.6354076382684902,0.0,0.0,0
-0.7034962723884443,0.0,0.7541476689449378,1.0,-1.4812299239312052,0.0,1.0,0
-1.2480506985158806,0.0,0.29487960930256163,2.0,-1.4234225955518018,1.0,0.0,0
-1.3405222048394074,0.0,1.2075670036741355,3.0,1.1156531355743036,0.0,1.0,1
-0.5288278715551156,0.0,0.7220602758452106,1.0,0.18628916393620193,1.0,0.0,0
0.70412554609191,1.0,-1.1991617531888707,1.0,0.3152439733979481,0.0,0.0,0
-1.0528330740551015,0.0,0.5314194211604396,1.0,-0.8453493117577673,0.0,1.0,1
-0.2719625762119853,1.0,0.4741385273991694,1.0,0.568706874753794,0.0,1.0,0
-0.3747086943492374,0.0,-0.5498473187870018,1.0,1.5469847396360061,1.0,0.0,0
-0.5699263188100164,1.0,0.4925145801552012,1.0,-0.6052265631048607,0.0,1.0,1
0.508907921631131,1.0,1.1077527868724262,2.0,1.555878174771299,0.0,1.0,0
-0.6007501542511922,1.0,1.997822813455971,1.0,-0.5518659522931036,0.0,0.0,0
0.2520426262880006,1.0,0.062188197154255324,1.0,-0.5563126698607501,0.0,0.0,1
-0.8576154495943225,0.0,-1.1991617531888707,2.0,1.3691160369301494,1.0,0.0,0
-0.5082786479276652,0.0,-0.03976407268341339,1.0,0.9022106923272754,1.0,0.0,1
1.187032301336995,1.0,-1.1991617531888707,2.0,-1.3700619847400448,1.0,0.0,0
-1.9672735254766456,0.0,0.5620376109871171,1.0,1.7381935950448022,0.0,1.0,1
0.847970111484063,0.0,0.4936440122172665,1.0,0.4397520652920478,0.0,0.0,0
0.4986333098174057,0.0,-1.1991617531888707,1.0,1.6003453504477632,1.0,0.0,0
-0.3233356352806113,1.0,1.6001784630719567,2.0,0.44864550042734064,0.0,0.0,1
-1.8542527955256682,1.0,0.8432009213435192,2.0,-1.0943654955459667,1.0,0.0,0
-1.5768382765550875,0.0,1.1851459339553925,1.0,-0.8142222887842424,0.0,0.0,0
1.3514260903565984,1.0,0.3088707142929717,1.0,-1.2544473279812378,1.0,0.0,0
-1.6693097828786143,0.0,-1.1991617531888707,2.0,1.6359190909889345,1.0,0.0,0
0.3445141326115275,0.0,0.24584738384140487,1.0,-1.3611685496047519,0.0,1.0,0
-1.22750147488843,1.0,1.6057440719079692,2.0,1.249054662603696,0.0,1.0,0
1.4644468203075758,0.0,-1.1991617531888707,2.0,-0.7297346549989604,1.0,0.0,1
0.5191825334448562,0.0,0.3241163714156266,2.0,0.38194473691264436,0.0,1.0,0
0.3445141326115275,0.0,1.0108099480077921,2.0,-1.054345037437149,0.0,1.0,0
-0.2616879643982601,1.0,-1.1991617531888707,1.0,0.49755939367145124,1.0,0.0,0
0.03627577819977113,1.0,-1.1991617531888707,2.0,0.23964977474795895,1.0,0.0,0
-0.7343201078296199,1.0,0.9961908487875915,2.0,1.3468824490919173,0.0,1.0,0
-0.2308641289570844,0.0,-1.1991617531888707,2.0,-0.34287022661372196,1.0,0.0,0
1.4130737612389497,0.0,-1.1991617531888707,1.0,0.6443010734037831,1.0,0.0,1
-1.5768382765550875,1.0,0.16769218531059887,1.0,0.6398543558361367,1.0,0.0,1
0.3445141326115275,0.0,-1.1991617531888707,3.0,-1.0098778617606847,1.0,0.0,0
0.7349493815330856,0.0,-1.1991617531888707,2.0,-1.0098778617606847,0.0,0.0,0
-1.2377760867021554,1.0,-1.1991617531888707,2.0,0.6887682490802473,0.0,0.0,0
-0.8473408377805972,0.0,0.8247187399565318,2.0,1.4802839761213098,0.0,0.0,0
-0.4260817534178635,0.0,0.4580049007988645,1.0,0.49755939367145124,0.0,1.0,0
0.6322032633958335,1.0,-1.1991617531888707,1.0,1.440263518012492,1.0,0.0,0
-0.11784339900610707,1.0,0.9362825931444817,2.0,-0.3250833563431363,0.0,0.0,0
-1.4740921584178353,0.0,0.2815908683795737,1.0,-1.2633407631165308,0.0,0.0,0
-0.4363563652315887,0.0,0.18380011761077786,1.0,-1.57461099285178,0.0,0.0,0
1.4747214321213011,1.0,0.648860087440588,1.0,-0.7297346549989604,0.0,1.0,1
2.050099693689913,1.0,0.6247377677880295,1.0,0.8221697761096398,0.0,1.0,0
-0.09729417537865664,0.0,0.7441152416851375,2.0,-0.7697551131077782,0.0,1.0,0
-0.6315739896923678,0.0,-1.1991617531888707,2.0,-0.2984030509372578,1.0,0.0,0
0.026001166386045917,0.0,1.0881411734233737,1.0,-0.4940586239137002,0.0,1.0,0
0.36506335623897795,0.0,0.5458613733425037,2.0,0.2529899274508982,0.0,1.0,0
2.050099693689913,1.0,-1.1991617531888707,2.0,0.5464732869155619,0.0,0.0,0
0.6835763224644595,1.0,-1.1991617531888707,2.0,-0.863136182028353,1.0,0.0,0
0.3239649089840771,0.0,0.5115420871541821,1.0,-0.6541404563489713,1.0,0.0,0
-0.14866723444728272,1.0,-1.1991617531888707,2.0,-0.36510381445195406,1.0,0.0,0
-1.3096983693982318,0.0,-1.1991617531888707,2.0,-0.9787508387871598,1.0,0.0,0
-0.3747086943492374,0.0,-1.1991617531888707,1.0,-0.7163945022960212,1.0,0.0,1
0.6938509342781848,0.0,-0.1515476839538083,1.0,1.249054662603696,0.0,1.0,0
-0.4363563652315887,0.0,0.6234334229747952,1.0,-1.5034635117694373,0.0,1.0,1
0.6630270988370092,0.0,0.3456687822797949,2.0,-1.3878488550106305,0.0,0.0,0
0.10819806089584763,0.0,0.7566768817921341,2.0,0.8621902342184576,0.0,1.0,0
0.5705555925134822,0.0,-1.1991617531888707,2.0,1.1645670288184142,0.0,0.0,0
0.3445141326115275,1.0,1.0307188812154466,1.0,-1.5657175577164872,0.0,0.0,0
1.4336229848664002,1.0,-1.1991617531888707,1.0,-1.5479306874459016,0.0,0.0,1
2.050099693689913,0.0,-1.1991617531888707,2.0,0.5553667220508547,1.0,0.0,0
0.20066956721937454,0.0,-1.1991617531888707,2.0,1.4847306936889564,1.0,0.0,0
-0.31306102346688613,1.0,1.064264784929165,1.0,1.35577588422721,0.0,1.0,1
1.1253846304546438,0.0,0.25698450641470166,1.0,1.0400589369243145,0.0,0.0,0
0.1492965081507485,1.0,0.6572477603084645,4.0,-0.9520705333812813,0.0,1.0,1
-0.30278641165316095,1.0,-1.1991617531888707,1.0,0.75991573016259,1.0,0.0,0
-2.080294255427623,1.0,0.14056650519795758,2.0,-0.36510381445195406,1.0,0.0,0
0.26231723810172586,0.0,1.0466306750382655,1.0,-0.7430748077018997,1.0,0.0,0
-0.7651439432707955,0.0,0.7084488400473471,1.0,0.8710836693537505,0.0,1.0,1
-0.49800403611394,1.0,1.0607358882559441,1.0,1.4980708463918955,0.0,0.0,0
-1.895351242780569,0.0,-1.1991617531888707,2.0,0.9689114558419717,1.0,0.0,0
1.5569183266311029,1.0,0.7182707655564247,2.0,-1.2411071752782987,1.0,0.0,1
-1.124755356751178,0.0,0.8554813604764648,1.0,-0.7830952658107174,1.0,0.0,0
1.8959805164840349,0.0,0.785609940469547,1.0,0.9155508450302147,0.0,1.0,1
-0.08701956356493143,1.0,-1.1991617531888707,2.0,-1.1788531293312488,0.0,0.0,0
2.050099693689913,0.0,-1.1991617531888707,1.0,-1.5034635117694373,1.0,0.0,1
-0.5904755424374669,0.0,1.3804462345189337,1.0,-0.9565172509489278,0.0,0.0,0
0.5602809806997571,1.0,0.39946275204444737,1.0,-0.17834167661080444,1.0,0.0,0
-0.2822371880257105,0.0,0.7240775177929997,1.0,-0.8809230522989386,1.0,0.0,0
0.48835869800368054,0.0,0.11388640574340411,2.0,1.41802993017426,1.0,0.0,0
0.5808302043272074,0.0,0.2122954156344892,1.0,-1.6101847333929513,0.0,0.0,1
0.5602809806997571,1.0,-1.1991617531888707,1.0,-1.5923978631223656,1.0,0.0,1
0.6322032633958335,0.0,0.951020109573959,2.0,1.1112064180066572,0.0,1.0,0
-0.3644340825355122,0.0,0.27227325335744357,1.0,0.5108995463743905,1.0,0.0,0
-0.015097280868854937,0.0,0.6657450728296741,2.0,1.7026198545036308,0.0,1.0,0
2.050099693689913,1.0,-0.15531628770025566,2.0,-0.5607593874283965,0.0,0.0,1
-0.49800403611394,0.0,-1.1991617531888707,2.0,-1.4501029009576802,1.0,0.0,0
0.19039495540564932,0.0,1.190146587372483,3.0,-1.2322137401430058,1.0,0.0,1
1.423348373052675,1.0,0.5673464364137951,1.0,0.8266164936772863,0.0,1.0,1
1.2075815249644455,0.0,0.7611310924537479,1.0,0.9199975625978611,0.0,1.0,1
0.7554986051605361,1.0,0.7044258467704586,1.0,-1.3344882441988735,0.0,1.0,0
-1.1453045803786284,1.0,0.655623593275027,3.0,-1.521250382040023,0.0,1.0,1
0.06709961364094677,0.0,0.6972536260128956,2.0,-1.169959694195956,1.0,0.0,0
-0.39525791797668786,0.0,0.7381951791809255,1.0,-0.08051389012258323,1.0,0.0,0
-0.641848601506093,0.0,-1.1991617531888707,2.0,-1.2277670225753594,0.0,0.0,0
-1.412444487535484,0.0,0.22184316221427058,2.0,0.30635053826265524,0.0,0.0,0
-0.14866723444728272,1.0,1.3080037885801419,1.0,0.14182198825973774,0.0,1.0,0
0.8993431705526891,0.0,1.641527773611553,1.0,0.8577435166508112,0.0,0.0,0
-0.2925117998394357,0.0,1.032490830372591,1.0,1.6270256558536418,0.0,0.0,0
0.3753379680527032,1.0,-1.1991617531888707,2.0,-1.3211480914959342,1.0,0.0,1
0.4061618034938788,1.0,-1.1991617531888707,2.0,1.5469847396360061,0.0,0.0,0
-0.1383926226335575,1.0,0.6188062146651274,1.0,0.4397520652920478,1.0,0.0,0
-0.8062423905256964,0.0,0.5928994976851772,1.0,-1.0587917550047954,0.0,1.0,1
1.8137836219742332,1.0,-1.1991617531888707,2.0,0.6398543558361367,1.0,0.0,0
1.1767576895232699,0.0,1.1781636275900662,1.0,1.1868006166566463,0.0,1.0,1
0.19039495540564932,1.0,0.7456091817067558,1.0,1.6670461139624595,1.0,0.0,0
-0.7343201078296199,1.0,1.2260491850611228,2.0,-0.947623815813635,0.0,0.0,0
-0.25141335258453484,1.0,0.9388746852106201,2.0,-1.2677874806841771,1.0,0.0,0
-0.4363563652315887,0.0,0.010572816774830119,1.0,1.5914519153124704,0.0,0.0,0
0.6527524870232839,1.0,0.23603232078515618,1.0,0.30635053826265524,1.0,0.0,0
-0.025371892682580152,0.0,-1.1991617531888707,1.0,-0.2539358752607936,0.0,0.0,1
0.4369856389350545,0.0,0.8557489961367847,1.0,-0.5251856468872251,1.0,0.0,0
0.11847267270957285,1.0,-1.1991617531888707,2.0,-0.565206104996043,0.0,0.0,0
1.330876866729148,1.0,0.3200936973225904,1.0,1.0133786315184359,0.0,1.0,1
1.382249925797774,0.0,-1.1991617531888707,2.0,0.33303084366853375,0.0,0.0,0
-0.9295377322903989,0.0,1.235130604032404,1.0,-0.6541404563489713,0.0,1.0,0
-0.9911854031727503,1.0,-1.1991617531888707,1.0,-0.2984030509372578,0.0,0.0,0
-0.045921116310030576,0.0,0.14183909121786836,1.0,0.12848183555679848,1.0,0.0,0
-1.3405222048394074,0.0,-1.1991617531888707,2.0,-1.5701642752841336,1.0,0.0,0
-0.7651439432707955,0.0,-1.1991617531888707,2.0,-0.027153279310826194,0.0,0.0,0
-0.03564650449630537,0.0,0.6602436199480135,1.0,-0.34287022661372196,0.0,1.0,1
-1.176128415819804,0.0,-1.1991617531888707,2.0,-1.161066259060663,1.0,0.0,0
-0.4260817534178635,1.0,0.17418294854307803,2.0,-0.34287022661372196,0.0,0.0,1
0.8787939469252386,0.0,-1.1991617531888707,1.0,1.41802993017426,0.0,0.0,0
0.3753379680527032,0.0,-1.1991617531888707,2.0,0.9022106923272754,1.0,0.0,0
1.0020892886899413,0.0,-1.1991617531888707,2.0,-0.4229111428313575,0.0,0.0,0
-0.8370662259668721,1.0,1.132488258705634,1.0,0.9155508450302147,0.0,1.0,1
-0.09729417537865664,1.0,-0.13958882255225477,1.0,-1.6991190847458797,1.0,0.0,0
-1.4227190993492091,0.0,0.754295131884792,1.0,0.33303084366853375,0.0,1.0,1
-2.337159550770753,1.0,0.3595025296309236,1.0,1.4669438234183707,1.0,0.0,1
1.1459338540820942,0.0,0.2182628769407973,2.0,-0.7030543495930819,0.0,1.0,1
-0.6007501542511922,0.0,0.5574841341473766,1.0,0.42641191258910854,0.0,0.0,0
0.9096177823664143,0.0,-1.1991617531888707,1.0,0.8088296234067006,1.0,0.0,0
0.09792344908212242,1.0,0.8584550368382652,1.0,-1.667992061772355,0.0,0.0,0
1.1151100186409186,1.0,-1.1991617531888707,1.0,0.675428096377308,1.0,0.0,0
0.35478874442525277,1.0,-1.1991617531888707,1.0,1.204587486927232,1.0,0.0,1
-0.549377095182566,0.0,-1.1991617531888707,2.0,-0.27172274553137926,0.0,0.0,0
-0.9706361795452998,0.0,-1.1991617531888707,2.0,0.11514168285385921,0.0,0.0,1
-1.2069522512609798,1.0,0.6480126543122052,1.0,0.4441987828596942,0.0,1.0,0
0.5808302043272074,1.0,0.12206676869908269,2.0,-0.09385404282552248,1.0,0.0,0
0.12874728452329806,0.0,-1.1991617531888707,3.0,0.6265142031331974,1.0,0.0,0
1.1459338540820942,0.0,-1.1991617531888707,2.0,1.7026198545036308,1.0,0.0,0
0.9815400650624908,1.0,1.4641573067782512,2.0,-1.5345905347429623,1.0,0.0,0
0.005451942758595491,1.0,0.5431853359231579,2.0,0.2040760342067876,0.0,1.0,0
0.6630270988370092,0.0,1.0227555632794672,2.0,-0.9831975563548063,1.0,0.0,0
2.050099693689913,1.0,-1.1991617531888707,2.0,-0.7386280901342532,0.0,0.0,0
-0.4774548124864896,1.0,0.6985075397774353,1.0,0.897763974759629,0.0,1.0,1
-1.8850766309668439,0.0,-1.1991617531888707,2.0,1.7248534423418629,0.0,0.0,0
-0.8473408377805972,1.0,-1.1991617531888707,2.0,-0.7119477847283747,0.0,0.0,0
-1.4535429347903848,1.0,0.5362202654858665,2.0,-0.049386867149058294,0.0,0.0,0
-0.18976568170218358,1.0,0.3625149868308024,2.0,-1.4901233590664982,0.0,0.0,0
-0.08701956356493143,0.0,0.6890863495951693,4.0,1.3602226017948567,1.0,0.0,1
0.23149340266055018,1.0,1.4830954422985325,1.0,0.5598134396185012,1.0,0.0,1
-1.176128415819804,1.0,-0.15877735780482094,1.0,-0.9609639685165742,1.0,0.0,1
0.5705555925134822,1.0,-1.1991617531888707,3.0,-0.9609639685165742,0.0,0.0,1
-0.6829470487609939,0.0,-1.1991617531888707,2.0,0.9155508450302147,1.0,0.0,0
0.13902189633702328,0.0,-1.1991617531888707,1.0,0.6042806152949654,1.0,0.0,1
0.3239649089840771,0.0,-1.1991617531888707,1.0,-1.57461099285178,1.0,0.0,0
-0.015097280868854937,1.0,-1.1991617531888707,2.0,0.3019038206950088,1.0,0.0,0
-1.3302475930256823,0.0,0.5665821506789878,1.0,0.928890997733154,1.0,0.0,1
-0.34388485890806175,1.0,0.42401261846742755,1.0,-0.8053288536489496,0.0,0.0,0
0.36506335623897795,0.0,-1.1991617531888707,2.0,-0.8542427468930601,1.0,0.0,0
0.3958871916801536,0.0,-1.1991617531888707,2.0,0.32858412610088733,1.0,0.0,0
0.5705555925134822,0.0,-1.1991617531888707,1.0,0.4219651950214621,0.0,0.0,1
0.2931410735429015,0.0,-1.1991617531888707,1.0,-0.4673783185078217,0.0,0.0,0
1.6596644447683548,0.0,0.4576965691973511,1.0,-1.6724387793400013,1.0,0.0,0
-0.5082786479276652,0.0,0.39334335922435026,1.0,-1.4323160306870946,1.0,0.0,1
0.5911048161409327,1.0,-1.1991617531888707,3.0,-0.6274601509430928,0.0,0.0,1
-0.025371892682580152,1.0,1.0112424421279274,2.0,-0.6052265631048607,0.0,1.0,0
0.8068716642291621,1.0,0.2545780197587907,2.0,0.11514168285385921,0.0,0.0,0
-0.46718020067276433,0.0,0.2629063244301025,1.0,-0.34287022661372196,1.0,0.0,0
-1.4740921584178353,0.0,-1.1991617531888707,2.0,0.30635053826265524,1.0,0.0,0
1.0020892886899413,0.0,-1.1991617531888707,1.0,0.28856366799206956,1.0,0.0,0
0.6424778752095588,1.0,-1.1991617531888707,2.0,-0.3784439671548933,1.0,0.0,0
1.2589545840330716,1.0,0.4902577907261122,1.0,-0.18723511174609728,0.0,1.0,0
-0.6007501542511922,0.0,-1.1991617531888707,2.0,-0.7653083955401317,1.0,0.0,0
-0.2719625762119853,1.0,1.1941105316366596,2.0,-0.13387450093434025,0.0,1.0,0
-0.7754185550845207,0.0,0.7785848634679858,1.0,0.19518259907149477,0.0,0.0,1
0.9198923941801395,1.0,0.7525704219378174,2.0,-1.2811276333871164,0.0,1.0,0
0.9815400650624908,0.0,-1.1991617531888707,2.0,-0.565206104996043,0.0,0.0,0
-0.641848601506093,1.0,0.8662421652876662,1.0,-1.3611685496047519,0.0,1.0,0
-1.3302475930256823,1.0,-1.1991617531888707,2.0,-1.0676851901400883,1.0,0.0,0
0.19039495540564932,0.0,-1.1991617531888707,2.0,1.364669319362503,1.0,0.0,0
0.07737422545467199,0.0,1.1231056897695204,1.0,0.7865960355684685,1.0,0.0,0
1.4747214321213011,1.0,0.774692256794843,3.0,-1.5968445806900122,1.0,0.0,1
-0.3644340825355122,0.0,1.2867386431832217,1.0,-1.3344882441988735,0.0,0.0,0
-0.7034962723884443,1.0,1.247600638373734,1.0,0.8355099288125791,1.0,0.0,0
0.0876488372683972,0.0,0.3229802364926589,1.0,1.066739242330193,1.0,0.0,0
-0.24113874077080963,1.0,-1.1991617531888707,2.0,1.6537059612595202,1.0,0.0,0
0.36506335623897795,1.0,0.6094764706566023,1.0,0.26633008015383747,1.0,0.0,0
-0.5596517069962913,0.0,-1.1991617531888707,2.0,1.4536036707154314,1.0,0.0,0
1.0637369595722925,0.0,-1.1991617531888707,2.0,-1.107705648248906,1.0,0.0,0
-2.131667314496249,0.0,0.5713399051843275,1.0,-1.3433816793341662,0.0,1.0,1
0.7863224406017117,0.0,1.235908774264795,1.0,-0.03159999687847261,0.0,1.0,1
-1.4227190993492091,1.0,-1.1991617531888707,2.0,-0.6007798455372143,1.0,0.0,0
0.3445141326115275,0.0,0.05694097421110973,1.0,1.3202021436860387,0.0,0.0,0
0.1801203435919241,1.0,-1.1991617531888707,1.0,-0.9298369455430493,0.0,0.0,0
0.21094417903309975,1.0,-1.1991617531888707,1.0,1.7115132896389238,0.0,0.0,0
-0.08701956356493143,0.0,-1.1991617531888707,2.0,0.5464732869155619,1.0,0.0,0
1.1048354068271933,0.0,-1.1991617531888707,2.0,1.1467801585478286,0.0,0.0,0
-2.131667314496249,0.0,-0.07502798348320372,2.0,1.12009985314195,0.0,0.0,0
0.8376954996703379,0.0,0.8148214870582646,1.0,-0.2539358752607936,1.0,0.0,0
-1.361071428466858,0.0,1.0155297196346842,1.0,1.609238785583056,1.0,0.0,0
1.0945607950134681,0.0,0.8874564008601127,1.0,-1.3478283969018128,1.0,0.0,0
0.3958871916801536,1.0,1.2625703610559038,1.0,-0.20057526444903653,0.0,0.0,0
1.0637369595722925,0.0,0.6772937829807674,2.0,0.2485432098832518,0.0,1.0,0
-0.2719625762119853,0.0,-1.1991617531888707,2.0,-0.17834167661080444,0.0,0.0,0
0.3445141326115275,0.0,0.9901105559894253,1.0,1.6670461139624595,1.0,0.0,0
-0.17949106988845837,1.0,-1.1991617531888707,2.0,0.3019038206950088,1.0,0.0,0
0.6219286515821083,0.0,-1.1991617531888707,2.0,1.7381935950448022,1.0,0.0,0
-0.16921645807473315,1.0,-1.1991617531888707,2.0,1.280181685577221,1.0,0.0,0
0.6527524870232839,1.0,0.49940655749027074,2.0,0.39973160718323003,0.0,1.0,0
-1.1453045803786284,0.0,-1.1991617531888707,2.0,-0.8008821360813031,1.0,0.0,0
-0.6623978251335434,0.0,0.8792326289004941,2.0,-1.3700619847400448,1.0,0.0,0
-0.549377095182566,1.0,-1.1991617531888707,2.0,-1.2588940455488844,1.0,0.0,0
1.4027991494252245,1.0,1.5401819530936312,1.0,-1.2811276333871164,0.0,0.0,0
-0.16921645807473315,1.0,1.087133829184889,2.0,0.6843215315126009,0.0,1.0,0
0.12874728452329806,0.0,-1.1991617531888707,1.0,1.3068619909830996,1.0,0.0,0
0.8685193351115135,0.0,0.17543079781442014,2.0,0.38194473691264436,0.0,0.0,0
-0.1281180108198323,0.0,1.117759360240174,1.0,0.8532967990831648,0.0,1.0,1
-0.004822669055129724,1.0,0.06879753718793749,1.0,-1.2944677860900557,0.0,0.0,0
0.94044161780759,1.0,0.5232503892315246,1.0,0.39973160718323003,0.0,1.0,1
0.0876488372683972,1.0,-1.1991617531888707,2.0,0.012867178797991577,0.0,0.0,0
0.6527524870232839,0.0,-0.6403250887192831,1.0,0.8221697761096398,0.0,1.0,0
-2.1111180908687985,0.0,-1.1991617531888707,2.0,0.8488500815155183,0.0,0.0,0
-1.2891491457707813,1.0,-1.1991617531888707,2.0,-1.6946723671782333,1.0,0.0,0
0.9712654532487656,0.0,0.36915353218698815,1.0,-1.4901233590664982,0.0,1.0,0
-0.8267916141531468,1.0,0.12173944565834577,1.0,-0.4406980131019432,1.0,0.0,0
0.5191825334448562,1.0,-1.1991617531888707,2.0,0.3863914544802908,0.0,0.0,0
-1.2480506985158806,1.0,-1.1991617531888707,2.0,-1.4323160306870946,0.0,0.0,0
0.9301670059938647,1.0,-1.1991617531888707,2.0,1.0533990896272536,1.0,0.0,0
0.9301670059938647,0.0,0.4731099574344937,1.0,-0.8409025941901209,0.0,0.0,1
-2.0494704199864473,1.0,1.049996309170934,1.0,-0.6585871739166177,1.0,0.0,0
2.0295504700624627,1.0,1.1707087695311162,1.0,0.043994201771516514,0.0,1.0,0
1.4849960439350263,1.0,0.4694152447498998,1.0,-1.000984426625392,0.0,1.0,1
-0.6829470487609939,1.0,-1.1991617531888707,1.0,0.7287887071890651,1.0,0.0,1
-1.1042061331237276,1.0,1.0082808947525217,1.0,0.6798748139449544,1.0,0.0,0
0.16984573177819892,0.0,0.7522943279054063,1.0,1.5291978693654205,1.0,0.0,0
2.050099693689913,1.0,0.7356932565531176,1.0,0.017313896365637998,0.0,0.0,0
-0.7548693314570704,0.0,-1.1991617531888707,1.0,0.26188336258619105,0.0,0.0,0
-0.15894184626100794,1.0,-1.1991617531888707,2.0,-0.8586894644607066,0.0,0.0,0
0.70412554609191,1.0,0.6583859699264734,1.0,0.75991573016259,0.0,0.0,1
0.8274208878566126,0.0,-1.1991617531888707,1.0,0.75991573016259,1.0,0.0,1
1.3000530312879723,1.0,1.0008338566979578,1.0,-1.1432793887900774,1.0,0.0,1
0.9198923941801395,1.0,-1.1991617531888707,2.0,1.0845261126007786,1.0,0.0,0
-0.1383926226335575,0.0,-1.1991617531888707,2.0,0.4353053477244014,1.0,0.0,0
1.1151100186409186,0.0,-1.1991617531888707,2.0,-0.48071847121076094,1.0,0.0,0
-0.5082786479276652,1.0,0.484767509279289,2.0,-0.36065709688430764,0.0,1.0,0
-1.3199729812119572,0.0,-1.1991617531888707,2.0,0.21296946934208044,0.0,0.0,0
-0.14866723444728272,0.0,0.5768494972542267,1.0,1.12009985314195,0.0,0.0,1
1.7932343983467827,0.0,0.9123706156507194,1.0,-0.6274601509430928,1.0,0.0,0
-0.3233356352806113,1.0,-1.1991617531888707,2.0,1.609238785583056,0.0,0.0,0
-1.5357398293001865,1.0,0.5204024713076086,1.0,-0.9342836631106957,1.0,0.0,0
-0.066470339937481,1.0,-1.1991617531888707,2.0,1.3513291666595637,1.0,0.0,0
0.07737422545467199,1.0,-1.1991617531888707,1.0,0.6176207679979046,1.0,0.0,0
0.796597052415437,0.0,1.229553344985775,1.0,-1.5568241225811943,0.0,1.0,0
-0.641848601506093,0.0,0.636258389760103,1.0,-0.15166137120492593,1.0,0.0,0
-0.2616879643982601,1.0,-1.1991617531888707,1.0,0.866636951786104,1.0,0.0,0
0.6630270988370092,1.0,-1.1991617531888707,1.0,1.3824561896330887,1.0,0.0,0
1.4130737612389497,0.0,1.0597223199323356,1.0,-0.10719419552846174,0.0,0.0,0
-0.5185532597413904,0.0,0.7120313596077879,1.0,1.3513291666595637,0.0,1.0,0
-0.05619572812375579,1.0,0.4195839425140137,2.0,-0.1472146536372795,1.0,0.0,0
1.1048354068271933,1.0,-1.1991617531888707,2.0,-1.0276647320312704,1.0,0.0,0
-0.4774548124864896,1.0,-1.1991617531888707,2.0,0.6398543558361367,0.0,0.0,0
1.4952706557487514,0.0,0.17892841447009628,2.0,-0.16055480634021876,0.0,1.0,0
-0.2719625762119853,0.0,-1.1991617531888707,1.0,-0.9743041212195135,1.0,0.0,0
1.1973069131507204,0.0,1.1800937323461236,1.0,-0.9920909914900992,0.0,0.0,0
-0.14866723444728272,0.0,0.7869235416145037,1.0,-1.0988122131136133,0.0,0.0,1
-0.7548693314570704,0.0,1.6711351081773687,1.0,0.7821493180008221,0.0,0.0,0
0.4472602507487797,0.0,1.1098785513300649,1.0,-0.863136182028353,1.0,0.0,0
1.6596644447683548,0.0,-1.1991617531888707,2.0,0.23075633961266612,1.0,0.0,0
-1.8645274073393934,0.0,0.3453128922842595,1.0,-0.8898164874342315,0.0,0.0,0
0.9815400650624908,1.0,-1.1991617531888707,1.0,-1.2099801523047737,1.0,0.0,0
0.7144001579056353,0.0,1.7235312122600048,2.0,0.5197929815096833,1.0,0.0,0
-0.25141335258453484,0.0,1.0522748031019928,1.0,-1.2588940455488844,1.0,0.0,1
0.8376954996703379,1.0,0.31484184621358347,2.0,-0.4406980131019432,0.0,1.0,1
0.005451942758595491,1.0,0.9303146530623947,1.0,0.8933172571919825,0.0,1.0,0
0.1492965081507485,1.0,-1.1991617531888707,1.0,-1.2855743509547628,0.0,0.0,1
0.70412554609191,0.0,-1.1991617531888707,2.0,-0.5207389293195788,1.0,0.0,0
0.7863224406017117,0.0,0.4157781538487503,1.0,0.030654049068577254,0.0,1.0,1
0.07737422545467199,1.0,0.9483518921589994,1.0,-0.3473169441813684,0.0,1.0,0
0.7246747697193604,0.0,0.5199726902502195,1.0,-0.5696528225636893,0.0,1.0,0
-0.7754185550845207,0.0,-1.1991617531888707,1.0,-0.027153279310826194,0.0,0.0,0
0.05682500182722156,0.0,-1.1991617531888707,1.0,1.280181685577221,1.0,0.0,0
0.8993431705526891,0.0,1.05030112975007,2.0,1.151226876115475,0.0,1.0,0
-1.2069522512609798,1.0,-1.1991617531888707,1.0,-0.07162045498729039,0.0,0.0,1
-0.8267916141531468,0.0,0.8979808500285388,1.0,0.1329285531244449,1.0,0.0,0
0.9507162296213152,0.0,-0.11145356391416147,1.0,-0.8586894644607066,1.0,0.0,0
-0.2925117998394357,1.0,-1.1991617531888707,2.0,0.7510222950272971,1.0,0.0,0
-1.792605124643317,1.0,0.5862239270021015,1.0,1.6981731369359845,1.0,0.0,0
-0.10756878719238186,0.0,0.24359346706698823,1.0,-0.863136182028353,0.0,1.0,0
-0.2822371880257105,1.0,0.1911506025499611,1.0,1.6181322207183488,0.0,0.0,0
-0.9911854031727503,1.0,-0.0024044007081193996,2.0,-1.1832998468988951,1.0,0.0,0
0.9712654532487656,0.0,0.3837332122014052,1.0,-1.4945700766341445,0.0,1.0,0
-1.70013361831979,1.0,0.9468271508956154,1.0,0.568706874753794,1.0,0.0,0
0.3136902971703519,0.0,0.9507760935187244,2.0,1.1023129828713643,0.0,0.0,0
1.0020892886899413,1.0,0.2630464461413492,1.0,1.289075120712514,1.0,0.0,0
-1.2583253103296057,1.0,0.16719505646033286,2.0,-0.39178411985783257,1.0,0.0,0
-1.2891491457707813,0.0,0.8918716710917215,2.0,-1.5701642752841336,0.0,1.0,0
-0.8678900614080477,0.0,1.1141990239574817,2.0,0.40862504231852287,0.0,1.0,0
-0.6726724369472686,0.0,-1.1991617531888707,2.0,-1.0187712968959777,1.0,0.0,0
-0.7959677787119712,1.0,1.2349737251689012,1.0,-1.4812299239312052,0.0,1.0,1
-0.16921645807473315,0.0,-1.1991617531888707,2.0,0.5509200044832083,0.0,0.0,0
0.1595711199644737,0.0,-1.1991617531888707,2.0,1.2535013801713426,1.0,0.0,0
1.4438975966801255,1.0,-1.1991617531888707,1.0,0.20852275177443402,1.0,0.0,1
0.015726554572320705,0.0,-0.24980827335348188,1.0,0.6443010734037831,1.0,0.0,1
-0.10756878719238186,1.0,0.15288716149631812,2.0,1.097866265303718,1.0,0.0,0
-1.2891491457707813,1.0,-1.1991617531888707,2.0,1.2846284031448674,0.0,0.0,0
-1.6179367238099882,1.0,1.646643173623617,1.0,0.5864937450243797,0.0,1.0,0
-0.7959677787119712,0.0,0.8474934653838425,1.0,-0.9920909914900992,1.0,0.0,0
-0.5391024833688408,0.0,0.2616937449744613,1.0,1.6625993963948131,0.0,1.0,1
-0.10756878719238186,0.0,0.9011841791722117,4.0,-0.7564149604048389,0.0,1.0,1
0.9096177823664143,0.0,-1.1991617531888707,1.0,-0.6630338914842642,0.0,0.0,0
-0.25141335258453484,1.0,0.446371447334933,1.0,-1.4545496185253268,0.0,1.0,1
0.30341568535662666,1.0,0.48808702134527127,1.0,-1.499016794201791,0.0,1.0,1
0.1801203435919241,1.0,-1.1991617531888707,2.0,-1.6413117563664763,1.0,0.0,0
1.711037503836981,1.0,0.6770247109931113,1.0,-1.690225649610587,1.0,0.0,1
0.35478874442525277,0.0,0.9587398902304827,1.0,-0.7208412198636676,0.0,0.0,0
-1.2994237575845067,1.0,-0.12608191946608455,2.0,0.3508177139391194,0.0,1.0,0
0.7554986051605361,0.0,0.20599536475387797,1.0,0.6665346612420152,0.0,1.0,1
1.2692291958467967,1.0,0.8223950815103441,1.0,0.8399566463802255,1.0,0.0,0
0.4678094743762301,0.0,0.6216445570734687,1.0,-0.5073987766166395,0.0,1.0,0
0.13902189633702328,1.0,-0.013294953755361091,2.0,0.5642601571861475,1.0,0.0,0
-1.1042061331237276,0.0,-1.1991617531888707,2.0,-1.0498983198695027,0.0,0.0,0
0.9712654532487656,0.0,-1.1991617531888707,2.0,0.13737527069209132,1.0,0.0,0
0.33423952079780234,1.0,0.8374955099801121,1.0,0.8888705396243362,1.0,0.0,0
-0.7651439432707955,0.0,0.9102351160855797,2.0,-0.26727602796373284,0.0,1.0,0
-1.4021698757217589,1.0,0.5409046077051313,1.0,0.7021084017831866,0.0,1.0,1
-0.693221660574719,1.0,1.3380113796969906,1.0,1.1378867234125356,1.0,0.0,0
0.35478874442525277,0.0,0.42657742031417745,1.0,1.35577588422721,0.0,1.0,0
0.5191825334448562,0.0,1.3494239579349931,2.0,0.6487477909714295,0.0,0.0,0
0.10819806089584763,1.0,0.32266679794950553,1.0,-0.43625129553429676,0.0,0.0,0
-2.100843479055073,1.0,0.7987965425597353,1.0,-0.0983007603931689,0.0,0.0,1
1.2486799722193465,0.0,1.2330273420363667,2.0,0.3952848896155836,0.0,1.0,0
0.3136902971703519,0.0,1.7022887289166118,2.0,-1.3211480914959342,0.0,1.0,0
0.04655039001349635,1.0,0.538200003330987,1.0,-0.022706561743179775,0.0,1.0,1
0.7246747697193604,0.0,-1.1991617531888707,2.0,-0.6808207617548498,1.0,0.0,0
0.3753379680527032,0.0,0.5262928497135383,1.0,-0.9743041212195135,1.0,0.0,0
1.043187735944842,0.0,0.6455212647515297,2.0,0.515346263942037,0.0,1.0,0
-0.9911854031727503,1.0,-1.1991617531888707,2.0,0.5864937450243797,0.0,0.0,0
-0.30278641165316095,1.0,0.4027484306220649,1.0,-0.6185667158078,0.0,1.0,0
-0.2925117998394357,0.0,-1.1991617531888707,2.0,-1.1655129766283094,1.0,0.0,0
0.21094417903309975,0.0,-1.1991617531888707,1.0,0.6087273328626117,1.0,0.0,0
1.238405360405621,1.0,-1.1991617531888707,2.0,-1.129939236087138,0.0,0.0,0
-0.7959677787119712,0.0,1.158883646163759,1.0,-1.27668091581947,1.0,0.0,0
-0.2205895171433592,1.0,-1.1991617531888707,2.0,-1.2411071752782987,1.0,0.0,0
-0.8678900614080477,0.0,-1.1991617531888707,1.0,1.7470870301800951,1.0,0.0,0
-1.217226863074705,0.0,1.0790967797789819,1.0,0.4130717598861693,0.0,1.0,0
-0.05619572812375579,0.0,1.2278632664867966,1.0,-1.3211480914959342,0.0,1.0,1
-1.22750147488843,1.0,0.38463666209590164,1.0,0.4931126761038048,0.0,0.0,0
0.1595711199644737,0.0,0.47818928967122537,1.0,1.0044851963831432,0.0,1.0,0
0.11847267270957285,1.0,0.8174828420203956,2.0,1.5914519153124704,1.0,0.0,0
0.5500063688860318,1.0,0.32418930492592235,1.0,0.4219651950214621,1.0,0.0,0
-1.0939315213100023,0.0,0.6174643657492246,1.0,-0.19612854688139011,1.0,0.0,0
1.0020892886899413,0.0,0.5980152168810937,1.0,-1.2944677860900557,1.0,0.0,0
0.06709961364094677,0.0,0.13963943569837634,1.0,0.33747756123618017,0.0,0.0,0
0.026001166386045917,1.0,-1.1991617531888707,2.0,1.0133786315184359,1.0,0.0,0
-0.9500869559178494,0.0,1.3825068854706626,1.0,0.09735481258327354,0.0,0.0,0
-0.6007501542511922,0.0,0.47180800650015314,2.0,0.6709813788096616,0.0,1.0,0
1.135659242268369,0.0,-1.1991617531888707,3.0,0.6531945085390759,1.0,0.0,0
-0.3233356352806113,1.0,0.7104911379275575,1.0,-0.863136182028353,0.0,0.0,0
-0.48772942430021476,0.0,0.8408049677547407,1.0,0.4664323706979263,1.0,0.0,0
-1.4843667702315604,0.0,-1.1991617531888707,2.0,1.4358168004448457,1.0,0.0,0
2.0192758582487373,0.0,0.775958778321556,1.0,0.6709813788096616,1.0,0.0,0
-0.6007501542511922,0.0,0.7668114478847337,1.0,-0.8453493117577673,0.0,1.0,0
1.0123639005036664,1.0,-1.1991617531888707,1.0,0.49755939367145124,1.0,0.0,1
-0.3849833061629626,0.0,-1.1991617531888707,1.0,0.9866983261125574,1.0,0.0,0
1.567192938444828,1.0,-1.1991617531888707,2.0,1.7515337477477415,1.0,0.0,0
1.1767576895232699,0.0,1.0037422599619221,1.0,0.590940462592026,1.0,0.0,0
1.3103276431016977,0.0,1.063911927180228,1.0,-0.9298369455430493,1.0,0.0,0
0.2417680144742754,0.0,-1.1991617531888707,2.0,-1.1254925185194917,0.0,0.0,0
-0.18976568170218358,0.0,-1.1991617531888707,2.0,0.3908381720479372,1.0,0.0,0
1.084286183199743,0.0,-1.1991617531888707,1.0,1.12009985314195,1.0,0.0,1
1.1562084658958194,1.0,-1.1991617531888707,2.0,-0.5162922117519323,0.0,0.0,0
0.8068716642291621,0.0,-0.18304921509227498,1.0,-0.5429725171578108,0.0,1.0,0
0.48835869800368054,0.0,0.3196355089023292,1.0,-0.8497960293254138,1.0,0.0,0
0.5808302043272074,1.0,-1.1991617531888707,2.0,1.0622925247625465,1.0,0.0,0
-1.0528330740551015,1.0,-1.1991617531888707,2.0,-0.45403816580488243,1.0,0.0,0
1.5774675502585531,1.0,-1.1991617531888707,1.0,-0.5518659522931036,1.0,0.0,1
1.3617007021703238,1.0,0.5027345279283442,1.0,-0.48071847121076094,0.0,1.0,0
-0.11784339900610707,0.0,-1.1991617531888707,2.0,1.066739242330193,1.0,0.0,0
0.6835763224644595,1.0,0.37062193750040673,2.0,0.33747756123618017,0.0,1.0,0
-1.1350299685649032,1.0,0.6865563387883417,1.0,0.17294901123326267,0.0,0.0,0
-0.8781646732217729,1.0,1.0312330864018215,1.0,-1.6546519090694156,0.0,1.0,1
1.2589545840330716,1.0,-1.1991617531888707,2.0,0.9778048909772645,1.0,0.0,0
0.015726554572320705,1.0,-1.1991617531888707,2.0,1.0533990896272536,1.0,0.0,0
0.8274208878566126,0.0,-1.1991617531888707,2.0,1.1112064180066572,1.0,0.0,0
-1.597387500182538,1.0,0.22374294450434057,3.0,-1.4323160306870946,0.0,0.0,1
0.7554986051605361,1.0,-1.1991617531888707,2.0,1.5603248923389454,1.0,0.0,0
-0.2000402935159088,0.0,0.5236243131147262,1.0,0.5420265693479155,0.0,1.0,1
-1.3507968166531328,0.0,-0.06471882382328756,1.0,0.9689114558419717,1.0,0.0,0
1.752135951091882,1.0,-1.1991617531888707,2.0,1.6359190909889345,0.0,0.0,1
-1.0939315213100023,0.0,1.073529894207559,2.0,-0.11164091309610816,0.0,1.0,0
0.8068716642291621,1.0,0.9093940666342465,1.0,0.21296946934208044,1.0,0.0,0
-0.066470339937481,1.0,0.32589933241568186,1.0,0.293010385559716,0.0,1.0,1
0.16984573177819892,1.0,0.9946533401701072,1.0,-1.6502051915017693,0.0,1.0,1
-1.5151906056727362,0.0,-1.1991617531888707,2.0,0.4931126761038048,0.0,0.0,0
-1.1350299685649032,0.0,1.4199498644314588,2.0,0.7643624477302364,0.0,1.0,0
-0.17949106988845837,1.0,0.7842760711499567,1.0,0.2529899274508982,1.0,0.0,0
0.1801203435919241,0.0,-1.1991617531888707,2.0,1.2312677923331103,1.0,0.0,0
2.050099693689913,0.0,-1.1991617531888707,2.0,-0.39178411985783257,1.0,0.0,0
-0.08701956356493143,0.0,0.9473060862662888,1.0,1.7470870301800951,0.0,1.0,0
-0.3849833061629626,0.0,0.5871099813766368,1.0,-0.4051242725607718,0.0,0.0,0
-0.34388485890806175,1.0,-1.1991617531888707,1.0,0.9911450436802038,1.0,0.0,0
0.5705555925134822,0.0,-1.1991617531888707,2.0,0.47087908826557273,1.0,0.0,0
-0.641848601506093,0.0,-1.1991617531888707,2.0,0.11514168285385921,0.0,0.0,0
1.752135951091882,0.0,0.2021717017928745,2.0,0.4886659585361584,0.0,1.0,0
-0.5802009306237417,0.0,0.7565678805065059,2.0,1.1556735936831213,0.0,1.0,0
-0.2719625762119853,0.0,0.7782867457497525,1.0,0.8577435166508112,0.0,0.0,0
0.5602809806997571,0.0,0.927578289894927,1.0,-1.1655129766283094,0.0,0.0,0
1.279503807660522,0.0,1.6438871806492203,2.0,0.8399566463802255,0.0,0.0,1
-0.4466309770453139,1.0,0.7153076222617565,2.0,0.7198952720537722,1.0,0.0,0
0.3856125798664284,1.0,-1.1991617531888707,1.0,0.622067485565551,1.0,0.0,1
1.0534623477585674,0.0,1.6372516675396334,1.0,1.6937264193683381,1.0,0.0,0
1.4747214321213011,0.0,0.34810128241968463,1.0,0.3908381720479372,1.0,0.0,0
-0.066470339937481,0.0,1.5868562078444561,1.0,1.2223743571978176,1.0,0.0,0
0.05682500182722156,0.0,-1.1991617531888707,2.0,1.7248534423418629,0.0,0.0,0
-1.4329937111629345,0.0,-1.1991617531888707,2.0,1.151226876115475,1.0,0.0,0
0.9507162296213152,0.0,0.06781189745142284,1.0,-0.09385404282552248,0.0,0.0,0
-1.1042061331237276,0.0,1.0885950528616262,1.0,-0.06272701985199755,0.0,1.0,1
1.5158198793762019,0.0,-1.1991617531888707,2.0,0.11514168285385921,1.0,0.0,0
-0.08701956356493143,1.0,0.6388857516419427,1.0,1.3735627544977957,1.0,0.0,0
-0.5288278715551156,1.0,-1.1991617531888707,1.0,-0.2806161806666721,0.0,0.0,1
-0.354159470721787,1.0,0.049637568890169945,1.0,0.813276340974347,0.0,1.0,0
-0.2205895171433592,1.0,0.8039240715581941,2.0,0.3730513017773515,0.0,0.0,0
-0.6007501542511922,1.0,0.7044189843176297,2.0,0.05733435447445577,1.0,0.0,0
0.4780840861899553,1.0,0.5264891477828247,2.0,1.6625993963948131,0.0,1.0,0
0.21094417903309975,1.0,-0.5400625781967403,1.0,-1.4456561833900339,1.0,0.0,0
-0.004822669055129724,0.0,0.8565203039163467,3.0,0.31079725583030166,0.0,0.0,1
-1.1042061331237276,0.0,-1.1991617531888707,2.0,-1.0054311441930384,1.0,0.0,0
0.04655039001349635,1.0,0.9457155931292898,1.0,-0.4006775549931254,1.0,0.0,0
1.0123639005036664,1.0,-0.13655386289077479,1.0,1.609238785583056,0.0,0.0,1
-1.8131543482707673,1.0,1.0780326208147528,2.0,0.9600180207066789,0.0,1.0,0
-1.3816206520943084,1.0,-1.1991617531888707,2.0,0.3863914544802908,1.0,0.0,0
0.5397317570723066,0.0,0.2839406999016662,1.0,-1.614631450960598,0.0,0.0,0
1.1048354068271933,1.0,0.29301988458598033,2.0,0.8310632112449327,0.0,0.0,0
-1.6179367238099882,1.0,-1.1991617531888707,1.0,0.897763974759629,1.0,0.0,1
-1.073382297682552,0.0,-1.1991617531888707,1.0,0.484219240968512,1.0,0.0,0
0.5808302043272074,0.0,-1.1991617531888707,2.0,-0.18278839417845086,1.0,0.0,0
0.5500063688860318,0.0,-1.1991617531888707,2.0,0.40417832475087645,0.0,0.0,0
-0.30278641165316095,1.0,0.257250546155759,2.0,0.003973743662698739,0.0,1.0,0
1.0123639005036664,0.0,-0.28040795051671447,1.0,1.409136495038967,1.0,0.0,0
-1.7720559010158665,1.0,-0.06307087759283872,1.0,-1.5923978631223656,1.0,0.0,0
0.796597052415437,1.0,1.2012945621967652,2.0,-0.4762717536431145,0.0,1.0,0
0.10819806089584763,1.0,0.9723707962433489,2.0,0.844403363947872,1.0,0.0,0
0.28286646172917623,1.0,0.19088153056230503,2.0,1.5603248923389454,0.0,0.0,0
1.3925245376114994,0.0,-1.1991617531888707,2.0,0.5197929815096833,1.0,0.0,0
0.8685193351115135,1.0,0.3777253741377561,1.0,0.5509200044832083,0.0,1.0,1
1.2589545840330716,1.0,1.231816837275767,2.0,0.09735481258327354,0.0,1.0,0
-0.9603615677315746,0.0,1.6387342765344879,1.0,-0.41401770769606466,1.0,0.0,1
-2.3577087743982035,0.0,-1.1991617531888707,2.0,-0.947623815813635,1.0,0.0,0
-1.3816206520943084,1.0,0.6006159269112497,2.0,-1.6324183212311836,1.0,0.0,0
0.8582447232977882,1.0,1.6242556182093864,1.0,0.5064528288067441,1.0,0.0,0
-0.6007501542511922,1.0,-1.1991617531888707,2.0,1.3068619909830996,1.0,0.0,0
-0.3644340825355122,0.0,0.8816906637485835,1.0,-0.7030543495930819,1.0,0.0,0
-1.3096983693982318,0.0,-1.1991617531888707,2.0,-0.17834167661080444,0.0,0.0,0
1.279503807660522,0.0,0.13345732325126322,2.0,0.9333377153008003,0.0,1.0,0
0.16984573177819892,1.0,0.2718185759595599,3.0,0.155162140962677,0.0,1.0,1
0.5705555925134822,0.0,-1.1991617531888707,2.0,-1.0899187779783204,0.0,0.0,0
0.12874728452329806,0.0,-1.1991617531888707,2.0,1.035612219356668,1.0,0.0,0
0.41643641530760406,1.0,-1.1991617531888707,2.0,0.5420265693479155,1.0,0.0,0
1.7418613392781566,1.0,0.11499541003890928,1.0,0.9333377153008003,1.0,0.0,0
-0.7548693314570704,1.0,-1.1991617531888707,2.0,-1.3211480914959342,1.0,0.0,0
-0.025371892682580152,0.0,0.7646042915447082,1.0,1.5114109990948348,0.0,1.0,0
0.4780840861899553,0.0,0.6420812607812293,2.0,-0.3028497685049042,0.0,1.0,0
0.16984573177819892,1.0,1.1058569943805128,1.0,-0.9031566401371708,1.0,0.0,1
-0.09729417537865664,0.0,-1.1991617531888707,2.0,-0.4006775549931254,1.0,0.0,0
-0.2205895171433592,0.0,-1.1991617531888707,2.0,0.5998338977273189,0.0,0.0,0
-1.2480506985158806,0.0,-1.1991617531888707,2.0,-0.9387303806783421,0.0,0.0,0
-1.741232065574691,1.0,-1.1991617531888707,2.0,1.0756326774654859,1.0,0.0,0
1.0740115713860177,1.0,-1.1991617531888707,2.0,0.3730513017773515,1.0,0.0,0
0.7760478287879865,0.0,0.941800483994546,1.0,-0.8008821360813031,0.0,0.0,0
0.3136902971703519,0.0,-1.1991617531888707,2.0,-0.7208412198636676,0.0,0.0,0
0.6322032633958335,0.0,0.6215957219440365,1.0,-1.27668091581947,1.0,0.0,0
-0.5802009306237417,0.0,0.9370283662158437,1.0,0.515346263942037,1.0,0.0,0
1.4644468203075758,1.0,1.063954857408389,1.0,-0.7075010671607284,1.0,0.0,0
0.9712654532487656,1.0,0.5583218321682583,1.0,0.7065551193508329,1.0,0.0,1
-0.9706361795452998,1.0,0.9426930816380574,1.0,-1.169959694195956,1.0,0.0,0
-0.015097280868854937,0.0,0.31698277190421587,1.0,1.7204067247742165,0.0,1.0,0
0.5397317570723066,0.0,-1.1991617531888707,2.0,1.640365808556581,0.0,0.0,0
-1.6384859474374387,1.0,0.5889815158957606,1.0,-0.19612854688139011,0.0,1.0,1
0.04655039001349635,1.0,-1.1991617531888707,1.0,-0.4451447306695896,1.0,0.0,0
1.371975313984049,0.0,0.982665911813755,1.0,0.44864550042734064,1.0,0.0,0
-0.6007501542511922,1.0,-1.1991617531888707,2.0,-1.6235248860958906,1.0,0.0,0
-0.16921645807473315,0.0,-1.1991617531888707,2.0,-0.9253902279754028,1.0,0.0,0
1.3103276431016977,1.0,0.5733257075226456,2.0,-0.2761694630990257,0.0,1.0,0
1.5980167738860036,0.0,-1.1991617531888707,2.0,0.7198952720537722,0.0,0.0,0
0.05682500182722156,1.0,0.6106448431486723,2.0,-0.0049196914725941,1.0,0.0,0
1.1973069131507204,0.0,-1.1991617531888707,2.0,-1.6101847333929513,0.0,0.0,0
0.22121879084682497,1.0,0.5681841344346767,1.0,-0.671927326619557,0.0,1.0,0
-0.03564650449630537,1.0,-1.1991617531888707,3.0,0.6487477909714295,0.0,0.0,1
-0.5904755424374669,0.0,0.6232701604342424,1.0,0.23964977474795895,1.0,0.0,0
1.1664830777095447,1.0,0.40442638013464843,1.0,-1.5345905347429623,1.0,0.0,0
-0.8062423905256964,1.0,-0.1083799830065292,2.0,1.6803862666653988,1.0,0.0,0
-1.6487605592511638,0.0,0.7630672617030024,2.0,1.5603248923389454,1.0,0.0,0
-0.015097280868854937,0.0,-0.48064331221565787,1.0,-0.049386867149058294,0.0,0.0,0
-2.0597450318001727,0.0,0.6712524306126059,1.0,-0.5474192347254573,1.0,0.0,0
-0.6623978251335434,1.0,0.4092336081371252,2.0,1.204587486927232,0.0,1.0,0
-1.2788745339570562,0.0,-1.1991617531888707,2.0,0.45309221799498706,0.0,0.0,0
0.41643641530760406,0.0,0.9865050551916045,1.0,-0.6096732806725071,1.0,0.0,0
1.4130737612389497,1.0,0.9575528454830414,1.0,-0.7208412198636676,1.0,0.0,0
1.0534623477585674,0.0,0.07456886001688547,2.0,1.555878174771299,0.0,0.0,1
0.41643641530760406,0.0,-1.1991617531888707,2.0,-0.06717373741964397,1.0,0.0,0
1.187032301336995,0.0,0.8162565376590969,1.0,1.6136855031507025,0.0,1.0,1
-0.4466309770453139,1.0,0.5893986891909759,3.0,1.5203044342301277,1.0,0.0,1
0.2417680144742754,1.0,0.7183414647797529,2.0,-0.4051242725607718,1.0,0.0,0
1.8754312928565844,1.0,0.9820530788169584,2.0,-0.46293160094017527,1.0,0.0,0
0.8787939469252386,1.0,0.6725360284754277,3.0,0.8088296234067006,1.0,0.0,1
1.0740115713860177,0.0,0.6686365593494561,1.0,-1.3567218320371055,1.0,0.0,0
0.42671102712132924,1.0,0.6934202279443912,1.0,-0.725287937431314,0.0,1.0,1
-0.980910791359025,1.0,-1.1991617531888707,2.0,-0.06717373741964397,1.0,0.0,0
-1.4843667702315604,1.0,-1.1991617531888707,1.0,-0.565206104996043,1.0,0.0,0
-0.2205895171433592,0.0,0.593547600497675,1.0,-0.22280885228726863,0.0,1.0,0
1.6288406093271792,0.0,1.1636883206954158,1.0,1.6670461139624595,0.0,1.0,0
-1.566563664741362,1.0,-1.1991617531888707,1.0,-0.449591448237236,1.0,0.0,0
1.0123639005036664,0.0,1.7139052656363611,2.0,-1.4367627482547412,0.0,1.0,0
-1.1042061331237276,0.0,-0.25104798343658524,1.0,-0.5607593874283965,0.0,0.0,0
-0.549377095182566,1.0,-1.1991617531888707,2.0,1.5514314572036525,0.0,0.0,0
0.005451942758595491,0.0,-1.1991617531888707,2.0,-0.27172274553137926,1.0,0.0,0
1.526094491189927,1.0,1.4723368717742986,2.0,1.342435731524271,0.0,1.0,0
-2.3474341625844786,1.0,-1.1991617531888707,2.0,0.5642601571861475,0.0,0.0,0
-0.18976568170218358,0.0,-0.2420529036974045,2.0,-0.5118454941842859,0.0,1.0,0
-0.045921116310030576,1.0,-0.44692919861167313,1.0,1.4802839761213098,1.0,0.0,0
-1.5254652174864614,0.0,-1.1991617531888707,2.0,1.5692183274742382,1.0,0.0,0
-0.4774548124864896,0.0,1.2817813987700708,1.0,0.6042806152949654,0.0,0.0,0
0.13902189633702328,1.0,0.29973311896365057,1.0,-0.45848488337252885,1.0,0.0,0
-0.8678900614080477,1.0,-1.1991617531888707,2.0,-0.28950961580196494,1.0,0.0,0
0.5294571452585813,0.0,-0.05540248553656721,1.0,-1.6946723671782333,0.0,0.0,0
2.050099693689913,0.0,0.9208265938630306,1.0,0.6443010734037831,0.0,0.0,0
0.7657732169742613,0.0,-1.1991617531888707,2.0,-0.05383358471670471,1.0,0.0,0
1.752135951091882,1.0,-1.1991617531888707,1.0,1.0622925247625465,1.0,0.0,0
0.33423952079780234,0.0,0.6326240028236312,1.0,-0.9031566401371708,1.0,0.0,0
1.1767576895232699,0.0,0.17420928121090903,2.0,1.4002430599036744,0.0,1.0,0
-2.100843479055073,1.0,0.47744926190920817,1.0,0.5553667220508547,1.0,0.0,0
-0.8165170023394216,1.0,0.5262998717582933,1.0,1.395796342336028,0.0,0.0,0
0.28286646172917623,1.0,0.6850592069281982,2.0,0.6354076382684902,1.0,0.0,0
-1.2994237575845067,1.0,0.8353253789669763,2.0,-0.4184644252637111,0.0,1.0,0
0.70412554609191,0.0,-1.1991617531888707,1.0,-0.10719419552846174,0.0,0.0,1
1.1973069131507204,1.0,-1.1991617531888707,2.0,-1.1477261063577238,1.0,0.0,0
0.6527524870232839,0.0,1.0045180363154194,1.0,1.5069642815271884,1.0,0.0,0
-1.3816206520943084,1.0,0.8325312435222062,1.0,1.4135832126066137,1.0,0.0,0
-0.31306102346688613,0.0,0.7397213567716462,1.0,0.9866983261125574,0.0,0.0,0
0.7144001579056353,0.0,0.776329510366233,2.0,0.19073588150384835,0.0,0.0,0
-0.11784339900610707,0.0,0.9303462522637922,2.0,-1.3922955725782769,0.0,0.0,0
1.2486799722193465,0.0,-1.1991617531888707,2.0,-0.8853697698665851,1.0,0.0,0
1.1459338540820942,0.0,0.7982242459122059,2.0,-0.8542427468930601,0.0,1.0,0
-0.6623978251335434,0.0,0.5079764843379238,1.0,0.982251608544911,0.0,1.0,1
0.4575348625625049,0.0,-1.1991617531888707,2.0,-1.0899187779783204,1.0,0.0,0
0.04655039001349635,1.0,-1.1991617531888707,1.0,0.4886659585361584,1.0,0.0,1
1.3514260903565984,0.0,-1.1991617531888707,2.0,-0.8097755712165959,1.0,0.0,0
-0.7651439432707955,0.0,-1.1991617531888707,2.0,1.0711859598978393,1.0,0.0,0
0.6630270988370092,0.0,0.7847965004214551,1.0,1.1912473342242926,1.0,0.0,0
-1.556289052927637,1.0,-1.1991617531888707,2.0,0.9022106923272754,1.0,0.0,0
-0.5391024833688408,0.0,-1.1991617531888707,1.0,-1.0899187779783204,1.0,0.0,1
-0.6726724369472686,1.0,1.2394834738208493,1.0,-0.9831975563548063,1.0,0.0,0
1.1459338540820942,1.0,0.9426364265042391,1.0,0.293010385559716,0.0,0.0,0
-0.30278641165316095,0.0,-1.1991617531888707,2.0,-0.9209435104077565,0.0,0.0,0
0.3856125798664284,0.0,1.1635277712176093,1.0,-1.3211480914959342,1.0,0.0,1
-0.45690558885903915,0.0,0.7079917687705696,2.0,-1.3033612212253485,1.0,0.0,0
0.36506335623897795,0.0,-1.1991617531888707,2.0,-0.4273578603990039,1.0,0.0,0
1.228130748591896,0.0,1.8439054973284648,1.0,-1.1877465644665417,0.0,0.0,0
-1.9056258545942943,0.0,1.2905854469735314,1.0,1.151226876115475,0.0,1.0,0
1.032913124131117,0.0,-1.1991617531888707,2.0,0.10180153015091996,0.0,0.0,0
0.5705555925134822,0.0,-1.1991617531888707,2.0,0.8532967990831648,1.0,0.0,0
-0.24113874077080963,0.0,0.5942199612829627,1.0,-1.161066259060663,0.0,1.0,0
-0.1281180108198323,0.0,-1.1991617531888707,2.0,1.0711859598978393,0.0,0.0,0
-0.1383926226335575,0.0,-1.1991617531888707,2.0,-1.6724387793400013,1.0,0.0,0
-1.1042061331237276,1.0,-1.1991617531888707,2.0,-1.5123569469047302,1.0,0.0,0
-0.24113874077080963,1.0,-1.1991617531888707,2.0,-1.21442686987242,1.0,0.0,0
-0.354159470721787,1.0,0.3326687431513921,1.0,-0.18723511174609728,0.0,1.0,1
1.2692291958467967,0.0,0.6155465495714886,1.0,0.043994201771516514,1.0,0.0,1
0.8274208878566126,1.0,0.6998511442045267,1.0,-1.5701642752841336,1.0,0.0,0
-1.073382297682552,1.0,0.6343697789048706,2.0,-0.19612854688139011,0.0,1.0,1
1.1253846304546438,1.0,-0.2734741600969678,1.0,0.7954894707037613,0.0,1.0,0
1.3000530312879723,0.0,0.7625053385306794,1.0,0.07956794231268786,0.0,1.0,0
0.796597052415437,1.0,-1.1991617531888707,1.0,1.4135832126066137,0.0,0.0,0
1.4336229848664002,0.0,-1.1991617531888707,2.0,-1.1477261063577238,0.0,0.0,0
0.4780840861899553,0.0,0.8472275852347113,1.0,0.6887682490802473,0.0,0.0,0
1.3514260903565984,0.0,0.8185331164870411,1.0,-1.0632384725724418,0.0,1.0,0
0.8274208878566126,1.0,1.535062563283411,1.0,1.5914519153124704,0.0,0.0,1
0.7863224406017117,1.0,0.7400122928531983,1.0,-1.5701642752841336,1.0,0.0,0
-0.11784339900610707,0.0,-1.1991617531888707,2.0,-0.7341813725666069,1.0,0.0,0
-0.5802009306237417,0.0,-1.1991617531888707,2.0,-0.5740995401313358,1.0,0.0,0
1.371975313984049,0.0,-1.1991617531888707,2.0,-0.6096732806725071,0.0,0.0,0
0.10819806089584763,0.0,-1.1991617531888707,2.0,-0.40957099012841824,1.0,0.0,0
-0.45690558885903915,0.0,0.1280310381668658,1.0,-0.9565172509489278,1.0,0.0,0
-0.6623978251335434,1.0,-1.1991617531888707,2.0,0.19518259907149477,1.0,0.0,0
2.050099693689913,0.0,0.926828207841556,1.0,0.33303084366853375,0.0,0.0,0
1.0226385123173916,1.0,-1.1991617531888707,2.0,1.182353899089,1.0,0.0,0
0.5397317570723066,0.0,-0.19010988109338972,1.0,-1.3567218320371055,0.0,1.0,0
-0.17949106988845837,0.0,1.4076146852678095,2.0,-0.3517636617490148,0.0,0.0,0
0.12874728452329806,0.0,-1.1991617531888707,2.0,1.1645670288184142,0.0,0.0,0
-1.6795843946923394,1.0,0.22999751168597093,1.0,-0.13832121850198667,1.0,0.0,0
-0.6521232133198182,0.0,-1.1991617531888707,1.0,0.5598134396185012,0.0,0.0,0
-0.8267916141531468,0.0,0.6536976379090523,1.0,1.2535013801713426,0.0,0.0,0
-1.7309574537609655,0.0,0.7953573365490663,1.0,0.9199975625978611,1.0,0.0,0
1.3514260903565984,1.0,0.3500356961577504,1.0,0.47977252340086557,1.0,0.0,0
-0.5288278715551156,0.0,1.816756835978444,2.0,0.5464732869155619,0.0,1.0,0
-0.2925117998394357,1.0,0.5878524030175479,1.0,1.386902907200735,0.0,1.0,1
-2.183040373564875,1.0,-1.1991617531888707,2.0,0.23964977474795895,1.0,0.0,0
-0.2822371880257105,1.0,-1.1991617531888707,2.0,0.7554690125949436,1.0,0.0,0
2.050099693689913,0.0,-1.1991617531888707,1.0,0.039547484203870095,1.0,0.0,0
0.9301670059938647,0.0,-1.1991617531888707,2.0,-1.1521728239253703,1.0,0.0,0
0.5191825334448562,1.0,0.7777045544027956,1.0,1.493624128824249,0.0,0.0,0
-0.34388485890806175,0.0,1.8332176260275597,2.0,-0.534079082022518,1.0,0.0,0
-0.7343201078296199,1.0,-1.1991617531888707,2.0,1.3202021436860387,1.0,0.0,0
-1.2069522512609798,0.0,0.8363624073037432,2.0,0.23075633961266612,0.0,1.0,1
0.9198923941801395,1.0,0.38235162489586644,1.0,0.9644647382743253,0.0,0.0,1
1.6288406093271792,1.0,-1.1991617531888707,1.0,0.6576412261067224,1.0,0.0,0
-0.6829470487609939,0.0,-1.1991617531888707,2.0,0.4441987828596942,1.0,0.0,0
0.42671102712132924,0.0,1.2095111525197022,2.0,-1.107705648248906,0.0,1.0,0
1.2692291958467967,1.0,0.6704943689629225,1.0,0.44864550042734064,0.0,0.0,0
1.3617007021703238,1.0,0.7353461441135256,2.0,-0.43180457796665034,1.0,0.0,0
0.7760478287879865,1.0,0.48411398034129877,1.0,0.6265142031331974,0.0,0.0,0
-2.3474341625844786,1.0,-1.1991617531888707,2.0,-1.2188735874400665,1.0,0.0,0
-2.388532609839379,0.0,0.3766316906671707,1.0,-0.6274601509430928,1.0,0.0,0
-0.11784339900610707,1.0,0.6540490593306527,2.0,-0.45848488337252885,1.0,0.0,0
0.508907921631131,0.0,-1.1991617531888707,2.0,-1.5612708401488409,0.0,0.0,0
0.30341568535662666,0.0,1.035239960894159,1.0,0.897763974759629,1.0,0.0,0
-1.8337035718982178,1.0,-1.1991617531888707,2.0,1.2757349680095746,1.0,0.0,0
0.20066956721937454,1.0,0.45205643093178016,2.0,0.28856366799206956,1.0,0.0,0
1.423348373052675,0.0,0.7104265031974265,2.0,-0.16055480634021876,0.0,1.0,1
-0.5699263188100164,1.0,-1.1991617531888707,2.0,-0.7830952658107174,0.0,0.0,0
-0.4260817534178635,0.0,-1.1991617531888707,2.0,-1.3834021374429841,1.0,0.0,0
-0.9603615677315746,1.0,-1.1991617531888707,2.0,-1.4456561833900339,0.0,0.0,0
1.5466437148173775,1.0,-1.1991617531888707,2.0,-0.2183621347196222,0.0,0.0,0
-0.3747086943492374,0.0,0.9889148932779666,1.0,1.5647716099065918,1.0,0.0,1
-0.2308641289570844,0.0,1.2289318940249612,1.0,0.3908381720479372,0.0,1.0,0
2.050099693689913,0.0,-1.1991617531888707,2.0,-1.2544473279812378,0.0,0.0,0
0.21094417903309975,1.0,-1.1991617531888707,2.0,-0.947623815813635,1.0,0.0,0
-0.4466309770453139,1.0,-1.1991617531888707,3.0,0.4219651950214621,0.0,0.0,0
-0.45690558885903915,1.0,1.5507719945437455,1.0,-1.6635453442047083,0.0,1.0,0
0.4061618034938788,0.0,-1.1991617531888707,2.0,-0.27172274553137926,1.0,0.0,0
-0.11784339900610707,0.0,1.2035877385850389,1.0,-0.9209435104077565,1.0,0.0,0
1.423348373052675,0.0,0.47140008953666035,1.0,0.6798748139449544,0.0,1.0,0
0.22121879084682497,0.0,-1.1991617531888707,2.0,-1.6324183212311836,1.0,0.0,0
-0.6829470487609939,0.0,-1.1991617531888707,1.0,1.5336445869330668,1.0,0.0,0
0.7144001579056353,1.0,1.0003984899231502,2.0,-0.4451447306695896,1.0,0.0,0
0.8376954996703379,0.0,-0.21270442723596514,1.0,0.5331331342126227,1.0,0.0,0
0.8787939469252386,0.0,0.8885066753267583,1.0,0.017313896365637998,0.0,1.0,1
-0.2205895171433592,0.0,-1.1991617531888707,2.0,-0.022706561743179775,0.0,0.0,0
0.991814676876216,1.0,0.09394140476041699,2.0,-0.6363535860783857,1.0,0.0,0
-0.25141335258453484,0.0,-1.1991617531888707,2.0,0.09290809501562712,1.0,0.0,0
-0.07674495175120621,1.0,-1.1991617531888707,2.0,0.4353053477244014,0.0,0.0,0
-1.0836569094962771,0.0,-0.030771386823126533,2.0,-0.5963331279695678,0.0,0.0,1
-1.0117346268002008,0.0,1.0499923193727776,1.0,-1.2277670225753594,1.0,0.0,0
-0.1281180108198323,0.0,0.2328384075651319,2.0,0.8577435166508112,0.0,1.0,0
0.20066956721937454,1.0,0.1497328270740036,2.0,-0.7830952658107174,0.0,1.0,0
1.618565997513454,0.0,0.6940222086902029,2.0,-0.20946869958432937,1.0,0.0,0
-2.121392702682524,0.0,-1.1991617531888707,2.0,-0.5251856468872251,1.0,0.0,0
1.4747214321213011,1.0,1.6231482098331438,3.0,-1.690225649610587,1.0,0.0,1
-0.7240454960158946,0.0,-1.1991617531888707,2.0,-0.3072964860725506,1.0,0.0,0
0.508907921631131,1.0,-1.1991617531888707,2.0,0.21296946934208044,0.0,0.0,0
-0.045921116310030576,1.0,-1.1991617531888707,2.0,-0.05383358471670471,1.0,0.0,0
0.8171462760428874,0.0,-1.1991617531888707,2.0,-1.2500006104135915,0.0,0.0,0
1.4541722084938506,0.0,0.27132064914966236,1.0,-1.2366604577106521,0.0,0.0,0
-0.48772942430021476,0.0,0.5430453738038373,1.0,1.226821074765464,0.0,1.0,0
-0.49800403611394,0.0,0.5179339033923867,2.0,-0.5029520590489931,0.0,0.0,0
-0.5699263188100164,1.0,0.41473809326538463,2.0,-0.08940732525787606,0.0,0.0,0
1.8240582337879583,1.0,-1.1991617531888707,2.0,0.26633008015383747,1.0,0.0,0
0.1801203435919241,1.0,0.7186555416906113,1.0,-0.7297346549989604,0.0,1.0,0
-0.05619572812375579,0.0,-1.1991617531888707,1.0,1.2712882504419283,1.0,0.0,0
0.6013794279546579,1.0,1.1995152718110131,2.0,0.9733581734096182,1.0,0.0,0
0.7863224406017117,0.0,0.3553143587103671,1.0,0.026207331500930835,0.0,0.0,1
0.8274208878566126,1.0,1.2305227063458126,1.0,-1.4011890077135698,1.0,0.0,0
-1.1864030276335293,1.0,0.6270145062078999,1.0,1.5203044342301277,1.0,0.0,0
-0.16921645807473315,0.0,0.5124247900982661,1.0,0.3019038206950088,0.0,1.0,1
-1.2891491457707813,1.0,1.1303270648403678,1.0,-1.1966399996018344,0.0,0.0,0
1.6904882802095305,0.0,-1.1991617531888707,2.0,0.32858412610088733,1.0,0.0,0
0.12874728452329806,0.0,0.4514992955172443,2.0,1.7159600072065702,0.0,0.0,0
1.9987266346212869,1.0,0.10524274742582405,2.0,-1.0988122131136133,0.0,1.0,0
-1.895351242780569,1.0,0.5869931600866226,3.0,-0.08940732525787606,0.0,1.0,1
-1.4329937111629345,1.0,-1.1991617531888707,1.0,-0.2539358752607936,0.0,0.0,1
-0.6110247660649173,1.0,-1.1991617531888707,2.0,-0.8898164874342315,1.0,0.0,0
0.6219286515821083,1.0,-1.1991617531888707,3.0,1.151226876115475,1.0,0.0,0
0.7246747697193604,0.0,-1.1991617531888707,2.0,1.142333440980182,1.0,0.0,0
-0.15894184626100794,1.0,1.1428189632755938,1.0,-1.721352672584112,0.0,1.0,0
-0.4260817534178635,0.0,0.30302390448290795,1.0,1.7515337477477415,0.0,1.0,0
-1.0631076858688266,1.0,-1.1991617531888707,2.0,-0.4940586239137002,1.0,0.0,0
-0.6829470487609939,0.0,-1.1991617531888707,2.0,-1.169959694195956,1.0,0.0,0
-2.3474341625844786,0.0,1.0353553458568372,1.0,1.0578458071949002,1.0,0.0,0
-0.015097280868854937,0.0,-1.1991617531888707,2.0,-0.4896119063460538,0.0,0.0,0
1.2178561367781706,0.0,-1.1991617531888707,2.0,-0.9609639685165742,0.0,0.0,0
-0.4158071416041383,0.0,-1.1991617531888707,2.0,-1.6413117563664763,0.0,0.0,1
-1.7104082301335153,0.0,0.945563980799353,1.0,0.5020061112390977,0.0,1.0,1
0.28286646172917623,1.0,0.853899964079262,1.0,0.6443010734037831,0.0,1.0,0
0.005451942758595491,0.0,-1.1991617531888707,2.0,0.7332354247567114,1.0,0.0,0
-1.0425584622413764,1.0,0.5129946928669017,1.0,-0.22725556985491505,1.0,0.0,0
-1.2069522512609798,0.0,0.16234410027006368,1.0,0.09735481258327354,1.0,0.0,0
1.3000530312879723,1.0,0.7403935579650075,2.0,-0.7386280901342532,0.0,1.0,0
0.1595711199644737,1.0,-1.1991617531888707,1.0,-0.4406980131019432,1.0,0.0,0
-1.3918952639080335,1.0,0.07028972169836702,1.0,-0.43180457796665034,1.0,0.0,0
-0.30278641165316095,0.0,0.0015686402958530658,1.0,-0.6541404563489713,1.0,0.0,0
-0.3233356352806113,1.0,-1.1991617531888707,2.0,-1.1477261063577238,1.0,0.0,0
0.13902189633702328,0.0,0.8054520046601035,1.0,-0.6585871739166177,1.0,0.0,0
-0.2616879643982601,0.0,-1.1991617531888707,2.0,1.1067597004390106,1.0,0.0,0
0.2417680144742754,0.0,-1.1991617531888707,1.0,-1.0187712968959777,1.0,0.0,0
-0.09729417537865664,1.0,-1.1991617531888707,1.0,1.0044851963831432,1.0,0.0,1
0.16984573177819892,0.0,1.8367149234993831,1.0,0.32858412610088733,1.0,0.0,1
-0.6829470487609939,1.0,-1.1991617531888707,2.0,0.7777026004331756,0.0,0.0,0
0.3753379680527032,1.0,0.80330900427443,1.0,-0.18278839417845086,1.0,0.0,0
-1.597387500182538,1.0,-1.1991617531888707,2.0,0.06622778960974861,0.0,0.0,0
-0.48772942430021476,1.0,1.3924598359511904,2.0,-1.3922955725782769,0.0,0.0,0
0.4986333098174057,0.0,-1.1991617531888707,2.0,-0.41401770769606466,1.0,0.0,0
-0.46718020067276433,0.0,-1.1991617531888707,1.0,-1.330041526631227,1.0,0.0,0
-0.549377095182566,0.0,0.13651638129360674,2.0,-0.013813126607886937,0.0,1.0,0
-0.9603615677315746,1.0,-1.1991617531888707,2.0,0.8755303869213968,1.0,0.0,0
-1.3199729812119572,1.0,-1.1991617531888707,2.0,-1.3478283969018128,1.0,0.0,0
-0.2719625762119853,1.0,-1.1991617531888707,2.0,-1.6724387793400013,0.0,0.0,0
-1.8234289600844926,1.0,0.5669849607008407,2.0,-0.7297346549989604,1.0,0.0,0
1.752135951091882,0.0,-1.1991617531888707,2.0,-0.2761694630990257,1.0,0.0,0
-1.1555791921923537,1.0,1.4239779646499873,1.0,0.23520305718031254,0.0,1.0,0
1.3925245376114994,1.0,0.4659634309770569,2.0,-1.627971603663537,0.0,1.0,0
-1.268599922143331,1.0,0.9829903621998193,1.0,0.24409649231560537,0.0,1.0,0
-0.066470339937481,0.0,-1.1991617531888707,2.0,-0.4229111428313575,0.0,0.0,0
0.3445141326115275,1.0,1.5806166423038939,1.0,-1.076578625275381,0.0,0.0,0
-0.5596517069962913,0.0,-1.1991617531888707,2.0,-1.6991190847458797,0.0,0.0,0
-1.0836569094962771,1.0,-1.1991617531888707,2.0,-1.0365581671665633,0.0,0.0,0
0.8171462760428874,0.0,1.2406950957249332,1.0,1.1112064180066572,0.0,1.0,0
1.0945607950134681,1.0,0.4264633120869094,2.0,1.3202021436860387,0.0,1.0,0
-1.073382297682552,1.0,-1.1991617531888707,1.0,-0.36510381445195406,1.0,0.0,0
1.0123639005036664,0.0,0.865611777178982,1.0,0.11958840042150563,0.0,0.0,0
-0.08701956356493143,1.0,-1.1991617531888707,1.0,-0.7163945022960212,1.0,0.0,0
-1.361071428466858,1.0,0.5663237713503906,1.0,1.35577588422721,0.0,1.0,0
-0.549377095182566,0.0,-1.1991617531888707,2.0,-1.129939236087138,1.0,0.0,0
1.228130748591896,1.0,1.063670305003887,2.0,0.8221697761096398,0.0,1.0,0
-0.8987138968492233,0.0,-1.1991617531888707,2.0,-0.1427679360696331,0.0,0.0,0
-0.5904755424374669,0.0,1.0163761952115098,1.0,-0.5829929752666286,1.0,0.0,0
1.3000530312879723,1.0,-1.1991617531888707,2.0,-1.3344882441988735,1.0,0.0,0
-0.30278641165316095,1.0,-1.1991617531888707,2.0,-1.1655129766283094,1.0,0.0,1
-1.2480506985158806,1.0,1.231591653067829,1.0,0.37749801934499794,1.0,0.0,0
-0.33361024709433656,0.0,0.9546035866859575,1.0,-0.4184644252637111,1.0,0.0,0
-0.8165170023394216,0.0,0.6025809822991555,1.0,-1.3389349617665198,1.0,0.0,0
-1.5049159938590109,0.0,0.8960785142676488,2.0,0.9022106923272754,0.0,1.0,0
-0.16921645807473315,1.0,-1.1991617531888707,1.0,-0.2183621347196222,0.0,0.0,0
-0.46718020067276433,0.0,1.077313978370853,1.0,-1.5612708401488409,0.0,0.0,0
-1.1144807449374527,0.0,-1.1991617531888707,1.0,1.0489523720596072,0.0,0.0,0
-1.7617812892021412,0.0,0.28239217944127076,1.0,-1.2366604577106521,0.0,1.0,1
0.5705555925134822,1.0,0.5972787001414537,1.0,0.9466778680037397,1.0,0.0,0
1.3000530312879723,0.0,-1.1991617531888707,2.0,-1.0498983198695027,1.0,0.0,0
1.567192938444828,0.0,0.9991037206254907,2.0,-0.17389495904315802,0.0,1.0,0
1.032913124131117,0.0,0.5326221059166532,2.0,-1.521250382040023,0.0,1.0,0
0.6938509342781848,1.0,-1.1991617531888707,3.0,0.4619856531302799,1.0,0.0,0
-1.7823305128295917,0.0,1.0344796649575079,2.0,-1.085472060410674,0.0,1.0,0
0.6733017106507344,0.0,-1.1991617531888707,1.0,1.6625993963948131,0.0,0.0,0
0.3958871916801536,0.0,0.6969898205588058,2.0,0.9066574098949218,0.0,1.0,0
1.8651566810428593,1.0,0.5188284161390132,2.0,-0.10274747796081532,0.0,1.0,0
-0.15894184626100794,1.0,-1.1991617531888707,2.0,-0.5118454941842859,0.0,0.0,1
-1.7617812892021412,0.0,1.0146802118112603,1.0,0.6443010734037831,0.0,1.0,1
1.4541722084938506,1.0,0.8778121011649503,1.0,1.35577588422721,1.0,0.0,0
-0.4466309770453139,1.0,0.9701243802894657,1.0,-0.5785462576989822,0.0,1.0,0
-0.48772942430021476,1.0,-1.1991617531888707,1.0,0.4575389355626335,1.0,0.0,1
0.6013794279546579,0.0,0.8532220175765556,1.0,-1.7035658023135263,1.0,0.0,0
0.3753379680527032,1.0,-1.1991617531888707,2.0,-0.049386867149058294,0.0,0.0,0
-1.2583253103296057,0.0,1.3014378575503998,1.0,1.6714928315301059,1.0,0.0,0
-0.5596517069962913,0.0,-1.1991617531888707,2.0,0.9778048909772645,0.0,0.0,0
-0.7959677787119712,0.0,-1.1991617531888707,2.0,0.10180153015091996,1.0,0.0,0
-1.1042061331237276,1.0,0.7527217150839015,2.0,0.346370996371473,0.0,1.0,0
-1.5357398293001865,0.0,0.6306487335524454,1.0,1.0578458071949002,0.0,1.0,0
-0.5904755424374669,0.0,-1.1991617531888707,2.0,-1.3033612212253485,1.0,0.0,0
1.043187735944842,1.0,0.6088719364399706,2.0,-1.521250382040023,0.0,1.0,0
0.35478874442525277,1.0,0.8517481861376448,1.0,-0.20502198201668295,0.0,0.0,0
0.1595711199644737,1.0,1.1505045912599001,1.0,-0.43180457796665034,1.0,0.0,0
0.5500063688860318,0.0,0.840186389448599,4.0,1.6670461139624595,1.0,0.0,1
1.854882069229134,1.0,-1.1991617531888707,2.0,-0.6096732806725071,1.0,0.0,0
-1.946724301849195,1.0,-0.18313683105978573,1.0,-0.48516518877840736,0.0,1.0,0
-1.8234289600844926,1.0,0.6697117301565965,2.0,-1.2544473279812378,1.0,0.0,1
1.957628187366386,0.0,-1.1991617531888707,2.0,0.1818424463685555,1.0,0.0,0
-2.1933149853786,0.0,0.5824313844667168,2.0,0.8844238220566897,1.0,0.0,0
1.135659242268369,0.0,0.528247052850459,2.0,1.5469847396360061,0.0,1.0,0
-1.3096983693982318,1.0,0.6150878823754484,1.0,1.5781117626095311,0.0,0.0,0
-0.24113874077080963,0.0,-1.1991617531888707,2.0,1.3157554261183924,1.0,0.0,0
1.711037503836981,1.0,0.09465541903845551,2.0,-0.39178411985783257,1.0,0.0,0
-0.15894184626100794,0.0,-1.1991617531888707,2.0,-0.4451447306695896,0.0,0.0,0
0.23149340266055018,1.0,0.37460774585847917,1.0,1.1645670288184142,0.0,1.0,0
-0.045921116310030576,1.0,0.3941477025326459,1.0,-1.2544473279812378,0.0,0.0,0
2.050099693689913,0.0,-1.1991617531888707,2.0,-1.6190781685282443,1.0,0.0,0
-2.2549626562609517,0.0,0.13541854843293896,2.0,1.0311655017890216,0.0,1.0,0
-0.9089885086629486,0.0,-1.1991617531888707,2.0,1.0622925247625465,1.0,0.0,0
-0.16921645807473315,0.0,0.4813836816670284,1.0,-1.0143245793283313,1.0,0.0,0
0.06709961364094677,0.0,0.8160685383699754,1.0,-0.23170228742256146,0.0,0.0,0
-1.5254652174864614,0.0,1.5884886736580588,2.0,-0.8320091590548281,0.0,1.0,0
0.4575348625625049,1.0,-1.1991617531888707,2.0,1.4891774112566027,0.0,0.0,0
-0.693221660574719,1.0,-1.1991617531888707,2.0,-1.330041526631227,0.0,0.0,0
0.005451942758595491,0.0,-1.1991617531888707,2.0,0.675428096377308,0.0,0.0,0
0.1492965081507485,1.0,0.3352755176747456,1.0,-1.4501029009576802,1.0,0.0,0
-0.25141335258453484,0.0,-1.1991617531888707,2.0,0.4219651950214621,0.0,0.0,0
-0.549377095182566,1.0,1.1278406226294064,2.0,-0.7075010671607284,1.0,0.0,0
0.4986333098174057,0.0,1.3335239739147167,1.0,1.587005197744824,1.0,0.0,0
1.762410562905607,0.0,0.6578179822609527,1.0,1.2979685558478067,1.0,0.0,0
-1.0939315213100023,0.0,0.050676512330051986,3.0,-0.9031566401371708,1.0,0.0,1
-0.5596517069962913,0.0,1.7899066115305085,1.0,0.5020061112390977,0.0,0.0,0
-0.6726724369472686,0.0,-1.1991617531888707,2.0,-1.4945700766341445,1.0,0.0,0
-1.8748020191531185,0.0,1.6994607599834772,2.0,-0.4451447306695896,0.0,1.0,0
-1.1144807449374527,0.0,0.9568736222449251,1.0,-1.2366604577106521,1.0,0.0,1
-1.987822749104096,1.0,-1.1991617531888707,2.0,0.10180153015091996,0.0,0.0,0
0.36506335623897795,0.0,0.8576064865663986,3.0,-1.1877465644665417,1.0,0.0,1
-0.18976568170218358,0.0,1.2828053405688855,1.0,-0.2183621347196222,0.0,0.0,0
-0.2925117998394357,0.0,-1.1991617531888707,2.0,1.235714509900757,0.0,0.0,0
-0.6726724369472686,1.0,-1.1991617531888707,2.0,0.07067450717739503,1.0,0.0,1
0.03627577819977113,0.0,-1.1991617531888707,2.0,-0.0049196914725941,1.0,0.0,0
-0.08701956356493143,1.0,0.44854285508347885,2.0,1.386902907200735,0.0,1.0,1
-1.0836569094962771,1.0,0.8592719879087346,1.0,1.3379890139566244,0.0,1.0,1
-2.224138820819776,1.0,0.8085211169938008,2.0,0.3730513017773515,0.0,1.0,1
-1.032283850427651,0.0,0.7321595721221089,1.0,-0.06272701985199755,0.0,1.0,1
0.7657732169742613,1.0,0.6923259061061007,1.0,0.2529899274508982,0.0,0.0,1
0.4575348625625049,0.0,-0.15349630137331047,1.0,-0.4985053414813466,0.0,0.0,0
0.04655039001349635,0.0,-1.1991617531888707,2.0,-1.2944677860900557,1.0,0.0,0
0.23149340266055018,0.0,-1.1991617531888707,1.0,-1.330041526631227,1.0,0.0,0
-0.9089885086629486,0.0,0.8314420286255558,2.0,1.4758372585536634,0.0,1.0,0
1.7932343983467827,0.0,-1.1991617531888707,2.0,-0.10274747796081532,1.0,0.0,0
-1.1966776394472545,1.0,1.1117607785082473,1.0,0.7332354247567114,1.0,0.0,1
-0.549377095182566,0.0,0.0477001229055054,2.0,-1.7169059550164654,1.0,0.0,0
-0.07674495175120621,1.0,1.361108799999177,1.0,0.8888705396243362,0.0,1.0,0
-0.6110247660649173,1.0,0.24026709254817713,2.0,1.6892797018006915,0.0,1.0,0
-0.3849833061629626,0.0,-1.1991617531888707,2.0,0.9377844328684468,1.0,0.0,0
1.5877421620722785,0.0,0.6843750363403681,3.0,0.5020061112390977,1.0,0.0,1
-1.4535429347903848,0.0,-1.1991617531888707,2.0,-1.3656152671723985,1.0,0.0,0
1.043187735944842,1.0,0.48336006808169774,2.0,-1.6101847333929513,0.0,1.0,0
-0.24113874077080963,1.0,-1.1991617531888707,1.0,1.7159600072065702,0.0,0.0,0
-1.6487605592511638,0.0,1.119074238120541,1.0,-0.6007798455372143,0.0,0.0,0
0.6527524870232839,1.0,1.2414233136844082,1.0,1.6759395490977524,0.0,0.0,0
-0.5699263188100164,0.0,0.8864192129314195,2.0,0.11514168285385921,0.0,1.0,0
-1.1144807449374527,1.0,-0.09968876629492675,2.0,-0.7297346549989604,1.0,0.0,1
1.1048354068271933,0.0,0.10487121742151606,1.0,0.3641578666420587,1.0,0.0,0
0.1492965081507485,0.0,0.5712639394274327,1.0,-0.5296323644548716,1.0,0.0,0
-0.7445947196433451,0.0,-1.1991617531888707,2.0,-0.24948915769314714,1.0,0.0,0
0.8685193351115135,0.0,-1.1991617531888707,1.0,1.2446079450360497,0.0,0.0,1
-1.0836569094962771,0.0,0.6269138037024367,1.0,-0.5162922117519323,0.0,1.0,1
0.8890685587389638,1.0,0.19795209126284713,2.0,0.1106949652862128,1.0,0.0,0
-1.4329937111629345,0.0,-0.1079476484783201,1.0,-1.1343859536547847,1.0,0.0,1
2.050099693689913,1.0,-0.3805593850585879,1.0,-0.11608763066375458,0.0,1.0,0
0.8787939469252386,1.0,0.4592245022992605,1.0,0.26633008015383747,0.0,1.0,1
-0.6521232133198182,0.0,-1.1991617531888707,2.0,-1.2855743509547628,1.0,0.0,0
0.06709961364094677,0.0,-1.1991617531888707,2.0,1.449156953147785,0.0,0.0,0
0.991814676876216,0.0,2.0390324810600995,1.0,0.7065551193508329,1.0,0.0,1
0.26231723810172586,1.0,0.667334768007042,1.0,1.1067597004390106,0.0,0.0,0
-1.4638175466041101,0.0,-1.1991617531888707,1.0,0.24409649231560537,0.0,0.0,0
-0.7240454960158946,0.0,0.9757795201961043,2.0,0.515346263942037,0.0,1.0,0
-1.8645274073393934,0.0,-1.1991617531888707,2.0,0.40862504231852287,0.0,0.0,0
0.8582447232977882,0.0,0.8764306734513377,1.0,0.9955917612478502,1.0,0.0,1
-0.17949106988845837,1.0,0.475661353559439,1.0,0.7243419896214186,0.0,1.0,0
-0.693221660574719,0.0,0.50913097233241,1.0,-1.3433816793341662,0.0,1.0,0
-0.1383926226335575,1.0,0.5515363026479971,1.0,-0.8453493117577673,0.0,1.0,1
-0.5802009306237417,0.0,-1.1991617531888707,2.0,-1.3478283969018128,1.0,0.0,0
1.4747214321213011,0.0,-1.1991617531888707,2.0,-0.31174320364019703,0.0,0.0,0
-0.3644340825355122,0.0,-1.1991617531888707,2.0,1.5203044342301277,1.0,0.0,0
-1.5151906056727362,0.0,-1.1991617531888707,2.0,1.4269233653095528,1.0,0.0,0
-2.7481440233197616,1.0,0.3298596060655546,1.0,0.012867178797991577,0.0,0.0,1
0.22121879084682497,1.0,2.1485551535113228,2.0,0.6042806152949654,0.0,0.0,1
-1.4740921584178353,0.0,0.13412298117564828,1.0,0.37749801934499794,1.0,0.0,0
-0.1281180108198323,0.0,0.9314121667392099,1.0,-1.116599083384199,1.0,0.0,0
0.70412554609191,1.0,-1.1991617531888707,1.0,-0.16500152390786518,0.0,0.0,0
-1.0528330740551015,0.0,-1.1991617531888707,1.0,1.4224766477419064,0.0,0.0,0
0.4575348625625049,1.0,0.4939362250342287,1.0,-1.2544473279812378,1.0,0.0,0
1.2178561367781706,1.0,-1.1991617531888707,2.0,0.2707767977214839,1.0,0.0,0
1.371975313984049,1.0,0.5412207593110309,2.0,1.6848329842330452,0.0,0.0,0
0.8068716642291621,0.0,-1.1991617531888707,2.0,0.8933172571919825,1.0,0.0,0
0.42671102712132924,1.0,-1.1991617531888707,2.0,0.7154485544861258,1.0,0.0,0
-0.08701956356493143,0.0,0.7269310214343345,1.0,0.155162140962677,0.0,1.0,1
1.6904882802095305,0.0,0.5687538776113862,2.0,0.07512122474504145,0.0,1.0,0
0.5808302043272074,1.0,0.3718329210367851,1.0,-1.3478283969018128,0.0,1.0,1
0.41643641530760406,0.0,1.1852242935911808,1.0,-0.19612854688139011,1.0,0.0,0
1.6493898329546297,1.0,0.7696494711092223,2.0,-0.022706561743179775,1.0,0.0,0
-1.124755356751178,0.0,-1.1991617531888707,2.0,1.395796342336028,1.0,0.0,0
-0.6521232133198182,1.0,0.8028398040112573,2.0,0.7021084017831866,0.0,1.0,0
-0.6007501542511922,1.0,-1.1991617531888707,2.0,-1.3389349617665198,1.0,0.0,0
1.1048354068271933,1.0,0.7972684498658997,1.0,0.6265142031331974,1.0,0.0,1
-0.210314905329634,0.0,-1.1991617531888707,2.0,-1.4767832063635589,0.0,0.0,0
-2.316610327143303,0.0,1.4624581315394765,2.0,-0.8320091590548281,0.0,1.0,0
0.8171462760428874,1.0,-1.1991617531888707,1.0,-0.45403816580488243,1.0,0.0,1
1.1767576895232699,0.0,0.26645325499098976,1.0,1.0533990896272536,1.0,0.0,0
-0.2205895171433592,0.0,-1.1991617531888707,2.0,-1.0810253428430274,1.0,0.0,0
2.050099693689913,0.0,0.998646489756787,1.0,0.9244442801655075,0.0,1.0,0
-0.066470339937481,0.0,1.2754771984993774,1.0,0.484219240968512,1.0,0.0,0
0.12874728452329806,0.0,0.2411360705866037,1.0,1.7293001599095095,0.0,1.0,0
-1.2788745339570562,0.0,-1.1991617531888707,1.0,-1.5034635117694373,0.0,0.0,0
-1.361071428466858,0.0,0.6142163508662019,1.0,0.568706874753794,0.0,1.0,1
0.6733017106507344,1.0,0.2043916254870002,1.0,0.23964977474795895,1.0,0.0,0
-1.412444487535484,0.0,-0.23338913679711715,1.0,-0.6852674793224962,0.0,1.0,0
-1.124755356751178,0.0,0.7885098853614204,2.0,0.3730513017773515,1.0,0.0,0
2.050099693689913,0.0,1.511228945425437,1.0,1.5958986328801168,1.0,0.0,1
-0.6829470487609939,0.0,0.21021816712243027,2.0,1.226821074765464,0.0,1.0,0
-0.33361024709433656,0.0,-0.5974556650821634,1.0,0.039547484203870095,0.0,1.0,0
-0.25141335258453484,1.0,-1.1991617531888707,2.0,-0.009366409040240518,1.0,0.0,0
-1.0425584622413764,0.0,-1.1991617531888707,2.0,-0.7964354185136567,1.0,0.0,0
-0.025371892682580152,1.0,-1.1991617531888707,2.0,1.6759395490977524,0.0,0.0,0
-0.05619572812375579,0.0,-1.1991617531888707,2.0,-1.4189758779841555,1.0,0.0,0
-0.8473408377805972,1.0,1.2523395610317756,1.0,-1.6101847333929513,0.0,0.0,1
-0.2000402935159088,0.0,1.0078771271791116,2.0,0.1818424463685555,0.0,1.0,1
-1.2069522512609798,0.0,-0.07623274293445838,2.0,1.640365808556581,0.0,1.0,0
-0.6315739896923678,1.0,1.0407996648289004,2.0,-1.6457584739341227,0.0,1.0,0
2.050099693689913,0.0,1.2581212573359302,2.0,1.5069642815271884,1.0,0.0,0
-0.1383926226335575,0.0,-1.1991617531888707,1.0,-0.5118454941842859,1.0,0.0,0
0.1595711199644737,1.0,0.5413841814435101,1.0,-0.2850628982343185,0.0,1.0,1
1.135659242268369,0.0,0.9191045969788024,1.0,0.19073588150384835,0.0,0.0,0
-0.6212993778786425,1.0,-1.1991617531888707,2.0,0.5197929815096833,1.0,0.0,1
-1.2583253103296057,1.0,1.5173199308826621,2.0,1.4847306936889564,0.0,1.0,0
-0.4466309770453139,0.0,0.7775374616560128,1.0,1.1245465707095963,1.0,0.0,0
0.8068716642291621,0.0,0.5200730735718301,2.0,-0.6674806090519105,0.0,0.0,0
1.3514260903565984,0.0,-1.1991617531888707,1.0,0.5998338977273189,0.0,0.0,1
-0.09729417537865664,0.0,1.1339700697408575,2.0,-1.330041526631227,1.0,0.0,1
-0.025371892682580152,1.0,-1.1991617531888707,2.0,-1.2989145036577021,0.0,0.0,1
-1.8748020191531185,1.0,0.9976126532585451,1.0,1.4358168004448457,1.0,0.0,0
-0.4774548124864896,1.0,-1.1991617531888707,2.0,-0.8853697698665851,0.0,0.0,0
-1.5768382765550875,0.0,0.7358909909497402,1.0,-0.049386867149058294,0.0,0.0,0
-0.31306102346688613,0.0,-1.1991617531888707,2.0,1.4536036707154314,1.0,0.0,0
0.03627577819977113,1.0,0.3484804728364525,1.0,-1.1744064117636024,1.0,0.0,0
-0.066470339937481,0.0,-1.1991617531888707,2.0,1.640365808556581,0.0,0.0,0
1.5466437148173775,0.0,1.0662084549989534,1.0,0.35971114907441226,0.0,0.0,0
-0.4466309770453139,0.0,1.1033040023363052,2.0,0.8488500815155183,0.0,1.0,0
1.2589545840330716,0.0,0.6552589257235475,2.0,-1.161066259060663,0.0,1.0,0
-0.17949106988845837,0.0,0.26752890457390893,2.0,1.364669319362503,1.0,0.0,0
0.09792344908212242,0.0,-0.26329187601841975,1.0,0.928890997733154,0.0,1.0,0
-1.032283850427651,0.0,-1.1991617531888707,1.0,-0.4006775549931254,1.0,0.0,0
0.03627577819977113,0.0,-1.1991617531888707,1.0,0.5064528288067441,1.0,0.0,1
-1.371346040280583,0.0,-1.1991617531888707,2.0,-0.29395633336961136,1.0,0.0,0
-0.40553252979041304,0.0,-1.1991617531888707,2.0,-1.3611685496047519,1.0,0.0,0
-0.045921116310030576,1.0,1.1113030688637648,2.0,-1.6012912982576586,0.0,1.0,0
1.8343328456016836,0.0,-1.1991617531888707,2.0,-1.2188735874400665,0.0,0.0,0
2.050099693689913,1.0,0.6840909627116446,1.0,0.7821493180008221,1.0,0.0,0
-0.1281180108198323,1.0,1.0085217189692317,1.0,1.2757349680095746,1.0,0.0,0
0.06709961364094677,0.0,0.02163732502168329,1.0,0.5108995463743905,1.0,0.0,0
2.050099693689913,0.0,-1.1991617531888707,2.0,-1.6235248860958906,1.0,0.0,0
0.6630270988370092,0.0,1.0511717037077588,1.0,0.3019038206950088,1.0,0.0,0
2.050099693689913,0.0,0.6003224373588775,2.0,1.0489523720596072,0.0,1.0,0
0.4678094743762301,0.0,1.4044092814290954,1.0,-0.40957099012841824,1.0,0.0,0
1.1767576895232699,1.0,0.9829308344113287,2.0,0.6932149666478937,0.0,1.0,0
-0.16921645807473315,0.0,0.44619669417569024,1.0,-0.3295300739107827,0.0,1.0,0
2.0295504700624627,0.0,0.7166872944641806,2.0,0.16850229366561625,0.0,0.0,0
-0.549377095182566,1.0,0.21133100162416574,1.0,-1.054345037437149,1.0,0.0,1
0.04655039001349635,1.0,-1.1991617531888707,2.0,0.5509200044832083,0.0,0.0,0
1.2178561367781706,0.0,-1.1991617531888707,1.0,1.088972830168425,0.0,0.0,0
-0.9192631204766737,1.0,1.781839239658614,2.0,1.5914519153124704,1.0,0.0,0
-1.412444487535484,0.0,-1.1991617531888707,2.0,-0.31174320364019703,1.0,0.0,0
0.5705555925134822,1.0,0.6024700659104123,1.0,0.537579851780269,0.0,1.0,0
0.2520426262880006,0.0,-1.1991617531888707,1.0,-0.8275624414871816,1.0,0.0,1
0.5808302043272074,1.0,0.5504196379400318,1.0,-1.0899187779783204,0.0,1.0,0
0.5602809806997571,0.0,1.1057918808746028,2.0,-1.107705648248906,1.0,0.0,0
1.1048354068271933,1.0,-1.1991617531888707,2.0,1.0089319139507895,0.0,0.0,0
-0.025371892682580152,1.0,0.7260502335933654,1.0,-0.8053288536489496,1.0,0.0,1
1.3617007021703238,0.0,-1.1991617531888707,2.0,-0.9965377090577455,1.0,0.0,0
-1.2480506985158806,1.0,-1.1991617531888707,2.0,-0.5785462576989822,1.0,0.0,0
-0.3849833061629626,1.0,1.1510226266525048,1.0,0.2796702328567767,0.0,1.0,1
1.2589545840330716,0.0,-1.1991617531888707,2.0,0.2707767977214839,1.0,0.0,0
-0.5904755424374669,1.0,0.867544435405859,1.0,-1.1966399996018344,0.0,1.0,0
0.5705555925134822,0.0,0.21080785928992082,2.0,0.155162140962677,0.0,1.0,0
1.0123639005036664,1.0,-1.1991617531888707,3.0,-0.1427679360696331,1.0,0.0,0
1.3206022549154228,1.0,-1.1991617531888707,2.0,-0.33842350904607554,1.0,0.0,0
1.8446074574154088,1.0,0.040893686842905445,1.0,0.28856366799206956,0.0,1.0,0
-0.7548693314570704,0.0,-1.1991617531888707,1.0,-0.27172274553137926,1.0,0.0,0
-0.8884392850354981,1.0,-1.1991617531888707,2.0,-0.449591448237236,0.0,0.0,0
-0.004822669055129724,1.0,1.4497838195325479,2.0,-1.3344882441988735,0.0,1.0,0
-0.5082786479276652,0.0,-1.1991617531888707,2.0,-1.27668091581947,1.0,0.0,0
-0.10756878719238186,1.0,0.31301148641143217,1.0,-0.3695505320196005,0.0,1.0,1
1.8240582337879583,1.0,1.1045773863158468,1.0,-0.013813126607886937,0.0,1.0,0
-0.693221660574719,0.0,0.4910351629988717,2.0,-1.5079102293370839,0.0,1.0,0
0.8274208878566126,1.0,-1.1991617531888707,2.0,-1.4901233590664982,0.0,0.0,0
1.1973069131507204,0.0,-1.1991617531888707,1.0,-0.6052265631048607,1.0,0.0,0
1.526094491189927,0.0,-1.1991617531888707,2.0,0.7732558828655293,0.0,0.0,0
1.5774675502585531,1.0,0.7829256042700364,1.0,-1.4901233590664982,0.0,0.0,0
-0.16921645807473315,0.0,2.1952997883016243,1.0,-1.2411071752782987,0.0,1.0,0
0.4678094743762301,0.0,1.031631108665887,1.0,-0.6630338914842642,1.0,0.0,1
-1.217226863074705,0.0,-1.1991617531888707,2.0,0.5331331342126227,1.0,0.0,0
-1.268599922143331,1.0,0.77663385216959,2.0,0.8844238220566897,0.0,1.0,0
1.1151100186409186,0.0,0.48325920598430816,1.0,-0.7608616779724854,1.0,0.0,0
-0.2616879643982601,0.0,-1.1991617531888707,1.0,-0.38289068472253973,1.0,0.0,0
0.5397317570723066,0.0,1.2375739564232784,1.0,1.7248534423418629,0.0,0.0,0
0.33423952079780234,0.0,1.1143142493282336,1.0,-0.1427679360696331,0.0,1.0,0
-0.6623978251335434,0.0,-0.013237181478058975,1.0,-1.5923978631223656,0.0,1.0,0
0.0876488372683972,0.0,0.49665615023329296,2.0,-1.3789554198753375,0.0,1.0,0
2.050099693689913,0.0,-1.1991617531888707,1.0,1.0000384788154966,1.0,0.0,0
0.005451942758595491,0.0,0.24283301153841091,2.0,-0.13387450093434025,0.0,1.0,0
-0.2616879643982601,1.0,0.9759959268480981,1.0,1.0089319139507895,1.0,0.0,1
-1.556289052927637,1.0,1.1636209729025386,1.0,0.2485432098832518,0.0,1.0,0
0.7349493815330856,0.0,-1.1991617531888707,2.0,-0.3695505320196005,1.0,0.0,0
-0.025371892682580152,0.0,1.48792772623343,1.0,1.2312677923331103,1.0,0.0,0
0.5911048161409327,1.0,-1.1991617531888707,1.0,-1.5568241225811943,0.0,0.0,0
-1.7823305128295917,1.0,0.8960641509942865,1.0,-1.2500006104135915,1.0,0.0,0
2.050099693689913,0.0,-1.1991617531888707,2.0,-1.0587917550047954,1.0,0.0,0
0.8582447232977882,0.0,-1.1991617531888707,2.0,-1.2677874806841771,1.0,0.0,0
-0.03564650449630537,1.0,1.4583411386180272,2.0,-0.4406980131019432,0.0,1.0,0
1.2178561367781706,0.0,1.1224438620513653,1.0,-1.0143245793283313,1.0,0.0,0
-0.09729417537865664,0.0,1.2476400575795175,1.0,0.2707767977214839,0.0,0.0,0
0.12874728452329806,1.0,0.03374173425997619,1.0,1.502517563959542,0.0,1.0,1
1.1973069131507204,1.0,1.2347627446423999,1.0,0.75991573016259,1.0,0.0,0
0.5397317570723066,1.0,-1.1991617531888707,2.0,-0.17834167661080444,1.0,0.0,0
0.7760478287879865,1.0,0.6317095410862236,2.0,0.9111041274625682,1.0,0.0,0
1.3000530312879723,1.0,0.9484907371348363,1.0,-0.2806161806666721,1.0,0.0,0
-0.6623978251335434,1.0,-1.1991617531888707,2.0,-0.5563126698607501,1.0,0.0,0
-1.4329937111629345,1.0,-1.1991617531888707,2.0,-1.5923978631223656,1.0,0.0,0
1.0226385123173916,1.0,0.709013795466269,1.0,1.386902907200735,0.0,0.0,0
-0.8165170023394216,0.0,-1.1991617531888707,1.0,0.33303084366853375,1.0,0.0,0
-2.42963105709428,0.0,-1.1991617531888707,1.0,-1.5479306874459016,1.0,0.0,1
-0.16921645807473315,1.0,-0.11052154706486632,1.0,1.35577588422721,1.0,0.0,0
2.050099693689913,0.0,-1.1991617531888707,2.0,-0.9342836631106957,1.0,0.0,0
0.2931410735429015,1.0,0.6958765072812918,2.0,-1.659098626637062,1.0,0.0,0
-0.9500869559178494,0.0,0.604241695883704,1.0,0.7910427531361149,1.0,0.0,0
-0.2000402935159088,1.0,0.998223092376448,1.0,-0.48071847121076094,1.0,0.0,0
-0.066470339937481,0.0,0.2879667254251535,1.0,0.04844091933916293,1.0,0.0,0
-0.015097280868854937,1.0,0.6504724446714831,1.0,-0.31174320364019703,0.0,1.0,0
-0.6623978251335434,1.0,-1.1991617531888707,2.0,-1.57461099285178,1.0,0.0,0
1.228130748591896,0.0,1.0598182346800114,2.0,1.2623948153066353,0.0,1.0,0
1.2075815249644455,0.0,0.5293482371415782,1.0,-1.1566195414930167,0.0,1.0,1
-1.4227190993492091,1.0,0.7890454758659124,1.0,-0.7919887009460103,0.0,0.0,0
1.4747214321213011,0.0,-1.1991617531888707,2.0,1.4580503882830778,1.0,0.0,0
