Partner,tenure,MonthlyCharges,InternetService_DSL,InternetService_Fiber optic,Contract_Month-to-month,Contract_One year,PaymentMethod_Bank transfer (automatic),PaymentMethod_Electronic check,OnlineSecurity_No,OnlineSecurity_Yes,StreamingTV_No,StreamingTV_Yes,Churn
0.0,0.32080472019534106,0.9297626394769459,0.0,1.0,0.0,1.0,0.0,0.0,1.0,0.0,0.0,1.0,0
1.0,0.6598422334322744,-0.22654292301604043,1.0,0.0,0.0,1.0,0.0,1.0,0.0,1.0,0.0,1.0,1
1.0,0.7446016117415077,-1.5428508243989265,0.0,0.0,0.0,0.0,0.0,0.0,0.0,0.0,0.0,0.0,0
1.0,0.23604534188610776,-1.5016131081901896,0.0,0.0,0.0,0.0,0.0,0.0,0.0,0.0,0.0,0.0,0
1.0,1.1683985032876745,0.7664612832903477,1.0,0.0,0.0,0.0,0.0,0.0,0.0,1.0,0.0,1.0,0
1.0,1.5498157056792243,1.6159582371903305,0.0,1.0,0.0,0.0,1.0,0.0,0.0,1.0,0.0,1.0,0
0.0,-1.2896234676800922,-0.48881479810360784,1.0,0.0,1.0,0.0,0.0,1.0,1.0,0.0,1.0,0.0,0
1.0,-1.1624844002162422,-1.5148091773769854,0.0,0.0,1.0,0.0,0.0,0.0,0.0,0.0,0.0,0.0,0
0.0,-1.4167625351439423,-1.5098606514319368,0.0,0.0,1.0,0.0,0.0,0.0,0.0,0.0,0.0,0.0,0
1.0,0.9565000575145911,-0.35190558029060093,1.0,0.0,0.0,0.0,0.0,0.0,1.0,0.0,0.0,1.0,0
1.0,1.2107781924422911,0.3276919828293852,1.0,0.0,0.0,0.0,1.0,0.0,1.0,0.0,0.0,1.0,0
0.0,-1.1624844002162422,0.274907706082202,0.0,1.0,1.0,0.0,0.0,1.0,1.0,0.0,1.0,0.0,1
0.0,0.024146896113024417,-0.3420085284005041,1.0,0.0,0.0,1.0,0.0,1.0,1.0,0.0,1.0,0.0,0
0.0,0.32080472019534106,-0.5646921959276842,1.0,0.0,1.0,0.0,1.0,0.0,1.0,0.0,0.0,1.0,1
0.0,1.0412594358238245,0.7714098092353958,0.0,1.0,0.0,0.0,0.0,1.0,1.0,0.0,0.0,1.0,0
0.0,0.10890627442225775,1.0914144870151954,0.0,1.0,1.0,0.0,1.0,0.0,1.0,0.0,0.0,1.0,1
1.0,0.4055640985045744,0.6575937124992816,0.0,1.0,1.0,0.0,0.0,1.0,1.0,0.0,1.0,0.0,0
1.0,-1.0353453327523923,0.4728487438841398,0.0,1.0,1.0,0.0,1.0,0.0,1.0,0.0,1.0,0.0,1
1.0,-0.7810671978246922,-1.006760513685345,1.0,0.0,1.0,0.0,0.0,0.0,1.0,0.0,1.0,0.0,0
1.0,-0.01823279304159225,-1.5214072119703834,0.0,0.0,0.0,1.0,1.0,0.0,0.0,0.0,0.0,0.0,0
1.0,-1.2472437785254755,-0.5218049710705974,1.0,0.0,1.0,0.0,0.0,1.0,1.0,0.0,1.0,0.0,0
1.0,1.337917259906141,-0.19025373275235177,1.0,0.0,0.0,0.0,1.0,0.0,0.0,1.0,1.0,0.0,0
0.0,-0.9929656435977756,0.6031599271037489,0.0,1.0,1.0,0.0,0.0,1.0,1.0,0.0,0.0,1.0,1
0.0,-1.3743828459893257,-0.5366505489057429,1.0,0.0,1.0,0.0,0.0,0.0,1.0,0.0,1.0,0.0,1
1.0,1.5498157056792243,0.650995677905884,1.0,0.0,0.0,0.0,0.0,0.0,0.0,1.0,0.0,1.0,0
1.0,-0.06061248219620892,0.5899638579169528,0.0,1.0,1.0,0.0,0.0,0.0,1.0,0.0,0.0,1.0,0
0.0,-0.8234468869793089,0.971000355685683,0.0,1.0,1.0,0.0,0.0,0.0,1.0,0.0,1.0,0.0,1
1.0,0.1512859635768744,1.1161571167404376,0.0,1.0,0.0,1.0,0.0,1.0,1.0,0.0,0.0,1.0,0
0.0,-1.2048640893708589,-1.5148091773769854,0.0,0.0,0.0,1.0,0.0,0.0,0.0,0.0,0.0,0.0,0
1.0,-0.3148906171239089,1.2745099469819876,0.0,1.0,1.0,0.0,0.0,1.0,1.0,0.0,0.0,1.0,1
1.0,1.5498157056792243,-1.325115682816795,0.0,0.0,0.0,0.0,0.0,0.0,0.0,0.0,0.0,0.0,0
0.0,1.5498157056792243,1.381728009124704,0.0,1.0,0.0,0.0,0.0,0.0,1.0,0.0,0.0,1.0,0
0.0,-1.332003156834709,-1.3498583125420371,0.0,0.0,1.0,0.0,0.0,0.0,0.0,0.0,0.0,0.0,0
0.0,0.9141203683599745,-0.42283445216962856,1.0,0.0,0.0,0.0,0.0,0.0,1.0,0.0,0.0,1.0,0
1.0,0.10890627442225775,1.1540958156524759,0.0,1.0,1.0,0.0,0.0,1.0,1.0,0.0,0.0,1.0,0
0.0,1.2955375707515244,-0.12097436952167351,1.0,0.0,0.0,0.0,1.0,0.0,0.0,1.0,0.0,1.0,0
0.0,-0.7810671978246922,-0.5234544797189471,1.0,0.0,1.0,0.0,0.0,0.0,0.0,1.0,1.0,0.0,0
0.0,1.337917259906141,0.867081310839666,0.0,1.0,0.0,0.0,1.0,0.0,0.0,1.0,0.0,1.0,0
0.0,0.06652658526764109,-0.050045497642645626,1.0,0.0,0.0,1.0,1.0,0.0,0.0,1.0,0.0,1.0,0
0.0,-1.1201047110616256,0.2864542666206482,0.0,1.0,1.0,0.0,0.0,1.0,0.0,1.0,1.0,0.0,0
1.0,0.32080472019534106,0.4167654498402573,1.0,0.0,0.0,0.0,0.0,1.0,0.0,1.0,0.0,1.0,0
1.0,1.337917259906141,1.3487378361577143,0.0,1.0,0.0,1.0,0.0,0.0,0.0,1.0,0.0,1.0,0
1.0,1.5498157056792243,-0.10118026574147969,1.0,0.0,0.0,0.0,1.0,0.0,0.0,1.0,0.0,1.0,0
0.0,-1.4167625351439423,-1.3811989768606774,1.0,0.0,1.0,0.0,0.0,0.0,1.0,0.0,1.0,0.0,0
0.0,0.2784250310407244,-0.5481971094441893,1.0,0.0,1.0,0.0,0.0,1.0,1.0,0.0,1.0,0.0,0
1.0,0.6598422334322744,-1.524706229267082,0.0,0.0,0.0,0.0,0.0,0.0,0.0,0.0,0.0,0.0,0
0.0,-1.077725021907009,0.7697603005870465,0.0,1.0,1.0,0.0,0.0,1.0,1.0,0.0,0.0,1.0,1
0.0,-0.9929656435977756,0.6081084530487971,0.0,1.0,1.0,0.0,0.0,1.0,1.0,0.0,1.0,0.0,0
1.0,0.7022219225868911,1.2629633864435414,0.0,1.0,0.0,1.0,1.0,0.0,0.0,1.0,0.0,1.0,0
1.0,-1.4167625351439423,0.8340911378726763,0.0,1.0,1.0,0.0,0.0,1.0,1.0,0.0,0.0,1.0,0
0.0,-0.3996499954331423,1.0617233313449044,0.0,1.0,1.0,0.0,0.0,1.0,1.0,0.0,0.0,1.0,1
1.0,-1.1624844002162422,-0.058293040884393035,1.0,0.0,1.0,0.0,0.0,0.0,1.0,0.0,1.0,0.0,0
1.0,-0.6115484412062256,-0.6999519050923414,1.0,0.0,1.0,0.0,0.0,1.0,1.0,0.0,1.0,0.0,0
0.0,-0.6115484412062256,-1.5362527898055285,0.0,0.0,0.0,0.0,0.0,0.0,0.0,0.0,0.0,0.0,0
0.0,-0.3996499954331423,0.9792478989274304,0.0,1.0,0.0,1.0,1.0,0.0,0.0,1.0,1.0,0.0,0
1.0,1.0412594358238245,0.3557336298513267,1.0,0.0,0.0,0.0,1.0,0.0,1.0,0.0,0.0,1.0,0
1.0,-0.2301312388146756,0.6213045222355931,0.0,1.0,1.0,0.0,0.0,1.0,1.0,0.0,1.0,0.0,1
1.0,1.3802969490607577,0.6691402730377282,0.0,1.0,0.0,1.0,0.0,0.0,1.0,0.0,1.0,0.0,0
1.0,1.4226766382153744,-0.06654058412614045,1.0,0.0,0.0,0.0,0.0,0.0,0.0,1.0,1.0,0.0,0
0.0,1.5074360165246077,1.3107991372456764,0.0,1.0,0.0,1.0,0.0,1.0,1.0,0.0,0.0,1.0,0
0.0,-0.8234468869793089,-0.5514961267408881,1.0,0.0,1.0,0.0,0.0,0.0,1.0,0.0,1.0,0.0,0
1.0,-0.8658265761339256,1.2299732134765518,0.0,1.0,1.0,0.0,0.0,1.0,1.0,0.0,0.0,1.0,0
0.0,0.36318440934995777,1.1343017118722818,0.0,1.0,1.0,0.0,0.0,1.0,1.0,0.0,0.0,1.0,1
1.0,0.024146896113024417,-0.39809182244438635,1.0,0.0,0.0,1.0,0.0,0.0,1.0,0.0,1.0,0.0,0
0.0,-1.3743828459893257,-0.030251393862452035,1.0,0.0,1.0,0.0,0.0,0.0,1.0,0.0,0.0,1.0,0
1.0,0.32080472019534106,0.8703803281363647,0.0,1.0,1.0,0.0,1.0,0.0,1.0,0.0,1.0,0.0,0
0.0,-1.077725021907009,-1.5049121254868885,0.0,0.0,1.0,0.0,0.0,0.0,0.0,0.0,0.0,0.0,0
1.0,0.6174625442776578,0.2963513185107455,1.0,0.0,0.0,0.0,1.0,0.0,0.0,1.0,1.0,0.0,0
1.0,1.337917259906141,1.1244046599821849,0.0,1.0,0.0,1.0,1.0,0.0,0.0,1.0,1.0,0.0,0
1.0,1.5498157056792243,-0.02200385062070463,1.0,0.0,0.0,0.0,1.0,0.0,0.0,1.0,0.0,1.0,0
0.0,0.9565000575145911,-1.551098367640674,0.0,0.0,0.0,0.0,1.0,0.0,0.0,0.0,0.0,0.0,0
1.0,0.19366565273149108,0.6229540308839425,0.0,1.0,0.0,1.0,0.0,1.0,1.0,0.0,0.0,1.0,0
0.0,1.337917259906141,-1.3383117520035908,0.0,0.0,0.0,0.0,1.0,0.0,0.0,0.0,0.0,0.0,0
1.0,1.5498157056792243,1.3866765350697525,0.0,1.0,0.0,0.0,0.0,1.0,1.0,0.0,0.0,1.0,0
1.0,0.6174625442776578,1.0584243140482057,0.0,1.0,0.0,1.0,0.0,1.0,1.0,0.0,0.0,1.0,0
1.0,0.7869813008961244,-0.2100478365325456,1.0,0.0,0.0,0.0,1.0,0.0,1.0,0.0,1.0,0.0,0
1.0,0.4479437876591911,1.0782184178283993,0.0,1.0,1.0,0.0,0.0,1.0,1.0,0.0,0.0,1.0,0
1.0,1.337917259906141,0.9396596913670432,0.0,1.0,1.0,0.0,0.0,0.0,1.0,0.0,0.0,1.0,0
1.0,-1.2048640893708589,-1.3680029076738813,1.0,0.0,1.0,0.0,0.0,1.0,1.0,0.0,1.0,0.0,0
1.0,1.1683985032876745,0.49594186496103265,0.0,1.0,0.0,1.0,0.0,0.0,1.0,0.0,1.0,0.0,0
0.0,0.9988797466692078,-0.050045497642645626,1.0,0.0,1.0,0.0,0.0,1.0,1.0,0.0,0.0,1.0,0
0.0,-0.01823279304159225,-1.0793388942127222,1.0,0.0,1.0,0.0,0.0,0.0,1.0,0.0,1.0,0.0,0
0.0,0.7869813008961244,-0.6587141888836043,1.0,0.0,0.0,0.0,1.0,0.0,0.0,1.0,1.0,0.0,0
1.0,-1.077725021907009,1.0666718572899532,0.0,1.0,1.0,0.0,0.0,1.0,1.0,0.0,0.0,1.0,1
1.0,-0.7386875086700756,0.5635717195433613,1.0,0.0,1.0,0.0,0.0,1.0,0.0,1.0,0.0,1.0,0
0.0,-1.4167625351439423,0.3375890347194825,1.0,0.0,1.0,0.0,0.0,1.0,1.0,0.0,0.0,1.0,1
1.0,1.3802969490607577,0.8126475254441329,1.0,0.0,0.0,0.0,0.0,0.0,0.0,1.0,0.0,1.0,0
0.0,-0.5691687520516089,-1.513159668728636,0.0,0.0,0.0,1.0,0.0,0.0,0.0,0.0,0.0,0.0,0
0.0,-0.27251092796929227,1.0765689091800499,0.0,1.0,1.0,0.0,0.0,0.0,1.0,0.0,0.0,1.0,0
1.0,-1.1624844002162422,-1.544500333047276,0.0,0.0,1.0,0.0,0.0,0.0,0.0,0.0,0.0,0.0,0
0.0,-1.332003156834709,-0.35190558029060093,1.0,0.0,1.0,0.0,0.0,0.0,1.0,0.0,0.0,1.0,0
1.0,1.2531578815969078,0.2848047579722988,1.0,0.0,0.0,0.0,1.0,0.0,0.0,1.0,0.0,1.0,1
0.0,-1.4167625351439423,0.9132675529934512,0.0,1.0,1.0,0.0,0.0,1.0,1.0,0.0,0.0,1.0,1
0.0,0.6598422334322744,1.0435787362130602,0.0,1.0,1.0,0.0,0.0,1.0,1.0,0.0,0.0,1.0,1
0.0,0.4903234768138078,1.2382207567182992,0.0,1.0,0.0,1.0,0.0,1.0,0.0,1.0,0.0,1.0,0
1.0,0.19366565273149108,0.4184149584886067,0.0,1.0,1.0,0.0,0.0,0.0,1.0,0.0,1.0,0.0,0
0.0,-1.332003156834709,-0.6686112407737014,1.0,0.0,1.0,0.0,0.0,1.0,1.0,0.0,1.0,0.0,0
1.0,0.9565000575145911,1.2976030680588806,0.0,1.0,0.0,1.0,0.0,0.0,0.0,1.0,0.0,1.0,1
0.0,-0.5267890628969922,0.3045988617524929,0.0,1.0,1.0,0.0,1.0,0.0,0.0,1.0,1.0,0.0,0
1.0,0.4055640985045744,0.6064589444004477,0.0,1.0,1.0,0.0,0.0,0.0,0.0,1.0,1.0,0.0,0
1.0,0.9565000575145911,1.1854364799711157,0.0,1.0,1.0,0.0,0.0,0.0,1.0,0.0,0.0,1.0,1
0.0,-1.332003156834709,0.21717490338997017,0.0,1.0,1.0,0.0,0.0,1.0,1.0,0.0,1.0,0.0,0
1.0,-0.18775154966005891,-0.21334685382924437,1.0,0.0,1.0,0.0,1.0,0.0,1.0,0.0,1.0,0.0,0
1.0,1.5074360165246077,1.6126592198936314,0.0,1.0,0.0,0.0,1.0,0.0,0.0,1.0,0.0,1.0,0
0.0,0.9988797466692078,0.5635717195433613,0.0,1.0,1.0,0.0,0.0,1.0,1.0,0.0,1.0,0.0,0
1.0,0.024146896113024417,-1.5230567206187327,0.0,0.0,0.0,1.0,0.0,0.0,0.0,0.0,0.0,0.0,0
0.0,0.9565000575145911,0.4777972698291884,0.0,1.0,1.0,0.0,1.0,0.0,1.0,0.0,1.0,0.0,0
1.0,-1.4167625351439423,-0.6983023964439921,1.0,0.0,1.0,0.0,0.0,1.0,1.0,0.0,1.0,0.0,0
1.0,0.36318440934995777,-0.37169968407079473,1.0,0.0,1.0,0.0,1.0,0.0,1.0,0.0,1.0,0.0,0
1.0,-1.0353453327523923,-1.493365564948442,0.0,0.0,0.0,0.0,0.0,0.0,0.0,0.0,0.0,0.0,0
1.0,0.9141203683599745,-0.22654292301604043,1.0,0.0,0.0,1.0,0.0,0.0,0.0,1.0,1.0,0.0,0
0.0,-1.3743828459893257,-0.3634521408290473,1.0,0.0,1.0,0.0,0.0,0.0,1.0,0.0,0.0,1.0,1
1.0,-0.27251092796929227,0.3012998444557936,0.0,1.0,1.0,0.0,0.0,0.0,1.0,0.0,1.0,0.0,0
0.0,-0.3996499954331423,-1.5016131081901896,0.0,0.0,0.0,1.0,0.0,0.0,0.0,0.0,0.0,0.0,0
1.0,0.7446016117415077,-0.5762387564661303,1.0,0.0,1.0,0.0,1.0,0.0,0.0,1.0,1.0,0.0,0
1.0,-1.3743828459893257,0.2831552493239494,0.0,1.0,1.0,0.0,0.0,0.0,1.0,0.0,1.0,0.0,1
0.0,-1.2896234676800922,-0.3420085284005041,1.0,0.0,1.0,0.0,0.0,0.0,0.0,1.0,1.0,0.0,0
0.0,-0.27251092796929227,0.774708826532095,0.0,1.0,1.0,0.0,0.0,0.0,1.0,0.0,0.0,1.0,0
0.0,-1.077725021907009,0.2831552493239494,0.0,1.0,1.0,0.0,0.0,1.0,1.0,0.0,1.0,0.0,1
1.0,-0.9082062652885423,-1.5329537725088296,0.0,0.0,0.0,0.0,0.0,0.0,0.0,0.0,0.0,0.0,0
1.0,1.2955375707515244,1.2497673172567454,0.0,1.0,0.0,1.0,0.0,1.0,1.0,0.0,0.0,1.0,1
1.0,-1.1624844002162422,-1.5329537725088296,0.0,0.0,0.0,0.0,0.0,0.0,0.0,0.0,0.0,0.0,0
0.0,-0.14537186050544226,-1.5049121254868885,0.0,0.0,0.0,1.0,1.0,0.0,0.0,0.0,0.0,0.0,0
1.0,0.8717406792053578,0.6427481346641366,1.0,0.0,0.0,0.0,1.0,0.0,0.0,1.0,0.0,1.0,0
1.0,-0.3996499954331423,-0.9011919601909781,1.0,0.0,1.0,0.0,0.0,0.0,0.0,1.0,1.0,0.0,0
0.0,0.6598422334322744,0.4893438303676346,0.0,1.0,1.0,0.0,1.0,0.0,1.0,0.0,1.0,0.0,0
0.0,-0.8234468869793089,0.2765572147305514,0.0,1.0,1.0,0.0,0.0,0.0,1.0,0.0,1.0,0.0,0
0.0,-0.9929656435977756,0.23531949852181439,0.0,1.0,1.0,0.0,0.0,0.0,1.0,0.0,1.0,0.0,0
1.0,1.2955375707515244,1.3586348880478112,0.0,1.0,0.0,1.0,1.0,0.0,1.0,0.0,0.0,1.0,0
0.0,-0.18775154966005891,0.40521888930181116,0.0,1.0,1.0,0.0,0.0,1.0,1.0,0.0,1.0,0.0,1
1.0,0.8717406792053578,-0.16056257708206115,1.0,0.0,0.0,0.0,0.0,0.0,0.0,1.0,1.0,0.0,0
0.0,-0.8658265761339256,0.8357406465210258,0.0,1.0,1.0,0.0,0.0,1.0,1.0,0.0,0.0,1.0,0
0.0,0.4479437876591911,-1.1684123612235942,1.0,0.0,0.0,1.0,1.0,0.0,0.0,1.0,1.0,0.0,0
1.0,1.5498157056792243,0.2699591801371534,1.0,0.0,0.0,0.0,0.0,1.0,0.0,1.0,1.0,0.0,0
0.0,-1.1201047110616256,0.2831552493239494,0.0,1.0,1.0,0.0,0.0,1.0,1.0,0.0,1.0,0.0,1
0.0,-0.18775154966005891,0.7829563697738425,0.0,1.0,1.0,0.0,0.0,1.0,1.0,0.0,1.0,0.0,1
1.0,0.19366565273149108,-0.5053098845871027,1.0,0.0,1.0,0.0,0.0,1.0,1.0,0.0,0.0,1.0,0
1.0,1.2955375707515244,-1.3482088038936877,0.0,0.0,0.0,0.0,0.0,0.0,0.0,0.0,0.0,0.0,0
1.0,1.2955375707515244,1.2679119123885896,0.0,1.0,0.0,1.0,0.0,0.0,1.0,0.0,0.0,1.0,0
0.0,-1.1201047110616256,-0.739540112652729,1.0,0.0,1.0,0.0,0.0,1.0,1.0,0.0,1.0,0.0,0
1.0,1.5074360165246077,-0.6306725418616633,1.0,0.0,0.0,0.0,0.0,1.0,1.0,0.0,1.0,0.0,0
0.0,0.23604534188610776,1.0633728399932543,0.0,1.0,1.0,0.0,0.0,1.0,1.0,0.0,0.0,1.0,1
1.0,1.2955375707515244,1.6374018496188736,0.0,1.0,0.0,1.0,1.0,0.0,0.0,1.0,0.0,1.0,0
0.0,-1.2472437785254755,0.7186255324882126,0.0,1.0,1.0,0.0,1.0,0.0,1.0,0.0,1.0,0.0,0
0.0,-1.1201047110616256,0.8126475254441329,0.0,1.0,1.0,0.0,1.0,0.0,1.0,0.0,0.0,1.0,1
1.0,1.2531578815969078,0.15779259204938895,0.0,1.0,0.0,1.0,1.0,0.0,1.0,0.0,1.0,0.0,0
0.0,0.9565000575145911,0.1627411179944371,1.0,0.0,0.0,1.0,0.0,0.0,0.0,1.0,1.0,0.0,0
1.0,-0.06061248219620892,-0.8451086661470959,1.0,0.0,0.0,0.0,0.0,1.0,1.0,0.0,0.0,1.0,0
1.0,0.7022219225868911,0.08521421152201167,1.0,0.0,0.0,1.0,0.0,1.0,1.0,0.0,0.0,1.0,0
0.0,-1.1624844002162422,-1.4950150735967915,0.0,0.0,0.0,0.0,0.0,0.0,0.0,0.0,0.0,0.0,0
0.0,-0.8658265761339256,0.26501065419210523,0.0,1.0,1.0,0.0,0.0,0.0,1.0,0.0,1.0,0.0,1
0.0,-1.4167625351439423,0.21222637744492154,0.0,1.0,1.0,0.0,0.0,0.0,1.0,0.0,1.0,0.0,0
0.0,0.7022219225868911,-0.27107965652147625,1.0,0.0,0.0,1.0,0.0,0.0,0.0,1.0,1.0,0.0,0
1.0,-1.3743828459893257,-0.6620132061803033,1.0,0.0,1.0,0.0,0.0,0.0,1.0,0.0,1.0,0.0,0
0.0,-1.2472437785254755,0.2534640936536586,0.0,1.0,1.0,0.0,0.0,0.0,1.0,0.0,1.0,0.0,0
0.0,0.5327031659684244,0.5701697541367593,1.0,0.0,0.0,1.0,0.0,0.0,0.0,1.0,0.0,1.0,0
0.0,-1.2472437785254755,0.761512757345299,0.0,1.0,1.0,0.0,0.0,1.0,1.0,0.0,1.0,0.0,0
0.0,1.2955375707515244,-0.16551110302710956,1.0,0.0,0.0,0.0,1.0,0.0,0.0,1.0,1.0,0.0,0
0.0,0.23604534188610776,1.1046105562019914,0.0,1.0,0.0,0.0,0.0,0.0,1.0,0.0,0.0,1.0,0
1.0,0.5327031659684244,1.6918356350144066,0.0,1.0,1.0,0.0,0.0,1.0,0.0,1.0,0.0,1.0,1
0.0,-0.01823279304159225,0.6312015741256899,0.0,1.0,1.0,0.0,0.0,0.0,1.0,0.0,1.0,0.0,1
0.0,-1.2896234676800922,0.9462577259604408,0.0,1.0,1.0,0.0,1.0,0.0,1.0,0.0,0.0,1.0,1
1.0,0.06652658526764109,-1.544500333047276,0.0,0.0,1.0,0.0,0.0,1.0,0.0,0.0,0.0,0.0,0
0.0,-1.2896234676800922,0.8687308194880153,0.0,1.0,1.0,0.0,0.0,1.0,1.0,0.0,0.0,1.0,1
0.0,0.06652658526764109,-0.9737703407183554,1.0,0.0,1.0,0.0,0.0,1.0,1.0,0.0,1.0,0.0,0
0.0,-0.5691687520516089,0.754914722751901,0.0,1.0,1.0,0.0,0.0,1.0,0.0,1.0,1.0,0.0,0
1.0,1.3802969490607577,0.31779493093928846,1.0,0.0,0.0,1.0,1.0,0.0,1.0,0.0,1.0,0.0,1
1.0,1.465056327369991,0.2848047579722988,1.0,0.0,0.0,0.0,0.0,0.0,0.0,1.0,1.0,0.0,0
0.0,-0.950585954443159,0.27985623202725063,0.0,1.0,0.0,1.0,0.0,0.0,1.0,0.0,1.0,0.0,0
1.0,-1.1201047110616256,-1.5313042638604801,0.0,0.0,0.0,0.0,0.0,0.0,0.0,0.0,0.0,0.0,0
0.0,-1.0353453327523923,0.7598632486969497,0.0,1.0,1.0,0.0,0.0,1.0,1.0,0.0,0.0,1.0,0
1.0,-0.6539281303608423,0.8126475254441329,0.0,1.0,1.0,0.0,0.0,1.0,1.0,0.0,0.0,1.0,1
1.0,-0.4844093737423756,0.40356938065346176,1.0,0.0,0.0,1.0,0.0,1.0,0.0,1.0,0.0,1.0,0
0.0,-0.7810671978246922,-1.5214072119703834,0.0,0.0,0.0,1.0,0.0,0.0,0.0,0.0,0.0,0.0,0
1.0,-1.2472437785254755,0.5998609098070496,0.0,1.0,1.0,0.0,0.0,1.0,1.0,0.0,1.0,0.0,1
1.0,1.5074360165246077,-1.3762504509156288,0.0,0.0,0.0,0.0,1.0,0.0,0.0,0.0,0.0,0.0,0
1.0,1.1260188141330578,0.94955674325714,0.0,1.0,0.0,1.0,0.0,0.0,0.0,1.0,0.0,1.0,0
0.0,-1.3743828459893257,1.1474977810590778,0.0,1.0,1.0,0.0,0.0,1.0,1.0,0.0,0.0,1.0,1
0.0,0.4479437876591911,0.9858459335208284,0.0,1.0,1.0,0.0,1.0,0.0,1.0,0.0,0.0,1.0,1
0.0,0.23604534188610776,-0.48881479810360784,1.0,0.0,0.0,1.0,0.0,1.0,1.0,0.0,0.0,1.0,0
1.0,1.465056327369991,-1.5115101600802863,0.0,0.0,0.0,0.0,0.0,0.0,0.0,0.0,0.0,0.0,0
0.0,-0.950585954443159,-1.1387212055533036,1.0,0.0,1.0,0.0,0.0,1.0,1.0,0.0,1.0,0.0,0
1.0,-0.7810671978246922,0.9314121481252958,0.0,1.0,1.0,0.0,0.0,1.0,0.0,1.0,0.0,1.0,1
1.0,0.19366565273149108,0.936360674070344,0.0,1.0,1.0,0.0,0.0,0.0,1.0,0.0,0.0,1.0,1
0.0,0.23604534188610776,0.1330499623241467,1.0,0.0,0.0,1.0,0.0,0.0,0.0,1.0,0.0,1.0,0
1.0,0.2784250310407244,-1.0760398769160233,1.0,0.0,0.0,1.0,0.0,0.0,1.0,0.0,1.0,0.0,1
0.0,-1.4167625351439423,0.2864542666206482,0.0,1.0,1.0,0.0,0.0,0.0,1.0,0.0,1.0,0.0,1
1.0,-0.01823279304159225,0.09346175476375906,1.0,0.0,0.0,1.0,0.0,1.0,1.0,0.0,0.0,1.0,0
1.0,1.4226766382153744,-0.19520225869740018,1.0,0.0,0.0,0.0,1.0,0.0,0.0,1.0,0.0,1.0,0
1.0,1.5498157056792243,-1.3300642087618433,0.0,0.0,0.0,0.0,0.0,0.0,0.0,0.0,0.0,0.0,0
0.0,-1.4167625351439423,0.4810962871258872,0.0,1.0,1.0,0.0,0.0,1.0,1.0,0.0,1.0,0.0,1
1.0,0.7022219225868911,0.484395304422586,1.0,0.0,0.0,1.0,0.0,1.0,1.0,0.0,0.0,1.0,0
0.0,-1.1201047110616256,0.733471110323358,0.0,1.0,1.0,0.0,0.0,0.0,1.0,0.0,0.0,1.0,0
1.0,-0.14537186050544226,-0.51355742782885,1.0,0.0,1.0,0.0,0.0,0.0,1.0,0.0,0.0,1.0,0
0.0,1.1683985032876745,-1.506561634135238,0.0,0.0,0.0,1.0,0.0,0.0,0.0,0.0,0.0,0.0,0
0.0,-1.4167625351439423,-0.40633936568613377,1.0,0.0,1.0,0.0,0.0,0.0,0.0,1.0,1.0,0.0,1
0.0,-1.4167625351439423,-1.534603281157179,0.0,0.0,1.0,0.0,0.0,1.0,0.0,0.0,0.0,0.0,0
1.0,1.3802969490607577,1.452656881003732,0.0,1.0,0.0,0.0,0.0,1.0,0.0,1.0,0.0,1.0,0
0.0,-0.9082062652885423,-1.5098606514319368,0.0,0.0,0.0,1.0,1.0,0.0,0.0,0.0,0.0,0.0,0
1.0,-0.44202968458775893,-0.39809182244438635,1.0,0.0,1.0,0.0,0.0,1.0,1.0,0.0,1.0,0.0,0
1.0,-1.2472437785254755,-1.528005246563781,0.0,0.0,1.0,0.0,0.0,0.0,0.0,0.0,0.0,0.0,0
1.0,1.5498157056792243,1.4658529501905273,0.0,1.0,0.0,0.0,0.0,0.0,1.0,0.0,0.0,1.0,0
0.0,0.9141203683599745,1.277808964278687,0.0,1.0,1.0,0.0,1.0,0.0,1.0,0.0,0.0,1.0,0
1.0,1.5074360165246077,0.8274931032792783,1.0,0.0,0.0,0.0,0.0,0.0,0.0,1.0,0.0,1.0,0
1.0,0.4903234768138078,0.24521655041191118,1.0,0.0,0.0,0.0,0.0,1.0,1.0,0.0,0.0,1.0,0
0.0,-0.950585954443159,-1.5164586860253346,0.0,0.0,0.0,1.0,0.0,0.0,0.0,0.0,0.0,0.0,0
1.0,0.7869813008961244,-1.3663533990255319,0.0,0.0,0.0,1.0,1.0,0.0,0.0,0.0,0.0,0.0,0
0.0,-1.4167625351439423,-1.5230567206187327,0.0,0.0,1.0,0.0,0.0,0.0,0.0,0.0,0.0,0.0,0
0.0,-0.6539281303608423,-1.5329537725088296,0.0,0.0,0.0,0.0,0.0,0.0,0.0,0.0,0.0,0.0,0
1.0,0.4055640985045744,-1.3416107693002897,0.0,0.0,0.0,0.0,0.0,0.0,0.0,0.0,0.0,0.0,0
0.0,-1.1201047110616256,0.09511126341210846,0.0,1.0,1.0,0.0,0.0,1.0,1.0,0.0,1.0,0.0,0
0.0,-0.950585954443159,-0.41953543487292955,1.0,0.0,1.0,0.0,0.0,0.0,1.0,0.0,1.0,0.0,0
0.0,0.4479437876591911,1.2629633864435414,0.0,1.0,1.0,0.0,0.0,1.0,1.0,0.0,0.0,1.0,0
0.0,-0.27251092796929227,-1.051297247190781,1.0,0.0,1.0,0.0,0.0,1.0,1.0,0.0,1.0,0.0,0
0.0,-1.2472437785254755,-0.0912832138513829,1.0,0.0,0.0,0.0,0.0,0.0,0.0,1.0,0.0,1.0,0
0.0,-1.0353453327523923,-1.006760513685345,1.0,0.0,1.0,0.0,0.0,1.0,1.0,0.0,1.0,0.0,0
0.0,-1.332003156834709,0.1330499623241467,0.0,1.0,1.0,0.0,0.0,1.0,1.0,0.0,1.0,0.0,1
1.0,-0.3148906171239089,-1.513159668728636,0.0,0.0,0.0,0.0,0.0,0.0,0.0,0.0,0.0,0.0,0
1.0,0.06652658526764109,-1.528005246563781,0.0,0.0,0.0,1.0,1.0,0.0,0.0,0.0,0.0,0.0,0
1.0,0.7869813008961244,0.12480241908239931,1.0,0.0,0.0,0.0,1.0,0.0,0.0,1.0,1.0,0.0,0
1.0,1.5498157056792243,1.2035810751029603,0.0,1.0,0.0,0.0,0.0,0.0,0.0,1.0,1.0,0.0,0
0.0,-0.950585954443159,1.055125296751507,0.0,1.0,1.0,0.0,0.0,0.0,0.0,1.0,0.0,1.0,1
1.0,1.5498157056792243,-1.3828484855090268,0.0,0.0,0.0,0.0,0.0,0.0,0.0,0.0,0.0,0.0,0
0.0,1.5498157056792243,1.6588454620474171,0.0,1.0,0.0,0.0,1.0,0.0,0.0,1.0,0.0,1.0,0
1.0,0.19366565273149108,0.9957429854109252,0.0,1.0,1.0,0.0,0.0,0.0,1.0,0.0,0.0,1.0,0
1.0,1.465056327369991,1.149147289707427,0.0,1.0,0.0,0.0,0.0,0.0,0.0,1.0,1.0,0.0,0
1.0,1.0836391249784412,1.0650223486416037,0.0,1.0,0.0,1.0,1.0,0.0,1.0,0.0,0.0,1.0,0
0.0,0.36318440934995777,-1.5379022984538782,0.0,0.0,0.0,0.0,1.0,0.0,0.0,0.0,0.0,0.0,0
1.0,1.4226766382153744,-0.211697345180895,1.0,0.0,0.0,0.0,1.0,0.0,0.0,1.0,1.0,0.0,0
1.0,0.6174625442776578,-1.5049121254868885,0.0,0.0,0.0,0.0,0.0,0.0,0.0,0.0,0.0,0.0,0
0.0,-0.01823279304159225,-1.414189149827667,0.0,0.0,0.0,0.0,1.0,0.0,0.0,0.0,0.0,0.0,0
0.0,-0.27251092796929227,-1.5296547552121307,0.0,0.0,0.0,1.0,0.0,0.0,0.0,0.0,0.0,0.0,0
0.0,-1.332003156834709,-0.29582228624671847,1.0,0.0,1.0,0.0,0.0,0.0,0.0,1.0,0.0,1.0,0
1.0,0.8717406792053578,0.46625070929074175,0.0,1.0,0.0,0.0,1.0,0.0,0.0,1.0,1.0,0.0,0
1.0,1.2107781924422911,-1.5412013157505768,0.0,0.0,0.0,0.0,0.0,0.0,0.0,0.0,0.0,0.0,0
0.0,0.8717406792053578,-1.3614048730804835,0.0,0.0,0.0,1.0,0.0,1.0,0.0,0.0,0.0,0.0,1
1.0,-1.1624844002162422,0.3293414914777351,1.0,0.0,0.0,0.0,0.0,0.0,0.0,1.0,1.0,0.0,0
1.0,-0.7810671978246922,0.8472872070594719,0.0,1.0,1.0,0.0,0.0,1.0,0.0,1.0,0.0,1.0,1
1.0,-1.4167625351439423,-1.2244956552674766,1.0,0.0,1.0,0.0,1.0,0.0,1.0,0.0,1.0,0.0,0
1.0,1.2955375707515244,1.3949240783115,0.0,1.0,0.0,1.0,0.0,1.0,1.0,0.0,0.0,1.0,0
1.0,-0.10299217135082558,-1.3828484855090268,0.0,0.0,1.0,0.0,1.0,0.0,0.0,0.0,0.0,0.0,0
1.0,-0.2301312388146756,0.4827457957742366,1.0,0.0,0.0,0.0,1.0,0.0,1.0,0.0,0.0,1.0,0
1.0,-1.1201047110616256,-0.5795377737628293,1.0,0.0,0.0,1.0,0.0,0.0,0.0,1.0,1.0,0.0,0
0.0,-0.2301312388146756,0.7945029303122887,0.0,1.0,1.0,0.0,0.0,1.0,1.0,0.0,0.0,1.0,1
1.0,1.5074360165246077,1.2695614210369395,0.0,1.0,0.0,1.0,1.0,0.0,0.0,1.0,0.0,1.0,0
0.0,-0.950585954443159,0.8027504735540361,0.0,1.0,1.0,0.0,0.0,1.0,1.0,0.0,0.0,1.0,1
1.0,0.6598422334322744,0.7978019476089875,0.0,1.0,0.0,1.0,0.0,0.0,1.0,0.0,1.0,0.0,0
1.0,-0.3148906171239089,-0.17375864626885695,1.0,0.0,1.0,0.0,0.0,0.0,0.0,1.0,1.0,0.0,0
1.0,-1.077725021907009,-1.5296547552121307,0.0,0.0,1.0,0.0,1.0,0.0,0.0,0.0,0.0,0.0,0
0.0,-1.4167625351439423,-1.5428508243989265,0.0,0.0,1.0,0.0,0.0,0.0,0.0,0.0,0.0,0.0,0
1.0,-1.2472437785254755,-0.8451086661470959,1.0,0.0,0.0,0.0,0.0,0.0,1.0,0.0,1.0,0.0,0
0.0,-1.2048640893708589,-0.5003613586420542,1.0,0.0,1.0,0.0,0.0,0.0,0.0,1.0,1.0,0.0,1
0.0,0.19366565273149108,-0.0681900927744903,1.0,0.0,1.0,0.0,0.0,0.0,0.0,1.0,0.0,1.0,0
1.0,-1.0353453327523923,0.2699591801371534,0.0,1.0,1.0,0.0,0.0,1.0,1.0,0.0,1.0,0.0,1
0.0,-0.01823279304159225,-1.5164586860253346,0.0,0.0,0.0,0.0,0.0,0.0,0.0,0.0,0.0,0.0,0
0.0,-0.7810671978246922,-0.7114984656307878,1.0,0.0,0.0,1.0,0.0,0.0,1.0,0.0,1.0,0.0,0
1.0,-1.3743828459893257,0.0984102807088077,1.0,0.0,1.0,0.0,1.0,0.0,1.0,0.0,0.0,1.0,0
1.0,-0.6115484412062256,-0.2413885008511856,1.0,0.0,0.0,1.0,0.0,0.0,1.0,0.0,0.0,1.0,0
0.0,-1.2048640893708589,-1.5395518071022276,0.0,0.0,0.0,1.0,0.0,0.0,0.0,0.0,0.0,0.0,0
1.0,-0.27251092796929227,-0.19685176734574955,1.0,0.0,1.0,0.0,0.0,0.0,0.0,1.0,1.0,0.0,0
1.0,0.4903234768138078,-0.8533562093888434,1.0,0.0,0.0,1.0,0.0,1.0,0.0,1.0,1.0,0.0,0
0.0,-0.7386875086700756,-0.5531456353892377,1.0,0.0,1.0,0.0,0.0,1.0,0.0,1.0,1.0,0.0,1
0.0,-0.01823279304159225,1.0848164524217974,0.0,1.0,1.0,0.0,0.0,1.0,0.0,1.0,0.0,1.0,0
0.0,-0.7810671978246922,-0.3403590197521545,1.0,0.0,0.0,1.0,0.0,0.0,1.0,0.0,1.0,0.0,1
1.0,0.19366565273149108,-1.5098606514319368,0.0,0.0,1.0,0.0,1.0,0.0,0.0,0.0,0.0,0.0,0
0.0,-1.4167625351439423,-0.8500571920921444,1.0,0.0,1.0,0.0,0.0,0.0,1.0,0.0,1.0,0.0,1
0.0,-0.6115484412062256,1.2431692826633474,0.0,1.0,1.0,0.0,0.0,0.0,0.0,1.0,0.0,1.0,0
0.0,-0.8658265761339256,0.6608927297959808,0.0,1.0,1.0,0.0,0.0,1.0,0.0,1.0,0.0,1.0,1
0.0,-1.4167625351439423,-0.23643997490613722,1.0,0.0,1.0,0.0,0.0,1.0,1.0,0.0,0.0,1.0,0
0.0,-1.0353453327523923,-1.3515078211903866,0.0,0.0,0.0,1.0,0.0,1.0,0.0,0.0,0.0,0.0,0
1.0,1.2955375707515244,0.8043999822023855,0.0,1.0,0.0,1.0,1.0,0.0,1.0,0.0,1.0,0.0,0
0.0,-1.3743828459893257,0.7813068611254926,0.0,1.0,1.0,0.0,0.0,0.0,1.0,0.0,0.0,1.0,0
1.0,-0.8658265761339256,-1.1865569563554383,1.0,0.0,1.0,0.0,1.0,0.0,0.0,1.0,1.0,0.0,0
1.0,-0.5267890628969922,-1.3960445546958227,0.0,0.0,0.0,0.0,0.0,0.0,0.0,0.0,0.0,0.0,0
1.0,-0.6115484412062256,1.261313877795192,0.0,1.0,1.0,0.0,1.0,0.0,0.0,1.0,0.0,1.0,1
1.0,-1.2048640893708589,0.9413092000153926,0.0,1.0,1.0,0.0,0.0,0.0,0.0,1.0,1.0,0.0,1
0.0,-0.3572703062785256,-1.528005246563781,0.0,0.0,0.0,0.0,0.0,0.0,0.0,0.0,0.0,0.0,0
0.0,-1.1624844002162422,1.1606938502458735,0.0,1.0,1.0,0.0,0.0,1.0,1.0,0.0,0.0,1.0,1
1.0,1.337917259906141,0.8060494908507349,0.0,1.0,0.0,1.0,0.0,0.0,0.0,1.0,1.0,0.0,1
1.0,1.5074360165246077,-1.528005246563781,0.0,0.0,0.0,0.0,1.0,0.0,0.0,0.0,0.0,0.0,0
0.0,-0.5691687520516089,0.761512757345299,0.0,1.0,1.0,0.0,0.0,1.0,1.0,0.0,0.0,1.0,1
0.0,-1.4167625351439423,0.28975328391734745,0.0,1.0,1.0,0.0,0.0,1.0,1.0,0.0,1.0,0.0,0
1.0,0.6598422334322744,-1.3597553644321339,0.0,0.0,0.0,0.0,0.0,0.0,0.0,0.0,0.0,0.0,0
1.0,-1.1201047110616256,-0.5053098845871027,1.0,0.0,1.0,0.0,0.0,0.0,1.0,0.0,1.0,0.0,0
1.0,1.3802969490607577,0.754914722751901,1.0,0.0,0.0,0.0,1.0,0.0,0.0,1.0,0.0,1.0,0
0.0,-1.4167625351439423,-1.5494488589923243,0.0,0.0,1.0,0.0,0.0,1.0,0.0,0.0,0.0,0.0,0
0.0,-1.0353453327523923,-1.5395518071022276,0.0,0.0,0.0,1.0,0.0,0.0,0.0,0.0,0.0,0.0,0
1.0,-0.3572703062785256,1.1408997464656798,0.0,1.0,1.0,0.0,0.0,1.0,0.0,1.0,0.0,1.0,0
0.0,-1.332003156834709,0.9017209924550049,0.0,1.0,1.0,0.0,0.0,1.0,1.0,0.0,1.0,0.0,1
0.0,0.4903234768138078,-1.5049121254868885,0.0,0.0,0.0,1.0,0.0,0.0,0.0,0.0,0.0,0.0,0
0.0,-0.5691687520516089,0.8027504735540361,0.0,1.0,1.0,0.0,1.0,0.0,1.0,0.0,0.0,1.0,1
0.0,-1.2472437785254755,-1.4917160563000924,0.0,0.0,1.0,0.0,0.0,0.0,0.0,0.0,0.0,0.0,0
1.0,0.9565000575145911,1.4279142512784897,0.0,1.0,0.0,0.0,1.0,0.0,0.0,1.0,0.0,1.0,1
1.0,-0.950585954443159,1.0056400373010226,0.0,1.0,1.0,0.0,0.0,0.0,1.0,0.0,0.0,1.0,1
0.0,0.7869813008961244,-0.691704361850594,1.0,0.0,0.0,0.0,0.0,0.0,0.0,1.0,0.0,1.0,0
1.0,1.5074360165246077,0.768110791938697,0.0,1.0,0.0,0.0,0.0,0.0,1.0,0.0,1.0,0.0,0
0.0,-0.6539281303608423,0.50418940820278,0.0,1.0,1.0,0.0,0.0,1.0,1.0,0.0,1.0,0.0,0
0.0,-1.332003156834709,-1.5313042638604801,0.0,0.0,1.0,0.0,0.0,0.0,0.0,0.0,0.0,0.0,0
1.0,1.5498157056792243,-1.4059416065859196,0.0,0.0,0.0,0.0,1.0,0.0,0.0,0.0,0.0,0.0,0
1.0,-0.14537186050544226,0.33429001742278325,1.0,0.0,1.0,0.0,1.0,0.0,0.0,1.0,1.0,0.0,0
0.0,-1.2048640893708589,0.5998609098070496,0.0,1.0,1.0,0.0,0.0,1.0,1.0,0.0,0.0,1.0,0
0.0,-1.2896234676800922,0.42171397578530595,0.0,1.0,1.0,0.0,0.0,1.0,1.0,0.0,1.0,0.0,1
1.0,0.7022219225868911,-1.0133585482787428,1.0,0.0,0.0,1.0,0.0,0.0,0.0,1.0,1.0,0.0,0
1.0,1.5074360165246077,-1.3828484855090268,0.0,0.0,0.0,0.0,0.0,0.0,0.0,0.0,0.0,0.0,0
0.0,-1.3743828459893257,-1.3498583125420371,1.0,0.0,1.0,0.0,0.0,1.0,1.0,0.0,1.0,0.0,1
1.0,-1.3743828459893257,-1.5230567206187327,0.0,0.0,1.0,0.0,1.0,0.0,0.0,0.0,0.0,0.0,0
1.0,-1.332003156834709,0.2501650763569598,0.0,1.0,1.0,0.0,0.0,1.0,1.0,0.0,1.0,0.0,1
1.0,1.2531578815969078,0.936360674070344,0.0,1.0,0.0,0.0,0.0,0.0,0.0,1.0,1.0,0.0,0
1.0,-1.1201047110616256,-0.8418096488503969,1.0,0.0,1.0,0.0,0.0,0.0,1.0,0.0,0.0,1.0,1
0.0,-0.9929656435977756,-0.6851063272571962,1.0,0.0,1.0,0.0,1.0,0.0,1.0,0.0,1.0,0.0,1
1.0,1.5498157056792243,1.2992525767072298,0.0,1.0,0.0,0.0,1.0,0.0,0.0,1.0,0.0,1.0,0
0.0,-1.4167625351439423,0.5817163146752055,0.0,1.0,1.0,0.0,1.0,0.0,1.0,0.0,0.0,1.0,0
1.0,1.4226766382153744,1.094713504311894,0.0,1.0,0.0,0.0,0.0,1.0,1.0,0.0,0.0,1.0,0
0.0,-0.44202968458775893,-1.5263557379154318,0.0,0.0,0.0,1.0,0.0,0.0,0.0,0.0,0.0,0.0,0
1.0,0.7869813008961244,-1.3894465201024249,0.0,0.0,0.0,0.0,1.0,0.0,0.0,0.0,0.0,0.0,0
0.0,0.10890627442225775,0.5173854773895756,0.0,1.0,1.0,0.0,0.0,0.0,1.0,0.0,1.0,0.0,0
0.0,-0.5691687520516089,0.7565642314002504,0.0,1.0,1.0,0.0,0.0,0.0,1.0,0.0,0.0,1.0,0
0.0,-1.4167625351439423,0.5223340033346242,0.0,1.0,1.0,0.0,0.0,1.0,1.0,0.0,1.0,0.0,1
1.0,-0.3996499954331423,0.9132675529934512,0.0,1.0,1.0,0.0,0.0,1.0,1.0,0.0,1.0,0.0,1
1.0,0.9988797466692078,-1.5395518071022276,0.0,0.0,0.0,0.0,0.0,0.0,0.0,0.0,0.0,0.0,0
1.0,1.5498157056792243,0.7664612832903477,1.0,0.0,0.0,0.0,0.0,0.0,0.0,1.0,0.0,1.0,0
0.0,-0.9082062652885423,0.4184149584886067,0.0,1.0,1.0,0.0,0.0,1.0,0.0,1.0,1.0,0.0,0
1.0,-0.01823279304159225,1.4444093377619844,0.0,1.0,1.0,0.0,0.0,1.0,1.0,0.0,0.0,1.0,0
1.0,1.5074360165246077,0.6361501000707386,1.0,0.0,0.0,1.0,0.0,1.0,0.0,1.0,0.0,1.0,0
1.0,0.23604534188610776,-0.1935527500490508,1.0,0.0,0.0,1.0,1.0,0.0,0.0,1.0,1.0,0.0,0
0.0,0.9988797466692078,0.4299615190270534,0.0,1.0,0.0,0.0,0.0,0.0,1.0,0.0,1.0,0.0,0
1.0,0.06652658526764109,-0.24468751814788461,1.0,0.0,0.0,1.0,0.0,0.0,0.0,1.0,1.0,0.0,0
1.0,1.2107781924422911,-1.3647038903771826,0.0,0.0,0.0,0.0,0.0,0.0,0.0,0.0,0.0,0.0,0
1.0,1.0836391249784412,0.12315291043404993,1.0,0.0,0.0,0.0,0.0,0.0,0.0,1.0,1.0,0.0,0
1.0,-0.950585954443159,-0.3370600024554555,1.0,0.0,1.0,0.0,0.0,1.0,1.0,0.0,1.0,0.0,1
0.0,-1.2048640893708589,-0.7180965002241858,1.0,0.0,1.0,0.0,0.0,1.0,1.0,0.0,1.0,0.0,0
1.0,-0.01823279304159225,0.7813068611254926,0.0,1.0,1.0,0.0,1.0,0.0,1.0,0.0,1.0,0.0,0
1.0,1.0412594358238245,-0.19685176734574955,1.0,0.0,1.0,0.0,1.0,0.0,1.0,0.0,0.0,1.0,0
0.0,-0.8658265761339256,-0.5630426872793345,1.0,0.0,1.0,0.0,0.0,1.0,1.0,0.0,1.0,0.0,1
0.0,-0.9082062652885423,-1.3647038903771826,0.0,0.0,0.0,1.0,0.0,0.0,0.0,0.0,0.0,0.0,0
1.0,-0.3572703062785256,0.31614542229093906,0.0,1.0,1.0,0.0,1.0,0.0,1.0,0.0,1.0,0.0,0
1.0,0.6174625442776578,1.216777144289756,0.0,1.0,0.0,1.0,0.0,0.0,1.0,0.0,0.0,1.0,0
1.0,-1.1201047110616256,-0.038498937104199445,1.0,0.0,1.0,0.0,0.0,0.0,0.0,1.0,1.0,0.0,1
1.0,0.1512859635768744,-0.3387095111038051,1.0,0.0,1.0,0.0,0.0,1.0,0.0,1.0,0.0,1.0,1
1.0,-0.5267890628969922,0.6806868335761743,0.0,1.0,1.0,0.0,0.0,1.0,1.0,0.0,1.0,0.0,0
0.0,-0.3148906171239089,0.28810377526899805,0.0,1.0,1.0,0.0,1.0,0.0,0.0,1.0,1.0,0.0,1
0.0,-0.18775154966005891,-0.3601531235323483,1.0,0.0,1.0,0.0,0.0,1.0,1.0,0.0,1.0,0.0,1
0.0,-1.2896234676800922,-0.5778882651144799,1.0,0.0,1.0,0.0,1.0,0.0,1.0,0.0,1.0,0.0,0
1.0,1.465056327369991,0.302949353104143,1.0,0.0,0.0,0.0,0.0,0.0,0.0,1.0,0.0,1.0,0
0.0,-0.8658265761339256,-1.5428508243989265,0.0,0.0,1.0,0.0,1.0,0.0,0.0,0.0,0.0,0.0,1
1.0,-0.5267890628969922,-1.5461498416956256,0.0,0.0,0.0,1.0,0.0,0.0,0.0,0.0,0.0,0.0,0
1.0,0.9988797466692078,1.3388407842676175,0.0,1.0,1.0,0.0,0.0,1.0,0.0,1.0,0.0,1.0,1
0.0,-1.3743828459893257,0.1363489796208455,0.0,1.0,1.0,0.0,0.0,0.0,1.0,0.0,1.0,0.0,0
0.0,-1.0353453327523923,1.0452282448614096,0.0,1.0,1.0,0.0,1.0,0.0,1.0,0.0,0.0,1.0,1
0.0,-1.1624844002162422,-1.3416107693002897,1.0,0.0,1.0,0.0,0.0,0.0,1.0,0.0,1.0,0.0,1
1.0,0.024146896113024417,-1.5412013157505768,0.0,0.0,0.0,0.0,0.0,0.0,0.0,0.0,0.0,0.0,0
1.0,-0.18775154966005891,-0.3898442792026389,1.0,0.0,1.0,0.0,0.0,0.0,1.0,0.0,1.0,0.0,0
0.0,-0.27251092796929227,-0.2512855527412826,1.0,0.0,1.0,0.0,1.0,0.0,0.0,1.0,1.0,0.0,0
0.0,0.19366565273149108,-0.3601531235323483,1.0,0.0,1.0,0.0,0.0,0.0,0.0,1.0,1.0,0.0,1
1.0,0.5750828551230411,0.3903733114666657,1.0,0.0,0.0,1.0,0.0,0.0,1.0,0.0,0.0,1.0,0
0.0,1.1260188141330578,0.8538852416528699,0.0,1.0,0.0,1.0,0.0,1.0,0.0,1.0,1.0,0.0,0
0.0,0.4055640985045744,0.644397643312486,0.0,1.0,1.0,0.0,1.0,0.0,0.0,1.0,1.0,0.0,0
1.0,0.5750828551230411,1.0617233313449044,0.0,1.0,1.0,0.0,0.0,1.0,1.0,0.0,0.0,1.0,0
0.0,-0.5267890628969922,0.8060494908507349,0.0,1.0,1.0,0.0,0.0,1.0,1.0,0.0,0.0,1.0,1
0.0,1.3802969490607577,1.4543063896520811,0.0,1.0,0.0,0.0,0.0,0.0,0.0,1.0,0.0,1.0,0
0.0,-0.8234468869793089,-1.5197577033220337,0.0,0.0,0.0,1.0,1.0,0.0,0.0,0.0,0.0,0.0,0
0.0,-0.5267890628969922,0.5619222108950119,0.0,1.0,1.0,0.0,1.0,0.0,1.0,0.0,1.0,0.0,0
0.0,-0.27251092796929227,-0.3601531235323483,1.0,0.0,0.0,1.0,0.0,1.0,1.0,0.0,1.0,0.0,0
0.0,-1.4167625351439423,0.4777972698291884,0.0,1.0,1.0,0.0,0.0,1.0,1.0,0.0,0.0,1.0,1
1.0,0.2784250310407244,0.650995677905884,0.0,1.0,1.0,0.0,0.0,0.0,1.0,0.0,1.0,0.0,0
1.0,-1.332003156834709,-0.5053098845871027,1.0,0.0,1.0,0.0,0.0,0.0,1.0,0.0,1.0,0.0,1
0.0,1.5498157056792243,-1.3548068384870855,0.0,0.0,0.0,0.0,0.0,0.0,0.0,0.0,0.0,0.0,0
1.0,0.10890627442225775,-1.5148091773769854,0.0,0.0,0.0,1.0,0.0,0.0,0.0,0.0,0.0,0.0,0
0.0,-0.2301312388146756,-1.5329537725088296,0.0,0.0,0.0,1.0,0.0,0.0,0.0,0.0,0.0,0.0,0
1.0,-0.27251092796929227,-1.006760513685345,1.0,0.0,1.0,0.0,0.0,0.0,1.0,0.0,1.0,0.0,0
0.0,-1.1624844002162422,-0.7164469915758362,1.0,0.0,1.0,0.0,0.0,0.0,1.0,0.0,1.0,0.0,0
0.0,0.23604534188610776,-1.528005246563781,0.0,0.0,0.0,0.0,0.0,0.0,0.0,0.0,0.0,0.0,0
1.0,1.0412594358238245,-0.010457290082258446,1.0,0.0,0.0,1.0,1.0,0.0,0.0,1.0,1.0,0.0,0
1.0,0.8717406792053578,-0.2199448884226424,1.0,0.0,0.0,0.0,0.0,0.0,1.0,0.0,1.0,0.0,0
1.0,0.10890627442225775,0.9396596913670432,0.0,1.0,1.0,0.0,0.0,1.0,1.0,0.0,0.0,1.0,1
1.0,0.19366565273149108,1.3058506113006279,0.0,1.0,0.0,1.0,1.0,0.0,0.0,1.0,0.0,1.0,0
0.0,0.32080472019534106,-1.3102701049816494,0.0,0.0,0.0,0.0,1.0,0.0,0.0,0.0,0.0,0.0,0
0.0,-1.332003156834709,0.3854247855216171,0.0,1.0,1.0,0.0,0.0,1.0,1.0,0.0,0.0,1.0,1
1.0,1.5074360165246077,-1.369652416322231,0.0,0.0,0.0,0.0,1.0,0.0,0.0,0.0,0.0,0.0,0
0.0,-1.4167625351439423,0.6394491173674374,0.0,1.0,1.0,0.0,0.0,1.0,1.0,0.0,0.0,1.0,1
0.0,0.06652658526764109,-1.528005246563781,0.0,0.0,0.0,0.0,0.0,0.0,0.0,0.0,0.0,0.0,0
1.0,0.23604534188610776,0.4530546401039462,1.0,0.0,1.0,0.0,0.0,0.0,0.0,1.0,1.0,0.0,1
1.0,-0.7386875086700756,-0.6521161542902065,1.0,0.0,0.0,1.0,0.0,0.0,1.0,0.0,0.0,1.0,0
0.0,-0.9082062652885423,-0.5185059537738984,1.0,0.0,1.0,0.0,0.0,1.0,1.0,0.0,1.0,0.0,0
0.0,-1.3743828459893257,-1.506561634135238,0.0,0.0,1.0,0.0,0.0,1.0,0.0,0.0,0.0,0.0,0
0.0,0.4055640985045744,0.510787442796178,1.0,0.0,0.0,0.0,1.0,0.0,0.0,1.0,0.0,1.0,0
0.0,-0.5691687520516089,-0.5729397391694315,1.0,0.0,1.0,0.0,0.0,0.0,0.0,1.0,1.0,0.0,1
1.0,0.6174625442776578,0.1182043844890013,0.0,1.0,1.0,0.0,1.0,0.0,1.0,0.0,1.0,0.0,0
1.0,-0.5267890628969922,-1.3548068384870855,0.0,0.0,0.0,0.0,0.0,0.0,0.0,0.0,0.0,0.0,0
1.0,0.829360990050741,-0.24963604409293302,1.0,0.0,0.0,0.0,0.0,1.0,0.0,1.0,1.0,0.0,0
1.0,1.5498157056792243,1.4724509847839253,0.0,1.0,0.0,0.0,0.0,0.0,1.0,0.0,0.0,1.0,0
0.0,-0.7386875086700756,0.4777972698291884,0.0,1.0,1.0,0.0,0.0,1.0,1.0,0.0,1.0,0.0,1
1.0,0.8717406792053578,1.0584243140482057,0.0,1.0,0.0,1.0,0.0,1.0,1.0,0.0,0.0,1.0,1
1.0,-0.950585954443159,-1.3746009422672794,0.0,0.0,0.0,1.0,1.0,0.0,0.0,0.0,0.0,0.0,0
0.0,0.32080472019534106,0.7714098092353958,0.0,1.0,1.0,0.0,0.0,0.0,1.0,0.0,0.0,1.0,1
0.0,1.1683985032876745,1.032032175674614,0.0,1.0,0.0,0.0,1.0,0.0,1.0,0.0,0.0,1.0,0
0.0,-1.4167625351439423,-1.3762504509156288,1.0,0.0,1.0,0.0,0.0,0.0,1.0,0.0,1.0,0.0,1
1.0,-0.696307819515459,0.5767677887301573,0.0,1.0,1.0,0.0,0.0,1.0,1.0,0.0,1.0,0.0,1
0.0,0.2784250310407244,-0.37664821001584314,1.0,0.0,0.0,1.0,0.0,1.0,0.0,1.0,1.0,0.0,0
0.0,-0.9929656435977756,1.5433798566629533,0.0,1.0,1.0,0.0,0.0,0.0,1.0,0.0,0.0,1.0,1
1.0,0.4903234768138078,-1.534603281157179,0.0,0.0,0.0,0.0,1.0,0.0,0.0,0.0,0.0,0.0,0
0.0,-0.7386875086700756,-1.3531573298387363,1.0,0.0,1.0,0.0,0.0,0.0,1.0,0.0,1.0,0.0,0
1.0,0.5750828551230411,-1.0018119877402967,1.0,0.0,0.0,1.0,0.0,0.0,0.0,1.0,1.0,0.0,0
0.0,-0.9929656435977756,0.9677013383889842,0.0,1.0,0.0,1.0,0.0,0.0,1.0,0.0,0.0,1.0,1
0.0,0.32080472019534106,1.1623433588942231,0.0,1.0,1.0,0.0,0.0,1.0,1.0,0.0,0.0,1.0,1
1.0,1.5498157056792243,-1.5379022984538782,0.0,0.0,0.0,0.0,1.0,0.0,0.0,0.0,0.0,0.0,0
1.0,0.06652658526764109,0.7466671795101536,0.0,1.0,1.0,0.0,0.0,1.0,1.0,0.0,0.0,1.0,0
1.0,-1.4167625351439423,0.5899638579169528,0.0,1.0,1.0,0.0,0.0,1.0,1.0,0.0,0.0,1.0,0
0.0,0.024146896113024417,-0.3865452619059399,1.0,0.0,0.0,1.0,0.0,0.0,0.0,1.0,1.0,0.0,0
0.0,0.32080472019534106,-0.8484076834437947,1.0,0.0,1.0,0.0,0.0,1.0,0.0,1.0,1.0,0.0,0
0.0,1.0412594358238245,-1.524706229267082,0.0,0.0,0.0,0.0,0.0,0.0,0.0,0.0,0.0,0.0,0
0.0,-0.9929656435977756,-1.5214072119703834,0.0,0.0,0.0,1.0,0.0,0.0,0.0,0.0,0.0,0.0,0
1.0,-0.01823279304159225,-1.534603281157179,0.0,0.0,0.0,1.0,0.0,0.0,0.0,0.0,0.0,0.0,0
0.0,-1.332003156834709,-0.19025373275235177,1.0,0.0,1.0,0.0,0.0,0.0,0.0,1.0,1.0,0.0,1
0.0,-0.01823279304159225,-0.3486065629939019,1.0,0.0,0.0,1.0,0.0,0.0,0.0,1.0,1.0,0.0,0
0.0,-1.2472437785254755,1.442759829113635,0.0,1.0,1.0,0.0,0.0,0.0,1.0,0.0,0.0,1.0,1
0.0,-1.2048640893708589,-0.7098489569824384,1.0,0.0,1.0,0.0,1.0,0.0,1.0,0.0,1.0,0.0,0
0.0,-0.8658265761339256,0.7532652141035516,0.0,1.0,1.0,0.0,0.0,0.0,1.0,0.0,0.0,1.0,0
0.0,-1.077725021907009,-1.2047015514872828,1.0,0.0,1.0,0.0,0.0,1.0,1.0,0.0,1.0,0.0,1
0.0,-1.4167625351439423,0.5899638579169528,0.0,1.0,1.0,0.0,0.0,1.0,1.0,0.0,1.0,0.0,0
1.0,-0.6539281303608423,0.24686605906026102,0.0,1.0,1.0,0.0,0.0,1.0,1.0,0.0,1.0,0.0,1
1.0,0.10890627442225775,0.8423386811144237,0.0,1.0,1.0,0.0,1.0,0.0,0.0,1.0,0.0,1.0,0
0.0,-1.2472437785254755,0.7631622659936484,0.0,1.0,1.0,0.0,0.0,1.0,1.0,0.0,0.0,1.0,1
1.0,0.9141203683599745,1.216777144289756,0.0,1.0,1.0,0.0,0.0,1.0,0.0,1.0,0.0,1.0,0
1.0,1.5498157056792243,0.6312015741256899,1.0,0.0,0.0,0.0,1.0,0.0,0.0,1.0,0.0,1.0,0
0.0,-0.696307819515459,0.7846058784221919,0.0,1.0,1.0,0.0,0.0,0.0,1.0,0.0,0.0,1.0,0
1.0,-0.14537186050544226,0.6213045222355931,0.0,1.0,1.0,0.0,0.0,1.0,1.0,0.0,1.0,0.0,1
1.0,-0.10299217135082558,-0.218295379774293,1.0,0.0,0.0,0.0,1.0,0.0,0.0,1.0,0.0,1.0,0
1.0,-0.2301312388146756,-1.4818190044099957,0.0,0.0,0.0,0.0,0.0,0.0,0.0,0.0,0.0,0.0,0
1.0,-1.4167625351439423,-0.31231737273021326,1.0,0.0,1.0,0.0,0.0,0.0,0.0,1.0,1.0,0.0,1
0.0,-0.5691687520516089,-0.030251393862452035,1.0,0.0,0.0,1.0,1.0,0.0,1.0,0.0,0.0,1.0,0
0.0,1.4226766382153744,0.4382090622688008,1.0,0.0,0.0,0.0,0.0,0.0,0.0,1.0,0.0,1.0,0
0.0,1.5074360165246077,1.340490292915967,0.0,1.0,0.0,0.0,0.0,1.0,1.0,0.0,0.0,1.0,0
1.0,-0.06061248219620892,0.9264636221802471,0.0,1.0,1.0,0.0,0.0,1.0,1.0,0.0,1.0,0.0,1
0.0,-0.3572703062785256,0.5124369514445274,1.0,0.0,0.0,1.0,0.0,1.0,0.0,1.0,0.0,1.0,0
1.0,1.2955375707515244,1.277808964278687,0.0,1.0,0.0,1.0,0.0,1.0,1.0,0.0,0.0,1.0,0
1.0,-0.3572703062785256,0.9693508470373337,0.0,1.0,1.0,0.0,0.0,1.0,1.0,0.0,1.0,0.0,1
1.0,0.9565000575145911,0.6575937124992816,1.0,0.0,0.0,0.0,0.0,1.0,0.0,1.0,0.0,1.0,0
0.0,-1.2048640893708589,-1.5477993503439749,0.0,0.0,1.0,0.0,0.0,1.0,0.0,0.0,0.0,0.0,1
1.0,-0.06061248219620892,-0.7032509223890404,1.0,0.0,1.0,0.0,0.0,1.0,1.0,0.0,0.0,1.0,0
0.0,0.1512859635768744,1.131002694575583,0.0,1.0,0.0,0.0,0.0,1.0,0.0,1.0,0.0,1.0,0
0.0,-0.44202968458775893,-0.012106798730607835,1.0,0.0,1.0,0.0,1.0,0.0,1.0,0.0,1.0,0.0,0
0.0,-0.3996499954331423,1.1326522032239323,0.0,1.0,1.0,0.0,1.0,0.0,1.0,0.0,0.0,1.0,0
0.0,-1.4167625351439423,-1.5230567206187327,0.0,0.0,1.0,0.0,0.0,0.0,0.0,0.0,0.0,0.0,0
1.0,0.024146896113024417,0.46954972658744104,0.0,1.0,1.0,0.0,0.0,1.0,1.0,0.0,1.0,0.0,0
1.0,-0.8658265761339256,0.28810377526899805,0.0,1.0,1.0,0.0,1.0,0.0,1.0,0.0,1.0,0.0,1
0.0,-1.2896234676800922,0.7697603005870465,0.0,1.0,1.0,0.0,0.0,1.0,1.0,0.0,0.0,1.0,1
1.0,-0.2301312388146756,-0.5366505489057429,1.0,0.0,1.0,0.0,0.0,1.0,1.0,0.0,1.0,0.0,0
0.0,1.2107781924422911,-1.3778999595639785,0.0,0.0,0.0,1.0,1.0,0.0,0.0,0.0,0.0,0.0,0
0.0,1.5074360165246077,1.2497673172567454,0.0,1.0,0.0,0.0,1.0,0.0,1.0,0.0,0.0,1.0,0
0.0,-1.2472437785254755,0.6163559962905445,0.0,1.0,1.0,0.0,0.0,1.0,1.0,0.0,0.0,1.0,1
0.0,-1.332003156834709,-1.3762504509156288,1.0,0.0,1.0,0.0,0.0,1.0,1.0,0.0,1.0,0.0,1
0.0,-1.2896234676800922,-0.2067488192358466,1.0,0.0,1.0,0.0,0.0,0.0,0.0,1.0,1.0,0.0,0
1.0,1.4226766382153744,1.0996620302569426,0.0,1.0,0.0,1.0,1.0,0.0,1.0,0.0,0.0,1.0,0
1.0,1.5074360165246077,0.6361501000707386,1.0,0.0,0.0,0.0,1.0,0.0,0.0,1.0,0.0,1.0,0
1.0,1.1683985032876745,0.49429235631268326,0.0,1.0,0.0,1.0,0.0,0.0,0.0,1.0,1.0,0.0,0
1.0,0.19366565273149108,-0.3420085284005041,1.0,0.0,0.0,1.0,0.0,1.0,1.0,0.0,1.0,0.0,0
1.0,1.5074360165246077,-0.15726355978536216,1.0,0.0,0.0,0.0,0.0,0.0,1.0,0.0,0.0,1.0,0
0.0,-0.27251092796929227,0.08851322881871043,1.0,0.0,1.0,0.0,1.0,0.0,0.0,1.0,1.0,0.0,1
0.0,-0.7386875086700756,0.6196550135872437,0.0,1.0,1.0,0.0,0.0,1.0,1.0,0.0,1.0,0.0,0
0.0,0.5327031659684244,-0.058293040884393035,1.0,0.0,0.0,1.0,1.0,0.0,0.0,1.0,1.0,0.0,0
1.0,0.6598422334322744,0.9116180443451017,0.0,1.0,1.0,0.0,1.0,0.0,0.0,1.0,0.0,1.0,1
0.0,0.4903234768138078,-0.8747998218173866,1.0,0.0,0.0,1.0,0.0,0.0,0.0,1.0,1.0,0.0,0
0.0,-1.1624844002162422,0.6048094357520983,0.0,1.0,1.0,0.0,1.0,0.0,1.0,0.0,1.0,0.0,1
0.0,0.2784250310407244,0.4530546401039462,0.0,1.0,1.0,0.0,0.0,1.0,1.0,0.0,1.0,0.0,0
1.0,1.0836391249784412,-1.5428508243989265,0.0,0.0,1.0,0.0,0.0,0.0,0.0,0.0,0.0,0.0,1
1.0,-0.10299217135082558,-1.5296547552121307,0.0,0.0,0.0,0.0,0.0,0.0,0.0,0.0,0.0,0.0,0
0.0,0.2784250310407244,1.2877060161687837,0.0,1.0,1.0,0.0,0.0,1.0,0.0,1.0,0.0,1.0,1
0.0,-0.10299217135082558,-1.3614048730804835,0.0,0.0,0.0,1.0,1.0,0.0,0.0,0.0,0.0,0.0,0
0.0,-0.27251092796929227,-0.26943014787312686,1.0,0.0,0.0,1.0,0.0,0.0,0.0,1.0,1.0,0.0,0
1.0,1.4226766382153744,-0.732942078059331,1.0,0.0,0.0,0.0,0.0,0.0,0.0,1.0,1.0,0.0,0
1.0,-1.3743828459893257,-1.5461498416956256,0.0,0.0,1.0,0.0,0.0,0.0,0.0,0.0,0.0,0.0,0
1.0,0.6174625442776578,-1.5296547552121307,0.0,0.0,0.0,0.0,0.0,1.0,0.0,0.0,0.0,0.0,0
1.0,0.9141203683599745,-0.211697345180895,1.0,0.0,0.0,0.0,0.0,1.0,0.0,1.0,1.0,0.0,0
1.0,1.1683985032876745,-1.3498583125420371,0.0,0.0,0.0,0.0,0.0,0.0,0.0,0.0,0.0,0.0,0
0.0,0.6174625442776578,0.10995684124725388,1.0,0.0,0.0,0.0,1.0,0.0,1.0,0.0,1.0,0.0,0
1.0,1.3802969490607577,0.5503756503565652,1.0,0.0,0.0,0.0,1.0,0.0,0.0,1.0,0.0,1.0,0
0.0,-0.18775154966005891,0.45140513145559635,0.0,1.0,1.0,0.0,0.0,0.0,1.0,0.0,1.0,0.0,1
1.0,-0.9929656435977756,1.1606938502458735,0.0,1.0,1.0,0.0,0.0,1.0,1.0,0.0,0.0,1.0,1
0.0,-0.8234468869793089,0.9973924940592751,0.0,1.0,1.0,0.0,0.0,1.0,1.0,0.0,0.0,1.0,1
1.0,-1.1624844002162422,-1.534603281157179,0.0,0.0,1.0,0.0,0.0,0.0,0.0,0.0,0.0,0.0,0
1.0,0.06652658526764109,0.29470180986239564,1.0,0.0,0.0,1.0,1.0,0.0,0.0,1.0,0.0,1.0,0
0.0,-1.0353453327523923,-1.5115101600802863,0.0,0.0,1.0,0.0,0.0,0.0,0.0,0.0,0.0,0.0,0
0.0,-0.950585954443159,1.1408997464656798,0.0,1.0,1.0,0.0,0.0,1.0,1.0,0.0,0.0,1.0,0
0.0,-0.44202968458775893,0.3293414914777351,1.0,0.0,1.0,0.0,0.0,0.0,0.0,1.0,0.0,1.0,0
0.0,-1.4167625351439423,0.11985389313735068,0.0,1.0,1.0,0.0,0.0,1.0,1.0,0.0,1.0,0.0,0
1.0,-0.44202968458775893,-1.0611942990808778,1.0,0.0,1.0,0.0,1.0,0.0,1.0,0.0,0.0,1.0,1
0.0,-0.9082062652885423,0.6542946952025828,0.0,1.0,1.0,0.0,0.0,0.0,0.0,1.0,1.0,0.0,0
0.0,-1.4167625351439423,0.984196424872479,0.0,1.0,1.0,0.0,0.0,1.0,1.0,0.0,0.0,1.0,1
1.0,0.4903234768138078,0.9578042864988874,0.0,1.0,0.0,1.0,0.0,0.0,1.0,0.0,0.0,1.0,0
1.0,-0.3148906171239089,1.4741004934322748,0.0,1.0,1.0,0.0,0.0,1.0,1.0,0.0,0.0,1.0,0
0.0,-1.1624844002162422,-1.5164586860253346,0.0,0.0,0.0,1.0,1.0,0.0,0.0,0.0,0.0,0.0,0
0.0,-1.332003156834709,-0.7131479742791375,1.0,0.0,1.0,0.0,0.0,1.0,1.0,0.0,0.0,1.0,1
0.0,0.4903234768138078,-1.5148091773769854,0.0,0.0,0.0,0.0,0.0,0.0,0.0,0.0,0.0,0.0,0
0.0,-1.332003156834709,-0.5745892478177809,1.0,0.0,1.0,0.0,0.0,0.0,1.0,0.0,1.0,0.0,0
1.0,0.6174625442776578,0.7219245497849114,0.0,1.0,1.0,0.0,0.0,1.0,1.0,0.0,0.0,1.0,1
0.0,-1.332003156834709,-1.5082111427835874,0.0,0.0,1.0,0.0,0.0,0.0,0.0,0.0,0.0,0.0,0
1.0,-0.696307819515459,-1.0298536347622376,1.0,0.0,1.0,0.0,0.0,0.0,0.0,1.0,1.0,0.0,0
1.0,1.2107781924422911,0.2699591801371534,1.0,0.0,0.0,0.0,0.0,0.0,0.0,1.0,1.0,0.0,0
1.0,-0.9082062652885423,0.1330499623241467,0.0,1.0,1.0,0.0,0.0,1.0,1.0,0.0,1.0,0.0,0
0.0,-1.3743828459893257,-1.5296547552121307,0.0,0.0,1.0,0.0,0.0,0.0,0.0,0.0,0.0,0.0,1
1.0,1.5498157056792243,1.4312132685751884,0.0,1.0,0.0,0.0,0.0,1.0,0.0,1.0,0.0,1.0,0
1.0,-1.3743828459893257,-1.40429209793757,0.0,0.0,1.0,0.0,0.0,0.0,0.0,0.0,0.0,0.0,0
1.0,0.4479437876591911,-0.2067488192358466,1.0,0.0,0.0,1.0,1.0,0.0,1.0,0.0,0.0,1.0,1
1.0,1.5498157056792243,1.2398702653666487,0.0,1.0,0.0,0.0,1.0,0.0,1.0,0.0,0.0,1.0,0
0.0,-0.10299217135082558,0.8076989994990847,0.0,1.0,1.0,0.0,0.0,1.0,0.0,1.0,1.0,0.0,0
0.0,0.7869813008961244,1.0237846324328668,0.0,1.0,0.0,0.0,1.0,0.0,1.0,0.0,0.0,1.0,0
1.0,1.3802969490607577,-1.524706229267082,0.0,0.0,0.0,0.0,1.0,0.0,0.0,0.0,0.0,0.0,0
1.0,-0.06061248219620892,-1.5362527898055285,0.0,0.0,0.0,1.0,0.0,0.0,0.0,0.0,0.0,0.0,0
1.0,0.9988797466692078,1.4823480366740223,0.0,1.0,0.0,0.0,0.0,0.0,0.0,1.0,0.0,1.0,0
1.0,-0.7810671978246922,-1.544500333047276,0.0,0.0,0.0,1.0,0.0,0.0,0.0,0.0,0.0,0.0,0
1.0,1.337917259906141,-0.5036603759387532,1.0,0.0,0.0,0.0,0.0,0.0,0.0,1.0,0.0,1.0,0
0.0,0.829360990050741,1.6604949706957663,0.0,1.0,1.0,0.0,0.0,1.0,0.0,1.0,0.0,1.0,0
1.0,1.0412594358238245,0.768110791938697,0.0,1.0,1.0,0.0,0.0,1.0,1.0,0.0,1.0,0.0,0
0.0,-0.7810671978246922,-1.5329537725088296,0.0,0.0,1.0,0.0,0.0,0.0,0.0,0.0,0.0,0.0,0
1.0,-0.6539281303608423,-1.5214072119703834,0.0,0.0,0.0,0.0,0.0,0.0,0.0,0.0,0.0,0.0,0
1.0,-0.8658265761339256,-1.5115101600802863,0.0,0.0,0.0,1.0,0.0,0.0,0.0,0.0,0.0,0.0,0
0.0,-1.077725021907009,-1.2096500774323313,1.0,0.0,1.0,0.0,0.0,0.0,1.0,0.0,1.0,0.0,1
1.0,1.1683985032876745,1.1046105562019914,0.0,1.0,0.0,1.0,0.0,0.0,0.0,1.0,0.0,1.0,0
0.0,-0.6539281303608423,0.7846058784221919,0.0,1.0,1.0,0.0,0.0,1.0,1.0,0.0,0.0,1.0,0
1.0,0.9141203683599745,1.135951220520631,0.0,1.0,1.0,0.0,0.0,1.0,1.0,0.0,0.0,1.0,0
0.0,-0.18775154966005891,1.0980125216085934,0.0,1.0,0.0,0.0,1.0,0.0,1.0,0.0,0.0,1.0,0
0.0,0.829360990050741,0.5074884254994788,0.0,1.0,1.0,0.0,0.0,1.0,1.0,0.0,1.0,0.0,0
0.0,-0.18775154966005891,-1.5197577033220337,0.0,0.0,0.0,1.0,0.0,0.0,0.0,0.0,0.0,0.0,0
0.0,-1.332003156834709,0.42336348443365535,0.0,1.0,1.0,0.0,0.0,1.0,1.0,0.0,0.0,1.0,1
0.0,-0.8234468869793089,0.12480241908239931,0.0,1.0,1.0,0.0,0.0,0.0,1.0,0.0,1.0,0.0,0
0.0,-0.7810671978246922,-1.5181081946736843,0.0,0.0,0.0,1.0,0.0,0.0,0.0,0.0,0.0,0.0,0
0.0,0.10890627442225775,0.5850153319719047,0.0,1.0,1.0,0.0,0.0,0.0,0.0,1.0,1.0,0.0,1
1.0,1.3802969490607577,1.6011126593551852,0.0,1.0,0.0,0.0,1.0,0.0,0.0,1.0,0.0,1.0,0
0.0,0.5750828551230411,-0.7378906040043797,1.0,0.0,1.0,0.0,0.0,0.0,1.0,0.0,1.0,0.0,0
1.0,1.337917259906141,0.9215150962351986,0.0,1.0,0.0,0.0,0.0,0.0,1.0,0.0,0.0,1.0,0
1.0,1.5074360165246077,0.5173854773895756,1.0,0.0,0.0,0.0,1.0,0.0,0.0,1.0,0.0,1.0,0
0.0,-1.4167625351439423,0.4382090622688008,0.0,1.0,1.0,0.0,0.0,1.0,1.0,0.0,1.0,0.0,0
0.0,-0.696307819515459,0.45140513145559635,0.0,1.0,1.0,0.0,0.0,1.0,1.0,0.0,1.0,0.0,1
1.0,-0.5691687520516089,-1.554397384937373,0.0,0.0,1.0,0.0,1.0,0.0,0.0,0.0,0.0,0.0,0
0.0,-0.950585954443159,-1.0150080569270925,1.0,0.0,0.0,0.0,0.0,0.0,1.0,0.0,1.0,0.0,0
1.0,1.5498157056792243,0.7054294633014165,1.0,0.0,0.0,0.0,1.0,0.0,0.0,1.0,0.0,1.0,0
1.0,-0.3572703062785256,-0.5383000575540923,1.0,0.0,1.0,0.0,0.0,0.0,1.0,0.0,1.0,0.0,0
0.0,0.9141203683599745,-0.4096383829828328,1.0,0.0,1.0,0.0,0.0,1.0,0.0,1.0,0.0,1.0,0
0.0,-1.332003156834709,0.7994514562573373,0.0,1.0,1.0,0.0,0.0,1.0,1.0,0.0,1.0,0.0,0
1.0,0.9988797466692078,0.9132675529934512,0.0,1.0,1.0,0.0,1.0,0.0,1.0,0.0,0.0,1.0,1
1.0,-0.4844093737423756,-1.4966645822451412,0.0,0.0,0.0,1.0,0.0,0.0,0.0,0.0,0.0,0.0,0
0.0,0.1512859635768744,-1.1898559736521375,1.0,0.0,1.0,0.0,0.0,0.0,1.0,0.0,1.0,0.0,1
1.0,-0.3572703062785256,0.5833658233235549,1.0,0.0,1.0,0.0,0.0,1.0,1.0,0.0,0.0,1.0,0
1.0,-1.077725021907009,-1.5214072119703834,0.0,0.0,1.0,0.0,0.0,0.0,0.0,0.0,0.0,0.0,0
0.0,0.06652658526764109,1.0765689091800499,0.0,1.0,1.0,0.0,1.0,0.0,1.0,0.0,0.0,1.0,1
1.0,0.23604534188610776,0.4646012006423924,0.0,1.0,1.0,0.0,0.0,1.0,1.0,0.0,1.0,0.0,0
0.0,-1.2048640893708589,1.1095590821470396,0.0,1.0,1.0,0.0,0.0,1.0,1.0,0.0,0.0,1.0,1
0.0,1.4226766382153744,-1.524706229267082,0.0,0.0,0.0,0.0,0.0,0.0,0.0,0.0,0.0,0.0,0
0.0,1.1260188141330578,0.6031599271037489,0.0,1.0,0.0,1.0,0.0,1.0,1.0,0.0,0.0,1.0,0
1.0,1.0412594358238245,-0.5317020229606945,1.0,0.0,0.0,1.0,0.0,1.0,0.0,1.0,1.0,0.0,0
0.0,-1.4167625351439423,0.5058389168511295,0.0,1.0,1.0,0.0,0.0,0.0,1.0,0.0,0.0,1.0,0
1.0,-0.6115484412062256,0.6707897816860776,0.0,1.0,1.0,0.0,0.0,1.0,1.0,0.0,1.0,0.0,1
1.0,-0.9082062652885423,1.1227551513338356,0.0,1.0,1.0,0.0,0.0,1.0,1.0,0.0,0.0,1.0,1
0.0,-1.0353453327523923,-1.0018119877402967,1.0,0.0,1.0,0.0,0.0,0.0,1.0,0.0,0.0,1.0,0
0.0,-0.6539281303608423,-1.5329537725088296,0.0,0.0,0.0,0.0,0.0,0.0,0.0,0.0,0.0,0.0,0
1.0,0.9988797466692078,1.4180171993883928,0.0,1.0,0.0,1.0,0.0,0.0,0.0,1.0,0.0,1.0,0
1.0,-1.1624844002162422,-1.554397384937373,0.0,0.0,0.0,0.0,0.0,0.0,0.0,0.0,0.0,0.0,0
0.0,0.23604534188610776,-0.3255134419170093,1.0,0.0,0.0,1.0,0.0,0.0,1.0,0.0,1.0,0.0,0
0.0,1.0836391249784412,1.3718309572346072,0.0,1.0,0.0,1.0,0.0,1.0,0.0,1.0,0.0,1.0,0
0.0,-0.9929656435977756,0.4547041487522956,0.0,1.0,1.0,0.0,1.0,0.0,1.0,0.0,1.0,0.0,0
0.0,0.1512859635768744,0.4711992352357904,0.0,1.0,0.0,0.0,0.0,1.0,1.0,0.0,1.0,0.0,1
0.0,0.5750828551230411,0.040677478016575855,1.0,0.0,0.0,0.0,1.0,0.0,0.0,1.0,1.0,0.0,0
1.0,1.465056327369991,-1.3531573298387363,0.0,0.0,0.0,0.0,0.0,0.0,0.0,0.0,0.0,0.0,0
1.0,0.4055640985045744,0.4151159411919079,1.0,0.0,0.0,1.0,0.0,0.0,1.0,0.0,0.0,1.0,0
1.0,-1.2896234676800922,0.4992408822577314,0.0,1.0,1.0,0.0,0.0,1.0,1.0,0.0,1.0,0.0,1
0.0,0.4055640985045744,1.1870859886194653,0.0,1.0,0.0,1.0,1.0,0.0,1.0,0.0,0.0,1.0,0
1.0,1.0836391249784412,-0.48881479810360784,1.0,0.0,0.0,0.0,0.0,0.0,1.0,0.0,0.0,1.0,0
1.0,1.5498157056792243,0.9808974075757803,0.0,1.0,0.0,0.0,1.0,0.0,0.0,1.0,0.0,1.0,0
1.0,1.5498157056792243,0.6031599271037489,1.0,0.0,0.0,0.0,0.0,0.0,0.0,1.0,0.0,1.0,0
1.0,-1.3743828459893257,-1.5527478762890232,0.0,0.0,0.0,0.0,0.0,0.0,0.0,0.0,0.0,0.0,0
0.0,-1.0353453327523923,-0.4096383829828328,1.0,0.0,1.0,0.0,0.0,1.0,1.0,0.0,1.0,0.0,1
1.0,-1.2896234676800922,-1.3564563471354352,1.0,0.0,1.0,0.0,0.0,0.0,1.0,0.0,1.0,0.0,0
1.0,-0.5691687520516089,0.456353657400645,0.0,1.0,1.0,0.0,0.0,0.0,1.0,0.0,0.0,1.0,0
0.0,1.3802969490607577,0.4777972698291884,1.0,0.0,0.0,0.0,0.0,1.0,1.0,0.0,0.0,1.0,0
1.0,1.1260188141330578,1.1211056426854862,0.0,1.0,1.0,0.0,0.0,1.0,1.0,0.0,0.0,1.0,1
0.0,-0.18775154966005891,-1.5098606514319368,0.0,0.0,0.0,0.0,1.0,0.0,0.0,0.0,0.0,0.0,0
0.0,-0.01823279304159225,-1.4983140908934904,0.0,0.0,1.0,0.0,1.0,0.0,0.0,0.0,0.0,0.0,0
1.0,0.6598422334322744,0.4118169238952092,1.0,0.0,0.0,1.0,0.0,0.0,1.0,0.0,0.0,1.0,0
0.0,-1.077725021907009,-0.4937633240486562,1.0,0.0,1.0,0.0,0.0,1.0,1.0,0.0,1.0,0.0,0
1.0,0.7022219225868911,-1.3647038903771826,0.0,0.0,0.0,0.0,0.0,0.0,0.0,0.0,0.0,0.0,0
0.0,-1.4167625351439423,-0.35850361488399896,1.0,0.0,1.0,0.0,0.0,1.0,1.0,0.0,1.0,0.0,0
1.0,0.6598422334322744,1.340490292915967,0.0,1.0,0.0,1.0,1.0,0.0,1.0,0.0,0.0,1.0,0
0.0,-0.9929656435977756,0.8291426119276277,0.0,1.0,1.0,0.0,0.0,1.0,1.0,0.0,0.0,1.0,1
0.0,-1.2472437785254755,-0.5498466180925387,1.0,0.0,1.0,0.0,0.0,0.0,1.0,0.0,1.0,0.0,0
0.0,-0.950585954443159,-1.5230567206187327,0.0,0.0,0.0,0.0,0.0,0.0,0.0,0.0,0.0,0.0,0
1.0,1.4226766382153744,1.2464682999600467,0.0,1.0,1.0,0.0,0.0,1.0,1.0,0.0,0.0,1.0,1
0.0,-0.7386875086700756,0.4744982525324892,0.0,1.0,1.0,0.0,0.0,0.0,1.0,0.0,1.0,0.0,0
1.0,-1.2472437785254755,-1.528005246563781,0.0,0.0,1.0,0.0,0.0,0.0,0.0,0.0,0.0,0.0,0
0.0,-1.3743828459893257,-1.5049121254868885,0.0,0.0,0.0,1.0,0.0,0.0,0.0,0.0,0.0,0.0,0
0.0,-0.5691687520516089,0.5569736849499632,0.0,1.0,1.0,0.0,0.0,1.0,1.0,0.0,1.0,0.0,0
1.0,1.5498157056792243,1.3899755523664514,0.0,1.0,0.0,0.0,1.0,0.0,0.0,1.0,0.0,1.0,0
0.0,0.7446016117415077,0.47614776118083857,0.0,1.0,1.0,0.0,0.0,0.0,1.0,0.0,1.0,0.0,0
1.0,1.5498157056792243,0.42501299308200474,0.0,1.0,0.0,0.0,1.0,0.0,0.0,1.0,1.0,0.0,0
1.0,1.5498157056792243,1.2217256702348045,0.0,1.0,0.0,1.0,0.0,0.0,1.0,0.0,0.0,1.0,0
1.0,0.9988797466692078,-0.8286135796636012,1.0,0.0,1.0,0.0,1.0,0.0,1.0,0.0,1.0,0.0,1
0.0,0.32080472019534106,-1.3548068384870855,0.0,0.0,0.0,0.0,0.0,1.0,0.0,0.0,0.0,0.0,0
0.0,-0.8234468869793089,-1.5329537725088296,0.0,0.0,1.0,0.0,0.0,0.0,0.0,0.0,0.0,0.0,1
0.0,-0.950585954443159,-0.3634521408290473,1.0,0.0,0.0,1.0,0.0,0.0,0.0,1.0,1.0,0.0,0
1.0,0.6174625442776578,1.3124486458940259,0.0,1.0,1.0,0.0,0.0,0.0,0.0,1.0,0.0,1.0,1
1.0,0.9988797466692078,0.8967724665099563,0.0,1.0,1.0,0.0,0.0,1.0,1.0,0.0,0.0,1.0,0
0.0,0.4903234768138078,-1.5082111427835874,0.0,0.0,0.0,0.0,1.0,0.0,0.0,0.0,0.0,0.0,0
0.0,-1.332003156834709,-1.5181081946736843,0.0,0.0,1.0,0.0,0.0,0.0,0.0,0.0,0.0,0.0,0
1.0,0.4055640985045744,-1.369652416322231,0.0,0.0,0.0,0.0,1.0,0.0,0.0,0.0,0.0,0.0,0
1.0,1.2107781924422911,0.7945029303122887,0.0,1.0,0.0,1.0,0.0,0.0,1.0,0.0,1.0,0.0,0
1.0,1.5498157056792243,1.645649392860621,0.0,1.0,0.0,0.0,1.0,0.0,0.0,1.0,0.0,1.0,0
0.0,-1.3743828459893257,-1.311919613629999,0.0,0.0,0.0,0.0,0.0,0.0,0.0,0.0,0.0,0.0,0
1.0,0.4903234768138078,0.6312015741256899,0.0,1.0,1.0,0.0,0.0,1.0,1.0,0.0,1.0,0.0,1
1.0,1.5498157056792243,1.5103896836959636,0.0,1.0,0.0,0.0,1.0,0.0,0.0,1.0,0.0,1.0,0
1.0,1.0836391249784412,1.1392502378173304,0.0,1.0,0.0,1.0,0.0,0.0,0.0,1.0,1.0,0.0,0
0.0,-1.332003156834709,0.9314121481252958,0.0,1.0,1.0,0.0,1.0,0.0,0.0,1.0,1.0,0.0,1
1.0,1.5074360165246077,1.0237846324328668,0.0,1.0,0.0,0.0,0.0,1.0,0.0,1.0,0.0,1.0,0
0.0,-0.950585954443159,0.49429235631268326,0.0,1.0,1.0,0.0,0.0,1.0,1.0,0.0,1.0,0.0,1
1.0,0.7022219225868911,0.9380101827186934,0.0,1.0,1.0,0.0,1.0,0.0,1.0,0.0,0.0,1.0,0
0.0,-1.1624844002162422,-0.6933538704989436,1.0,0.0,1.0,0.0,0.0,0.0,1.0,0.0,1.0,0.0,1
1.0,1.3802969490607577,-0.3222144246203103,1.0,0.0,0.0,0.0,0.0,0.0,0.0,1.0,1.0,0.0,0
0.0,-1.3743828459893257,0.6559442038509321,0.0,1.0,1.0,0.0,0.0,0.0,0.0,1.0,1.0,0.0,0
0.0,-0.9929656435977756,-0.5383000575540923,1.0,0.0,0.0,0.0,0.0,0.0,0.0,1.0,1.0,0.0,0
1.0,1.2955375707515244,0.04232698666492524,1.0,0.0,1.0,0.0,1.0,0.0,0.0,1.0,1.0,0.0,0
1.0,0.829360990050741,0.7912039130155899,1.0,0.0,0.0,1.0,0.0,1.0,0.0,1.0,0.0,1.0,0
0.0,1.2531578815969078,1.4806985280256728,0.0,1.0,1.0,0.0,0.0,0.0,0.0,1.0,0.0,1.0,0
0.0,0.6174625442776578,-1.544500333047276,0.0,0.0,0.0,1.0,0.0,0.0,0.0,0.0,0.0,0.0,0
1.0,-1.077725021907009,0.053873547203371425,1.0,0.0,1.0,0.0,0.0,0.0,1.0,0.0,0.0,1.0,0
0.0,-0.6115484412062256,-1.4983140908934904,0.0,0.0,1.0,0.0,0.0,0.0,0.0,0.0,0.0,0.0,0
1.0,0.5327031659684244,-1.2096500774323313,1.0,0.0,1.0,0.0,0.0,0.0,1.0,0.0,1.0,0.0,0
1.0,-0.7810671978246922,0.5058389168511295,0.0,1.0,1.0,0.0,1.0,0.0,1.0,0.0,1.0,0.0,1
1.0,0.9988797466692078,1.347088327509365,0.0,1.0,0.0,1.0,0.0,0.0,0.0,1.0,1.0,0.0,0
1.0,-0.06061248219620892,-0.11602584357662511,1.0,0.0,1.0,0.0,0.0,1.0,0.0,1.0,1.0,0.0,1
0.0,-0.5691687520516089,-0.036849428455850056,1.0,0.0,1.0,0.0,0.0,0.0,0.0,1.0,1.0,0.0,0
0.0,-0.8658265761339256,0.8967724665099563,0.0,1.0,1.0,0.0,0.0,1.0,1.0,0.0,0.0,1.0,1
1.0,-0.5267890628969922,-1.3383117520035908,0.0,0.0,0.0,0.0,0.0,0.0,0.0,0.0,0.0,0.0,0
0.0,-0.7386875086700756,0.78955440436724,0.0,1.0,1.0,0.0,0.0,1.0,1.0,0.0,1.0,0.0,1
0.0,-0.8658265761339256,0.5998609098070496,0.0,1.0,1.0,0.0,0.0,0.0,0.0,1.0,1.0,0.0,0
0.0,-1.4167625351439423,0.4744982525324892,0.0,1.0,1.0,0.0,0.0,1.0,1.0,0.0,1.0,0.0,1
0.0,1.1260188141330578,-0.03519991980750067,1.0,0.0,0.0,0.0,0.0,0.0,0.0,1.0,1.0,0.0,0
1.0,-1.4167625351439423,-0.7114984656307878,1.0,0.0,1.0,0.0,0.0,0.0,1.0,0.0,1.0,0.0,1
0.0,-0.3996499954331423,0.6460471519608353,0.0,1.0,1.0,0.0,0.0,1.0,1.0,0.0,0.0,1.0,0
1.0,1.1260188141330578,1.576370029629943,0.0,1.0,0.0,0.0,0.0,0.0,0.0,1.0,0.0,1.0,0
0.0,0.024146896113024417,0.28810377526899805,0.0,1.0,1.0,0.0,1.0,0.0,1.0,0.0,1.0,0.0,0
1.0,1.2107781924422911,0.8456376984111225,0.0,1.0,1.0,0.0,0.0,1.0,0.0,1.0,1.0,0.0,0
1.0,0.36318440934995777,-0.208398327884196,1.0,0.0,0.0,1.0,1.0,0.0,0.0,1.0,1.0,0.0,0
0.0,-1.3743828459893257,0.9545052692021881,0.0,1.0,1.0,0.0,0.0,1.0,1.0,0.0,0.0,1.0,1
0.0,-1.1624844002162422,-1.5494488589923243,0.0,0.0,1.0,0.0,0.0,0.0,0.0,0.0,0.0,0.0,0
0.0,-0.696307819515459,-1.3680029076738813,0.0,0.0,1.0,0.0,1.0,0.0,0.0,0.0,0.0,0.0,0
0.0,-1.2048640893708589,0.40851790659850995,0.0,1.0,1.0,0.0,1.0,0.0,1.0,0.0,1.0,0.0,0
1.0,-1.3743828459893257,-0.3420085284005041,1.0,0.0,1.0,0.0,0.0,0.0,1.0,0.0,1.0,0.0,0
1.0,1.337917259906141,-0.39479280514768733,1.0,0.0,0.0,0.0,1.0,0.0,0.0,1.0,1.0,0.0,0
1.0,-0.5691687520516089,-0.37829771866419254,1.0,0.0,1.0,0.0,0.0,0.0,1.0,0.0,1.0,0.0,0
0.0,-0.3996499954331423,-0.5498466180925387,1.0,0.0,1.0,0.0,0.0,0.0,1.0,0.0,1.0,0.0,0
1.0,1.5074360165246077,-1.363054381728833,0.0,0.0,0.0,0.0,1.0,0.0,0.0,0.0,0.0,0.0,0
1.0,-0.950585954443159,-1.5379022984538782,0.0,0.0,0.0,0.0,0.0,0.0,0.0,0.0,0.0,0.0,0
0.0,-0.4844093737423756,0.1264519277307487,0.0,1.0,1.0,0.0,0.0,0.0,1.0,0.0,1.0,0.0,0
1.0,-1.077725021907009,0.6394491173674374,0.0,1.0,1.0,0.0,0.0,1.0,1.0,0.0,1.0,0.0,1
0.0,1.0412594358238245,1.6637939879924653,0.0,1.0,0.0,1.0,0.0,0.0,0.0,1.0,0.0,1.0,0
0.0,-1.2896234676800922,0.2963513185107455,1.0,0.0,1.0,0.0,1.0,0.0,1.0,0.0,0.0,1.0,0
0.0,0.19366565273149108,-0.03519991980750067,1.0,0.0,1.0,0.0,0.0,0.0,0.0,1.0,0.0,1.0,0
0.0,1.5498157056792243,1.3635834139928598,0.0,1.0,0.0,0.0,0.0,0.0,1.0,0.0,0.0,1.0,0
1.0,0.1512859635768744,1.1145076080920882,0.0,1.0,1.0,0.0,0.0,0.0,1.0,0.0,0.0,1.0,0
0.0,-1.2896234676800922,-1.524706229267082,0.0,0.0,1.0,0.0,0.0,0.0,0.0,0.0,0.0,0.0,0
1.0,1.5074360165246077,0.8934734492132576,0.0,1.0,1.0,0.0,1.0,0.0,1.0,0.0,1.0,0.0,0
0.0,-0.06061248219620892,0.1264519277307487,0.0,1.0,1.0,0.0,0.0,0.0,1.0,0.0,1.0,0.0,1
0.0,0.06652658526764109,-1.5296547552121307,0.0,0.0,0.0,1.0,0.0,1.0,0.0,0.0,0.0,0.0,0
1.0,0.9565000575145911,0.29800082715909487,1.0,0.0,0.0,1.0,0.0,0.0,1.0,0.0,0.0,1.0,0
0.0,-0.6539281303608423,-1.5395518071022276,0.0,0.0,0.0,1.0,0.0,0.0,0.0,0.0,0.0,0.0,0
1.0,-0.950585954443159,-1.4950150735967915,0.0,0.0,0.0,0.0,0.0,0.0,0.0,0.0,0.0,0.0,0
0.0,0.19366565273149108,-1.534603281157179,0.0,0.0,0.0,0.0,0.0,0.0,0.0,0.0,0.0,0.0,0
0.0,-1.077725021907009,-1.493365564948442,0.0,0.0,1.0,0.0,0.0,0.0,0.0,0.0,0.0,0.0,0
1.0,0.7022219225868911,0.9924439681142264,0.0,1.0,0.0,0.0,1.0,0.0,1.0,0.0,1.0,0.0,1
1.0,0.23604534188610776,-0.40304034838943475,1.0,0.0,1.0,0.0,0.0,1.0,1.0,0.0,0.0,1.0,0
0.0,1.5074360165246077,1.7314238425747943,0.0,1.0,0.0,0.0,0.0,1.0,0.0,1.0,0.0,1.0,0
1.0,-0.14537186050544226,1.0782184178283993,0.0,1.0,1.0,0.0,0.0,1.0,1.0,0.0,0.0,1.0,0
1.0,0.5750828551230411,0.971000355685683,0.0,1.0,1.0,0.0,0.0,1.0,1.0,0.0,0.0,1.0,1
1.0,0.829360990050741,1.5648234690914964,0.0,1.0,0.0,0.0,0.0,1.0,1.0,0.0,0.0,1.0,0
1.0,-0.27251092796929227,-1.321816665520096,0.0,0.0,0.0,0.0,0.0,0.0,0.0,0.0,0.0,0.0,0
1.0,1.3802969490607577,0.15614308340103955,1.0,0.0,0.0,0.0,0.0,0.0,0.0,1.0,1.0,0.0,0
1.0,0.19366565273149108,1.159044341597524,0.0,1.0,1.0,0.0,0.0,1.0,1.0,0.0,0.0,1.0,1
1.0,-0.9929656435977756,0.4184149584886067,1.0,0.0,0.0,1.0,0.0,1.0,0.0,1.0,0.0,1.0,0
1.0,-0.44202968458775893,0.650995677905884,0.0,1.0,1.0,0.0,0.0,1.0,1.0,0.0,0.0,1.0,0
0.0,0.5327031659684244,0.42006446713695655,1.0,0.0,0.0,0.0,0.0,0.0,1.0,0.0,0.0,1.0,0
1.0,1.2531578815969078,0.11160634989560327,1.0,0.0,0.0,0.0,0.0,0.0,0.0,1.0,1.0,0.0,0
0.0,0.4903234768138078,-1.5049121254868885,0.0,0.0,0.0,0.0,0.0,0.0,0.0,0.0,0.0,0.0,0
1.0,0.6174625442776578,1.2431692826633474,0.0,1.0,1.0,0.0,1.0,0.0,1.0,0.0,0.0,1.0,1
0.0,-0.3996499954331423,0.5866648406202541,0.0,1.0,1.0,0.0,0.0,1.0,1.0,0.0,1.0,0.0,1
1.0,0.6174625442776578,-1.3597553644321339,0.0,0.0,0.0,0.0,0.0,0.0,0.0,0.0,0.0,0.0,0
1.0,1.2531578815969078,1.4064706388499462,0.0,1.0,1.0,0.0,1.0,0.0,1.0,0.0,0.0,1.0,0
1.0,0.6174625442776578,1.4345122858718877,0.0,1.0,1.0,0.0,1.0,0.0,0.0,1.0,0.0,1.0,0
1.0,-0.10299217135082558,0.7400691449167556,0.0,1.0,1.0,0.0,0.0,0.0,1.0,0.0,1.0,0.0,0
0.0,-0.3996499954331423,-1.5428508243989265,0.0,0.0,0.0,1.0,0.0,0.0,0.0,0.0,0.0,0.0,0
1.0,0.9988797466692078,-0.5251039883672964,1.0,0.0,1.0,0.0,0.0,1.0,1.0,0.0,0.0,1.0,0
0.0,0.4479437876591911,-1.5214072119703834,0.0,0.0,0.0,0.0,1.0,0.0,0.0,0.0,0.0,0.0,0
0.0,1.337917259906141,1.1623433588942231,0.0,1.0,1.0,0.0,0.0,0.0,1.0,0.0,0.0,1.0,0
1.0,0.6598422334322744,0.428312010378704,0.0,1.0,1.0,0.0,1.0,0.0,0.0,1.0,1.0,0.0,0
0.0,-1.0353453327523923,-0.9935644444985493,1.0,0.0,0.0,1.0,0.0,0.0,0.0,1.0,1.0,0.0,0
1.0,0.6598422334322744,0.29800082715909487,1.0,0.0,0.0,0.0,1.0,0.0,1.0,0.0,0.0,1.0,0
0.0,-1.4167625351439423,0.14954504880764152,0.0,1.0,1.0,0.0,0.0,1.0,1.0,0.0,1.0,0.0,1
0.0,-1.2896234676800922,0.7648117746419978,0.0,1.0,1.0,0.0,0.0,1.0,1.0,0.0,1.0,0.0,1
1.0,1.2107781924422911,-1.3581058557837846,0.0,0.0,0.0,0.0,0.0,0.0,0.0,0.0,0.0,0.0,0
1.0,-1.2048640893708589,-0.06489107547779105,1.0,0.0,1.0,0.0,0.0,1.0,0.0,1.0,1.0,0.0,0
1.0,1.337917259906141,0.05552305585172081,1.0,0.0,0.0,0.0,0.0,0.0,0.0,1.0,1.0,0.0,0
1.0,-0.9082062652885423,-1.3399612606519404,0.0,0.0,1.0,0.0,0.0,0.0,0.0,0.0,0.0,0.0,0
1.0,-0.10299217135082558,1.261313877795192,0.0,1.0,1.0,0.0,0.0,1.0,1.0,0.0,0.0,1.0,1
1.0,1.5498157056792243,0.8934734492132576,1.0,0.0,0.0,0.0,1.0,0.0,0.0,1.0,0.0,1.0,0
1.0,0.36318440934995777,-1.506561634135238,0.0,0.0,0.0,1.0,1.0,0.0,0.0,0.0,0.0,0.0,0
0.0,0.4479437876591911,-1.524706229267082,0.0,0.0,0.0,0.0,0.0,1.0,0.0,0.0,0.0,0.0,0
1.0,-0.27251092796929227,0.713677006543164,0.0,1.0,1.0,0.0,0.0,0.0,1.0,0.0,0.0,1.0,0
0.0,-0.2301312388146756,-0.05499402358769426,1.0,0.0,0.0,1.0,0.0,0.0,1.0,0.0,0.0,1.0,0
0.0,1.465056327369991,-0.7296430607626323,1.0,0.0,0.0,1.0,0.0,0.0,1.0,0.0,0.0,1.0,0
0.0,-0.950585954443159,1.0056400373010226,0.0,1.0,1.0,0.0,0.0,1.0,0.0,1.0,0.0,1.0,1
1.0,-1.2896234676800922,-0.5531456353892377,1.0,0.0,1.0,0.0,0.0,0.0,0.0,1.0,1.0,0.0,0
1.0,1.0836391249784412,0.9231646048835485,0.0,1.0,1.0,0.0,0.0,0.0,1.0,0.0,1.0,0.0,0
0.0,-0.44202968458775893,-1.5494488589923243,0.0,0.0,1.0,0.0,0.0,0.0,0.0,0.0,0.0,0.0,0
1.0,1.2107781924422911,0.4992408822577314,1.0,0.0,0.0,0.0,0.0,0.0,0.0,1.0,1.0,0.0,0
1.0,-0.4844093737423756,0.8901744319165588,0.0,1.0,1.0,0.0,0.0,1.0,1.0,0.0,0.0,1.0,1
0.0,-0.696307819515459,0.8060494908507349,0.0,1.0,1.0,0.0,0.0,1.0,0.0,1.0,0.0,1.0,1
1.0,0.829360990050741,0.38212576822491834,0.0,1.0,1.0,0.0,0.0,0.0,1.0,0.0,1.0,0.0,0
0.0,-0.8234468869793089,0.29470180986239564,0.0,1.0,1.0,0.0,1.0,0.0,1.0,0.0,1.0,0.0,0
1.0,-0.8658265761339256,1.178838445377718,0.0,1.0,0.0,1.0,0.0,1.0,0.0,1.0,0.0,1.0,0
1.0,-0.8234468869793089,0.3045988617524929,0.0,1.0,1.0,0.0,0.0,1.0,1.0,0.0,1.0,0.0,0
0.0,1.3802969490607577,-1.5362527898055285,0.0,0.0,0.0,0.0,0.0,0.0,0.0,0.0,0.0,0.0,0
0.0,-1.2896234676800922,-1.3811989768606774,1.0,0.0,1.0,0.0,0.0,0.0,1.0,0.0,1.0,0.0,0
0.0,-0.3572703062785256,-0.31231737273021326,1.0,0.0,1.0,0.0,0.0,0.0,0.0,1.0,1.0,0.0,0
0.0,1.1260188141330578,-1.5230567206187327,0.0,0.0,0.0,0.0,1.0,0.0,0.0,0.0,0.0,0.0,0
1.0,-0.950585954443159,-0.010457290082258446,1.0,0.0,1.0,0.0,0.0,1.0,0.0,1.0,1.0,0.0,0
1.0,1.4226766382153744,0.6031599271037489,0.0,1.0,0.0,1.0,1.0,0.0,0.0,1.0,1.0,0.0,0
0.0,-1.1201047110616256,0.9808974075757803,0.0,1.0,1.0,0.0,1.0,0.0,1.0,0.0,0.0,1.0,0
1.0,-0.6539281303608423,-1.3399612606519404,0.0,0.0,1.0,0.0,1.0,0.0,0.0,0.0,0.0,0.0,0
1.0,-0.5267890628969922,0.5817163146752055,0.0,1.0,1.0,0.0,0.0,1.0,1.0,0.0,1.0,0.0,1
1.0,-0.14537186050544226,1.101311538905292,0.0,1.0,1.0,0.0,0.0,0.0,0.0,1.0,0.0,1.0,1
1.0,-0.6539281303608423,0.4893438303676346,0.0,1.0,1.0,0.0,0.0,0.0,1.0,0.0,1.0,0.0,0
1.0,0.2784250310407244,-1.544500333047276,0.0,0.0,0.0,0.0,0.0,0.0,0.0,0.0,0.0,0.0,0
0.0,-1.2896234676800922,0.7796573524771433,0.0,1.0,1.0,0.0,0.0,1.0,1.0,0.0,1.0,0.0,1
0.0,0.06652658526764109,0.8060494908507349,1.0,0.0,0.0,1.0,1.0,0.0,0.0,1.0,0.0,1.0,0
1.0,1.5498157056792243,0.7714098092353958,1.0,0.0,0.0,0.0,0.0,0.0,0.0,1.0,0.0,1.0,0
0.0,-0.8234468869793089,0.4151159411919079,0.0,1.0,1.0,0.0,0.0,1.0,1.0,0.0,1.0,0.0,0
0.0,0.23604534188610776,0.7367701276200568,0.0,1.0,1.0,0.0,1.0,0.0,1.0,0.0,0.0,1.0,0
0.0,-1.077725021907009,-1.5230567206187327,0.0,0.0,1.0,0.0,0.0,0.0,0.0,0.0,0.0,0.0,0
1.0,0.9565000575145911,-1.513159668728636,0.0,0.0,0.0,0.0,0.0,0.0,0.0,0.0,0.0,0.0,0
1.0,-0.5267890628969922,1.2629633864435414,0.0,1.0,1.0,0.0,0.0,1.0,1.0,0.0,0.0,1.0,0
1.0,-0.5267890628969922,-0.21334685382924437,1.0,0.0,0.0,0.0,0.0,0.0,1.0,0.0,1.0,0.0,0
0.0,0.8717406792053578,1.340490292915967,0.0,1.0,0.0,1.0,0.0,1.0,1.0,0.0,0.0,1.0,0
0.0,-0.3996499954331423,-0.003859255488860427,1.0,0.0,1.0,0.0,0.0,1.0,1.0,0.0,1.0,0.0,0
0.0,-1.332003156834709,-0.35850361488399896,1.0,0.0,1.0,0.0,0.0,0.0,1.0,0.0,1.0,0.0,0
0.0,0.23604534188610776,-1.5313042638604801,0.0,0.0,0.0,1.0,0.0,0.0,0.0,0.0,0.0,0.0,0
1.0,0.4903234768138078,1.1326522032239323,0.0,1.0,1.0,0.0,0.0,1.0,1.0,0.0,0.0,1.0,0
0.0,-0.7810671978246922,0.8175960513891815,0.0,1.0,1.0,0.0,0.0,0.0,1.0,0.0,1.0,0.0,0
0.0,-1.1201047110616256,-1.5148091773769854,0.0,0.0,1.0,0.0,0.0,0.0,0.0,0.0,0.0,0.0,0
1.0,-0.3572703062785256,0.30789787904919164,0.0,1.0,1.0,0.0,0.0,1.0,1.0,0.0,1.0,0.0,1
1.0,0.5750828551230411,0.6312015741256899,0.0,1.0,1.0,0.0,0.0,0.0,1.0,0.0,0.0,1.0,0
1.0,-0.5691687520516089,0.4118169238952092,1.0,0.0,0.0,1.0,0.0,0.0,1.0,0.0,0.0,1.0,0
1.0,0.6174625442776578,1.2382207567182992,0.0,1.0,1.0,0.0,0.0,1.0,1.0,0.0,0.0,1.0,1
0.0,0.10890627442225775,0.1462460315109423,1.0,0.0,0.0,1.0,0.0,0.0,0.0,1.0,0.0,1.0,0
0.0,-1.332003156834709,0.6905838854662711,0.0,1.0,1.0,0.0,0.0,0.0,1.0,0.0,1.0,0.0,1
0.0,-1.1624844002162422,0.4596526746973438,0.0,1.0,1.0,0.0,1.0,0.0,1.0,0.0,0.0,1.0,1
0.0,-1.0353453327523923,-0.691704361850594,1.0,0.0,1.0,0.0,0.0,0.0,1.0,0.0,1.0,0.0,0
0.0,-0.696307819515459,-1.524706229267082,0.0,0.0,0.0,0.0,0.0,0.0,0.0,0.0,0.0,0.0,0
0.0,-0.8234468869793089,0.754914722751901,0.0,1.0,1.0,0.0,0.0,0.0,1.0,0.0,1.0,0.0,1
0.0,1.5498157056792243,1.498843123157517,0.0,1.0,0.0,0.0,1.0,0.0,1.0,0.0,0.0,1.0,0
1.0,1.5498157056792243,0.8126475254441329,0.0,1.0,0.0,0.0,0.0,0.0,1.0,0.0,1.0,0.0,0
0.0,-1.0353453327523923,0.3903733114666657,0.0,1.0,1.0,0.0,0.0,0.0,1.0,0.0,1.0,0.0,0
1.0,1.2107781924422911,-1.3399612606519404,0.0,0.0,0.0,0.0,0.0,0.0,0.0,0.0,0.0,0.0,0
1.0,1.2531578815969078,0.8753288540814134,0.0,1.0,0.0,0.0,0.0,0.0,0.0,1.0,0.0,1.0,0
0.0,0.4479437876591911,1.2877060161687837,0.0,1.0,0.0,1.0,1.0,0.0,0.0,1.0,0.0,1.0,1
0.0,-0.950585954443159,0.6081084530487971,0.0,1.0,1.0,0.0,0.0,1.0,1.0,0.0,1.0,0.0,1
0.0,-1.4167625351439423,0.42336348443365535,0.0,1.0,1.0,0.0,0.0,1.0,1.0,0.0,0.0,1.0,1
0.0,0.7022219225868911,-1.5016131081901896,0.0,0.0,0.0,1.0,0.0,0.0,0.0,0.0,0.0,0.0,0
1.0,-1.332003156834709,-1.4950150735967915,0.0,0.0,1.0,0.0,0.0,0.0,0.0,0.0,0.0,0.0,0
0.0,-0.3996499954331423,0.29140279256569684,1.0,0.0,0.0,1.0,1.0,0.0,0.0,1.0,0.0,1.0,0
1.0,-0.2301312388146756,0.7879048957188907,0.0,1.0,1.0,0.0,0.0,1.0,1.0,0.0,0.0,1.0,0
0.0,-1.4167625351439423,-0.5580941613342861,1.0,0.0,1.0,0.0,0.0,1.0,0.0,1.0,1.0,0.0,1
0.0,0.1512859635768744,-0.40633936568613377,1.0,0.0,0.0,0.0,0.0,0.0,1.0,0.0,1.0,0.0,0
1.0,-1.2896234676800922,-0.3453075456972029,1.0,0.0,1.0,0.0,0.0,0.0,1.0,0.0,1.0,0.0,0
1.0,1.5074360165246077,-1.5197577033220337,0.0,0.0,0.0,0.0,1.0,0.0,0.0,0.0,0.0,0.0,0
1.0,0.829360990050741,1.2382207567182992,0.0,1.0,0.0,1.0,1.0,0.0,1.0,0.0,0.0,1.0,0
0.0,1.0412594358238245,-0.7164469915758362,1.0,0.0,0.0,1.0,0.0,1.0,0.0,1.0,1.0,0.0,0
0.0,-1.2472437785254755,0.9033705011033544,0.0,1.0,1.0,0.0,1.0,0.0,1.0,0.0,0.0,1.0,1
0.0,-0.9082062652885423,-0.35190558029060093,1.0,0.0,1.0,0.0,0.0,0.0,1.0,0.0,1.0,0.0,0
1.0,0.5327031659684244,0.1165548758406519,1.0,0.0,0.0,1.0,1.0,0.0,0.0,1.0,0.0,1.0,0
0.0,-1.2048640893708589,-1.5115101600802863,0.0,0.0,1.0,0.0,0.0,0.0,0.0,0.0,0.0,0.0,0
0.0,0.10890627442225775,0.06542010774181807,1.0,0.0,1.0,0.0,0.0,0.0,1.0,0.0,1.0,0.0,0
0.0,-0.8658265761339256,-0.6686112407737014,1.0,0.0,0.0,1.0,0.0,0.0,0.0,1.0,1.0,0.0,0
0.0,-1.2896234676800922,0.31284640499424027,0.0,1.0,1.0,0.0,0.0,0.0,1.0,0.0,1.0,0.0,0
1.0,-1.077725021907009,0.8687308194880153,0.0,1.0,1.0,0.0,0.0,0.0,1.0,0.0,0.0,1.0,1
1.0,1.5074360165246077,0.6773878162794755,0.0,1.0,0.0,1.0,1.0,0.0,0.0,1.0,1.0,0.0,0
0.0,1.5074360165246077,-0.3205649159719607,1.0,0.0,0.0,1.0,0.0,1.0,0.0,1.0,0.0,1.0,0
1.0,1.5498157056792243,-0.4079888743344834,1.0,0.0,0.0,0.0,0.0,0.0,0.0,1.0,0.0,1.0,0
0.0,-1.3743828459893257,-1.534603281157179,0.0,0.0,1.0,0.0,0.0,0.0,0.0,0.0,0.0,0.0,0
0.0,-1.4167625351439423,-1.1799589217620405,1.0,0.0,1.0,0.0,0.0,1.0,1.0,0.0,1.0,0.0,1
1.0,-0.6115484412062256,0.3738782249831709,1.0,0.0,0.0,1.0,0.0,0.0,0.0,1.0,0.0,1.0,1
1.0,1.5498157056792243,1.1343017118722818,0.0,1.0,0.0,0.0,1.0,0.0,0.0,1.0,1.0,0.0,0
0.0,-0.9082062652885423,0.302949353104143,0.0,1.0,1.0,0.0,0.0,1.0,1.0,0.0,1.0,0.0,1
0.0,-1.4167625351439423,0.14954504880764152,0.0,1.0,1.0,0.0,0.0,0.0,1.0,0.0,1.0,0.0,1
1.0,1.2531578815969078,0.15944210069773831,1.0,0.0,0.0,0.0,1.0,0.0,0.0,1.0,1.0,0.0,0
1.0,0.829360990050741,-0.28427572570827225,1.0,0.0,0.0,0.0,1.0,0.0,0.0,1.0,1.0,0.0,1
1.0,-0.696307819515459,-0.5465476007958396,1.0,0.0,1.0,0.0,1.0,0.0,1.0,0.0,1.0,0.0,0
0.0,-1.2472437785254755,0.10170929800550647,0.0,1.0,1.0,0.0,0.0,0.0,1.0,0.0,1.0,0.0,1
0.0,1.337917259906141,-0.18695471545565276,1.0,0.0,0.0,1.0,0.0,0.0,0.0,1.0,1.0,0.0,0
0.0,-0.5267890628969922,-1.3647038903771826,0.0,0.0,0.0,1.0,0.0,0.0,0.0,0.0,0.0,0.0,0
1.0,-1.3743828459893257,-1.1684123612235942,1.0,0.0,1.0,0.0,0.0,1.0,1.0,0.0,1.0,0.0,0
1.0,-0.3148906171239089,0.490993339015984,0.0,1.0,1.0,0.0,0.0,1.0,1.0,0.0,1.0,0.0,1
0.0,-1.2472437785254755,-1.5164586860253346,0.0,0.0,1.0,0.0,0.0,0.0,0.0,0.0,0.0,0.0,0
1.0,1.0412594358238245,0.42501299308200474,1.0,0.0,1.0,0.0,0.0,0.0,0.0,1.0,0.0,1.0,0
0.0,-1.2896234676800922,-0.018704833324005854,1.0,0.0,1.0,0.0,1.0,0.0,1.0,0.0,1.0,0.0,0
0.0,1.2955375707515244,-0.619125981323217,1.0,0.0,0.0,0.0,0.0,0.0,0.0,1.0,1.0,0.0,0
0.0,0.5327031659684244,-0.70490043103739,1.0,0.0,1.0,0.0,0.0,1.0,0.0,1.0,0.0,1.0,0
0.0,0.4055640985045744,-0.7873758634548641,1.0,0.0,0.0,1.0,1.0,0.0,0.0,1.0,1.0,0.0,0
1.0,1.4226766382153744,-1.325115682816795,0.0,0.0,0.0,0.0,1.0,0.0,0.0,0.0,0.0,0.0,0
0.0,1.0412594358238245,1.2794584729270364,0.0,1.0,1.0,0.0,1.0,0.0,0.0,1.0,0.0,1.0,0
1.0,1.0836391249784412,1.1128580994437387,0.0,1.0,0.0,1.0,0.0,1.0,1.0,0.0,0.0,1.0,0
1.0,0.32080472019534106,-0.3304619678620577,1.0,0.0,1.0,0.0,0.0,1.0,1.0,0.0,0.0,1.0,1
1.0,0.5750828551230411,1.3355417669709189,0.0,1.0,0.0,0.0,0.0,0.0,0.0,1.0,1.0,0.0,0
0.0,-1.0353453327523923,0.9248141135318978,0.0,1.0,1.0,0.0,0.0,1.0,1.0,0.0,1.0,0.0,0
1.0,1.2955375707515244,0.45140513145559635,1.0,0.0,0.0,0.0,1.0,0.0,1.0,0.0,0.0,1.0,0
1.0,-1.3743828459893257,0.44480709686219877,0.0,1.0,1.0,0.0,1.0,0.0,1.0,0.0,1.0,0.0,1
0.0,1.0412594358238245,-1.528005246563781,0.0,0.0,0.0,0.0,1.0,0.0,0.0,0.0,0.0,0.0,0
0.0,-1.3743828459893257,-1.5313042638604801,0.0,0.0,1.0,0.0,0.0,1.0,0.0,0.0,0.0,0.0,1
1.0,1.5498157056792243,1.317397171839074,0.0,1.0,0.0,1.0,1.0,0.0,0.0,1.0,0.0,1.0,0
0.0,-0.696307819515459,-1.506561634135238,0.0,0.0,0.0,0.0,0.0,0.0,0.0,0.0,0.0,0.0,0
0.0,-1.1624844002162422,-1.5082111427835874,0.0,0.0,1.0,0.0,0.0,0.0,0.0,0.0,0.0,0.0,0
0.0,-1.3743828459893257,0.30789787904919164,0.0,1.0,1.0,0.0,0.0,1.0,1.0,0.0,1.0,0.0,1
0.0,-1.4167625351439423,0.31779493093928846,0.0,1.0,1.0,0.0,0.0,1.0,1.0,0.0,1.0,0.0,1
0.0,-0.8658265761339256,0.27160868878550326,0.0,1.0,1.0,0.0,0.0,1.0,1.0,0.0,1.0,0.0,1
1.0,-1.332003156834709,-0.15561405113701252,1.0,0.0,1.0,0.0,0.0,0.0,1.0,0.0,1.0,0.0,1
1.0,-0.18775154966005891,1.0518262794548077,0.0,1.0,0.0,1.0,1.0,0.0,0.0,1.0,0.0,1.0,0
1.0,-0.696307819515459,0.6823363422245238,0.0,1.0,1.0,0.0,0.0,1.0,1.0,0.0,0.0,1.0,0
0.0,-1.3743828459893257,-1.5362527898055285,0.0,0.0,1.0,0.0,0.0,0.0,0.0,0.0,0.0,0.0,1
1.0,-0.8658265761339256,-0.214996362477594,1.0,0.0,1.0,0.0,1.0,0.0,1.0,0.0,1.0,0.0,0
1.0,-1.1624844002162422,-0.37664821001584314,1.0,0.0,1.0,0.0,0.0,0.0,1.0,0.0,1.0,0.0,0
0.0,0.1512859635768744,-1.3432602779486391,0.0,0.0,0.0,1.0,1.0,0.0,0.0,0.0,0.0,0.0,0
1.0,0.4903234768138078,0.7879048957188907,0.0,1.0,1.0,0.0,0.0,1.0,0.0,1.0,1.0,0.0,0
0.0,-0.2301312388146756,-1.5428508243989265,0.0,0.0,0.0,0.0,0.0,0.0,0.0,0.0,0.0,0.0,0
0.0,1.3802969490607577,0.6707897816860776,1.0,0.0,0.0,0.0,1.0,0.0,0.0,1.0,0.0,1.0,0
0.0,-1.2896234676800922,-0.3304619678620577,1.0,0.0,1.0,0.0,0.0,1.0,1.0,0.0,1.0,0.0,0
0.0,-1.1201047110616256,-0.2199448884226424,1.0,0.0,1.0,0.0,1.0,0.0,1.0,0.0,0.0,1.0,0
0.0,-1.4167625351439423,-1.5197577033220337,0.0,0.0,1.0,0.0,0.0,0.0,0.0,0.0,0.0,0.0,0
1.0,1.2531578815969078,0.9314121481252958,0.0,1.0,1.0,0.0,0.0,1.0,0.0,1.0,1.0,0.0,0
1.0,-0.5267890628969922,0.7912039130155899,0.0,1.0,1.0,0.0,0.0,0.0,1.0,0.0,1.0,0.0,0
1.0,0.7022219225868911,-1.4224366930694143,0.0,0.0,0.0,0.0,0.0,0.0,0.0,0.0,0.0,0.0,0
0.0,1.5498157056792243,1.6077106939485832,0.0,1.0,0.0,0.0,0.0,1.0,0.0,1.0,0.0,1.0,0
1.0,-1.0353453327523923,-1.3581058557837846,0.0,0.0,0.0,0.0,0.0,0.0,0.0,0.0,0.0,0.0,0
1.0,1.2531578815969078,0.8076989994990847,0.0,1.0,1.0,0.0,0.0,1.0,1.0,0.0,1.0,0.0,0
0.0,0.829360990050741,1.1211056426854862,0.0,1.0,0.0,1.0,0.0,1.0,1.0,0.0,0.0,1.0,0
1.0,-1.1201047110616256,0.4349100449721015,0.0,1.0,1.0,0.0,1.0,0.0,1.0,0.0,1.0,0.0,1
1.0,-0.5691687520516089,0.043976495313274626,1.0,0.0,0.0,1.0,1.0,0.0,0.0,1.0,0.0,1.0,1
1.0,-1.2048640893708589,-0.5415990748507913,1.0,0.0,0.0,1.0,0.0,1.0,0.0,1.0,1.0,0.0,1
0.0,0.36318440934995777,1.1194561340371363,0.0,1.0,0.0,0.0,1.0,0.0,1.0,0.0,0.0,1.0,0
1.0,1.0836391249784412,0.6180055049388944,1.0,0.0,0.0,1.0,1.0,0.0,0.0,1.0,0.0,1.0,0
0.0,-1.4167625351439423,-0.5350010402573933,1.0,0.0,1.0,0.0,0.0,0.0,1.0,0.0,1.0,0.0,0
0.0,-0.27251092796929227,0.04232698666492524,1.0,0.0,1.0,0.0,0.0,0.0,0.0,1.0,1.0,0.0,0
0.0,0.5750828551230411,1.3355417669709189,0.0,1.0,0.0,1.0,1.0,0.0,1.0,0.0,0.0,1.0,0
0.0,-1.4167625351439423,0.44315758821384893,0.0,1.0,1.0,0.0,0.0,1.0,1.0,0.0,1.0,0.0,1
0.0,-0.27251092796929227,1.1639928675425726,0.0,1.0,1.0,0.0,1.0,0.0,1.0,0.0,0.0,1.0,0
0.0,1.2107781924422911,1.3025515940039292,0.0,1.0,0.0,1.0,0.0,0.0,1.0,0.0,0.0,1.0,1
0.0,-1.3743828459893257,-1.5230567206187327,0.0,0.0,1.0,0.0,0.0,0.0,0.0,0.0,0.0,0.0,0
0.0,-1.4167625351439423,-0.5267534970156459,1.0,0.0,1.0,0.0,0.0,0.0,1.0,0.0,1.0,0.0,0
1.0,1.5074360165246077,0.4596526746973438,1.0,0.0,0.0,0.0,0.0,0.0,0.0,1.0,1.0,0.0,0
1.0,-0.3572703062785256,-0.9787188666634038,1.0,0.0,1.0,0.0,1.0,0.0,1.0,0.0,1.0,0.0,1
1.0,-0.6539281303608423,-1.3762504509156288,1.0,0.0,1.0,0.0,0.0,1.0,1.0,0.0,1.0,0.0,1
1.0,1.0412594358238245,1.4460588464103339,0.0,1.0,0.0,0.0,1.0,0.0,0.0,1.0,0.0,1.0,0
1.0,-1.1624844002162422,0.29140279256569684,0.0,1.0,1.0,0.0,0.0,0.0,0.0,1.0,1.0,0.0,0
0.0,-0.9082062652885423,-1.524706229267082,0.0,0.0,1.0,0.0,0.0,0.0,0.0,0.0,0.0,0.0,0
1.0,1.5498157056792243,0.8175960513891815,1.0,0.0,0.0,0.0,0.0,0.0,0.0,1.0,0.0,1.0,0
0.0,-0.5691687520516089,-1.5214072119703834,0.0,0.0,0.0,1.0,0.0,0.0,0.0,0.0,0.0,0.0,0
0.0,-0.06061248219620892,1.2415197740149981,0.0,1.0,0.0,1.0,0.0,1.0,0.0,1.0,0.0,1.0,0
1.0,0.5327031659684244,-1.5016131081901896,0.0,0.0,0.0,0.0,1.0,0.0,0.0,0.0,0.0,0.0,0
0.0,-0.2301312388146756,1.4609044242454792,0.0,1.0,0.0,1.0,0.0,0.0,1.0,0.0,0.0,1.0,0
1.0,0.9141203683599745,0.1379984882691949,1.0,0.0,0.0,0.0,0.0,0.0,0.0,1.0,0.0,1.0,0
0.0,0.8717406792053578,-0.19520225869740018,1.0,0.0,0.0,1.0,0.0,0.0,0.0,1.0,1.0,0.0,0
1.0,0.024146896113024417,-1.5494488589923243,0.0,0.0,1.0,0.0,1.0,0.0,0.0,0.0,0.0,0.0,0
0.0,1.1683985032876745,-1.3498583125420371,0.0,0.0,0.0,0.0,0.0,0.0,0.0,0.0,0.0,0.0,0
0.0,1.5498157056792243,0.7400691449167556,1.0,0.0,0.0,0.0,1.0,0.0,1.0,0.0,0.0,1.0,0
0.0,-0.5267890628969922,-1.5296547552121307,0.0,0.0,0.0,1.0,0.0,0.0,0.0,0.0,0.0,0.0,0
1.0,1.3802969490607577,-0.0681900927744903,1.0,0.0,0.0,0.0,1.0,0.0,1.0,0.0,0.0,1.0,0
1.0,-0.44202968458775893,-0.9259345899162204,1.0,0.0,0.0,1.0,0.0,0.0,1.0,0.0,0.0,1.0,0
0.0,-0.01823279304159225,-0.8682017872239886,1.0,0.0,1.0,0.0,0.0,1.0,1.0,0.0,0.0,1.0,0
1.0,-0.8234468869793089,-1.544500333047276,0.0,0.0,1.0,0.0,0.0,0.0,0.0,0.0,0.0,0.0,0
1.0,-0.27251092796929227,-1.528005246563781,0.0,0.0,1.0,0.0,0.0,0.0,0.0,0.0,0.0,0.0,0
1.0,-0.6115484412062256,-0.3370600024554555,1.0,0.0,0.0,1.0,0.0,1.0,0.0,1.0,0.0,1.0,1
0.0,-1.0353453327523923,1.1408997464656798,0.0,1.0,1.0,0.0,0.0,1.0,1.0,0.0,0.0,1.0,1
0.0,-0.44202968458775893,-1.5263557379154318,0.0,0.0,0.0,1.0,0.0,0.0,0.0,0.0,0.0,0.0,0
0.0,1.5498157056792243,0.5982114011587003,1.0,0.0,0.0,0.0,0.0,0.0,0.0,1.0,0.0,1.0,0
0.0,-0.01823279304159225,-0.13417043870846931,1.0,0.0,1.0,0.0,0.0,1.0,1.0,0.0,1.0,0.0,0
0.0,1.5498157056792243,-0.211697345180895,1.0,0.0,0.0,0.0,1.0,0.0,0.0,1.0,1.0,0.0,0
0.0,0.024146896113024417,-1.5115101600802863,0.0,0.0,0.0,1.0,0.0,0.0,0.0,0.0,0.0,0.0,0
0.0,-0.8234468869793089,0.6625422384443301,0.0,1.0,1.0,0.0,0.0,1.0,1.0,0.0,1.0,0.0,0
1.0,-0.5691687520516089,0.31779493093928846,0.0,1.0,1.0,0.0,1.0,0.0,1.0,0.0,1.0,0.0,0
1.0,1.1683985032876745,0.5074884254994788,0.0,1.0,1.0,0.0,1.0,0.0,1.0,0.0,1.0,0.0,0
0.0,0.7022219225868911,0.48769432171928523,1.0,0.0,0.0,0.0,1.0,0.0,1.0,0.0,0.0,1.0,0
0.0,-0.6115484412062256,0.5338805638730704,0.0,1.0,1.0,0.0,0.0,1.0,1.0,0.0,1.0,0.0,1
0.0,-0.44202968458775893,1.2085296010480084,0.0,1.0,1.0,0.0,0.0,0.0,0.0,1.0,0.0,1.0,1
0.0,-0.3572703062785256,-0.32881245921370805,1.0,0.0,0.0,1.0,0.0,0.0,0.0,1.0,1.0,0.0,0
0.0,0.4903234768138078,1.3272942237291714,0.0,1.0,1.0,0.0,0.0,1.0,1.0,0.0,0.0,1.0,1
0.0,-1.1201047110616256,0.942958708663742,0.0,1.0,1.0,0.0,0.0,1.0,1.0,0.0,0.0,1.0,1
1.0,1.3802969490607577,0.5767677887301573,0.0,1.0,0.0,1.0,1.0,0.0,1.0,0.0,1.0,0.0,0
0.0,1.2107781924422911,0.1330499623241467,1.0,0.0,0.0,0.0,0.0,0.0,0.0,1.0,0.0,1.0,1
1.0,1.465056327369991,0.6691402730377282,1.0,0.0,0.0,0.0,0.0,0.0,0.0,1.0,0.0,1.0,0
1.0,-0.06061248219620892,-1.5016131081901896,0.0,0.0,1.0,0.0,0.0,0.0,0.0,0.0,0.0,0.0,0
0.0,1.465056327369991,1.0798679264767492,0.0,1.0,0.0,1.0,0.0,1.0,1.0,0.0,0.0,1.0,0
0.0,-0.01823279304159225,-0.5597436699826355,1.0,0.0,1.0,0.0,0.0,1.0,1.0,0.0,0.0,1.0,0
0.0,1.0412594358238245,1.271210929685289,0.0,1.0,0.0,0.0,0.0,1.0,1.0,0.0,0.0,1.0,0
1.0,1.2955375707515244,-1.5230567206187327,0.0,0.0,0.0,0.0,0.0,0.0,0.0,0.0,0.0,0.0,0
1.0,-1.0353453327523923,0.9907944594658771,0.0,1.0,1.0,0.0,0.0,0.0,0.0,1.0,0.0,1.0,1
1.0,-0.3996499954331423,-1.551098367640674,0.0,0.0,0.0,0.0,0.0,0.0,0.0,0.0,0.0,0.0,0
1.0,1.5498157056792243,1.6637939879924653,0.0,1.0,0.0,0.0,1.0,0.0,0.0,1.0,0.0,1.0,0
0.0,-0.6539281303608423,0.5998609098070496,0.0,1.0,1.0,0.0,0.0,1.0,1.0,0.0,0.0,1.0,0
1.0,1.5074360165246077,1.4130686734433442,0.0,1.0,0.0,0.0,1.0,0.0,0.0,1.0,0.0,1.0,0
1.0,-1.3743828459893257,0.5850153319719047,0.0,1.0,1.0,0.0,0.0,0.0,1.0,0.0,0.0,1.0,1
0.0,1.337917259906141,-1.5412013157505768,0.0,0.0,0.0,1.0,0.0,0.0,0.0,0.0,0.0,0.0,0
1.0,0.32080472019534106,-0.35025607164225153,1.0,0.0,1.0,0.0,0.0,0.0,1.0,0.0,0.0,1.0,1
1.0,0.7446016117415077,-0.18860422410400215,1.0,0.0,0.0,1.0,0.0,1.0,1.0,0.0,0.0,1.0,1
0.0,-0.3148906171239089,-0.37994722731254216,1.0,0.0,1.0,0.0,1.0,0.0,1.0,0.0,1.0,0.0,0
0.0,-1.2472437785254755,-0.5514961267408881,1.0,0.0,1.0,0.0,0.0,1.0,0.0,1.0,1.0,0.0,0
0.0,1.3802969490607577,-0.8665522785756392,1.0,0.0,1.0,0.0,1.0,0.0,1.0,0.0,1.0,0.0,0
1.0,-0.10299217135082558,0.525633020631323,1.0,0.0,0.0,0.0,0.0,0.0,1.0,0.0,0.0,1.0,0
0.0,1.1683985032876745,-1.5395518071022276,0.0,0.0,0.0,0.0,0.0,0.0,0.0,0.0,0.0,0.0,0
1.0,-0.6539281303608423,0.14129750556589413,0.0,1.0,1.0,0.0,0.0,1.0,1.0,0.0,1.0,0.0,1
0.0,1.5498157056792243,-1.528005246563781,0.0,0.0,0.0,0.0,1.0,0.0,0.0,0.0,0.0,0.0,0
1.0,-0.7386875086700756,0.956154777850538,0.0,1.0,1.0,0.0,0.0,0.0,1.0,0.0,0.0,1.0,1
1.0,-0.7810671978246922,0.4728487438841398,0.0,1.0,1.0,0.0,1.0,0.0,1.0,0.0,1.0,0.0,0
0.0,-1.2048640893708589,-1.5412013157505768,0.0,0.0,0.0,0.0,0.0,0.0,0.0,0.0,0.0,0.0,0
1.0,0.5327031659684244,1.2893555248171331,0.0,1.0,1.0,0.0,0.0,0.0,0.0,1.0,0.0,1.0,0
1.0,0.7869813008961244,1.165642376190922,0.0,1.0,0.0,1.0,0.0,0.0,1.0,0.0,0.0,1.0,1
0.0,-0.3148906171239089,-0.056643532236043646,1.0,0.0,1.0,0.0,1.0,0.0,1.0,0.0,1.0,0.0,0
0.0,1.5498157056792243,-1.5263557379154318,0.0,0.0,0.0,0.0,0.0,0.0,0.0,0.0,0.0,0.0,0
1.0,-1.2048640893708589,-1.1997530255422344,1.0,0.0,1.0,0.0,1.0,0.0,0.0,1.0,1.0,0.0,0
1.0,-1.2472437785254755,-0.37334919271914413,1.0,0.0,1.0,0.0,0.0,1.0,1.0,0.0,0.0,1.0,0
1.0,1.2531578815969078,1.1211056426854862,0.0,1.0,0.0,1.0,1.0,0.0,0.0,1.0,0.0,1.0,0
0.0,1.337917259906141,0.31449591364258966,0.0,1.0,1.0,0.0,0.0,0.0,1.0,0.0,1.0,0.0,0
1.0,-0.6539281303608423,1.0105885632460707,0.0,1.0,1.0,0.0,0.0,0.0,1.0,0.0,0.0,1.0,0
0.0,-1.4167625351439423,-0.3667511581257463,1.0,0.0,1.0,0.0,0.0,0.0,1.0,0.0,1.0,0.0,1
0.0,-0.10299217135082558,0.5833658233235549,0.0,1.0,1.0,0.0,0.0,0.0,1.0,0.0,1.0,0.0,1
0.0,-1.2896234676800922,-0.07148911007118908,1.0,0.0,1.0,0.0,0.0,1.0,1.0,0.0,1.0,0.0,0
1.0,1.5074360165246077,-1.493365564948442,0.0,0.0,0.0,0.0,1.0,0.0,0.0,0.0,0.0,0.0,0
0.0,-0.8658265761339256,-1.3135691222783485,0.0,0.0,1.0,0.0,0.0,1.0,0.0,0.0,0.0,0.0,0
1.0,1.5498157056792243,0.053873547203371425,1.0,0.0,0.0,0.0,1.0,0.0,0.0,1.0,1.0,0.0,0
0.0,-1.4167625351439423,0.6542946952025828,0.0,1.0,1.0,0.0,0.0,1.0,1.0,0.0,1.0,0.0,1
1.0,1.2955375707515244,1.2811079815753856,0.0,1.0,1.0,0.0,0.0,0.0,1.0,0.0,0.0,1.0,1
1.0,1.337917259906141,0.5833658233235549,0.0,1.0,1.0,0.0,1.0,0.0,0.0,1.0,1.0,0.0,0
1.0,-1.332003156834709,0.27985623202725063,0.0,1.0,1.0,0.0,0.0,1.0,1.0,0.0,1.0,0.0,1
1.0,0.32080472019534106,-1.0611942990808778,1.0,0.0,1.0,0.0,1.0,0.0,0.0,1.0,1.0,0.0,0
1.0,-0.14537186050544226,-1.5428508243989265,0.0,0.0,1.0,0.0,1.0,0.0,0.0,0.0,0.0,0.0,0
1.0,-1.1624844002162422,-0.02200385062070463,1.0,0.0,0.0,0.0,0.0,0.0,0.0,1.0,1.0,0.0,0
0.0,-0.5691687520516089,-1.5049121254868885,0.0,0.0,1.0,0.0,0.0,1.0,0.0,0.0,0.0,0.0,0
1.0,1.465056327369991,-0.031900902510801424,1.0,0.0,0.0,1.0,1.0,0.0,0.0,1.0,1.0,0.0,0
1.0,-0.01823279304159225,0.936360674070344,0.0,1.0,1.0,0.0,0.0,1.0,0.0,1.0,1.0,0.0,0
0.0,0.2784250310407244,0.4349100449721015,0.0,1.0,1.0,0.0,1.0,0.0,1.0,0.0,1.0,0.0,0
0.0,-0.5691687520516089,1.0072895459493718,0.0,1.0,1.0,0.0,0.0,1.0,1.0,0.0,0.0,1.0,1
0.0,-0.9929656435977756,0.12150340178570007,1.0,0.0,1.0,0.0,0.0,0.0,0.0,1.0,0.0,1.0,0
0.0,1.4226766382153744,1.4625539328938286,0.0,1.0,0.0,0.0,1.0,0.0,1.0,0.0,0.0,1.0,0
1.0,0.6174625442776578,-0.70490043103739,1.0,0.0,0.0,1.0,1.0,0.0,1.0,0.0,1.0,0.0,0
1.0,0.6598422334322744,-1.05459626448748,1.0,0.0,0.0,0.0,1.0,0.0,0.0,1.0,1.0,0.0,0
1.0,1.2531578815969078,1.4262647426301402,0.0,1.0,1.0,0.0,0.0,0.0,0.0,1.0,0.0,1.0,0
0.0,-1.2896234676800922,-0.3420085284005041,1.0,0.0,1.0,0.0,0.0,0.0,0.0,1.0,1.0,0.0,0
0.0,-0.9929656435977756,-1.5098606514319368,0.0,0.0,1.0,0.0,0.0,0.0,0.0,0.0,0.0,0.0,0
1.0,-1.332003156834709,0.14294701421424352,0.0,1.0,1.0,0.0,0.0,1.0,1.0,0.0,1.0,0.0,0
1.0,1.5074360165246077,1.083166943773448,0.0,1.0,0.0,0.0,0.0,0.0,0.0,1.0,0.0,1.0,0
0.0,-1.2472437785254755,-1.5230567206187327,0.0,0.0,1.0,0.0,0.0,0.0,0.0,0.0,0.0,0.0,0
0.0,0.10890627442225775,1.276159455630337,0.0,1.0,0.0,1.0,0.0,1.0,0.0,1.0,0.0,1.0,0
1.0,-0.27251092796929227,1.0848164524217974,0.0,1.0,1.0,0.0,1.0,0.0,1.0,0.0,0.0,1.0,1
0.0,-1.4167625351439423,0.9248141135318978,0.0,1.0,1.0,0.0,1.0,0.0,1.0,0.0,0.0,1.0,1
0.0,0.6174625442776578,1.2794584729270364,0.0,1.0,1.0,0.0,0.0,1.0,1.0,0.0,0.0,1.0,0
1.0,-0.14537186050544226,1.3256447150808215,0.0,1.0,1.0,0.0,1.0,0.0,1.0,0.0,0.0,1.0,1
0.0,-0.2301312388146756,1.1293531859272337,0.0,1.0,1.0,0.0,1.0,0.0,0.0,1.0,0.0,1.0,0
1.0,-0.44202968458775893,-0.39149378785098854,1.0,0.0,1.0,0.0,0.0,1.0,0.0,1.0,1.0,0.0,0
1.0,1.337917259906141,1.3009020853555793,0.0,1.0,0.0,1.0,0.0,1.0,0.0,1.0,0.0,1.0,0
0.0,-0.9929656435977756,0.7582137400486003,0.0,1.0,1.0,0.0,0.0,1.0,1.0,0.0,1.0,0.0,0
1.0,1.1260188141330578,-1.524706229267082,0.0,0.0,0.0,1.0,1.0,0.0,0.0,0.0,0.0,0.0,0
0.0,0.5750828551230411,-1.5412013157505768,0.0,0.0,0.0,1.0,0.0,0.0,0.0,0.0,0.0,0.0,0
1.0,0.1512859635768744,1.0864659610701466,0.0,1.0,0.0,1.0,0.0,0.0,0.0,1.0,0.0,1.0,0
1.0,0.4055640985045744,0.2963513185107455,1.0,0.0,0.0,0.0,0.0,0.0,0.0,1.0,1.0,0.0,0
1.0,-1.4167625351439423,-1.5230567206187327,0.0,0.0,1.0,0.0,0.0,0.0,0.0,0.0,0.0,0.0,0
1.0,-1.4167625351439423,0.6823363422245238,0.0,1.0,1.0,0.0,0.0,0.0,1.0,0.0,0.0,1.0,1
1.0,-1.332003156834709,0.484395304422586,0.0,1.0,1.0,0.0,0.0,1.0,1.0,0.0,1.0,0.0,1
0.0,-1.2048640893708589,0.1610916093460877,0.0,1.0,1.0,0.0,0.0,1.0,1.0,0.0,1.0,0.0,0
0.0,-1.4167625351439423,-1.544500333047276,0.0,0.0,1.0,0.0,0.0,0.0,0.0,0.0,0.0,0.0,0
0.0,0.10890627442225775,-1.5164586860253346,0.0,0.0,0.0,0.0,0.0,0.0,0.0,0.0,0.0,0.0,0
1.0,0.9565000575145911,-0.5234544797189471,1.0,0.0,0.0,1.0,0.0,0.0,1.0,0.0,1.0,0.0,0
1.0,1.5498157056792243,-1.37295143361893,0.0,0.0,0.0,0.0,0.0,1.0,0.0,0.0,0.0,0.0,0
1.0,0.8717406792053578,1.4328627772235378,0.0,1.0,1.0,0.0,0.0,0.0,0.0,1.0,0.0,1.0,0
1.0,-0.7810671978246922,0.7664612832903477,0.0,1.0,1.0,0.0,0.0,1.0,0.0,1.0,0.0,1.0,1
1.0,-1.4167625351439423,0.7862553870705412,0.0,1.0,1.0,0.0,0.0,0.0,1.0,0.0,1.0,0.0,1
1.0,-0.27251092796929227,-0.4805672548618604,1.0,0.0,1.0,0.0,0.0,1.0,1.0,0.0,1.0,0.0,0
0.0,-1.3743828459893257,1.0732698918833512,0.0,1.0,1.0,0.0,0.0,1.0,1.0,0.0,0.0,1.0,1
0.0,0.8717406792053578,1.2728604383336384,0.0,1.0,1.0,0.0,0.0,1.0,1.0,0.0,0.0,1.0,0
1.0,-0.5267890628969922,0.3012998444557936,0.0,1.0,1.0,0.0,0.0,0.0,1.0,0.0,1.0,0.0,0
1.0,-0.5691687520516089,-0.0863346879063345,1.0,0.0,1.0,0.0,0.0,0.0,0.0,1.0,1.0,0.0,0
1.0,1.5498157056792243,-1.3498583125420371,0.0,0.0,0.0,0.0,1.0,0.0,0.0,0.0,0.0,0.0,0
1.0,0.6598422334322744,0.6377996087190879,1.0,0.0,0.0,0.0,0.0,0.0,0.0,1.0,0.0,1.0,0
0.0,-0.3572703062785256,-1.551098367640674,0.0,0.0,0.0,1.0,0.0,0.0,0.0,0.0,0.0,0.0,0
1.0,0.6598422334322744,0.4810962871258872,0.0,1.0,1.0,0.0,0.0,1.0,1.0,0.0,1.0,0.0,0
1.0,0.024146896113024417,0.8819268886748114,1.0,0.0,0.0,0.0,0.0,0.0,0.0,1.0,0.0,1.0,0
1.0,-1.1624844002162422,-0.4987118499937048,1.0,0.0,1.0,0.0,0.0,1.0,1.0,0.0,1.0,0.0,1
1.0,-0.8234468869793089,0.18583423907132993,0.0,1.0,1.0,0.0,1.0,0.0,1.0,0.0,1.0,0.0,1
1.0,1.5498157056792243,-1.3333632260585424,0.0,0.0,0.0,0.0,0.0,0.0,0.0,0.0,0.0,0.0,0
0.0,0.6598422334322744,-1.3663533990255319,0.0,0.0,0.0,0.0,0.0,0.0,0.0,0.0,0.0,0.0,0
1.0,0.19366565273149108,-1.5181081946736843,0.0,0.0,0.0,0.0,1.0,0.0,0.0,0.0,0.0,0.0,0
1.0,0.9988797466692078,0.5536746676532645,0.0,1.0,0.0,1.0,0.0,0.0,0.0,1.0,1.0,0.0,0
1.0,-1.2896234676800922,0.6345005914223891,0.0,1.0,1.0,0.0,0.0,1.0,1.0,0.0,1.0,0.0,1
0.0,0.5750828551230411,0.27325819743385266,1.0,0.0,0.0,0.0,1.0,0.0,1.0,0.0,0.0,1.0,0
1.0,-0.01823279304159225,-1.5197577033220337,0.0,0.0,0.0,0.0,0.0,0.0,0.0,0.0,0.0,0.0,0
1.0,-1.2472437785254755,-0.7114984656307878,1.0,0.0,1.0,0.0,1.0,0.0,1.0,0.0,1.0,0.0,1
1.0,-1.2472437785254755,0.8192455600375309,0.0,1.0,1.0,0.0,0.0,1.0,1.0,0.0,1.0,0.0,1
0.0,-0.7386875086700756,-0.5383000575540923,1.0,0.0,1.0,0.0,0.0,0.0,1.0,0.0,1.0,0.0,0
1.0,1.2107781924422911,1.4559558983004306,0.0,1.0,0.0,0.0,1.0,0.0,0.0,1.0,0.0,1.0,0
1.0,1.5074360165246077,-0.26118260463137943,1.0,0.0,0.0,0.0,1.0,0.0,1.0,0.0,0.0,1.0,0
1.0,0.2784250310407244,0.9693508470373337,0.0,1.0,1.0,0.0,0.0,1.0,1.0,0.0,0.0,1.0,0
0.0,1.5074360165246077,-0.40304034838943475,1.0,0.0,0.0,0.0,1.0,0.0,0.0,1.0,0.0,1.0,0
0.0,0.06652658526764109,-0.018704833324005854,1.0,0.0,0.0,0.0,1.0,0.0,0.0,1.0,1.0,0.0,0
0.0,1.0412594358238245,0.13140045367579734,1.0,0.0,0.0,1.0,0.0,0.0,1.0,0.0,0.0,1.0,0
0.0,-0.7810671978246922,-1.5197577033220337,0.0,0.0,0.0,1.0,0.0,0.0,0.0,0.0,0.0,0.0,0
1.0,0.7022219225868911,1.33059324102587,0.0,1.0,0.0,1.0,0.0,1.0,1.0,0.0,0.0,1.0,0
1.0,0.7446016117415077,-1.493365564948442,0.0,0.0,0.0,0.0,0.0,0.0,0.0,0.0,0.0,0.0,0
1.0,1.4226766382153744,1.3932745696631506,0.0,1.0,0.0,0.0,1.0,0.0,1.0,0.0,0.0,1.0,1
1.0,1.5498157056792243,1.3932745696631506,0.0,1.0,0.0,0.0,0.0,0.0,0.0,1.0,0.0,1.0,0
1.0,-0.4844093737423756,-0.4508760991915698,1.0,0.0,0.0,0.0,0.0,0.0,0.0,1.0,1.0,0.0,0
0.0,0.23604534188610776,-0.691704361850594,1.0,0.0,1.0,0.0,1.0,0.0,1.0,0.0,1.0,0.0,0
1.0,-1.1201047110616256,-1.3877970114540752,1.0,0.0,0.0,1.0,1.0,0.0,1.0,0.0,1.0,0.0,1
0.0,-1.2896234676800922,-0.6653122234770024,1.0,0.0,1.0,0.0,0.0,0.0,1.0,0.0,1.0,0.0,1
1.0,-0.10299217135082558,-0.16881012032380857,1.0,0.0,0.0,0.0,0.0,0.0,0.0,1.0,1.0,0.0,0
0.0,-1.1624844002162422,0.31119689634589043,0.0,1.0,1.0,0.0,0.0,1.0,1.0,0.0,1.0,0.0,0
1.0,-0.4844093737423756,-0.8929444169492308,1.0,0.0,1.0,0.0,1.0,0.0,0.0,1.0,1.0,0.0,1
0.0,1.2107781924422911,0.5982114011587003,0.0,1.0,0.0,1.0,0.0,0.0,0.0,1.0,1.0,0.0,0
0.0,-0.14537186050544226,1.3850270264214033,0.0,1.0,1.0,0.0,0.0,0.0,0.0,1.0,0.0,1.0,1
1.0,-1.4167625351439423,0.4299615190270534,0.0,1.0,1.0,0.0,0.0,1.0,1.0,0.0,1.0,0.0,1
1.0,1.5498157056792243,1.4378113031685864,0.0,1.0,0.0,0.0,1.0,0.0,1.0,0.0,0.0,1.0,0
0.0,-1.077725021907009,-1.5230567206187327,0.0,0.0,1.0,0.0,0.0,0.0,0.0,0.0,0.0,0.0,0
1.0,-0.2301312388146756,0.44480709686219877,0.0,1.0,1.0,0.0,0.0,0.0,1.0,0.0,1.0,0.0,1
1.0,0.4479437876591911,0.456353657400645,0.0,1.0,1.0,0.0,1.0,0.0,1.0,0.0,1.0,0.0,0
0.0,-0.6115484412062256,0.9644023210922854,0.0,1.0,1.0,0.0,1.0,0.0,1.0,0.0,0.0,1.0,0
0.0,-1.4167625351439423,0.052224038555022036,0.0,1.0,1.0,0.0,0.0,1.0,1.0,0.0,1.0,0.0,1
1.0,1.465056327369991,0.3672801903897729,1.0,0.0,0.0,0.0,0.0,0.0,0.0,1.0,1.0,0.0,0
0.0,-0.9082062652885423,-0.2100478365325456,1.0,0.0,1.0,0.0,0.0,0.0,1.0,0.0,0.0,1.0,0
1.0,-0.06061248219620892,0.6130569789938457,1.0,0.0,0.0,0.0,0.0,0.0,0.0,1.0,0.0,1.0,0
1.0,0.4903234768138078,-1.5461498416956256,0.0,0.0,0.0,0.0,1.0,0.0,0.0,0.0,0.0,0.0,0
0.0,0.06652658526764109,-0.04674648034594685,1.0,0.0,1.0,0.0,0.0,1.0,1.0,0.0,0.0,1.0,1
1.0,0.2784250310407244,1.3899755523664514,0.0,1.0,0.0,1.0,0.0,1.0,1.0,0.0,0.0,1.0,0
0.0,-0.44202968458775893,1.0996620302569426,0.0,1.0,1.0,0.0,0.0,1.0,1.0,0.0,0.0,1.0,1
1.0,1.5498157056792243,-1.5049121254868885,0.0,0.0,0.0,0.0,0.0,1.0,0.0,0.0,0.0,0.0,0
0.0,1.5498157056792243,0.2254224466317176,1.0,0.0,0.0,0.0,0.0,0.0,0.0,1.0,1.0,0.0,0
0.0,-1.4167625351439423,-1.5313042638604801,0.0,0.0,1.0,0.0,0.0,0.0,0.0,0.0,0.0,0.0,0
0.0,0.23604534188610776,-1.5148091773769854,0.0,0.0,0.0,1.0,0.0,0.0,0.0,0.0,0.0,0.0,0
1.0,1.5498157056792243,1.3619339053445103,0.0,1.0,0.0,0.0,0.0,0.0,0.0,1.0,0.0,1.0,0
0.0,0.19366565273149108,-0.38324624460924117,1.0,0.0,0.0,1.0,1.0,0.0,0.0,1.0,0.0,1.0,0
0.0,-1.077725021907009,-1.0034614963886461,1.0,0.0,1.0,0.0,0.0,1.0,1.0,0.0,1.0,0.0,0
0.0,-0.10299217135082558,-0.8929444169492308,1.0,0.0,0.0,1.0,0.0,1.0,1.0,0.0,0.0,1.0,0
0.0,0.2784250310407244,0.6097579616971469,0.0,1.0,1.0,0.0,0.0,1.0,1.0,0.0,0.0,1.0,1
0.0,-1.0353453327523923,-0.06983960142283968,1.0,0.0,1.0,0.0,1.0,0.0,0.0,1.0,1.0,0.0,0
1.0,-0.8234468869793089,0.233669989873465,0.0,1.0,1.0,0.0,1.0,0.0,1.0,0.0,1.0,0.0,0
1.0,-0.9929656435977756,0.4711992352357904,0.0,1.0,1.0,0.0,0.0,1.0,1.0,0.0,1.0,0.0,1
0.0,-0.01823279304159225,-1.5197577033220337,0.0,0.0,0.0,1.0,0.0,0.0,0.0,0.0,0.0,0.0,0
1.0,0.32080472019534106,1.2580148604984929,0.0,1.0,0.0,1.0,0.0,0.0,1.0,0.0,0.0,1.0,0
1.0,1.3802969490607577,-1.3449097865969888,0.0,0.0,0.0,0.0,1.0,0.0,0.0,0.0,0.0,0.0,0
1.0,0.5327031659684244,-0.2380894835544866,1.0,0.0,0.0,1.0,1.0,0.0,1.0,0.0,1.0,0.0,0
1.0,1.465056327369991,0.6526451865542333,1.0,0.0,0.0,0.0,0.0,0.0,1.0,0.0,0.0,1.0,0
1.0,1.1683985032876745,1.3965735869598495,0.0,1.0,0.0,0.0,0.0,0.0,0.0,1.0,0.0,1.0,0
1.0,1.5498157056792243,1.041929227564711,0.0,1.0,0.0,0.0,0.0,0.0,0.0,1.0,1.0,0.0,0
0.0,-0.01823279304159225,-1.5032626168385388,0.0,0.0,0.0,1.0,1.0,0.0,0.0,0.0,0.0,0.0,0
0.0,-0.06061248219620892,0.04892502125832326,1.0,0.0,0.0,0.0,0.0,0.0,0.0,1.0,0.0,1.0,0
0.0,-0.6539281303608423,-0.40139083974108536,1.0,0.0,0.0,1.0,0.0,0.0,0.0,1.0,1.0,0.0,0
1.0,-0.696307819515459,-1.5296547552121307,0.0,0.0,0.0,1.0,0.0,0.0,0.0,0.0,0.0,0.0,0
1.0,1.337917259906141,1.4872965626190708,0.0,1.0,0.0,1.0,0.0,1.0,0.0,1.0,0.0,1.0,0
1.0,1.1260188141330578,-1.5016131081901896,0.0,0.0,0.0,0.0,0.0,0.0,0.0,0.0,0.0,0.0,0
0.0,1.3802969490607577,0.9808974075757803,0.0,1.0,1.0,0.0,0.0,1.0,1.0,0.0,1.0,0.0,0
1.0,-0.10299217135082558,-1.5197577033220337,0.0,0.0,0.0,1.0,0.0,0.0,0.0,0.0,0.0,0.0,0
1.0,-0.4844093737423756,-1.5313042638604801,0.0,0.0,0.0,0.0,0.0,0.0,0.0,0.0,0.0,0.0,0
0.0,-0.6539281303608423,0.7433681622134548,0.0,1.0,1.0,0.0,0.0,1.0,1.0,0.0,0.0,1.0,1
0.0,-0.9082062652885423,-0.653765662938556,1.0,0.0,1.0,0.0,0.0,1.0,1.0,0.0,0.0,1.0,0
0.0,-0.8658265761339256,1.2844069988720845,0.0,1.0,1.0,0.0,0.0,1.0,0.0,1.0,0.0,1.0,1
1.0,0.4479437876591911,-1.5148091773769854,0.0,0.0,0.0,0.0,1.0,0.0,0.0,0.0,0.0,0.0,0
0.0,-0.7810671978246922,0.3458365779612299,0.0,1.0,1.0,0.0,0.0,1.0,1.0,0.0,1.0,0.0,1
0.0,-1.1624844002162422,0.2864542666206482,0.0,1.0,1.0,0.0,0.0,1.0,1.0,0.0,1.0,0.0,0
0.0,-1.3743828459893257,-0.8253145623669021,1.0,0.0,1.0,0.0,0.0,1.0,1.0,0.0,1.0,0.0,1
1.0,-1.2896234676800922,0.4613021833456936,0.0,1.0,1.0,0.0,0.0,1.0,1.0,0.0,1.0,0.0,1
0.0,-0.5691687520516089,0.94955674325714,0.0,1.0,1.0,0.0,1.0,0.0,1.0,0.0,1.0,0.0,0
1.0,0.1512859635768744,-1.3844979941573763,0.0,0.0,0.0,1.0,0.0,0.0,0.0,0.0,0.0,0.0,0
0.0,0.5750828551230411,0.29800082715909487,0.0,1.0,1.0,0.0,0.0,0.0,1.0,0.0,1.0,0.0,1
1.0,0.06652658526764109,0.8835763973231607,0.0,1.0,1.0,0.0,0.0,1.0,1.0,0.0,0.0,1.0,0
0.0,-0.950585954443159,-1.5461498416956256,0.0,0.0,0.0,1.0,0.0,0.0,0.0,0.0,0.0,0.0,0
0.0,-1.332003156834709,-0.16056257708206115,1.0,0.0,1.0,0.0,0.0,1.0,1.0,0.0,0.0,1.0,0
1.0,0.7022219225868911,-1.5362527898055285,0.0,0.0,0.0,1.0,0.0,0.0,0.0,0.0,0.0,0.0,0
0.0,-0.9929656435977756,-1.544500333047276,0.0,0.0,0.0,1.0,1.0,0.0,0.0,0.0,0.0,0.0,0
0.0,1.5074360165246077,0.3689296990381223,1.0,0.0,0.0,0.0,0.0,0.0,0.0,1.0,0.0,1.0,0
1.0,-0.4844093737423756,0.00438828775288698,1.0,0.0,1.0,0.0,0.0,0.0,0.0,1.0,1.0,0.0,0
0.0,-1.1624844002162422,0.9330616567736452,0.0,1.0,1.0,0.0,0.0,0.0,1.0,0.0,0.0,1.0,1
0.0,-0.14537186050544226,0.5899638579169528,0.0,1.0,0.0,1.0,0.0,1.0,1.0,0.0,0.0,1.0,1
1.0,-0.2301312388146756,0.38707429416996697,0.0,1.0,1.0,0.0,0.0,0.0,1.0,0.0,1.0,0.0,0
1.0,-1.332003156834709,-0.252935061389632,1.0,0.0,1.0,0.0,0.0,0.0,1.0,0.0,1.0,0.0,0
1.0,-1.332003156834709,0.1330499623241467,0.0,1.0,1.0,0.0,0.0,1.0,1.0,0.0,1.0,0.0,0
0.0,0.19366565273149108,-0.9952139531468986,1.0,0.0,0.0,1.0,0.0,0.0,1.0,0.0,1.0,0.0,0
1.0,-0.7386875086700756,-1.5296547552121307,0.0,0.0,0.0,1.0,1.0,0.0,0.0,0.0,0.0,0.0,0
1.0,-0.5267890628969922,0.8225445773342297,1.0,0.0,0.0,0.0,0.0,0.0,0.0,1.0,0.0,1.0,0
0.0,-0.10299217135082558,1.4609044242454792,0.0,1.0,1.0,0.0,0.0,1.0,1.0,0.0,0.0,1.0,1
0.0,1.5498157056792243,1.442759829113635,0.0,1.0,0.0,0.0,0.0,1.0,0.0,1.0,0.0,1.0,0
1.0,-0.9082062652885423,-0.048395988994296237,1.0,0.0,1.0,0.0,1.0,0.0,0.0,1.0,0.0,1.0,1
0.0,-0.3148906171239089,-1.5148091773769854,0.0,0.0,1.0,0.0,0.0,0.0,0.0,0.0,0.0,0.0,0
0.0,-1.2048640893708589,0.46625070929074175,0.0,1.0,1.0,0.0,0.0,0.0,1.0,0.0,0.0,1.0,1
1.0,-0.44202968458775893,0.10335880665385587,0.0,1.0,1.0,0.0,0.0,1.0,1.0,0.0,1.0,0.0,0
0.0,-0.9082062652885423,-0.2331409576094382,1.0,0.0,0.0,1.0,0.0,0.0,1.0,0.0,1.0,0.0,0
0.0,-0.696307819515459,0.6971819200596692,0.0,1.0,1.0,0.0,0.0,1.0,0.0,1.0,1.0,0.0,0
1.0,1.5498157056792243,1.6720415312342125,0.0,1.0,0.0,0.0,1.0,0.0,0.0,1.0,0.0,1.0,0
1.0,0.23604534188610776,0.2765572147305514,1.0,0.0,1.0,0.0,0.0,0.0,0.0,1.0,0.0,1.0,0
0.0,-1.3743828459893257,-1.528005246563781,0.0,0.0,1.0,0.0,0.0,0.0,0.0,0.0,0.0,0.0,1
0.0,0.6174625442776578,0.44315758821384893,1.0,0.0,0.0,0.0,0.0,0.0,1.0,0.0,0.0,1.0,0
1.0,-1.2896234676800922,0.7499661968068528,0.0,1.0,1.0,0.0,0.0,0.0,0.0,1.0,1.0,0.0,1
1.0,0.4055640985045744,0.9512062519054894,0.0,1.0,0.0,1.0,0.0,0.0,1.0,0.0,1.0,0.0,0
1.0,0.2784250310407244,0.3887238028183163,0.0,1.0,1.0,0.0,0.0,0.0,1.0,0.0,0.0,1.0,1
1.0,1.4226766382153744,0.6971819200596692,0.0,1.0,0.0,1.0,0.0,0.0,0.0,1.0,1.0,0.0,0
1.0,0.23604534188610776,0.4019198720051119,1.0,0.0,0.0,1.0,0.0,0.0,0.0,1.0,0.0,1.0,0
1.0,1.5498157056792243,0.6526451865542333,1.0,0.0,0.0,0.0,1.0,0.0,1.0,0.0,0.0,1.0,0
0.0,-0.3572703062785256,-1.513159668728636,0.0,0.0,0.0,1.0,0.0,0.0,0.0,0.0,0.0,0.0,0
0.0,-0.6539281303608423,0.4167654498402573,0.0,1.0,1.0,0.0,0.0,1.0,1.0,0.0,0.0,1.0,0
0.0,1.5498157056792243,-1.5313042638604801,0.0,0.0,0.0,0.0,0.0,0.0,0.0,0.0,0.0,0.0,0
0.0,-1.4167625351439423,0.462951691994043,0.0,1.0,1.0,0.0,0.0,1.0,1.0,0.0,0.0,1.0,1
1.0,-1.332003156834709,-0.70490043103739,1.0,0.0,1.0,0.0,0.0,1.0,1.0,0.0,1.0,0.0,0
0.0,-0.9082062652885423,-1.5214072119703834,0.0,0.0,1.0,0.0,0.0,1.0,0.0,0.0,0.0,0.0,0
0.0,-0.3572703062785256,0.7301720930266588,0.0,1.0,1.0,0.0,0.0,0.0,1.0,0.0,1.0,0.0,1
1.0,-1.077725021907009,0.748316688158503,0.0,1.0,1.0,0.0,0.0,1.0,1.0,0.0,0.0,1.0,0
1.0,-0.6539281303608423,-0.883047365059134,1.0,0.0,0.0,0.0,0.0,0.0,0.0,1.0,1.0,0.0,0
0.0,0.4055640985045744,1.1441987637623785,0.0,1.0,1.0,0.0,0.0,0.0,1.0,0.0,0.0,1.0,1
1.0,-0.14537186050544226,1.0782184178283993,0.0,1.0,1.0,0.0,0.0,0.0,1.0,0.0,0.0,1.0,0
1.0,1.2107781924422911,1.498843123157517,0.0,1.0,0.0,0.0,1.0,0.0,0.0,1.0,0.0,1.0,0
0.0,0.7869813008961244,0.43985857091715014,0.0,1.0,1.0,0.0,0.0,1.0,1.0,0.0,1.0,0.0,1
0.0,1.5498157056792243,0.8522357330045205,1.0,0.0,0.0,0.0,1.0,0.0,0.0,1.0,0.0,1.0,0
1.0,-0.7386875086700756,0.6410986260157867,0.0,1.0,1.0,0.0,0.0,1.0,1.0,0.0,1.0,0.0,0
1.0,0.9565000575145911,0.07366765098356548,1.0,0.0,0.0,1.0,0.0,1.0,0.0,1.0,1.0,0.0,0
1.0,1.465056327369991,1.2992525767072298,0.0,1.0,0.0,1.0,1.0,0.0,1.0,0.0,0.0,1.0,0
1.0,1.5074360165246077,-1.3465592952453382,0.0,0.0,0.0,0.0,0.0,0.0,0.0,0.0,0.0,0.0,0
1.0,0.32080472019534106,-0.5267534970156459,1.0,0.0,1.0,0.0,0.0,0.0,1.0,0.0,1.0,0.0,0
1.0,0.5327031659684244,-1.5379022984538782,0.0,0.0,0.0,0.0,0.0,0.0,0.0,0.0,0.0,0.0,0
1.0,1.5498157056792243,-1.3168681395750474,0.0,0.0,0.0,0.0,1.0,0.0,0.0,0.0,0.0,0.0,0
1.0,-1.1624844002162422,0.4711992352357904,0.0,1.0,1.0,0.0,0.0,0.0,1.0,0.0,0.0,1.0,1
1.0,1.465056327369991,1.2629633864435414,0.0,1.0,0.0,0.0,1.0,0.0,1.0,0.0,0.0,1.0,0
0.0,-1.1624844002162422,-0.746138147246127,1.0,0.0,1.0,0.0,0.0,0.0,1.0,0.0,1.0,0.0,0
0.0,-0.6115484412062256,0.2485155677086104,0.0,1.0,1.0,0.0,0.0,1.0,1.0,0.0,1.0,0.0,0
1.0,-0.44202968458775893,-1.3416107693002897,0.0,0.0,0.0,0.0,0.0,0.0,0.0,0.0,0.0,0.0,0
0.0,1.1683985032876745,1.1128580994437387,0.0,1.0,0.0,1.0,1.0,0.0,1.0,0.0,0.0,1.0,1
1.0,1.3802969490607577,-0.18200618951060438,1.0,0.0,0.0,1.0,1.0,0.0,1.0,0.0,1.0,0.0,0
1.0,1.3802969490607577,-0.11602584357662511,1.0,0.0,0.0,0.0,0.0,0.0,0.0,1.0,1.0,0.0,0
0.0,0.23604534188610776,1.152446307004126,0.0,1.0,0.0,1.0,1.0,0.0,1.0,0.0,0.0,1.0,0
0.0,-1.077725021907009,-1.5115101600802863,0.0,0.0,0.0,1.0,0.0,0.0,0.0,0.0,0.0,0.0,0
1.0,0.7446016117415077,1.317397171839074,0.0,1.0,0.0,1.0,1.0,0.0,0.0,1.0,0.0,1.0,1
1.0,-0.3572703062785256,-0.4079888743344834,1.0,0.0,1.0,0.0,0.0,1.0,1.0,0.0,1.0,0.0,0
0.0,-1.1201047110616256,0.6377996087190879,0.0,1.0,1.0,0.0,0.0,1.0,1.0,0.0,0.0,1.0,0
1.0,0.024146896113024417,-0.18035668086225476,1.0,0.0,0.0,1.0,0.0,0.0,0.0,1.0,0.0,1.0,0
1.0,-1.3743828459893257,-1.160164817981847,1.0,0.0,1.0,0.0,0.0,0.0,1.0,0.0,1.0,0.0,1
0.0,-1.2896234676800922,-1.5477993503439749,0.0,0.0,1.0,0.0,0.0,0.0,0.0,0.0,0.0,0.0,0
0.0,1.2531578815969078,-0.21664587112594338,1.0,0.0,0.0,0.0,0.0,0.0,0.0,1.0,1.0,0.0,0
0.0,-0.3996499954331423,1.2959535594105311,0.0,1.0,0.0,0.0,0.0,1.0,1.0,0.0,0.0,1.0,0
0.0,-0.06061248219620892,-0.038498937104199445,1.0,0.0,1.0,0.0,0.0,0.0,1.0,0.0,0.0,1.0,0
0.0,-0.9929656435977756,-0.742839129949428,1.0,0.0,1.0,0.0,0.0,1.0,1.0,0.0,1.0,0.0,1
1.0,0.9141203683599745,-0.21664587112594338,1.0,0.0,0.0,1.0,0.0,0.0,0.0,1.0,1.0,0.0,0
1.0,1.5498157056792243,0.7813068611254926,1.0,0.0,0.0,0.0,1.0,0.0,0.0,1.0,0.0,1.0,0
0.0,-0.01823279304159225,0.9660518297406349,0.0,1.0,1.0,0.0,0.0,1.0,1.0,0.0,0.0,1.0,1
0.0,-1.4167625351439423,0.9182160789384998,0.0,1.0,1.0,0.0,0.0,1.0,1.0,0.0,0.0,1.0,1
1.0,-1.3743828459893257,0.9380101827186934,0.0,1.0,1.0,0.0,0.0,1.0,1.0,0.0,0.0,1.0,1
0.0,1.2531578815969078,-0.6900548532022446,1.0,0.0,0.0,0.0,0.0,0.0,1.0,0.0,0.0,1.0,0
1.0,-0.9929656435977756,-1.219547129322428,1.0,0.0,1.0,0.0,0.0,0.0,1.0,0.0,1.0,0.0,1
1.0,1.4226766382153744,1.353686362102763,0.0,1.0,0.0,1.0,0.0,0.0,0.0,1.0,1.0,0.0,0
0.0,-0.8658265761339256,-0.24963604409293302,1.0,0.0,1.0,0.0,0.0,0.0,1.0,0.0,1.0,0.0,1
1.0,0.2784250310407244,-0.33211147651040707,1.0,0.0,0.0,1.0,0.0,0.0,0.0,1.0,1.0,0.0,0
1.0,-0.2301312388146756,0.9314121481252958,0.0,1.0,1.0,0.0,0.0,1.0,0.0,1.0,0.0,1.0,1
0.0,-1.2048640893708589,0.15119455745599092,1.0,0.0,1.0,0.0,0.0,0.0,1.0,0.0,0.0,1.0,1
1.0,0.06652658526764109,-1.5296547552121307,0.0,0.0,0.0,0.0,1.0,0.0,0.0,0.0,0.0,0.0,0
0.0,0.4479437876591911,1.401522112904898,0.0,1.0,0.0,0.0,0.0,1.0,1.0,0.0,0.0,1.0,0
0.0,-1.1624844002162422,-0.20344980193914758,1.0,0.0,1.0,0.0,0.0,1.0,0.0,1.0,0.0,1.0,0
1.0,0.2784250310407244,-1.5148091773769854,0.0,0.0,0.0,0.0,0.0,1.0,0.0,0.0,0.0,0.0,0
1.0,1.0836391249784412,1.6143087285419808,0.0,1.0,0.0,0.0,0.0,0.0,0.0,1.0,0.0,1.0,0
0.0,0.19366565273149108,1.2745099469819876,0.0,1.0,1.0,0.0,1.0,0.0,1.0,0.0,0.0,1.0,1
0.0,-0.950585954443159,0.6031599271037489,0.0,1.0,1.0,0.0,0.0,1.0,1.0,0.0,1.0,0.0,1
1.0,1.4226766382153744,1.5301837874761572,0.0,1.0,0.0,0.0,1.0,0.0,0.0,1.0,0.0,1.0,0
0.0,-0.27251092796929227,-1.544500333047276,0.0,0.0,1.0,0.0,0.0,0.0,0.0,0.0,0.0,0.0,0
0.0,0.7446016117415077,0.6081084530487971,1.0,0.0,0.0,1.0,0.0,1.0,1.0,0.0,0.0,1.0,0
0.0,-0.14537186050544226,-0.39479280514768733,1.0,0.0,1.0,0.0,0.0,1.0,1.0,0.0,1.0,0.0,0
0.0,-1.3743828459893257,0.4530546401039462,0.0,1.0,1.0,0.0,0.0,1.0,1.0,0.0,0.0,1.0,1
0.0,-0.2301312388146756,0.43326053632375217,1.0,0.0,0.0,1.0,0.0,0.0,0.0,1.0,0.0,1.0,0
0.0,1.3802969490607577,1.6835880917726593,0.0,1.0,0.0,1.0,0.0,0.0,0.0,1.0,0.0,1.0,0
0.0,-1.2048640893708589,-0.040148445752548834,1.0,0.0,1.0,0.0,0.0,1.0,1.0,0.0,0.0,1.0,0
1.0,1.0412594358238245,1.0237846324328668,0.0,1.0,0.0,0.0,0.0,1.0,0.0,1.0,0.0,1.0,0
0.0,-1.2048640893708589,-0.2331409576094382,1.0,0.0,0.0,1.0,0.0,1.0,0.0,1.0,1.0,0.0,0
1.0,-0.696307819515459,0.7466671795101536,0.0,1.0,1.0,0.0,0.0,0.0,0.0,1.0,1.0,0.0,0
0.0,0.4479437876591911,-1.5494488589923243,0.0,0.0,0.0,0.0,0.0,0.0,0.0,0.0,0.0,0.0,0
1.0,0.06652658526764109,0.06377059909346822,1.0,0.0,0.0,1.0,0.0,0.0,0.0,1.0,1.0,0.0,0
0.0,-0.44202968458775893,-0.5910843343012757,1.0,0.0,1.0,0.0,0.0,1.0,1.0,0.0,0.0,1.0,0
0.0,-1.1201047110616256,-1.5082111427835874,0.0,0.0,1.0,0.0,0.0,0.0,0.0,0.0,0.0,0.0,0
1.0,0.1512859635768744,0.7714098092353958,0.0,1.0,0.0,1.0,0.0,1.0,1.0,0.0,1.0,0.0,1
0.0,-0.9929656435977756,-1.0743903682676736,1.0,0.0,0.0,1.0,0.0,0.0,0.0,1.0,1.0,0.0,0
0.0,-0.950585954443159,0.9528557605538388,0.0,1.0,1.0,0.0,0.0,1.0,1.0,0.0,0.0,1.0,1
1.0,1.5498157056792243,0.3689296990381223,1.0,0.0,0.0,0.0,0.0,0.0,1.0,0.0,0.0,1.0,0
1.0,-0.6115484412062256,0.9281131308285966,0.0,1.0,1.0,0.0,0.0,1.0,1.0,0.0,0.0,1.0,0
1.0,0.5327031659684244,0.11160634989560327,1.0,0.0,0.0,1.0,0.0,0.0,1.0,0.0,1.0,0.0,0
1.0,0.8717406792053578,-1.3861475028057257,0.0,0.0,0.0,0.0,1.0,0.0,0.0,0.0,0.0,0.0,0
0.0,-1.1624844002162422,0.24191753311521239,0.0,1.0,1.0,0.0,0.0,1.0,1.0,0.0,1.0,0.0,0
0.0,-1.4167625351439423,-1.513159668728636,0.0,0.0,1.0,0.0,0.0,0.0,0.0,0.0,0.0,0.0,0
1.0,1.2955375707515244,1.3833775177730534,0.0,1.0,0.0,1.0,0.0,0.0,1.0,0.0,0.0,1.0,0
0.0,-1.3743828459893257,0.27160868878550326,0.0,1.0,1.0,0.0,0.0,1.0,1.0,0.0,1.0,0.0,1
0.0,-0.950585954443159,0.4728487438841398,0.0,1.0,1.0,0.0,0.0,1.0,1.0,0.0,1.0,0.0,0
0.0,-0.3996499954331423,0.5982114011587003,0.0,1.0,1.0,0.0,0.0,0.0,1.0,0.0,1.0,0.0,0
1.0,1.5498157056792243,1.2745099469819876,0.0,1.0,0.0,0.0,1.0,0.0,1.0,0.0,0.0,1.0,0
1.0,1.2107781924422911,0.24356704176356178,0.0,1.0,1.0,0.0,0.0,0.0,0.0,1.0,1.0,0.0,0
0.0,1.0412594358238245,1.1623433588942231,0.0,1.0,0.0,1.0,1.0,0.0,0.0,1.0,0.0,1.0,0
1.0,1.3802969490607577,-1.3498583125420371,0.0,0.0,0.0,0.0,1.0,0.0,0.0,0.0,0.0,0.0,0
0.0,-0.696307819515459,1.333892258322569,0.0,1.0,1.0,0.0,0.0,1.0,0.0,1.0,0.0,1.0,1
1.0,1.4226766382153744,-1.5296547552121307,0.0,0.0,0.0,0.0,0.0,0.0,0.0,0.0,0.0,0.0,0
1.0,1.337917259906141,0.30789787904919164,1.0,0.0,0.0,0.0,0.0,1.0,0.0,1.0,0.0,1.0,0
0.0,-1.3743828459893257,-0.058293040884393035,1.0,0.0,1.0,0.0,0.0,0.0,0.0,1.0,0.0,1.0,0
1.0,-0.01823279304159225,-0.4294324867630266,1.0,0.0,0.0,1.0,0.0,0.0,0.0,1.0,0.0,1.0,0
0.0,-1.2472437785254755,0.8225445773342297,0.0,1.0,1.0,0.0,0.0,1.0,1.0,0.0,0.0,1.0,1
0.0,0.5327031659684244,-0.6801578013121478,1.0,0.0,1.0,0.0,0.0,0.0,1.0,0.0,1.0,0.0,0
0.0,-0.7386875086700756,-1.0282041261138883,1.0,0.0,1.0,0.0,0.0,1.0,1.0,0.0,1.0,0.0,1
0.0,-0.44202968458775893,-1.5296547552121307,0.0,0.0,0.0,0.0,0.0,0.0,0.0,0.0,0.0,0.0,0
1.0,0.829360990050741,-1.551098367640674,0.0,0.0,0.0,1.0,0.0,0.0,0.0,0.0,0.0,0.0,0
1.0,1.3802969490607577,1.4460588464103339,0.0,1.0,0.0,0.0,1.0,0.0,1.0,0.0,0.0,1.0,1
1.0,1.5498157056792243,-1.5115101600802863,0.0,0.0,0.0,0.0,0.0,1.0,0.0,0.0,0.0,0.0,0
0.0,-1.2896234676800922,0.09511126341210846,0.0,1.0,1.0,0.0,0.0,0.0,1.0,0.0,1.0,0.0,1
0.0,-1.077725021907009,-1.391096028750774,0.0,0.0,1.0,0.0,0.0,1.0,0.0,0.0,0.0,0.0,0
0.0,-0.7810671978246922,-1.5428508243989265,0.0,0.0,0.0,0.0,0.0,0.0,0.0,0.0,0.0,0.0,0
1.0,1.465056327369991,-1.3465592952453382,0.0,0.0,0.0,0.0,0.0,0.0,0.0,0.0,0.0,0.0,0
1.0,1.0412594358238245,1.048527262158109,0.0,1.0,0.0,1.0,0.0,1.0,1.0,0.0,0.0,1.0,0
0.0,0.23604534188610776,-1.5082111427835874,0.0,0.0,1.0,0.0,0.0,1.0,0.0,0.0,0.0,0.0,0
0.0,-0.9929656435977756,-1.5181081946736843,0.0,0.0,0.0,1.0,0.0,1.0,0.0,0.0,0.0,0.0,0
1.0,0.8717406792053578,1.1260541686305343,0.0,1.0,0.0,1.0,0.0,0.0,1.0,0.0,0.0,1.0,1
0.0,0.6598422334322744,1.3619339053445103,0.0,1.0,0.0,1.0,1.0,0.0,0.0,1.0,0.0,1.0,0
1.0,-0.5267890628969922,-1.5230567206187327,0.0,0.0,0.0,1.0,0.0,0.0,0.0,0.0,0.0,0.0,0
1.0,1.3802969490607577,0.44315758821384893,1.0,0.0,0.0,0.0,1.0,0.0,0.0,1.0,0.0,1.0,0
0.0,0.6598422334322744,-1.3713019249705805,0.0,0.0,0.0,1.0,1.0,0.0,0.0,0.0,0.0,0.0,0
1.0,-0.18775154966005891,0.29965033580744427,1.0,0.0,0.0,1.0,1.0,0.0,0.0,1.0,1.0,0.0,0
0.0,-1.1201047110616256,0.6625422384443301,0.0,1.0,1.0,0.0,0.0,1.0,1.0,0.0,0.0,1.0,0
1.0,1.5498157056792243,-1.5428508243989265,0.0,0.0,0.0,0.0,0.0,0.0,0.0,0.0,0.0,0.0,0
1.0,-0.06061248219620892,-1.5214072119703834,0.0,0.0,0.0,0.0,0.0,0.0,0.0,0.0,0.0,0.0,0
1.0,-0.4844093737423756,0.4893438303676346,1.0,0.0,1.0,0.0,1.0,0.0,0.0,1.0,0.0,1.0,0
0.0,1.1260188141330578,-1.331713717410193,0.0,0.0,0.0,0.0,0.0,0.0,0.0,0.0,0.0,0.0,0
0.0,1.3802969490607577,-0.3865452619059399,1.0,0.0,1.0,0.0,0.0,0.0,0.0,1.0,1.0,0.0,0
1.0,-0.9082062652885423,0.6147064876421952,0.0,1.0,1.0,0.0,0.0,1.0,1.0,0.0,0.0,1.0,0
0.0,0.7022219225868911,-0.09623173979643129,1.0,0.0,0.0,0.0,0.0,0.0,0.0,1.0,0.0,1.0,0
1.0,-0.14537186050544226,0.8918239405649082,0.0,1.0,1.0,0.0,0.0,1.0,1.0,0.0,0.0,1.0,1
1.0,0.4055640985045744,1.2860565075204342,0.0,1.0,1.0,0.0,0.0,1.0,0.0,1.0,0.0,1.0,0
1.0,-1.3743828459893257,0.1363489796208455,0.0,1.0,1.0,0.0,0.0,1.0,1.0,0.0,1.0,0.0,1
0.0,0.06652658526764109,-1.0018119877402967,1.0,0.0,0.0,0.0,0.0,0.0,1.0,0.0,0.0,1.0,0
0.0,-0.8658265761339256,-1.5263557379154318,0.0,0.0,1.0,0.0,0.0,0.0,0.0,0.0,0.0,0.0,0
0.0,-1.2048640893708589,-1.5461498416956256,0.0,0.0,1.0,0.0,0.0,0.0,0.0,0.0,0.0,0.0,0
0.0,-0.18775154966005891,1.1623433588942231,0.0,1.0,1.0,0.0,0.0,1.0,1.0,0.0,0.0,1.0,0
0.0,-0.01823279304159225,1.1623433588942231,0.0,1.0,1.0,0.0,0.0,1.0,1.0,0.0,0.0,1.0,1
0.0,-1.1201047110616256,0.6328510827740393,0.0,1.0,1.0,0.0,0.0,1.0,1.0,0.0,0.0,1.0,1
1.0,1.5498157056792243,-0.3469570543455525,1.0,0.0,0.0,0.0,0.0,0.0,0.0,1.0,1.0,0.0,0
1.0,1.0836391249784412,0.06212109044511883,1.0,0.0,0.0,0.0,1.0,0.0,0.0,1.0,1.0,0.0,0
0.0,1.1683985032876745,-0.8434591574987463,1.0,0.0,0.0,1.0,1.0,0.0,0.0,1.0,1.0,0.0,0
0.0,-0.8234468869793089,0.09676077206045784,1.0,0.0,1.0,0.0,0.0,1.0,0.0,1.0,1.0,0.0,0
0.0,-1.2896234676800922,-0.4079888743344834,1.0,0.0,1.0,0.0,0.0,1.0,0.0,1.0,1.0,0.0,0
1.0,0.9988797466692078,0.3227434568843371,1.0,0.0,0.0,0.0,0.0,0.0,1.0,0.0,0.0,1.0,0
1.0,1.337917259906141,-1.5477993503439749,0.0,0.0,0.0,0.0,1.0,0.0,0.0,0.0,0.0,0.0,0
0.0,1.1683985032876745,0.08686372017036105,1.0,0.0,0.0,1.0,1.0,0.0,0.0,1.0,1.0,0.0,0
1.0,0.5750828551230411,-0.8896453996525318,1.0,0.0,1.0,0.0,0.0,1.0,0.0,1.0,1.0,0.0,0
0.0,-1.2472437785254755,0.4728487438841398,0.0,1.0,1.0,0.0,0.0,0.0,1.0,0.0,0.0,1.0,1
0.0,0.7446016117415077,-1.534603281157179,0.0,0.0,0.0,0.0,1.0,0.0,0.0,0.0,0.0,0.0,0
0.0,-1.4167625351439423,0.9545052692021881,0.0,1.0,1.0,0.0,0.0,0.0,1.0,0.0,1.0,0.0,1
0.0,-1.3743828459893257,-1.3482088038936877,1.0,0.0,1.0,0.0,0.0,1.0,1.0,0.0,1.0,0.0,1
1.0,-1.2472437785254755,-1.5412013157505768,0.0,0.0,0.0,1.0,0.0,0.0,0.0,0.0,0.0,0.0,0
0.0,1.337917259906141,-1.524706229267082,0.0,0.0,0.0,0.0,1.0,0.0,0.0,0.0,0.0,0.0,0
0.0,-1.1201047110616256,0.9314121481252958,0.0,1.0,1.0,0.0,0.0,1.0,1.0,0.0,0.0,1.0,1
1.0,0.19366565273149108,1.0204856151361674,0.0,1.0,1.0,0.0,1.0,0.0,1.0,0.0,0.0,1.0,1
1.0,0.9141203683599745,-0.24468751814788461,1.0,0.0,1.0,0.0,1.0,0.0,0.0,1.0,0.0,1.0,0
0.0,-0.696307819515459,0.7103779892464652,0.0,1.0,0.0,1.0,0.0,0.0,1.0,0.0,1.0,0.0,0
0.0,1.5498157056792243,1.2365712480699498,0.0,1.0,0.0,0.0,0.0,1.0,1.0,0.0,0.0,1.0,0
1.0,-0.696307819515459,-0.2100478365325456,1.0,0.0,1.0,0.0,0.0,0.0,1.0,0.0,1.0,0.0,0
1.0,0.32080472019534106,0.462951691994043,1.0,0.0,0.0,1.0,0.0,1.0,0.0,1.0,0.0,1.0,0
0.0,-1.1624844002162422,1.2266741961798526,0.0,1.0,1.0,0.0,1.0,0.0,0.0,1.0,0.0,1.0,1
1.0,0.7446016117415077,0.4151159411919079,1.0,0.0,0.0,1.0,0.0,0.0,1.0,0.0,0.0,1.0,0
0.0,-1.3743828459893257,1.1672918848392713,0.0,1.0,1.0,0.0,1.0,0.0,1.0,0.0,0.0,1.0,1
0.0,-1.3743828459893257,-1.5230567206187327,0.0,0.0,1.0,0.0,0.0,0.0,0.0,0.0,0.0,0.0,0
1.0,-1.2048640893708589,-0.5448980921474903,1.0,0.0,0.0,0.0,0.0,0.0,0.0,1.0,1.0,0.0,0
1.0,-0.27251092796929227,-1.5230567206187327,0.0,0.0,0.0,1.0,0.0,1.0,0.0,0.0,0.0,0.0,0
1.0,-0.6539281303608423,0.9677013383889842,0.0,1.0,1.0,0.0,1.0,0.0,1.0,0.0,1.0,0.0,0
1.0,0.36318440934995777,-1.5032626168385388,0.0,0.0,0.0,1.0,1.0,0.0,0.0,0.0,0.0,0.0,0
1.0,-0.2301312388146756,0.6691402730377282,0.0,1.0,0.0,1.0,0.0,1.0,1.0,0.0,1.0,0.0,0
0.0,-1.2472437785254755,-0.5069593932354522,1.0,0.0,1.0,0.0,1.0,0.0,1.0,0.0,1.0,0.0,1
1.0,1.0836391249784412,1.1507967983557765,0.0,1.0,0.0,0.0,1.0,0.0,1.0,0.0,0.0,1.0,0
1.0,-0.9929656435977756,-1.5494488589923243,0.0,0.0,1.0,0.0,0.0,1.0,0.0,0.0,0.0,0.0,0
1.0,1.337917259906141,0.5008903909060808,1.0,0.0,0.0,0.0,0.0,0.0,0.0,1.0,0.0,1.0,0
1.0,-1.3743828459893257,0.46625070929074175,0.0,1.0,1.0,0.0,0.0,1.0,1.0,0.0,1.0,0.0,1
1.0,0.9141203683599745,0.9182160789384998,0.0,1.0,1.0,0.0,0.0,0.0,1.0,0.0,1.0,0.0,0
1.0,0.7869813008961244,0.8291426119276277,1.0,0.0,0.0,0.0,0.0,0.0,0.0,1.0,0.0,1.0,0
1.0,1.337917259906141,0.29470180986239564,1.0,0.0,0.0,1.0,0.0,0.0,0.0,1.0,1.0,0.0,0
0.0,-1.2896234676800922,1.2514168259050948,0.0,1.0,1.0,0.0,0.0,0.0,1.0,0.0,0.0,1.0,1
0.0,-0.8658265761339256,-0.043447463049248077,1.0,0.0,0.0,1.0,0.0,0.0,0.0,1.0,1.0,0.0,0
1.0,0.06652658526764109,0.7978019476089875,0.0,1.0,1.0,0.0,0.0,1.0,1.0,0.0,1.0,0.0,0
1.0,1.5074360165246077,1.4213162166850917,0.0,1.0,0.0,0.0,0.0,1.0,1.0,0.0,0.0,1.0,0
0.0,-0.8658265761339256,0.31284640499424027,0.0,1.0,1.0,0.0,0.0,1.0,1.0,0.0,1.0,0.0,1
1.0,1.5074360165246077,-1.3943950460474732,0.0,0.0,0.0,0.0,0.0,0.0,0.0,0.0,0.0,0.0,0
0.0,-1.332003156834709,-0.5020108672904037,1.0,0.0,1.0,0.0,0.0,0.0,1.0,0.0,0.0,1.0,0
1.0,1.0836391249784412,0.302949353104143,1.0,0.0,0.0,0.0,0.0,0.0,0.0,1.0,1.0,0.0,0
0.0,-1.3743828459893257,-1.5148091773769854,0.0,0.0,0.0,1.0,0.0,0.0,0.0,0.0,0.0,0.0,0
0.0,-0.7386875086700756,-1.5197577033220337,0.0,0.0,0.0,1.0,0.0,0.0,0.0,0.0,0.0,0.0,0
0.0,-0.18775154966005891,-1.5082111427835874,0.0,0.0,0.0,0.0,0.0,0.0,0.0,0.0,0.0,0.0,0
0.0,1.0412594358238245,-0.41458690892788114,1.0,0.0,0.0,0.0,0.0,1.0,0.0,1.0,0.0,1.0,0
0.0,-0.9082062652885423,-0.39314329649933794,1.0,0.0,0.0,1.0,0.0,0.0,1.0,0.0,1.0,0.0,0
1.0,1.5498157056792243,-0.17210913762050734,1.0,0.0,0.0,0.0,1.0,0.0,0.0,1.0,0.0,1.0,0
0.0,-1.2048640893708589,0.02253288288473118,1.0,0.0,1.0,0.0,0.0,1.0,1.0,0.0,0.0,1.0,0
0.0,-1.077725021907009,0.4893438303676346,0.0,1.0,1.0,0.0,0.0,0.0,1.0,0.0,1.0,0.0,1
1.0,1.2955375707515244,1.652247427454019,0.0,1.0,0.0,1.0,0.0,1.0,0.0,1.0,0.0,1.0,0
0.0,-1.1201047110616256,-1.5181081946736843,0.0,0.0,0.0,1.0,0.0,0.0,0.0,0.0,0.0,0.0,0
1.0,-0.2301312388146756,0.00438828775288698,1.0,0.0,1.0,0.0,1.0,0.0,0.0,1.0,1.0,0.0,0
0.0,-1.332003156834709,0.13140045367579734,0.0,1.0,1.0,0.0,0.0,1.0,1.0,0.0,1.0,0.0,1
0.0,-1.2048640893708589,-0.5927338429496251,1.0,0.0,1.0,0.0,0.0,1.0,0.0,1.0,1.0,0.0,0
1.0,-0.14537186050544226,0.9165665702901504,0.0,1.0,1.0,0.0,0.0,0.0,1.0,0.0,0.0,1.0,0
0.0,-1.2048640893708589,-0.2199448884226424,1.0,0.0,1.0,0.0,0.0,0.0,1.0,0.0,0.0,1.0,1
1.0,-0.01823279304159225,-1.5362527898055285,0.0,0.0,0.0,0.0,0.0,0.0,0.0,0.0,0.0,0.0,0
0.0,-1.332003156834709,-1.3432602779486391,0.0,0.0,1.0,0.0,0.0,0.0,0.0,0.0,0.0,0.0,0
1.0,1.1683985032876745,-1.524706229267082,0.0,0.0,0.0,0.0,1.0,0.0,0.0,0.0,0.0,0.0,0
1.0,1.5498157056792243,0.6262530481806418,1.0,0.0,0.0,0.0,1.0,0.0,1.0,0.0,0.0,1.0,0
0.0,-0.950585954443159,0.44975562280724696,0.0,1.0,1.0,0.0,0.0,1.0,1.0,0.0,1.0,0.0,1
1.0,-1.1624844002162422,0.29140279256569684,0.0,1.0,1.0,0.0,0.0,1.0,0.0,1.0,1.0,0.0,1
1.0,1.5074360165246077,0.6823363422245238,1.0,0.0,0.0,0.0,1.0,0.0,0.0,1.0,0.0,1.0,0
0.0,0.4479437876591911,-0.6999519050923414,1.0,0.0,1.0,0.0,1.0,0.0,1.0,0.0,1.0,0.0,0
1.0,0.2784250310407244,-0.08138616196128587,1.0,0.0,0.0,1.0,0.0,0.0,0.0,1.0,1.0,0.0,0
0.0,0.8717406792053578,1.4625539328938286,0.0,1.0,0.0,1.0,0.0,1.0,0.0,1.0,0.0,1.0,0
0.0,0.6598422334322744,-1.5362527898055285,0.0,0.0,0.0,0.0,0.0,0.0,0.0,0.0,0.0,0.0,0
0.0,-0.5267890628969922,-0.041797954400898216,1.0,0.0,0.0,1.0,1.0,0.0,1.0,0.0,0.0,1.0,0
1.0,1.337917259906141,-1.3614048730804835,0.0,0.0,0.0,0.0,0.0,0.0,0.0,0.0,0.0,0.0,0
0.0,0.4903234768138078,0.9479072346087907,0.0,1.0,0.0,1.0,0.0,0.0,0.0,1.0,0.0,1.0,0
1.0,-0.3996499954331423,0.5190349860379254,1.0,0.0,1.0,0.0,1.0,0.0,1.0,0.0,0.0,1.0,0
1.0,0.7869813008961244,-1.5576964022340718,0.0,0.0,0.0,0.0,0.0,0.0,0.0,0.0,0.0,0.0,0
0.0,-0.950585954443159,-1.534603281157179,0.0,0.0,0.0,1.0,0.0,1.0,0.0,0.0,0.0,0.0,0
1.0,-0.7810671978246922,0.3392385433678319,0.0,1.0,1.0,0.0,0.0,1.0,1.0,0.0,1.0,0.0,1
1.0,-1.0353453327523923,0.8060494908507349,0.0,1.0,1.0,0.0,0.0,1.0,1.0,0.0,0.0,1.0,0
0.0,-1.1201047110616256,0.31119689634589043,0.0,1.0,1.0,0.0,0.0,1.0,0.0,1.0,1.0,0.0,0
0.0,-1.0353453327523923,0.28975328391734745,0.0,1.0,1.0,0.0,0.0,1.0,1.0,0.0,1.0,0.0,1
1.0,-0.5691687520516089,-0.8896453996525318,1.0,0.0,1.0,0.0,0.0,1.0,1.0,0.0,0.0,1.0,0
0.0,-0.3572703062785256,-1.3300642087618433,0.0,0.0,0.0,0.0,0.0,0.0,0.0,0.0,0.0,0.0,0
0.0,1.4226766382153744,1.2497673172567454,0.0,1.0,0.0,1.0,1.0,0.0,1.0,0.0,0.0,1.0,1
1.0,0.23604534188610776,1.4163676907400429,0.0,1.0,0.0,1.0,1.0,0.0,1.0,0.0,0.0,1.0,0
1.0,0.6598422334322744,0.9116180443451017,0.0,1.0,1.0,0.0,0.0,1.0,0.0,1.0,1.0,0.0,0
0.0,-1.3743828459893257,-0.3387095111038051,1.0,0.0,1.0,0.0,0.0,0.0,0.0,1.0,1.0,0.0,0
1.0,0.2784250310407244,0.9594537951472368,0.0,1.0,1.0,0.0,1.0,0.0,1.0,0.0,0.0,1.0,1
1.0,0.5327031659684244,0.14789554015929215,0.0,1.0,1.0,0.0,1.0,0.0,1.0,0.0,1.0,0.0,0
0.0,0.9141203683599745,0.9099685356967524,0.0,1.0,0.0,0.0,0.0,1.0,0.0,1.0,1.0,0.0,0
1.0,-0.10299217135082558,-1.5412013157505768,0.0,0.0,0.0,1.0,1.0,0.0,0.0,0.0,0.0,0.0,0
0.0,0.32080472019534106,-0.7263440434659333,1.0,0.0,0.0,1.0,0.0,1.0,1.0,0.0,1.0,0.0,0
1.0,0.06652658526764109,-0.8566552266855422,1.0,0.0,0.0,1.0,0.0,1.0,0.0,1.0,1.0,0.0,0
1.0,-1.2896234676800922,-1.0529467558391306,1.0,0.0,1.0,0.0,0.0,1.0,1.0,0.0,1.0,0.0,0
1.0,0.9988797466692078,0.4596526746973438,1.0,0.0,0.0,1.0,0.0,1.0,1.0,0.0,0.0,1.0,0
1.0,-0.14537186050544226,0.24521655041191118,1.0,0.0,0.0,0.0,0.0,0.0,0.0,1.0,1.0,0.0,0
0.0,-0.06061248219620892,0.0984102807088077,0.0,1.0,1.0,0.0,0.0,0.0,1.0,0.0,1.0,0.0,0
1.0,0.10890627442225775,-1.3564563471354352,0.0,0.0,0.0,0.0,0.0,0.0,0.0,0.0,0.0,0.0,0
1.0,-0.3148906171239089,1.1277036772788838,0.0,1.0,0.0,1.0,1.0,0.0,1.0,0.0,0.0,1.0,0
0.0,-1.2896234676800922,0.4151159411919079,0.0,1.0,1.0,0.0,0.0,0.0,1.0,0.0,1.0,0.0,0
0.0,-0.3572703062785256,-1.5362527898055285,0.0,0.0,0.0,0.0,0.0,0.0,0.0,0.0,0.0,0.0,0
1.0,-0.950585954443159,-0.0995307570931303,1.0,0.0,1.0,0.0,0.0,0.0,0.0,1.0,1.0,0.0,0
0.0,-0.10299217135082558,0.5668707368400601,0.0,1.0,1.0,0.0,0.0,1.0,1.0,0.0,1.0,0.0,1
1.0,0.9988797466692078,0.942958708663742,0.0,1.0,1.0,0.0,0.0,1.0,0.0,1.0,0.0,1.0,0
1.0,1.4226766382153744,0.8951229578616069,0.0,1.0,0.0,0.0,1.0,0.0,1.0,0.0,1.0,0.0,0
0.0,0.9141203683599745,0.1182043844890013,1.0,0.0,0.0,0.0,0.0,0.0,1.0,0.0,0.0,1.0,0
0.0,1.0836391249784412,0.6691402730377282,1.0,0.0,0.0,0.0,0.0,0.0,0.0,1.0,0.0,1.0,0
0.0,-1.332003156834709,0.19903030825812598,0.0,1.0,1.0,0.0,1.0,0.0,1.0,0.0,1.0,0.0,1
0.0,-0.8234468869793089,0.2138758860932714,0.0,1.0,1.0,0.0,0.0,1.0,1.0,0.0,1.0,0.0,1
1.0,-0.3148906171239089,-1.506561634135238,0.0,0.0,1.0,0.0,0.0,0.0,0.0,0.0,0.0,0.0,0
1.0,1.0836391249784412,-1.5527478762890232,0.0,0.0,0.0,1.0,0.0,0.0,0.0,0.0,0.0,0.0,0
0.0,0.9988797466692078,-1.3581058557837846,0.0,0.0,0.0,0.0,0.0,0.0,0.0,0.0,0.0,0.0,0
1.0,0.829360990050741,0.2584126195987072,0.0,1.0,1.0,0.0,0.0,1.0,1.0,0.0,1.0,0.0,0
0.0,1.2107781924422911,1.2316227221249012,0.0,1.0,1.0,0.0,1.0,0.0,0.0,1.0,0.0,1.0,0
0.0,-1.0353453327523923,-0.4079888743344834,1.0,0.0,0.0,1.0,1.0,0.0,1.0,0.0,1.0,0.0,0
0.0,0.5327031659684244,-1.3795494682123277,0.0,0.0,0.0,1.0,1.0,0.0,0.0,0.0,0.0,0.0,0
0.0,-0.5691687520516089,0.9396596913670432,0.0,1.0,1.0,0.0,0.0,0.0,1.0,0.0,0.0,1.0,1
1.0,-0.7386875086700756,-1.5197577033220337,0.0,0.0,0.0,0.0,0.0,0.0,0.0,0.0,0.0,0.0,0
1.0,1.5498157056792243,-0.017055324675655997,1.0,0.0,0.0,0.0,1.0,0.0,0.0,1.0,0.0,1.0,0
1.0,0.8717406792053578,-0.9919149358501996,1.0,0.0,0.0,1.0,0.0,0.0,1.0,0.0,1.0,0.0,0
1.0,1.2531578815969078,1.4724509847839253,0.0,1.0,0.0,0.0,0.0,0.0,1.0,0.0,0.0,1.0,0
1.0,0.8717406792053578,-0.031900902510801424,1.0,0.0,0.0,1.0,1.0,0.0,0.0,1.0,0.0,1.0,0
0.0,-1.2472437785254755,0.28810377526899805,0.0,1.0,1.0,0.0,0.0,1.0,1.0,0.0,1.0,0.0,1
0.0,-0.696307819515459,-0.8747998218173866,1.0,0.0,1.0,0.0,0.0,1.0,1.0,0.0,0.0,1.0,1
1.0,0.7022219225868911,0.9726498643340329,0.0,1.0,1.0,0.0,0.0,0.0,1.0,0.0,1.0,0.0,0
1.0,1.2955375707515244,0.4744982525324892,1.0,0.0,0.0,0.0,1.0,0.0,1.0,0.0,0.0,1.0,1
1.0,1.1260188141330578,1.276159455630337,0.0,1.0,0.0,1.0,0.0,1.0,0.0,1.0,0.0,1.0,0
1.0,1.337917259906141,-1.534603281157179,0.0,0.0,0.0,0.0,0.0,0.0,0.0,0.0,0.0,0.0,0
1.0,1.465056327369991,-1.5296547552121307,0.0,0.0,0.0,0.0,1.0,0.0,0.0,0.0,0.0,0.0,0
1.0,1.4226766382153744,0.6839858508728736,1.0,0.0,0.0,0.0,1.0,0.0,0.0,1.0,0.0,1.0,0
0.0,-1.332003156834709,0.3260424741810359,0.0,1.0,1.0,0.0,0.0,1.0,1.0,0.0,1.0,0.0,1
0.0,-0.6115484412062256,-1.4950150735967915,0.0,0.0,0.0,0.0,0.0,0.0,0.0,0.0,0.0,0.0,0
1.0,1.5498157056792243,1.2629633864435414,0.0,1.0,0.0,1.0,0.0,0.0,1.0,0.0,0.0,1.0,0
1.0,-0.9082062652885423,0.5206844946862749,1.0,0.0,0.0,0.0,0.0,0.0,1.0,0.0,0.0,1.0,0
1.0,0.32080472019534106,-0.3238639332686597,1.0,0.0,0.0,1.0,0.0,0.0,1.0,0.0,0.0,1.0,0
0.0,-0.7810671978246922,0.09346175476375906,1.0,0.0,1.0,0.0,0.0,0.0,1.0,0.0,0.0,1.0,0
0.0,-1.077725021907009,-1.5395518071022276,0.0,0.0,0.0,1.0,0.0,0.0,0.0,0.0,0.0,0.0,0
0.0,0.024146896113024417,0.33593952607113264,1.0,0.0,0.0,1.0,0.0,0.0,0.0,1.0,0.0,1.0,0
0.0,-0.27251092796929227,-1.3531573298387363,0.0,0.0,1.0,0.0,0.0,1.0,0.0,0.0,0.0,0.0,0
1.0,0.4479437876591911,-1.3762504509156288,0.0,0.0,0.0,1.0,1.0,0.0,0.0,0.0,0.0,0.0,0
0.0,-0.9929656435977756,1.0980125216085934,0.0,1.0,1.0,0.0,0.0,1.0,1.0,0.0,0.0,1.0,1
0.0,1.5498157056792243,0.7384196362684062,1.0,0.0,0.0,0.0,0.0,0.0,0.0,1.0,0.0,1.0,0
1.0,1.465056327369991,0.6081084530487971,0.0,1.0,0.0,0.0,1.0,0.0,0.0,1.0,1.0,0.0,0
0.0,0.19366565273149108,-1.5181081946736843,0.0,0.0,0.0,0.0,0.0,0.0,0.0,0.0,0.0,0.0,0
1.0,-1.2048640893708589,-1.5148091773769854,0.0,0.0,1.0,0.0,0.0,0.0,0.0,0.0,0.0,0.0,0
0.0,-0.696307819515459,-1.5626449281791204,0.0,0.0,0.0,1.0,0.0,0.0,0.0,0.0,0.0,0.0,0
1.0,1.0412594358238245,0.47614776118083857,1.0,0.0,0.0,0.0,1.0,0.0,1.0,0.0,0.0,1.0,0
1.0,-0.2301312388146756,-0.05499402358769426,1.0,0.0,0.0,1.0,0.0,1.0,1.0,0.0,0.0,1.0,0
0.0,0.19366565273149108,-0.3420085284005041,1.0,0.0,1.0,0.0,0.0,1.0,0.0,1.0,0.0,1.0,1
1.0,-0.7386875086700756,-1.5148091773769854,0.0,0.0,1.0,0.0,0.0,0.0,0.0,0.0,0.0,0.0,0
1.0,1.5074360165246077,0.6955324114113198,1.0,0.0,0.0,0.0,0.0,0.0,0.0,1.0,0.0,1.0,0
0.0,0.19366565273149108,0.5833658233235549,0.0,1.0,1.0,0.0,1.0,0.0,1.0,0.0,1.0,0.0,0
0.0,0.4055640985045744,0.3227434568843371,1.0,0.0,1.0,0.0,0.0,1.0,0.0,1.0,0.0,1.0,0
0.0,1.0412594358238245,-0.04674648034594685,1.0,0.0,0.0,1.0,0.0,1.0,0.0,1.0,1.0,0.0,0
0.0,-0.8234468869793089,-0.2232439057193414,1.0,0.0,1.0,0.0,0.0,1.0,1.0,0.0,0.0,1.0,1
1.0,0.5327031659684244,1.2844069988720845,0.0,1.0,1.0,0.0,0.0,0.0,1.0,0.0,0.0,1.0,0
0.0,-1.2048640893708589,0.9907944594658771,0.0,1.0,1.0,0.0,0.0,1.0,1.0,0.0,0.0,1.0,0
1.0,0.829360990050741,0.9330616567736452,0.0,1.0,1.0,0.0,0.0,0.0,1.0,0.0,0.0,1.0,0
0.0,-0.14537186050544226,1.1606938502458735,0.0,1.0,1.0,0.0,0.0,1.0,1.0,0.0,0.0,1.0,0
1.0,0.06652658526764109,0.7862553870705412,0.0,1.0,1.0,0.0,0.0,1.0,1.0,0.0,0.0,1.0,0
1.0,-0.5691687520516089,0.7450176708618043,0.0,1.0,1.0,0.0,0.0,1.0,1.0,0.0,0.0,1.0,0
0.0,-1.332003156834709,0.6427481346641366,0.0,1.0,1.0,0.0,0.0,1.0,1.0,0.0,1.0,0.0,1
1.0,0.36318440934995777,-0.15396454248866315,1.0,0.0,0.0,1.0,0.0,0.0,0.0,1.0,1.0,0.0,0
1.0,0.19366565273149108,-0.5284030056639955,1.0,0.0,1.0,0.0,0.0,0.0,1.0,0.0,1.0,0.0,0
0.0,-0.5691687520516089,0.1182043844890013,1.0,0.0,1.0,0.0,0.0,0.0,0.0,1.0,1.0,0.0,0
1.0,0.7446016117415077,1.0633728399932543,0.0,1.0,1.0,0.0,0.0,0.0,1.0,0.0,0.0,1.0,1
1.0,0.024146896113024417,0.9512062519054894,0.0,1.0,1.0,0.0,1.0,0.0,1.0,0.0,0.0,1.0,0
1.0,1.465056327369991,0.10005978935715709,1.0,0.0,0.0,0.0,0.0,0.0,0.0,1.0,0.0,1.0,0
0.0,-0.9082062652885423,-0.8731503131690369,1.0,0.0,0.0,0.0,0.0,0.0,0.0,1.0,1.0,0.0,0
1.0,-0.4844093737423756,0.1363489796208455,1.0,0.0,1.0,0.0,0.0,0.0,0.0,1.0,1.0,0.0,0
0.0,0.1512859635768744,-0.6042804034880715,1.0,0.0,0.0,1.0,0.0,1.0,0.0,1.0,1.0,0.0,0
1.0,-0.8658265761339256,0.29470180986239564,0.0,1.0,1.0,0.0,0.0,0.0,0.0,1.0,1.0,0.0,0
1.0,-1.1624844002162422,-1.3778999595639785,0.0,0.0,0.0,1.0,0.0,0.0,0.0,0.0,0.0,0.0,0
1.0,-0.5267890628969922,0.3623316644447247,1.0,0.0,0.0,0.0,1.0,0.0,0.0,1.0,0.0,1.0,0
1.0,-0.950585954443159,-0.04674648034594685,1.0,0.0,0.0,1.0,0.0,1.0,1.0,0.0,0.0,1.0,0
1.0,0.2784250310407244,-0.8583047353338917,1.0,0.0,1.0,0.0,1.0,0.0,0.0,1.0,0.0,1.0,0
0.0,0.06652658526764109,-1.5181081946736843,0.0,0.0,0.0,1.0,0.0,0.0,0.0,0.0,0.0,0.0,0
1.0,0.7869813008961244,-1.5115101600802863,0.0,0.0,0.0,0.0,1.0,0.0,0.0,0.0,0.0,0.0,0
1.0,1.465056327369991,1.3767794831796558,0.0,1.0,0.0,1.0,0.0,1.0,1.0,0.0,0.0,1.0,0
1.0,0.9141203683599745,-0.28592523435662165,1.0,0.0,0.0,0.0,1.0,0.0,1.0,0.0,0.0,1.0,0
1.0,1.0412594358238245,-1.5477993503439749,0.0,0.0,0.0,0.0,0.0,0.0,0.0,0.0,0.0,0.0,0
0.0,-1.2048640893708589,0.2963513185107455,0.0,1.0,1.0,0.0,0.0,1.0,1.0,0.0,1.0,0.0,0
1.0,1.465056327369991,0.4019198720051119,1.0,0.0,0.0,1.0,1.0,0.0,0.0,1.0,1.0,0.0,0
0.0,-1.3743828459893257,0.5008903909060808,0.0,1.0,1.0,0.0,0.0,1.0,1.0,0.0,1.0,0.0,1
1.0,0.4479437876591911,-1.5164586860253346,0.0,0.0,0.0,0.0,0.0,0.0,0.0,0.0,0.0,0.0,0
1.0,1.2531578815969078,1.282757490223735,0.0,1.0,1.0,0.0,0.0,1.0,0.0,1.0,0.0,1.0,0
0.0,-1.3743828459893257,0.4365595536204514,0.0,1.0,1.0,0.0,0.0,1.0,1.0,0.0,1.0,0.0,1
1.0,0.6598422334322744,-1.1915054823004871,1.0,0.0,1.0,0.0,0.0,0.0,1.0,0.0,1.0,0.0,0
0.0,-1.4167625351439423,-0.5234544797189471,1.0,0.0,1.0,0.0,0.0,0.0,1.0,0.0,1.0,0.0,0
1.0,0.19366565273149108,0.2765572147305514,1.0,0.0,1.0,0.0,0.0,1.0,1.0,0.0,0.0,1.0,0
0.0,-0.01823279304159225,1.3916250610148007,0.0,1.0,0.0,1.0,0.0,1.0,0.0,1.0,0.0,1.0,0
0.0,1.2955375707515244,-1.3548068384870855,0.0,0.0,0.0,0.0,0.0,0.0,0.0,0.0,0.0,0.0,0
0.0,0.23604534188610776,-0.5317020229606945,1.0,0.0,0.0,1.0,1.0,0.0,1.0,0.0,1.0,0.0,0
0.0,-1.0353453327523923,0.6608927297959808,0.0,1.0,1.0,0.0,0.0,1.0,1.0,0.0,1.0,0.0,0
0.0,-0.7386875086700756,0.9858459335208284,0.0,1.0,1.0,0.0,0.0,1.0,0.0,1.0,0.0,1.0,1
0.0,1.5498157056792243,1.360284396696161,0.0,1.0,0.0,0.0,1.0,0.0,0.0,1.0,1.0,0.0,0
1.0,0.6174625442776578,1.4048211302015967,0.0,1.0,1.0,0.0,1.0,0.0,0.0,1.0,0.0,1.0,0
0.0,-0.8234468869793089,-0.39809182244438635,1.0,0.0,1.0,0.0,0.0,1.0,0.0,1.0,1.0,0.0,0
0.0,1.2955375707515244,1.210179109696358,0.0,1.0,0.0,1.0,0.0,0.0,1.0,0.0,0.0,1.0,0
1.0,0.5750828551230411,0.9066695184000536,0.0,1.0,0.0,1.0,0.0,1.0,1.0,0.0,0.0,1.0,0
0.0,1.4226766382153744,1.271210929685289,0.0,1.0,0.0,1.0,1.0,0.0,1.0,0.0,0.0,1.0,1
1.0,-0.7386875086700756,1.096363012960244,0.0,1.0,1.0,0.0,0.0,1.0,0.0,1.0,0.0,1.0,1
0.0,0.829360990050741,-0.5317020229606945,1.0,0.0,0.0,1.0,1.0,0.0,1.0,0.0,0.0,1.0,0
0.0,-1.2472437785254755,-0.5580941613342861,1.0,0.0,0.0,1.0,0.0,0.0,1.0,0.0,0.0,1.0,0
0.0,0.23604534188610776,1.33059324102587,0.0,1.0,1.0,0.0,0.0,1.0,0.0,1.0,0.0,1.0,0
0.0,0.7022219225868911,-0.8929444169492308,1.0,0.0,0.0,0.0,0.0,0.0,0.0,1.0,1.0,0.0,0
1.0,-1.2896234676800922,-1.3811989768606774,0.0,0.0,1.0,0.0,0.0,0.0,0.0,0.0,0.0,0.0,0
0.0,0.829360990050741,-0.7032509223890404,1.0,0.0,1.0,0.0,0.0,1.0,0.0,1.0,0.0,1.0,0
0.0,-0.2301312388146756,-0.8533562093888434,1.0,0.0,1.0,0.0,0.0,1.0,1.0,0.0,0.0,1.0,1
1.0,-0.6539281303608423,-0.06654058412614045,1.0,0.0,0.0,1.0,0.0,0.0,0.0,1.0,1.0,0.0,0
0.0,-1.3743828459893257,-1.2014025341905838,1.0,0.0,1.0,0.0,0.0,1.0,1.0,0.0,1.0,0.0,0
1.0,0.024146896113024417,-0.4129374002795318,1.0,0.0,0.0,1.0,0.0,0.0,0.0,1.0,1.0,0.0,0
1.0,0.32080472019534106,1.0930639956635446,0.0,1.0,1.0,0.0,1.0,0.0,1.0,0.0,0.0,1.0,0
1.0,-1.1624844002162422,0.274907706082202,0.0,1.0,1.0,0.0,0.0,1.0,0.0,1.0,1.0,0.0,1
1.0,1.5074360165246077,1.131002694575583,0.0,1.0,0.0,0.0,0.0,1.0,0.0,1.0,1.0,0.0,0
1.0,1.337917259906141,1.5235857528827592,0.0,1.0,0.0,1.0,0.0,0.0,1.0,0.0,0.0,1.0,0
0.0,-0.18775154966005891,0.8093485081474341,0.0,1.0,1.0,0.0,0.0,1.0,1.0,0.0,0.0,1.0,0
0.0,-1.2472437785254755,0.5850153319719047,0.0,1.0,1.0,0.0,0.0,1.0,1.0,0.0,1.0,0.0,1
0.0,-0.4844093737423756,-0.51355742782885,1.0,0.0,0.0,1.0,0.0,0.0,0.0,1.0,0.0,1.0,0
1.0,1.0836391249784412,1.3140981545423753,0.0,1.0,0.0,1.0,0.0,1.0,0.0,1.0,0.0,1.0,1
1.0,-1.1201047110616256,0.31944443958763785,0.0,1.0,1.0,0.0,0.0,1.0,1.0,0.0,1.0,0.0,0
1.0,1.2107781924422911,-1.3366622433552413,0.0,0.0,0.0,0.0,0.0,0.0,0.0,0.0,0.0,0.0,0
0.0,0.7022219225868911,-0.24468751814788461,1.0,0.0,0.0,0.0,1.0,0.0,0.0,1.0,0.0,1.0,0
0.0,-0.8658265761339256,0.6031599271037489,1.0,0.0,1.0,0.0,0.0,0.0,0.0,1.0,0.0,1.0,0
0.0,0.19366565273149108,-1.5032626168385388,0.0,0.0,0.0,0.0,1.0,0.0,0.0,0.0,0.0,0.0,0
1.0,0.829360990050741,-0.2215943970709918,1.0,0.0,0.0,1.0,0.0,0.0,0.0,1.0,1.0,0.0,0
0.0,0.7869813008961244,-0.030251393862452035,1.0,0.0,0.0,1.0,1.0,0.0,1.0,0.0,1.0,0.0,0
1.0,-0.8234468869793089,0.06871912503851685,1.0,0.0,0.0,0.0,1.0,0.0,0.0,1.0,1.0,0.0,0
1.0,1.0412594358238245,-1.3927455373991235,0.0,0.0,0.0,1.0,0.0,0.0,0.0,0.0,0.0,0.0,0
1.0,1.3802969490607577,-1.3564563471354352,0.0,0.0,0.0,0.0,0.0,0.0,0.0,0.0,0.0,0.0,0
1.0,1.5498157056792243,1.6308038150254756,0.0,1.0,0.0,0.0,1.0,0.0,0.0,1.0,0.0,1.0,0
0.0,0.23604534188610776,-1.5016131081901896,0.0,0.0,0.0,0.0,0.0,0.0,0.0,0.0,0.0,0.0,0
0.0,0.4055640985045744,1.1211056426854862,0.0,1.0,0.0,1.0,1.0,0.0,1.0,0.0,0.0,1.0,0
0.0,-1.077725021907009,-0.8550057180371927,1.0,0.0,0.0,1.0,0.0,0.0,0.0,1.0,1.0,0.0,0
1.0,-0.14537186050544226,0.8208950686858802,0.0,1.0,1.0,0.0,1.0,0.0,1.0,0.0,1.0,0.0,1
0.0,-0.06061248219620892,1.4394608118169359,0.0,1.0,1.0,0.0,0.0,0.0,0.0,1.0,0.0,1.0,1
0.0,0.7446016117415077,0.9825469162241296,0.0,1.0,0.0,1.0,0.0,1.0,0.0,1.0,1.0,0.0,0
1.0,-1.2048640893708589,-0.9110890120810752,1.0,0.0,0.0,0.0,0.0,0.0,0.0,1.0,1.0,0.0,0
1.0,-0.6539281303608423,-1.5115101600802863,0.0,0.0,1.0,0.0,0.0,0.0,0.0,0.0,0.0,0.0,0
0.0,-1.4167625351439423,-1.5082111427835874,0.0,0.0,0.0,1.0,0.0,0.0,0.0,0.0,0.0,0.0,0
0.0,-0.696307819515459,-0.18365569815895377,1.0,0.0,1.0,0.0,0.0,1.0,0.0,1.0,1.0,0.0,0
1.0,0.8717406792053578,-0.4673711856750646,1.0,0.0,0.0,1.0,0.0,0.0,0.0,1.0,0.0,1.0,0
0.0,-1.3743828459893257,0.14954504880764152,1.0,0.0,1.0,0.0,0.0,0.0,1.0,0.0,0.0,1.0,0
1.0,-0.5267890628969922,0.6410986260157867,0.0,1.0,1.0,0.0,0.0,1.0,1.0,0.0,1.0,0.0,0
1.0,0.19366565273149108,1.3140981545423753,0.0,1.0,0.0,1.0,1.0,0.0,1.0,0.0,0.0,1.0,0
1.0,-0.01823279304159225,-1.5329537725088296,0.0,0.0,0.0,0.0,0.0,0.0,0.0,0.0,0.0,0.0,0
1.0,0.9988797466692078,1.4510073723553825,0.0,1.0,0.0,1.0,0.0,1.0,0.0,1.0,0.0,1.0,1
1.0,0.2784250310407244,1.0204856151361674,0.0,1.0,0.0,1.0,0.0,1.0,0.0,1.0,0.0,1.0,0
1.0,0.8717406792053578,1.4394608118169359,0.0,1.0,0.0,1.0,1.0,0.0,0.0,1.0,0.0,1.0,0
0.0,-1.4167625351439423,-1.5115101600802863,0.0,0.0,1.0,0.0,0.0,0.0,0.0,0.0,0.0,0.0,1
0.0,-1.3743828459893257,0.6823363422245238,0.0,1.0,1.0,0.0,0.0,1.0,1.0,0.0,0.0,1.0,1
0.0,-1.077725021907009,0.9578042864988874,0.0,1.0,1.0,0.0,0.0,1.0,1.0,0.0,0.0,1.0,1
1.0,1.5498157056792243,0.019233865588032407,1.0,0.0,0.0,0.0,0.0,0.0,0.0,1.0,1.0,0.0,0
1.0,-1.1624844002162422,0.07861617692861364,1.0,0.0,1.0,0.0,0.0,1.0,1.0,0.0,0.0,1.0,0
0.0,-1.332003156834709,0.2848047579722988,0.0,1.0,1.0,0.0,1.0,0.0,1.0,0.0,1.0,0.0,1
1.0,-0.44202968458775893,1.2794584729270364,0.0,1.0,1.0,0.0,1.0,0.0,1.0,0.0,0.0,1.0,1
0.0,-1.077725021907009,1.0666718572899532,0.0,1.0,1.0,0.0,0.0,1.0,1.0,0.0,0.0,1.0,1
0.0,-0.06061248219620892,0.6328510827740393,0.0,1.0,1.0,0.0,0.0,1.0,1.0,0.0,0.0,1.0,0
1.0,-1.3743828459893257,0.4794467784775378,0.0,1.0,1.0,0.0,0.0,1.0,1.0,0.0,0.0,1.0,0
1.0,1.0412594358238245,0.9644023210922854,0.0,1.0,0.0,1.0,1.0,0.0,0.0,1.0,0.0,1.0,0
1.0,0.32080472019534106,1.3652329226412092,0.0,1.0,0.0,1.0,0.0,1.0,1.0,0.0,0.0,1.0,1
1.0,-0.8658265761339256,-1.5049121254868885,0.0,0.0,0.0,1.0,0.0,0.0,0.0,0.0,0.0,0.0,0
0.0,0.7446016117415077,-1.5148091773769854,0.0,0.0,0.0,0.0,0.0,0.0,0.0,0.0,0.0,0.0,0
1.0,-0.3148906171239089,1.0039905286526727,0.0,1.0,1.0,0.0,0.0,0.0,1.0,0.0,0.0,1.0,0
0.0,1.4226766382153744,1.2877060161687837,0.0,1.0,0.0,1.0,1.0,0.0,1.0,0.0,0.0,1.0,0
0.0,0.9141203683599745,-1.5362527898055285,0.0,0.0,0.0,0.0,0.0,0.0,0.0,0.0,0.0,0.0,0
1.0,1.5498157056792243,-0.03519991980750067,1.0,0.0,0.0,0.0,0.0,0.0,0.0,1.0,0.0,1.0,0
1.0,-0.5267890628969922,-0.20344980193914758,1.0,0.0,0.0,1.0,1.0,0.0,1.0,0.0,0.0,1.0,0
1.0,-1.2896234676800922,0.058822073148420057,1.0,0.0,1.0,0.0,1.0,0.0,1.0,0.0,0.0,1.0,1
0.0,-0.5267890628969922,0.40851790659850995,1.0,0.0,0.0,1.0,0.0,1.0,0.0,1.0,0.0,1.0,0
1.0,1.4226766382153744,0.9759488816307316,0.0,1.0,0.0,1.0,0.0,0.0,1.0,0.0,0.0,1.0,0
1.0,-1.1201047110616256,0.09511126341210846,1.0,0.0,1.0,0.0,0.0,0.0,1.0,0.0,1.0,0.0,0
1.0,1.5498157056792243,1.734722859871493,0.0,1.0,0.0,0.0,1.0,0.0,0.0,1.0,0.0,1.0,0
1.0,-0.7386875086700756,-0.3370600024554555,1.0,0.0,1.0,0.0,0.0,0.0,1.0,0.0,0.0,1.0,0
1.0,1.337917259906141,-0.218295379774293,1.0,0.0,0.0,0.0,0.0,1.0,1.0,0.0,0.0,1.0,0
0.0,-0.9082062652885423,0.7796573524771433,0.0,1.0,1.0,0.0,0.0,0.0,1.0,0.0,0.0,1.0,1
0.0,-1.1201047110616256,-0.5069593932354522,1.0,0.0,0.0,1.0,0.0,0.0,0.0,1.0,1.0,0.0,0
0.0,-0.18775154966005891,-1.4917160563000924,0.0,0.0,0.0,1.0,0.0,0.0,0.0,0.0,0.0,0.0,0
1.0,0.7022219225868911,0.8934734492132576,0.0,1.0,1.0,0.0,1.0,0.0,1.0,0.0,1.0,0.0,0
1.0,0.9565000575145911,1.0435787362130602,0.0,1.0,0.0,1.0,1.0,0.0,1.0,0.0,0.0,1.0,0
1.0,-0.3572703062785256,0.484395304422586,1.0,0.0,0.0,1.0,0.0,0.0,0.0,1.0,0.0,1.0,0
0.0,-1.0353453327523923,-0.041797954400898216,1.0,0.0,1.0,0.0,0.0,1.0,1.0,0.0,0.0,1.0,0
0.0,0.6598422334322744,0.6988314287080185,0.0,1.0,1.0,0.0,0.0,1.0,1.0,0.0,1.0,0.0,0
1.0,-0.8658265761339256,-0.6554151715869055,1.0,0.0,1.0,0.0,0.0,1.0,1.0,0.0,1.0,0.0,0
1.0,-1.332003156834709,-1.5379022984538782,0.0,0.0,0.0,0.0,0.0,0.0,0.0,0.0,0.0,0.0,0
0.0,1.1683985032876745,0.17593718718123313,1.0,0.0,0.0,1.0,0.0,1.0,0.0,1.0,1.0,0.0,0
1.0,-1.2472437785254755,-1.5197577033220337,0.0,0.0,0.0,0.0,0.0,0.0,0.0,0.0,0.0,0.0,0
1.0,-0.3996499954331423,0.6196550135872437,0.0,1.0,1.0,0.0,0.0,1.0,1.0,0.0,1.0,0.0,1
1.0,0.8717406792053578,0.497591373609382,1.0,0.0,0.0,0.0,0.0,0.0,0.0,1.0,0.0,1.0,0
1.0,0.9141203683599745,1.135951220520631,0.0,1.0,1.0,0.0,0.0,1.0,1.0,0.0,0.0,1.0,1
1.0,-1.3743828459893257,-1.5049121254868885,0.0,0.0,1.0,0.0,0.0,0.0,0.0,0.0,0.0,0.0,1
0.0,-1.4167625351439423,0.6608927297959808,0.0,1.0,1.0,0.0,0.0,0.0,1.0,0.0,1.0,0.0,1
1.0,0.9141203683599745,0.9512062519054894,0.0,1.0,0.0,1.0,0.0,1.0,1.0,0.0,0.0,1.0,0
0.0,0.4479437876591911,0.908319027048403,0.0,1.0,1.0,0.0,0.0,1.0,0.0,1.0,1.0,0.0,1
1.0,1.3802969490607577,0.46790021793909115,0.0,1.0,0.0,0.0,0.0,0.0,0.0,1.0,1.0,0.0,0
0.0,1.5074360165246077,-1.37295143361893,0.0,0.0,0.0,0.0,0.0,1.0,0.0,0.0,0.0,0.0,0
0.0,-1.3743828459893257,-0.6983023964439921,1.0,0.0,1.0,0.0,0.0,1.0,1.0,0.0,1.0,0.0,1
1.0,0.2784250310407244,0.9330616567736452,0.0,1.0,0.0,1.0,0.0,0.0,0.0,1.0,0.0,1.0,0
0.0,0.7022219225868911,-1.534603281157179,0.0,0.0,0.0,1.0,0.0,0.0,0.0,0.0,0.0,0.0,0
0.0,-1.2472437785254755,-0.6009813861913725,1.0,0.0,1.0,0.0,0.0,1.0,1.0,0.0,0.0,1.0,1
1.0,1.5074360165246077,-1.3581058557837846,0.0,0.0,0.0,0.0,1.0,0.0,0.0,0.0,0.0,0.0,0
0.0,0.8717406792053578,1.2926545421138318,0.0,1.0,1.0,0.0,0.0,0.0,0.0,1.0,0.0,1.0,0
0.0,-1.4167625351439423,-0.6059299121364211,1.0,0.0,1.0,0.0,0.0,1.0,0.0,1.0,1.0,0.0,1
0.0,-1.3743828459893257,-1.4950150735967915,0.0,0.0,1.0,0.0,0.0,0.0,0.0,0.0,0.0,0.0,0
1.0,-0.7810671978246922,1.131002694575583,0.0,1.0,1.0,0.0,0.0,0.0,1.0,0.0,0.0,1.0,1
0.0,1.0412594358238245,1.1046105562019914,0.0,1.0,0.0,0.0,0.0,1.0,1.0,0.0,0.0,1.0,0
1.0,-0.5691687520516089,0.6872848681695723,0.0,1.0,1.0,0.0,1.0,0.0,1.0,0.0,0.0,1.0,0
0.0,-1.332003156834709,0.4827457957742366,0.0,1.0,1.0,0.0,0.0,0.0,1.0,0.0,1.0,0.0,1
0.0,0.9141203683599745,1.159044341597524,0.0,1.0,0.0,0.0,0.0,0.0,0.0,1.0,1.0,0.0,0
0.0,-1.1624844002162422,0.456353657400645,0.0,1.0,1.0,0.0,1.0,0.0,1.0,0.0,0.0,1.0,0
1.0,-1.2896234676800922,-1.544500333047276,0.0,0.0,1.0,0.0,0.0,0.0,0.0,0.0,0.0,0.0,1
1.0,1.465056327369991,0.5916133665653023,1.0,0.0,0.0,0.0,0.0,1.0,1.0,0.0,0.0,1.0,0
0.0,0.4903234768138078,-0.21664587112594338,1.0,0.0,0.0,0.0,1.0,0.0,1.0,0.0,1.0,0.0,0
0.0,-0.9929656435977756,-0.14901601654361474,1.0,0.0,1.0,0.0,0.0,0.0,0.0,1.0,1.0,0.0,1
0.0,-0.01823279304159225,1.4114191647949947,0.0,1.0,0.0,0.0,0.0,1.0,0.0,1.0,0.0,1.0,0
1.0,0.8717406792053578,1.0732698918833512,0.0,1.0,1.0,0.0,0.0,1.0,1.0,0.0,0.0,1.0,0
1.0,1.337917259906141,1.436161794520237,0.0,1.0,0.0,1.0,0.0,0.0,1.0,0.0,0.0,1.0,0
1.0,-1.2896234676800922,0.4151159411919079,0.0,1.0,1.0,0.0,0.0,1.0,1.0,0.0,1.0,0.0,1
1.0,-0.6539281303608423,-1.5477993503439749,0.0,0.0,1.0,0.0,1.0,0.0,0.0,0.0,0.0,0.0,0
1.0,0.4903234768138078,-1.534603281157179,0.0,0.0,0.0,0.0,0.0,0.0,0.0,0.0,0.0,0.0,0
1.0,-0.696307819515459,-1.5164586860253346,0.0,0.0,1.0,0.0,0.0,0.0,0.0,0.0,0.0,0.0,0
0.0,-1.2472437785254755,-1.3135691222783485,0.0,0.0,1.0,0.0,0.0,0.0,0.0,0.0,0.0,0.0,0
0.0,-1.1624844002162422,0.1165548758406519,0.0,1.0,1.0,0.0,0.0,1.0,1.0,0.0,1.0,0.0,0
0.0,-1.4167625351439423,0.9792478989274304,0.0,1.0,1.0,0.0,0.0,1.0,1.0,0.0,0.0,1.0,1
1.0,-1.2896234676800922,0.4530546401039462,0.0,1.0,1.0,0.0,1.0,0.0,1.0,0.0,1.0,0.0,1
1.0,-0.7810671978246922,-1.3877970114540752,0.0,0.0,1.0,0.0,0.0,0.0,0.0,0.0,0.0,0.0,1
0.0,-0.7810671978246922,0.7582137400486003,0.0,1.0,1.0,0.0,0.0,1.0,1.0,0.0,0.0,1.0,1
0.0,-1.0353453327523923,0.40686839795016055,0.0,1.0,1.0,0.0,0.0,1.0,1.0,0.0,1.0,0.0,0
0.0,1.1260188141330578,-1.410890132530968,0.0,0.0,0.0,0.0,1.0,0.0,0.0,0.0,0.0,0.0,0
0.0,-0.950585954443159,0.4002703633567625,0.0,1.0,1.0,0.0,0.0,0.0,1.0,0.0,0.0,1.0,0
0.0,-1.3743828459893257,-0.28427572570827225,1.0,0.0,1.0,0.0,0.0,1.0,1.0,0.0,0.0,1.0,0
1.0,-1.332003156834709,-0.3189154073236113,1.0,0.0,1.0,0.0,0.0,0.0,1.0,0.0,1.0,0.0,1
0.0,0.9565000575145911,-1.513159668728636,0.0,0.0,0.0,0.0,0.0,0.0,0.0,0.0,0.0,0.0,0
0.0,0.6174625442776578,1.5895660988167386,0.0,1.0,0.0,1.0,0.0,0.0,0.0,1.0,0.0,1.0,0
0.0,0.5327031659684244,-1.5181081946736843,0.0,0.0,0.0,0.0,0.0,0.0,0.0,0.0,0.0,0.0,0
1.0,1.3802969490607577,0.6312015741256899,1.0,0.0,0.0,0.0,1.0,0.0,1.0,0.0,0.0,1.0,0
0.0,-1.0353453327523923,-0.7098489569824384,1.0,0.0,1.0,0.0,0.0,0.0,1.0,0.0,1.0,0.0,0
0.0,1.337917259906141,-1.5049121254868885,0.0,0.0,0.0,1.0,0.0,1.0,0.0,0.0,0.0,0.0,0
1.0,0.9141203683599745,0.268309671488804,0.0,1.0,1.0,0.0,0.0,1.0,1.0,0.0,1.0,0.0,0
1.0,0.06652658526764109,-0.11107731763157672,1.0,0.0,0.0,0.0,0.0,0.0,0.0,1.0,1.0,0.0,0
1.0,1.5498157056792243,1.6357523409705241,0.0,1.0,0.0,0.0,0.0,0.0,0.0,1.0,0.0,1.0,0
0.0,-1.2472437785254755,-1.5164586860253346,0.0,0.0,1.0,0.0,0.0,0.0,0.0,0.0,0.0,0.0,0
0.0,-0.3572703062785256,-0.5663417045760335,1.0,0.0,1.0,0.0,0.0,0.0,1.0,0.0,1.0,0.0,0
1.0,0.6598422334322744,0.5949123838620015,0.0,1.0,1.0,0.0,0.0,1.0,1.0,0.0,1.0,0.0,1
0.0,0.10890627442225775,-0.2974717948950681,1.0,0.0,1.0,0.0,0.0,0.0,0.0,1.0,1.0,0.0,1
1.0,-1.077725021907009,-0.19685176734574955,1.0,0.0,1.0,0.0,0.0,0.0,1.0,0.0,0.0,1.0,0
1.0,0.19366565273149108,0.6163559962905445,0.0,1.0,1.0,0.0,0.0,1.0,1.0,0.0,1.0,0.0,1
0.0,-1.3743828459893257,0.3276919828293852,0.0,1.0,1.0,0.0,0.0,1.0,1.0,0.0,1.0,0.0,0
1.0,-0.5267890628969922,0.8011009649056867,0.0,1.0,1.0,0.0,0.0,1.0,1.0,0.0,0.0,1.0,0
1.0,0.7446016117415077,-1.3548068384870855,0.0,0.0,0.0,0.0,0.0,0.0,0.0,0.0,0.0,0.0,0
0.0,-0.06061248219620892,0.2567631109503578,0.0,1.0,1.0,0.0,0.0,0.0,1.0,0.0,1.0,0.0,1
0.0,0.2784250310407244,1.083166943773448,0.0,1.0,0.0,1.0,0.0,1.0,0.0,1.0,1.0,0.0,0
1.0,1.465056327369991,1.2745099469819876,0.0,1.0,0.0,1.0,0.0,1.0,1.0,0.0,0.0,1.0,0
1.0,1.5074360165246077,1.422965725333441,0.0,1.0,0.0,0.0,0.0,0.0,0.0,1.0,0.0,1.0,0
0.0,0.5327031659684244,0.4151159411919079,1.0,0.0,0.0,1.0,0.0,0.0,0.0,1.0,0.0,1.0,0
1.0,0.32080472019534106,-0.043447463049248077,1.0,0.0,0.0,1.0,1.0,0.0,1.0,0.0,0.0,1.0,0
0.0,-1.4167625351439423,-1.524706229267082,0.0,0.0,1.0,0.0,0.0,0.0,0.0,0.0,0.0,0.0,0
0.0,0.024146896113024417,-1.5708924714208679,0.0,0.0,0.0,0.0,0.0,0.0,0.0,0.0,0.0,0.0,0
1.0,-1.077725021907009,-1.524706229267082,0.0,0.0,1.0,0.0,1.0,0.0,0.0,0.0,0.0,0.0,0
0.0,0.6598422334322744,1.083166943773448,0.0,1.0,1.0,0.0,0.0,1.0,1.0,0.0,0.0,1.0,0
0.0,0.5750828551230411,0.7813068611254926,0.0,1.0,0.0,1.0,1.0,0.0,1.0,0.0,1.0,0.0,0
0.0,-1.4167625351439423,-0.7164469915758362,1.0,0.0,1.0,0.0,0.0,1.0,1.0,0.0,1.0,0.0,0
0.0,0.9141203683599745,0.7054294633014165,0.0,1.0,1.0,0.0,1.0,0.0,0.0,1.0,1.0,0.0,0
0.0,-0.8658265761339256,-0.018704833324005854,1.0,0.0,0.0,1.0,0.0,0.0,0.0,1.0,1.0,0.0,0
1.0,0.8717406792053578,-1.3762504509156288,0.0,0.0,0.0,1.0,0.0,0.0,0.0,0.0,0.0,0.0,0
1.0,-1.077725021907009,0.39532183741171434,0.0,1.0,1.0,0.0,0.0,0.0,0.0,1.0,1.0,0.0,0
1.0,0.9988797466692078,1.569771995036545,0.0,1.0,0.0,0.0,0.0,1.0,0.0,1.0,0.0,1.0,0
1.0,1.4226766382153744,-0.8929444169492308,1.0,0.0,0.0,0.0,0.0,0.0,0.0,1.0,1.0,0.0,0
1.0,1.0412594358238245,-1.5049121254868885,0.0,0.0,0.0,0.0,0.0,0.0,0.0,0.0,0.0,0.0,0
1.0,-0.9929656435977756,-1.4884170390033937,0.0,0.0,0.0,0.0,1.0,0.0,0.0,0.0,0.0,0.0,0
1.0,-1.4167625351439423,-1.5115101600802863,0.0,0.0,1.0,0.0,0.0,0.0,0.0,0.0,0.0,0.0,0
1.0,-0.2301312388146756,-1.5379022984538782,0.0,0.0,0.0,1.0,1.0,0.0,0.0,0.0,0.0,0.0,0
1.0,-0.06061248219620892,0.17758669582958253,0.0,1.0,1.0,0.0,0.0,0.0,1.0,0.0,1.0,0.0,0
0.0,0.4055640985045744,-1.5098606514319368,0.0,0.0,0.0,1.0,0.0,1.0,0.0,0.0,0.0,0.0,1
0.0,-0.10299217135082558,0.13964799691754473,0.0,1.0,1.0,0.0,1.0,0.0,1.0,0.0,1.0,0.0,0
1.0,0.5327031659684244,-1.4059416065859196,0.0,0.0,0.0,0.0,0.0,0.0,0.0,0.0,0.0,0.0,0
0.0,-0.5267890628969922,1.0138875805427698,0.0,1.0,1.0,0.0,0.0,0.0,1.0,0.0,0.0,1.0,0
0.0,0.36318440934995777,-0.40139083974108536,1.0,0.0,0.0,1.0,0.0,1.0,0.0,1.0,0.0,1.0,0
1.0,-0.01823279304159225,0.0984102807088077,1.0,0.0,0.0,0.0,0.0,0.0,0.0,1.0,1.0,0.0,0
1.0,-0.7386875086700756,-1.3548068384870855,0.0,0.0,0.0,0.0,0.0,0.0,0.0,0.0,0.0,0.0,0
1.0,0.7446016117415077,0.9792478989274304,0.0,1.0,0.0,1.0,0.0,0.0,1.0,0.0,0.0,1.0,0
1.0,-1.4167625351439423,1.0204856151361674,0.0,1.0,1.0,0.0,0.0,1.0,0.0,1.0,0.0,1.0,0
1.0,-0.6539281303608423,-1.5329537725088296,0.0,0.0,0.0,1.0,1.0,0.0,0.0,0.0,0.0,0.0,0
1.0,0.2784250310407244,0.26336114554375584,0.0,1.0,1.0,0.0,0.0,0.0,0.0,1.0,1.0,0.0,1
0.0,0.4479437876591911,1.152446307004126,0.0,1.0,0.0,1.0,0.0,1.0,1.0,0.0,0.0,1.0,0
1.0,1.2955375707515244,0.02418239153308104,1.0,0.0,0.0,0.0,1.0,0.0,0.0,1.0,1.0,0.0,0
0.0,-0.7810671978246922,-1.5263557379154318,0.0,0.0,0.0,1.0,1.0,0.0,0.0,0.0,0.0,0.0,0
0.0,-0.8234468869793089,-1.554397384937373,0.0,0.0,0.0,1.0,0.0,0.0,0.0,0.0,0.0,0.0,0
1.0,-0.3148906171239089,-0.9985129704435977,1.0,0.0,1.0,0.0,0.0,1.0,1.0,0.0,0.0,1.0,0
1.0,-1.332003156834709,1.1540958156524759,0.0,1.0,1.0,0.0,0.0,1.0,1.0,0.0,0.0,1.0,1
1.0,1.1260188141330578,-1.513159668728636,0.0,0.0,0.0,0.0,1.0,0.0,0.0,0.0,0.0,0.0,0
1.0,1.0836391249784412,1.5813185555749911,0.0,1.0,1.0,0.0,0.0,1.0,1.0,0.0,0.0,1.0,0
1.0,-1.332003156834709,0.42006446713695655,0.0,1.0,1.0,0.0,0.0,0.0,1.0,0.0,0.0,1.0,0
0.0,-1.1624844002162422,0.2600621282470566,0.0,1.0,1.0,0.0,1.0,0.0,1.0,0.0,1.0,0.0,0
0.0,0.06652658526764109,1.264612895091891,0.0,1.0,0.0,1.0,0.0,0.0,1.0,0.0,0.0,1.0,0
1.0,-1.2048640893708589,-0.510258410532151,1.0,0.0,1.0,0.0,0.0,0.0,0.0,1.0,1.0,0.0,0
1.0,0.9141203683599745,-0.41953543487292955,1.0,0.0,0.0,1.0,0.0,1.0,0.0,1.0,1.0,0.0,0
1.0,-0.3572703062785256,0.3276919828293852,0.0,1.0,1.0,0.0,0.0,1.0,1.0,0.0,1.0,0.0,0
1.0,-1.2896234676800922,0.12480241908239931,0.0,1.0,1.0,0.0,0.0,0.0,1.0,0.0,1.0,0.0,0
0.0,0.8717406792053578,0.9446082173120914,0.0,1.0,0.0,1.0,0.0,0.0,0.0,1.0,0.0,1.0,0
0.0,-0.3996499954331423,0.28975328391734745,0.0,1.0,1.0,0.0,1.0,0.0,1.0,0.0,1.0,0.0,1
1.0,0.06652658526764109,0.8258435946309289,0.0,1.0,0.0,1.0,0.0,0.0,1.0,0.0,0.0,1.0,0
1.0,-1.0353453327523923,-1.5049121254868885,0.0,0.0,0.0,1.0,0.0,0.0,0.0,0.0,0.0,0.0,0
0.0,-0.5267890628969922,1.2497673172567454,0.0,1.0,1.0,0.0,0.0,0.0,1.0,0.0,0.0,1.0,1
1.0,-0.9929656435977756,-1.513159668728636,0.0,0.0,0.0,0.0,1.0,0.0,0.0,0.0,0.0,0.0,0
0.0,0.06652658526764109,0.9874954421691778,0.0,1.0,1.0,0.0,0.0,0.0,1.0,0.0,0.0,1.0,0
0.0,-1.2048640893708589,0.12315291043404993,0.0,1.0,1.0,0.0,0.0,0.0,1.0,0.0,1.0,0.0,0
1.0,1.2107781924422911,-1.3894465201024249,0.0,0.0,0.0,0.0,0.0,0.0,0.0,0.0,0.0,0.0,0
1.0,1.5498157056792243,-1.3515078211903866,0.0,0.0,0.0,0.0,1.0,0.0,0.0,0.0,0.0,0.0,0
0.0,-0.950585954443159,0.5223340033346242,0.0,1.0,1.0,0.0,0.0,1.0,1.0,0.0,1.0,0.0,1
1.0,-0.696307819515459,-1.3383117520035908,0.0,0.0,0.0,0.0,0.0,0.0,0.0,0.0,0.0,0.0,0
0.0,-0.7810671978246922,-0.33211147651040707,1.0,0.0,0.0,1.0,0.0,0.0,0.0,1.0,1.0,0.0,0
0.0,-1.2896234676800922,0.914917061641801,0.0,1.0,1.0,0.0,0.0,0.0,1.0,0.0,0.0,1.0,1
1.0,1.5498157056792243,1.317397171839074,0.0,1.0,0.0,0.0,0.0,0.0,0.0,1.0,0.0,1.0,0
1.0,1.5498157056792243,1.5928651161134377,0.0,1.0,0.0,0.0,0.0,0.0,0.0,1.0,0.0,1.0,0
1.0,1.2107781924422911,-0.40633936568613377,1.0,0.0,0.0,1.0,1.0,0.0,1.0,0.0,1.0,0.0,0
0.0,-1.332003156834709,0.4530546401039462,0.0,1.0,1.0,0.0,0.0,1.0,1.0,0.0,1.0,0.0,1
0.0,-0.14537186050544226,-1.5296547552121307,0.0,0.0,0.0,1.0,0.0,0.0,0.0,0.0,0.0,0.0,0
0.0,-1.077725021907009,0.8225445773342297,0.0,1.0,1.0,0.0,0.0,1.0,1.0,0.0,0.0,1.0,0
1.0,-0.6539281303608423,-1.5230567206187327,0.0,0.0,1.0,0.0,0.0,1.0,0.0,0.0,0.0,0.0,0
1.0,-0.5691687520516089,-0.16551110302710956,1.0,0.0,1.0,0.0,0.0,0.0,0.0,1.0,1.0,0.0,1
1.0,1.5498157056792243,1.566472977739846,0.0,1.0,0.0,0.0,1.0,0.0,0.0,1.0,0.0,1.0,0
0.0,-0.950585954443159,0.268309671488804,0.0,1.0,1.0,0.0,0.0,1.0,1.0,0.0,1.0,0.0,1
1.0,1.1260188141330578,-1.3647038903771826,0.0,0.0,0.0,1.0,1.0,0.0,0.0,0.0,0.0,0.0,0
0.0,-0.3148906171239089,0.9347111654219946,0.0,1.0,1.0,0.0,0.0,0.0,0.0,1.0,1.0,0.0,1
0.0,-0.8658265761339256,0.3012998444557936,0.0,1.0,1.0,0.0,0.0,0.0,1.0,0.0,1.0,0.0,1
0.0,-0.7810671978246922,-1.5379022984538782,0.0,0.0,0.0,1.0,0.0,0.0,0.0,0.0,0.0,0.0,0
0.0,-1.4167625351439423,0.7697603005870465,0.0,1.0,1.0,0.0,0.0,1.0,1.0,0.0,1.0,0.0,1
1.0,-0.696307819515459,1.1161571167404376,0.0,1.0,0.0,1.0,1.0,0.0,1.0,0.0,0.0,1.0,1
0.0,-1.332003156834709,0.6427481346641366,0.0,1.0,1.0,0.0,0.0,1.0,1.0,0.0,0.0,1.0,1
0.0,0.7022219225868911,0.6262530481806418,1.0,0.0,0.0,0.0,0.0,0.0,0.0,1.0,0.0,1.0,0
1.0,-1.3743828459893257,0.31944443958763785,0.0,1.0,1.0,0.0,0.0,1.0,1.0,0.0,1.0,0.0,1
1.0,1.5498157056792243,0.484395304422586,1.0,0.0,0.0,0.0,1.0,0.0,0.0,1.0,1.0,0.0,0
0.0,-1.1624844002162422,0.8555347503012193,0.0,1.0,1.0,0.0,0.0,1.0,1.0,0.0,0.0,1.0,1
1.0,0.9141203683599745,-1.5313042638604801,0.0,0.0,0.0,0.0,1.0,0.0,0.0,0.0,0.0,0.0,0
0.0,-0.4844093737423756,0.45140513145559635,0.0,1.0,1.0,0.0,0.0,0.0,1.0,0.0,1.0,0.0,0
0.0,-1.1201047110616256,0.15944210069773831,0.0,1.0,1.0,0.0,0.0,1.0,1.0,0.0,1.0,0.0,1
0.0,0.2784250310407244,0.40521888930181116,1.0,0.0,0.0,0.0,0.0,0.0,1.0,0.0,0.0,1.0,0
1.0,1.337917259906141,-0.017055324675655997,1.0,0.0,0.0,0.0,0.0,0.0,0.0,1.0,1.0,0.0,0
0.0,-1.2896234676800922,1.0023410200043232,0.0,1.0,1.0,0.0,0.0,1.0,1.0,0.0,1.0,0.0,0
0.0,-0.27251092796929227,-0.0022097468405110395,1.0,0.0,1.0,0.0,0.0,1.0,0.0,1.0,1.0,0.0,0
1.0,-0.44202968458775893,0.2782067233789008,0.0,1.0,1.0,0.0,0.0,1.0,1.0,0.0,1.0,0.0,0
1.0,0.7446016117415077,1.2497673172567454,0.0,1.0,0.0,0.0,1.0,0.0,0.0,1.0,1.0,0.0,0
1.0,-0.5267890628969922,0.24686605906026102,1.0,0.0,1.0,0.0,0.0,0.0,1.0,0.0,0.0,1.0,0
0.0,-1.2048640893708589,0.7582137400486003,0.0,1.0,1.0,0.0,0.0,1.0,1.0,0.0,0.0,1.0,0
1.0,1.5074360165246077,-0.6125279467298189,1.0,0.0,0.0,0.0,1.0,0.0,0.0,1.0,1.0,0.0,0
1.0,-1.1201047110616256,0.6328510827740393,0.0,1.0,1.0,0.0,1.0,0.0,1.0,0.0,0.0,1.0,1
0.0,-1.4167625351439423,-1.5395518071022276,0.0,0.0,1.0,0.0,0.0,0.0,0.0,0.0,0.0,0.0,1
0.0,0.4055640985045744,-1.5609954195307707,0.0,0.0,0.0,1.0,1.0,0.0,0.0,0.0,0.0,0.0,0
1.0,1.337917259906141,0.9297626394769459,0.0,1.0,0.0,1.0,0.0,0.0,0.0,1.0,1.0,0.0,1
0.0,0.19366565273149108,1.2398702653666487,0.0,1.0,0.0,1.0,0.0,0.0,1.0,0.0,0.0,1.0,0
1.0,-1.2472437785254755,-0.35850361488399896,1.0,0.0,1.0,0.0,0.0,0.0,1.0,0.0,1.0,0.0,1
1.0,-1.0353453327523923,-0.6686112407737014,1.0,0.0,1.0,0.0,1.0,0.0,1.0,0.0,1.0,0.0,0
0.0,-1.4167625351439423,0.956154777850538,0.0,1.0,1.0,0.0,0.0,1.0,1.0,0.0,0.0,1.0,1
0.0,0.7869813008961244,-1.506561634135238,0.0,0.0,0.0,0.0,0.0,0.0,0.0,0.0,0.0,0.0,0
1.0,0.829360990050741,-1.5329537725088296,0.0,0.0,0.0,1.0,0.0,1.0,0.0,0.0,0.0,0.0,0
1.0,1.5498157056792243,1.4114191647949947,0.0,1.0,0.0,0.0,0.0,0.0,0.0,1.0,0.0,1.0,0
0.0,0.4055640985045744,0.7631622659936484,0.0,1.0,1.0,0.0,0.0,0.0,1.0,0.0,0.0,1.0,1
1.0,0.32080472019534106,1.1343017118722818,0.0,1.0,0.0,1.0,1.0,0.0,1.0,0.0,0.0,1.0,0
0.0,-0.4844093737423756,0.9380101827186934,0.0,1.0,1.0,0.0,0.0,1.0,0.0,1.0,0.0,1.0,0
1.0,1.2107781924422911,1.083166943773448,0.0,1.0,0.0,0.0,1.0,0.0,0.0,1.0,0.0,1.0,0
1.0,1.465056327369991,0.7912039130155899,1.0,0.0,0.0,0.0,0.0,0.0,0.0,1.0,0.0,1.0,0
0.0,-1.1201047110616256,-1.3597553644321339,1.0,0.0,1.0,0.0,0.0,1.0,1.0,0.0,1.0,0.0,0
0.0,0.4479437876591911,0.5965618925103509,0.0,1.0,1.0,0.0,0.0,0.0,0.0,1.0,1.0,0.0,0
0.0,-1.1624844002162422,1.2976030680588806,0.0,1.0,1.0,0.0,0.0,1.0,1.0,0.0,0.0,1.0,1
1.0,1.3802969490607577,-0.39809182244438635,1.0,0.0,0.0,0.0,1.0,0.0,0.0,1.0,0.0,1.0,0
1.0,-0.2301312388146756,0.9198655875868491,0.0,1.0,1.0,0.0,0.0,0.0,1.0,0.0,0.0,1.0,1
1.0,0.2784250310407244,0.9248141135318978,0.0,1.0,1.0,0.0,0.0,1.0,1.0,0.0,0.0,1.0,1
1.0,-0.10299217135082558,0.8274931032792783,0.0,1.0,1.0,0.0,0.0,1.0,1.0,0.0,0.0,1.0,0
1.0,-1.077725021907009,-0.35025607164225153,1.0,0.0,1.0,0.0,0.0,0.0,1.0,0.0,1.0,0.0,0
1.0,1.5498157056792243,0.7813068611254926,1.0,0.0,0.0,0.0,0.0,0.0,0.0,1.0,0.0,1.0,0
1.0,-1.2472437785254755,-0.5613931786309851,1.0,0.0,1.0,0.0,0.0,1.0,1.0,0.0,1.0,0.0,1
0.0,-0.4844093737423756,0.4646012006423924,0.0,1.0,1.0,0.0,0.0,1.0,1.0,0.0,1.0,0.0,1
1.0,0.32080472019534106,1.149147289707427,0.0,1.0,1.0,0.0,0.0,1.0,1.0,0.0,0.0,1.0,1
1.0,-1.1201047110616256,0.7219245497849114,0.0,1.0,1.0,0.0,0.0,1.0,0.0,1.0,1.0,0.0,0
0.0,-1.4167625351439423,-0.7098489569824384,1.0,0.0,1.0,0.0,0.0,0.0,1.0,0.0,1.0,0.0,1
0.0,-0.7810671978246922,-1.534603281157179,0.0,0.0,0.0,1.0,1.0,0.0,0.0,0.0,0.0,0.0,0
1.0,-0.9082062652885423,0.977598390279081,0.0,1.0,1.0,0.0,0.0,1.0,1.0,0.0,0.0,1.0,0
0.0,-1.4167625351439423,0.4744982525324892,0.0,1.0,1.0,0.0,0.0,0.0,0.0,1.0,1.0,0.0,0
0.0,-1.3743828459893257,-1.219547129322428,1.0,0.0,1.0,0.0,0.0,0.0,1.0,0.0,1.0,0.0,0
0.0,0.32080472019534106,0.29800082715909487,0.0,1.0,1.0,0.0,0.0,1.0,0.0,1.0,1.0,0.0,1
1.0,-0.9929656435977756,-1.4851180217066946,0.0,0.0,1.0,0.0,0.0,1.0,0.0,0.0,0.0,0.0,0
0.0,0.4479437876591911,0.2848047579722988,0.0,1.0,1.0,0.0,0.0,0.0,1.0,0.0,1.0,0.0,0
0.0,0.4903234768138078,1.3256447150808215,0.0,1.0,1.0,0.0,0.0,1.0,1.0,0.0,0.0,1.0,0
0.0,-0.5267890628969922,-1.534603281157179,0.0,0.0,0.0,1.0,0.0,0.0,0.0,0.0,0.0,0.0,0
1.0,-0.6539281303608423,0.936360674070344,0.0,1.0,1.0,0.0,0.0,1.0,1.0,0.0,0.0,1.0,1
1.0,1.337917259906141,-0.39479280514768733,1.0,0.0,0.0,0.0,0.0,0.0,0.0,1.0,0.0,1.0,0
1.0,1.5498157056792243,-1.3548068384870855,0.0,0.0,0.0,0.0,1.0,0.0,0.0,0.0,0.0,0.0,0
0.0,-1.332003156834709,0.4596526746973438,0.0,1.0,1.0,0.0,0.0,1.0,0.0,1.0,1.0,0.0,0
0.0,-0.6115484412062256,-0.8005719326416599,1.0,0.0,1.0,0.0,0.0,1.0,0.0,1.0,0.0,1.0,1
0.0,-1.2472437785254755,0.6015104184553995,0.0,1.0,1.0,0.0,0.0,1.0,1.0,0.0,1.0,0.0,1
1.0,-0.01823279304159225,-1.3333632260585424,0.0,0.0,1.0,0.0,0.0,1.0,0.0,0.0,0.0,0.0,0
0.0,-1.3743828459893257,0.5800668060268561,0.0,1.0,1.0,0.0,0.0,1.0,1.0,0.0,0.0,1.0,1
0.0,-1.3743828459893257,-1.5098606514319368,0.0,0.0,1.0,0.0,0.0,0.0,0.0,0.0,0.0,0.0,0
1.0,0.06652658526764109,0.8687308194880153,0.0,1.0,1.0,0.0,0.0,1.0,1.0,0.0,0.0,1.0,1
1.0,-0.5691687520516089,0.7780078438287938,0.0,1.0,1.0,0.0,1.0,0.0,1.0,0.0,0.0,1.0,0
0.0,-0.3996499954331423,-1.5362527898055285,0.0,0.0,0.0,1.0,1.0,0.0,0.0,0.0,0.0,0.0,0
1.0,-0.06061248219620892,0.7813068611254926,0.0,1.0,1.0,0.0,0.0,1.0,1.0,0.0,0.0,1.0,0
1.0,-0.06061248219620892,0.42171397578530595,0.0,1.0,0.0,1.0,1.0,0.0,1.0,0.0,1.0,0.0,0
1.0,0.4903234768138078,-1.5148091773769854,0.0,0.0,0.0,0.0,0.0,0.0,0.0,0.0,0.0,0.0,0
0.0,0.4479437876591911,0.6213045222355931,0.0,1.0,1.0,0.0,0.0,1.0,0.0,1.0,1.0,0.0,1
0.0,0.7869813008961244,-1.534603281157179,0.0,0.0,0.0,0.0,0.0,0.0,0.0,0.0,0.0,0.0,0
0.0,0.32080472019534106,-1.5379022984538782,0.0,0.0,0.0,0.0,0.0,0.0,0.0,0.0,0.0,0.0,0
0.0,1.5074360165246077,1.4889460712674203,0.0,1.0,0.0,0.0,0.0,0.0,0.0,1.0,0.0,1.0,0
1.0,-0.6539281303608423,1.3487378361577143,0.0,1.0,1.0,0.0,0.0,1.0,1.0,0.0,0.0,1.0,0
0.0,0.2784250310407244,-1.4983140908934904,0.0,0.0,0.0,0.0,1.0,0.0,0.0,0.0,0.0,0.0,0
0.0,-1.1201047110616256,0.9677013383889842,0.0,1.0,1.0,0.0,0.0,1.0,1.0,0.0,0.0,1.0,1
0.0,-0.3148906171239089,0.7846058784221919,0.0,1.0,1.0,0.0,0.0,1.0,1.0,0.0,1.0,0.0,1
1.0,1.465056327369991,0.9512062519054894,0.0,1.0,0.0,1.0,1.0,0.0,1.0,0.0,0.0,1.0,0
0.0,-1.4167625351439423,-0.6867558359055456,1.0,0.0,1.0,0.0,0.0,1.0,1.0,0.0,1.0,0.0,1
1.0,-0.44202968458775893,0.1610916093460877,1.0,0.0,1.0,0.0,0.0,0.0,0.0,1.0,1.0,0.0,0
0.0,-0.696307819515459,-0.5729397391694315,1.0,0.0,1.0,0.0,0.0,0.0,1.0,0.0,1.0,0.0,0
1.0,-0.44202968458775893,0.7994514562573373,0.0,1.0,0.0,1.0,0.0,1.0,1.0,0.0,0.0,1.0,1
1.0,-1.3743828459893257,-1.4950150735967915,0.0,0.0,1.0,0.0,0.0,0.0,0.0,0.0,0.0,0.0,0
0.0,0.2784250310407244,-1.3564563471354352,0.0,0.0,0.0,1.0,0.0,1.0,0.0,0.0,0.0,0.0,0
0.0,-0.9929656435977756,0.3936723287633645,0.0,1.0,1.0,0.0,1.0,0.0,1.0,0.0,1.0,0.0,1
1.0,0.5327031659684244,1.264612895091891,0.0,1.0,1.0,0.0,0.0,1.0,0.0,1.0,0.0,1.0,0
0.0,-0.01823279304159225,-0.3601531235323483,1.0,0.0,0.0,0.0,0.0,0.0,0.0,1.0,1.0,0.0,0
1.0,1.2531578815969078,1.401522112904898,0.0,1.0,0.0,0.0,1.0,0.0,0.0,1.0,0.0,1.0,1
1.0,0.32080472019534106,0.8274931032792783,0.0,1.0,0.0,1.0,0.0,0.0,0.0,1.0,1.0,0.0,0
0.0,0.7446016117415077,-0.3865452619059399,1.0,0.0,1.0,0.0,0.0,1.0,1.0,0.0,0.0,1.0,1
1.0,1.4226766382153744,-0.15726355978536216,1.0,0.0,0.0,0.0,0.0,0.0,0.0,1.0,1.0,0.0,0
1.0,0.4055640985045744,1.5549264172013995,0.0,1.0,0.0,1.0,0.0,0.0,0.0,1.0,0.0,1.0,0
0.0,1.0836391249784412,1.333892258322569,0.0,1.0,0.0,0.0,0.0,1.0,1.0,0.0,0.0,1.0,1
0.0,0.7446016117415077,0.6361501000707386,0.0,1.0,1.0,0.0,1.0,0.0,1.0,0.0,0.0,1.0,1
0.0,1.465056327369991,-1.5329537725088296,0.0,0.0,0.0,1.0,1.0,0.0,0.0,0.0,0.0,0.0,0
1.0,1.3802969490607577,0.7730593178837453,0.0,1.0,1.0,0.0,1.0,0.0,1.0,0.0,1.0,0.0,1
0.0,1.4226766382153744,-1.3713019249705805,0.0,0.0,0.0,0.0,0.0,0.0,0.0,0.0,0.0,0.0,0
0.0,0.9141203683599745,-0.3684006667740957,1.0,0.0,1.0,0.0,0.0,1.0,1.0,0.0,0.0,1.0,0
0.0,0.32080472019534106,-1.3350127347068916,0.0,0.0,0.0,0.0,0.0,0.0,0.0,0.0,0.0,0.0,0
0.0,1.1683985032876745,-1.5032626168385388,0.0,0.0,0.0,0.0,0.0,0.0,0.0,0.0,0.0,0.0,0
0.0,-0.696307819515459,0.7268730757299601,0.0,1.0,1.0,0.0,0.0,1.0,1.0,0.0,0.0,1.0,1
1.0,0.6174625442776578,1.282757490223735,0.0,1.0,0.0,0.0,0.0,0.0,0.0,1.0,0.0,1.0,0
0.0,-0.8658265761339256,-0.3304619678620577,1.0,0.0,0.0,1.0,0.0,0.0,1.0,0.0,0.0,1.0,0
0.0,-1.1201047110616256,-1.3713019249705805,1.0,0.0,1.0,0.0,0.0,0.0,1.0,0.0,1.0,0.0,0
0.0,-1.1201047110616256,0.33264050877443385,0.0,1.0,1.0,0.0,0.0,1.0,1.0,0.0,1.0,0.0,0
0.0,0.8717406792053578,-1.3647038903771826,0.0,0.0,0.0,0.0,0.0,0.0,0.0,0.0,0.0,0.0,0
0.0,-1.3743828459893257,-1.5626449281791204,0.0,0.0,1.0,0.0,0.0,0.0,0.0,0.0,0.0,0.0,0
1.0,0.06652658526764109,0.644397643312486,0.0,1.0,1.0,0.0,0.0,1.0,1.0,0.0,0.0,1.0,1
1.0,-1.0353453327523923,0.1330499623241467,0.0,1.0,1.0,0.0,0.0,1.0,1.0,0.0,1.0,0.0,0
1.0,0.6598422334322744,-1.3416107693002897,0.0,0.0,0.0,0.0,0.0,0.0,0.0,0.0,0.0,0.0,0
1.0,-0.27251092796929227,0.9330616567736452,0.0,1.0,1.0,0.0,0.0,1.0,1.0,0.0,0.0,1.0,1
1.0,-0.950585954443159,-0.14406749059856636,1.0,0.0,1.0,0.0,1.0,0.0,1.0,0.0,1.0,0.0,0
0.0,0.9141203683599745,-1.4983140908934904,0.0,0.0,0.0,0.0,0.0,0.0,0.0,0.0,0.0,0.0,0
0.0,-0.4844093737423756,0.3276919828293852,0.0,1.0,1.0,0.0,0.0,1.0,1.0,0.0,1.0,0.0,1
0.0,-0.01823279304159225,0.302949353104143,0.0,1.0,1.0,0.0,0.0,0.0,1.0,0.0,1.0,0.0,1
1.0,1.337917259906141,1.220076161586455,0.0,1.0,0.0,0.0,1.0,0.0,1.0,0.0,0.0,1.0,0
1.0,-0.5691687520516089,0.10995684124725388,1.0,0.0,0.0,1.0,1.0,0.0,1.0,0.0,0.0,1.0,1
1.0,-0.4844093737423756,0.3045988617524929,0.0,1.0,1.0,0.0,0.0,0.0,1.0,0.0,1.0,0.0,1
1.0,0.9141203683599745,1.4262647426301402,0.0,1.0,0.0,1.0,1.0,0.0,1.0,0.0,0.0,1.0,0
1.0,-1.2472437785254755,-0.5679912132243828,1.0,0.0,1.0,0.0,0.0,0.0,1.0,0.0,1.0,0.0,0
1.0,1.5498157056792243,1.2530663345534447,0.0,1.0,0.0,1.0,0.0,1.0,0.0,1.0,0.0,1.0,0
0.0,-1.332003156834709,0.9281131308285966,0.0,1.0,1.0,0.0,0.0,1.0,1.0,0.0,0.0,1.0,1
0.0,1.3802969490607577,-1.3861475028057257,0.0,0.0,0.0,0.0,1.0,0.0,0.0,0.0,0.0,0.0,0
0.0,-1.332003156834709,0.2551136023020084,0.0,1.0,1.0,0.0,0.0,1.0,1.0,0.0,1.0,0.0,1
0.0,0.10890627442225775,-1.513159668728636,0.0,0.0,0.0,0.0,0.0,0.0,0.0,0.0,0.0,0.0,0
0.0,-0.44202968458775893,1.0930639956635446,0.0,1.0,0.0,0.0,1.0,0.0,1.0,0.0,0.0,1.0,0
0.0,1.2107781924422911,-1.3680029076738813,0.0,0.0,0.0,1.0,0.0,0.0,0.0,0.0,0.0,0.0,0
0.0,0.7022219225868911,0.44810611415889756,1.0,0.0,0.0,0.0,0.0,0.0,0.0,1.0,0.0,1.0,0
0.0,-0.01823279304159225,0.8192455600375309,0.0,1.0,1.0,0.0,0.0,0.0,0.0,1.0,1.0,0.0,0
1.0,0.9565000575145911,-0.030251393862452035,1.0,0.0,1.0,0.0,0.0,0.0,0.0,1.0,0.0,1.0,0
0.0,-0.44202968458775893,0.7516157054552023,0.0,1.0,1.0,0.0,0.0,1.0,1.0,0.0,0.0,1.0,1
0.0,-1.3743828459893257,0.3012998444557936,1.0,0.0,1.0,0.0,0.0,1.0,1.0,0.0,0.0,1.0,0
0.0,-0.696307819515459,-1.4950150735967915,0.0,0.0,0.0,0.0,0.0,0.0,0.0,0.0,0.0,0.0,0
0.0,0.06652658526764109,-0.8566552266855422,1.0,0.0,1.0,0.0,0.0,0.0,1.0,0.0,1.0,0.0,0
0.0,-0.9929656435977756,0.42171397578530595,0.0,1.0,1.0,0.0,0.0,1.0,0.0,1.0,1.0,0.0,1
1.0,1.5074360165246077,0.7994514562573373,1.0,0.0,0.0,0.0,0.0,1.0,0.0,1.0,0.0,1.0,0
1.0,0.19366565273149108,-1.318517648223397,0.0,0.0,1.0,0.0,0.0,1.0,0.0,0.0,0.0,0.0,0
1.0,-0.696307819515459,1.2250246875315032,0.0,1.0,1.0,0.0,0.0,1.0,1.0,0.0,0.0,1.0,1
0.0,1.3802969490607577,-0.3865452619059399,1.0,0.0,0.0,1.0,0.0,0.0,0.0,1.0,1.0,0.0,0
1.0,-0.14537186050544226,-1.02325560016884,1.0,0.0,1.0,0.0,0.0,1.0,0.0,1.0,1.0,0.0,0
1.0,0.23604534188610776,0.40521888930181116,1.0,0.0,0.0,0.0,0.0,1.0,0.0,1.0,0.0,1.0,0
0.0,0.2784250310407244,0.010986322346284999,1.0,0.0,0.0,0.0,0.0,0.0,1.0,0.0,1.0,0.0,0
1.0,0.5750828551230411,0.43326053632375217,1.0,0.0,0.0,0.0,1.0,0.0,1.0,0.0,0.0,1.0,0
0.0,-1.1624844002162422,0.9726498643340329,0.0,1.0,1.0,0.0,1.0,0.0,1.0,0.0,0.0,1.0,1
1.0,-1.0353453327523923,-1.2063510601356322,1.0,0.0,1.0,0.0,0.0,1.0,0.0,1.0,1.0,0.0,0
0.0,1.5074360165246077,1.337191275619268,0.0,1.0,0.0,0.0,1.0,0.0,0.0,1.0,0.0,1.0,0
1.0,-1.077725021907009,0.12975094502744747,0.0,1.0,1.0,0.0,0.0,1.0,1.0,0.0,1.0,0.0,1
1.0,-1.2896234676800922,-0.70490043103739,1.0,0.0,1.0,0.0,0.0,0.0,1.0,0.0,1.0,0.0,0
1.0,-0.9929656435977756,0.4299615190270534,1.0,0.0,0.0,1.0,0.0,1.0,0.0,1.0,0.0,1.0,0
0.0,-0.5691687520516089,0.7862553870705412,0.0,1.0,1.0,0.0,0.0,1.0,1.0,0.0,0.0,1.0,1
1.0,-0.3148906171239089,1.317397171839074,0.0,1.0,0.0,1.0,0.0,1.0,0.0,1.0,0.0,1.0,1
1.0,1.2531578815969078,-0.2100478365325456,1.0,0.0,0.0,0.0,0.0,0.0,1.0,0.0,0.0,1.0,0
1.0,-0.27251092796929227,0.9808974075757803,0.0,1.0,1.0,0.0,0.0,1.0,1.0,0.0,1.0,0.0,1
1.0,0.1512859635768744,1.271210929685289,0.0,1.0,0.0,1.0,0.0,0.0,0.0,1.0,0.0,1.0,1
0.0,-1.4167625351439423,0.14789554015929215,0.0,1.0,1.0,0.0,0.0,1.0,1.0,0.0,1.0,0.0,1
1.0,1.0836391249784412,0.908319027048403,0.0,1.0,0.0,1.0,1.0,0.0,0.0,1.0,1.0,0.0,0
0.0,-1.4167625351439423,-0.7016014137406911,1.0,0.0,1.0,0.0,1.0,0.0,1.0,0.0,1.0,0.0,0
1.0,1.5498157056792243,1.6093602025969327,0.0,1.0,0.0,0.0,1.0,0.0,0.0,1.0,0.0,1.0,0
0.0,-0.9929656435977756,-0.6983023964439921,1.0,0.0,1.0,0.0,1.0,0.0,1.0,0.0,1.0,0.0,0
0.0,1.5498157056792243,-1.5296547552121307,0.0,0.0,0.0,0.0,0.0,0.0,0.0,0.0,0.0,0.0,0
1.0,0.8717406792053578,0.7763583351804445,0.0,1.0,1.0,0.0,0.0,0.0,1.0,0.0,0.0,1.0,0
0.0,-0.6539281303608423,-0.4739692202684626,1.0,0.0,1.0,0.0,0.0,0.0,1.0,0.0,1.0,0.0,0
0.0,-0.6539281303608423,0.0901627374670603,1.0,0.0,1.0,0.0,0.0,0.0,1.0,0.0,1.0,0.0,0
0.0,-0.3572703062785256,-1.5329537725088296,0.0,0.0,0.0,0.0,0.0,0.0,0.0,0.0,0.0,0.0,0
1.0,-0.9929656435977756,-0.4129374002795318,1.0,0.0,0.0,1.0,0.0,0.0,1.0,0.0,1.0,0.0,1
0.0,-1.4167625351439423,0.47614776118083857,0.0,1.0,1.0,0.0,0.0,0.0,1.0,0.0,1.0,0.0,1
0.0,-1.2048640893708589,-1.1997530255422344,1.0,0.0,1.0,0.0,0.0,0.0,0.0,1.0,1.0,0.0,0
0.0,-0.7386875086700756,0.26336114554375584,0.0,1.0,1.0,0.0,0.0,0.0,1.0,0.0,1.0,0.0,0
1.0,0.5327031659684244,-1.038101178003985,1.0,0.0,0.0,1.0,0.0,0.0,1.0,0.0,1.0,0.0,1
0.0,-1.1201047110616256,0.35243461255462744,0.0,1.0,1.0,0.0,0.0,1.0,1.0,0.0,1.0,0.0,0
1.0,0.4055640985045744,0.9825469162241296,0.0,1.0,1.0,0.0,1.0,0.0,1.0,0.0,1.0,0.0,0
1.0,-1.332003156834709,0.6526451865542333,0.0,1.0,1.0,0.0,0.0,1.0,1.0,0.0,1.0,0.0,1
0.0,-0.7810671978246922,-0.48386627215855943,1.0,0.0,1.0,0.0,0.0,0.0,1.0,0.0,1.0,0.0,1
0.0,-1.332003156834709,-1.3515078211903866,1.0,0.0,1.0,0.0,1.0,0.0,1.0,0.0,1.0,0.0,1
1.0,1.5498157056792243,1.629154306377126,0.0,1.0,0.0,0.0,0.0,1.0,0.0,1.0,0.0,1.0,0
0.0,-0.7386875086700756,-1.5477993503439749,0.0,0.0,1.0,0.0,0.0,0.0,0.0,0.0,0.0,0.0,0
0.0,-1.3743828459893257,-0.5168564451255491,1.0,0.0,1.0,0.0,0.0,0.0,1.0,0.0,1.0,0.0,0
0.0,-1.2896234676800922,-1.5214072119703834,0.0,0.0,1.0,0.0,1.0,0.0,0.0,0.0,0.0,0.0,0
1.0,-1.1624844002162422,-0.17375864626885695,1.0,0.0,1.0,0.0,1.0,0.0,0.0,1.0,0.0,1.0,0
0.0,-1.4167625351439423,-1.5115101600802863,0.0,0.0,1.0,0.0,0.0,0.0,0.0,0.0,0.0,0.0,0
0.0,0.36318440934995777,-1.5395518071022276,0.0,0.0,0.0,1.0,0.0,0.0,0.0,0.0,0.0,0.0,0
1.0,-0.950585954443159,0.27160868878550326,0.0,1.0,1.0,0.0,0.0,0.0,1.0,0.0,1.0,0.0,1
1.0,1.5498157056792243,1.7033821955528528,0.0,1.0,0.0,1.0,1.0,0.0,0.0,1.0,0.0,1.0,1
0.0,-0.8234468869793089,0.11490536719230252,0.0,1.0,1.0,0.0,0.0,1.0,1.0,0.0,1.0,0.0,0
1.0,1.5498157056792243,-0.030251393862452035,1.0,0.0,0.0,0.0,0.0,0.0,0.0,1.0,0.0,1.0,0
0.0,-0.27251092796929227,0.302949353104143,1.0,0.0,0.0,1.0,1.0,0.0,1.0,0.0,0.0,1.0,0
1.0,-0.4844093737423756,0.1083073325989045,1.0,0.0,1.0,0.0,1.0,0.0,1.0,0.0,0.0,1.0,0
0.0,-0.6115484412062256,0.7879048957188907,0.0,1.0,1.0,0.0,0.0,1.0,1.0,0.0,1.0,0.0,0
0.0,-1.2472437785254755,-1.5329537725088296,0.0,0.0,1.0,0.0,0.0,0.0,0.0,0.0,0.0,0.0,0
1.0,-0.3148906171239089,-1.3399612606519404,0.0,0.0,0.0,1.0,0.0,0.0,0.0,0.0,0.0,0.0,0
0.0,-0.7386875086700756,0.5223340033346242,1.0,0.0,0.0,1.0,0.0,0.0,1.0,0.0,0.0,1.0,1
0.0,1.0412594358238245,-1.5032626168385388,0.0,0.0,0.0,0.0,0.0,0.0,0.0,0.0,0.0,0.0,0
0.0,-1.3743828459893257,0.27160868878550326,0.0,1.0,1.0,0.0,1.0,0.0,1.0,0.0,1.0,0.0,1
1.0,-0.5267890628969922,-1.5214072119703834,0.0,0.0,0.0,1.0,0.0,0.0,0.0,0.0,0.0,0.0,0
1.0,-0.8234468869793089,-1.5181081946736843,0.0,0.0,1.0,0.0,0.0,1.0,0.0,0.0,0.0,0.0,0
0.0,-0.8234468869793089,0.7351206189717074,0.0,1.0,1.0,0.0,0.0,1.0,1.0,0.0,1.0,0.0,1
0.0,1.3802969490607577,1.1854364799711157,0.0,1.0,0.0,0.0,1.0,0.0,0.0,1.0,1.0,0.0,0
0.0,-0.696307819515459,-0.3684006667740957,1.0,0.0,1.0,0.0,0.0,0.0,1.0,0.0,1.0,0.0,1
0.0,-0.14537186050544226,0.8984219751583061,0.0,1.0,1.0,0.0,0.0,0.0,0.0,1.0,1.0,0.0,0
1.0,1.1683985032876745,1.1062600648503407,0.0,1.0,0.0,0.0,0.0,0.0,0.0,1.0,0.0,1.0,0
1.0,-1.4167625351439423,-1.513159668728636,0.0,0.0,1.0,0.0,0.0,0.0,0.0,0.0,0.0,0.0,0
0.0,0.5750828551230411,1.2382207567182992,0.0,1.0,1.0,0.0,1.0,0.0,1.0,0.0,0.0,1.0,1
1.0,-0.2301312388146756,1.1178066253887868,0.0,1.0,1.0,0.0,0.0,1.0,1.0,0.0,0.0,1.0,1
1.0,1.2107781924422911,0.6213045222355931,1.0,0.0,0.0,0.0,0.0,0.0,0.0,1.0,0.0,1.0,0
1.0,-0.696307819515459,1.0105885632460707,0.0,1.0,1.0,0.0,0.0,1.0,1.0,0.0,0.0,1.0,0
1.0,-0.9082062652885423,-0.653765662938556,1.0,0.0,1.0,0.0,0.0,1.0,1.0,0.0,0.0,1.0,1
0.0,0.23604534188610776,1.5945146247617872,0.0,1.0,1.0,0.0,1.0,0.0,0.0,1.0,0.0,1.0,1
0.0,0.7022219225868911,1.4872965626190708,0.0,1.0,0.0,1.0,0.0,0.0,0.0,1.0,0.0,1.0,1
0.0,-0.6539281303608423,0.9215150962351986,0.0,1.0,1.0,0.0,0.0,1.0,1.0,0.0,1.0,0.0,1
0.0,-0.8234468869793089,0.43985857091715014,0.0,1.0,0.0,1.0,0.0,0.0,1.0,0.0,1.0,0.0,0
1.0,1.5074360165246077,1.5499778912563513,0.0,1.0,0.0,1.0,1.0,0.0,1.0,0.0,0.0,1.0,0
1.0,-1.2048640893708589,0.6625422384443301,0.0,1.0,1.0,0.0,0.0,1.0,1.0,0.0,0.0,1.0,1
0.0,-1.1201047110616256,0.2600621282470566,0.0,1.0,1.0,0.0,0.0,1.0,1.0,0.0,1.0,0.0,0
1.0,-0.06061248219620892,-1.1799589217620405,1.0,0.0,0.0,1.0,1.0,0.0,0.0,1.0,1.0,0.0,0
0.0,1.2955375707515244,-1.5049121254868885,0.0,0.0,0.0,0.0,0.0,0.0,0.0,0.0,0.0,0.0,0
0.0,-0.27251092796929227,0.15614308340103955,1.0,0.0,0.0,1.0,0.0,0.0,1.0,0.0,1.0,0.0,0
1.0,1.1260188141330578,0.15119455745599092,1.0,0.0,0.0,1.0,1.0,0.0,0.0,1.0,0.0,1.0,0
1.0,-0.01823279304159225,-0.8335621056086495,1.0,0.0,0.0,1.0,0.0,0.0,1.0,0.0,0.0,1.0,0
1.0,-0.7810671978246922,-1.4983140908934904,0.0,0.0,0.0,1.0,0.0,0.0,0.0,0.0,0.0,0.0,0
1.0,1.2955375707515244,-0.37994722731254216,1.0,0.0,0.0,0.0,1.0,0.0,1.0,0.0,0.0,1.0,0
0.0,0.5750828551230411,-1.5263557379154318,0.0,0.0,0.0,0.0,0.0,0.0,0.0,0.0,0.0,0.0,0
1.0,1.0836391249784412,1.096363012960244,0.0,1.0,1.0,0.0,1.0,0.0,0.0,1.0,0.0,1.0,0
1.0,1.5498157056792243,0.7219245497849114,1.0,0.0,0.0,0.0,1.0,0.0,0.0,1.0,0.0,1.0,0
1.0,1.5074360165246077,-1.3960445546958227,0.0,0.0,0.0,0.0,0.0,0.0,0.0,0.0,0.0,0.0,0
1.0,1.0836391249784412,1.1540958156524759,0.0,1.0,0.0,1.0,1.0,0.0,1.0,0.0,0.0,1.0,0
1.0,0.7022219225868911,-1.3564563471354352,0.0,0.0,0.0,0.0,1.0,0.0,0.0,0.0,0.0,0.0,0
0.0,-0.18775154966005891,0.20727785149987338,1.0,0.0,1.0,0.0,1.0,0.0,0.0,1.0,0.0,1.0,0
1.0,-1.2472437785254755,-1.5560468935857223,0.0,0.0,0.0,1.0,0.0,0.0,0.0,0.0,0.0,0.0,0
1.0,1.337917259906141,-0.5152069364771996,1.0,0.0,0.0,1.0,0.0,0.0,1.0,0.0,1.0,0.0,0
1.0,-1.1624844002162422,0.6279025568289911,0.0,1.0,1.0,0.0,0.0,0.0,1.0,0.0,1.0,0.0,1
1.0,-1.1624844002162422,1.1540958156524759,0.0,1.0,1.0,0.0,0.0,1.0,1.0,0.0,0.0,1.0,1
1.0,-1.2896234676800922,-0.058293040884393035,1.0,0.0,1.0,0.0,0.0,0.0,0.0,1.0,1.0,0.0,0
1.0,0.32080472019534106,0.29800082715909487,1.0,0.0,0.0,0.0,1.0,0.0,0.0,1.0,0.0,1.0,0
0.0,-0.3996499954331423,-0.7164469915758362,1.0,0.0,1.0,0.0,0.0,0.0,1.0,0.0,0.0,1.0,0
1.0,1.5498157056792243,0.8175960513891815,1.0,0.0,0.0,0.0,1.0,0.0,0.0,1.0,0.0,1.0,0
0.0,0.4479437876591911,-0.17870717221390536,1.0,0.0,0.0,0.0,1.0,0.0,0.0,1.0,0.0,1.0,0
1.0,-0.950585954443159,0.9215150962351986,0.0,1.0,1.0,0.0,0.0,1.0,1.0,0.0,0.0,1.0,1
1.0,-1.0353453327523923,0.43985857091715014,0.0,1.0,1.0,0.0,1.0,0.0,1.0,0.0,0.0,1.0,1
1.0,0.4479437876591911,1.1046105562019914,0.0,1.0,0.0,0.0,0.0,0.0,0.0,1.0,1.0,0.0,0
1.0,-0.7386875086700756,-1.5214072119703834,0.0,0.0,0.0,1.0,1.0,0.0,0.0,0.0,0.0,0.0,0
0.0,-0.8658265761339256,0.7120274978948146,0.0,1.0,1.0,0.0,1.0,0.0,0.0,1.0,0.0,1.0,0
1.0,-0.7386875086700756,-0.5234544797189471,1.0,0.0,1.0,0.0,0.0,0.0,1.0,0.0,1.0,0.0,0
0.0,0.2784250310407244,1.2415197740149981,0.0,1.0,1.0,0.0,1.0,0.0,1.0,0.0,0.0,1.0,0
1.0,-0.10299217135082558,0.47614776118083857,0.0,1.0,1.0,0.0,1.0,0.0,1.0,0.0,1.0,0.0,1
0.0,-0.44202968458775893,-1.5214072119703834,0.0,0.0,1.0,0.0,0.0,0.0,0.0,0.0,0.0,0.0,0
0.0,-0.696307819515459,-0.15231503384031375,1.0,0.0,1.0,0.0,0.0,0.0,1.0,0.0,0.0,1.0,0
1.0,1.465056327369991,-0.5383000575540923,1.0,0.0,0.0,0.0,1.0,0.0,0.0,1.0,1.0,0.0,0
1.0,0.06652658526764109,0.42171397578530595,0.0,1.0,1.0,0.0,0.0,0.0,1.0,0.0,1.0,0.0,1
1.0,1.5498157056792243,1.5780195382782924,0.0,1.0,0.0,0.0,0.0,1.0,0.0,1.0,0.0,1.0,0
0.0,-0.9082062652885423,-0.5086089018838016,1.0,0.0,1.0,0.0,0.0,1.0,1.0,0.0,0.0,1.0,1
1.0,1.1683985032876745,-0.8846968737074834,1.0,0.0,0.0,0.0,1.0,0.0,1.0,0.0,1.0,0.0,0
0.0,-0.5691687520516089,-0.5218049710705974,1.0,0.0,1.0,0.0,0.0,1.0,1.0,0.0,0.0,1.0,0
1.0,0.06652658526764109,1.089764978366846,0.0,1.0,0.0,1.0,0.0,1.0,0.0,1.0,1.0,0.0,1
1.0,0.5750828551230411,-1.4999635995418399,0.0,0.0,0.0,1.0,0.0,0.0,0.0,0.0,0.0,0.0,0
1.0,-0.27251092796929227,0.9396596913670432,0.0,1.0,1.0,0.0,0.0,0.0,0.0,1.0,0.0,1.0,1
0.0,-0.950585954443159,-0.3354104938071061,1.0,0.0,1.0,0.0,0.0,1.0,0.0,1.0,1.0,0.0,0
1.0,-0.18775154966005891,0.6163559962905445,0.0,1.0,1.0,0.0,0.0,1.0,1.0,0.0,1.0,0.0,0
0.0,-0.6539281303608423,1.0683213659383024,0.0,1.0,1.0,0.0,0.0,0.0,1.0,0.0,0.0,1.0,0
1.0,-0.01823279304159225,1.1326522032239323,0.0,1.0,1.0,0.0,1.0,0.0,0.0,1.0,0.0,1.0,1
0.0,-1.3743828459893257,0.29305230121404624,0.0,1.0,1.0,0.0,0.0,0.0,1.0,0.0,1.0,0.0,1
0.0,-1.1624844002162422,1.1046105562019914,0.0,1.0,1.0,0.0,0.0,1.0,1.0,0.0,0.0,1.0,1
0.0,-1.1624844002162422,0.29965033580744427,0.0,1.0,1.0,0.0,0.0,1.0,1.0,0.0,1.0,0.0,0
1.0,0.024146896113024417,-0.4987118499937048,1.0,0.0,1.0,0.0,0.0,0.0,0.0,1.0,1.0,0.0,0
0.0,0.7022219225868911,-0.5168564451255491,1.0,0.0,1.0,0.0,0.0,1.0,1.0,0.0,0.0,1.0,0
0.0,-0.8234468869793089,-0.37334919271914413,1.0,0.0,0.0,0.0,0.0,0.0,0.0,1.0,0.0,1.0,0
0.0,-1.077725021907009,-1.5313042638604801,0.0,0.0,1.0,0.0,0.0,0.0,0.0,0.0,0.0,0.0,0
0.0,-0.6115484412062256,-1.506561634135238,0.0,0.0,0.0,1.0,1.0,0.0,0.0,0.0,0.0,0.0,0
1.0,0.36318440934995777,-1.363054381728833,0.0,0.0,0.0,1.0,0.0,1.0,0.0,0.0,0.0,0.0,0
1.0,1.5498157056792243,-0.040148445752548834,1.0,0.0,0.0,0.0,0.0,0.0,0.0,1.0,0.0,1.0,0
1.0,-1.4167625351439423,0.7714098092353958,0.0,1.0,1.0,0.0,1.0,0.0,1.0,0.0,0.0,1.0,1
1.0,1.5498157056792243,0.4184149584886067,1.0,0.0,0.0,0.0,1.0,0.0,0.0,1.0,1.0,0.0,0
1.0,1.5498157056792243,1.5318332961245067,0.0,1.0,0.0,0.0,0.0,0.0,0.0,1.0,0.0,1.0,0
0.0,0.10890627442225775,0.13140045367579734,1.0,0.0,0.0,1.0,0.0,0.0,1.0,0.0,0.0,1.0,1
1.0,0.9141203683599745,-0.031900902510801424,1.0,0.0,1.0,0.0,1.0,0.0,0.0,1.0,1.0,0.0,0
1.0,1.465056327369991,1.094713504311894,0.0,1.0,0.0,0.0,0.0,0.0,0.0,1.0,0.0,1.0,0
0.0,-0.44202968458775893,-1.3482088038936877,0.0,0.0,0.0,1.0,1.0,0.0,0.0,0.0,0.0,0.0,1
0.0,-1.0353453327523923,-0.17375864626885695,1.0,0.0,1.0,0.0,0.0,1.0,1.0,0.0,1.0,0.0,0
0.0,0.23604534188610776,0.7598632486969497,0.0,1.0,1.0,0.0,0.0,1.0,1.0,0.0,0.0,1.0,0
0.0,-1.332003156834709,0.13964799691754473,0.0,1.0,1.0,0.0,0.0,1.0,1.0,0.0,1.0,0.0,1
1.0,-0.3148906171239089,-0.5366505489057429,1.0,0.0,1.0,0.0,0.0,0.0,1.0,0.0,1.0,0.0,0
1.0,1.5498157056792243,-1.3449097865969888,0.0,0.0,0.0,0.0,0.0,0.0,0.0,0.0,0.0,0.0,0
0.0,0.829360990050741,-0.5152069364771996,1.0,0.0,1.0,0.0,0.0,0.0,0.0,1.0,1.0,0.0,0
1.0,1.5498157056792243,-1.369652416322231,0.0,0.0,0.0,0.0,1.0,0.0,0.0,0.0,0.0,0.0,0
1.0,1.1683985032876745,-0.5119079191805006,1.0,0.0,0.0,0.0,1.0,0.0,0.0,1.0,1.0,0.0,0
1.0,0.19366565273149108,-0.7857263548065144,1.0,0.0,0.0,1.0,0.0,1.0,0.0,1.0,1.0,0.0,1
0.0,-0.9929656435977756,-1.5461498416956256,0.0,0.0,0.0,1.0,0.0,0.0,0.0,0.0,0.0,0.0,0
1.0,1.5498157056792243,1.6357523409705241,0.0,1.0,0.0,0.0,0.0,0.0,0.0,1.0,0.0,1.0,0
0.0,0.32080472019534106,-1.0793388942127222,1.0,0.0,1.0,0.0,0.0,0.0,0.0,1.0,1.0,0.0,0
1.0,-0.2301312388146756,-1.554397384937373,0.0,0.0,0.0,0.0,0.0,0.0,0.0,0.0,0.0,0.0,0
0.0,0.4055640985045744,1.518637226937711,0.0,1.0,0.0,1.0,0.0,0.0,0.0,1.0,0.0,1.0,0
1.0,1.5498157056792243,1.4444093377619844,0.0,1.0,0.0,0.0,0.0,0.0,0.0,1.0,0.0,1.0,0
0.0,-0.5691687520516089,0.5982114011587003,0.0,1.0,1.0,0.0,0.0,0.0,1.0,0.0,1.0,0.0,1
1.0,0.9565000575145911,0.020883374236381792,1.0,0.0,1.0,0.0,1.0,0.0,1.0,0.0,0.0,1.0,0
0.0,-1.2896234676800922,1.2910050334654826,0.0,1.0,1.0,0.0,0.0,1.0,1.0,0.0,0.0,1.0,0
1.0,1.5498157056792243,0.8522357330045205,1.0,0.0,0.0,0.0,1.0,0.0,0.0,1.0,0.0,1.0,0
1.0,1.1260188141330578,0.4893438303676346,1.0,0.0,0.0,0.0,0.0,0.0,0.0,1.0,0.0,1.0,0
1.0,1.5074360165246077,1.3998726042565481,0.0,1.0,0.0,0.0,0.0,0.0,1.0,0.0,0.0,1.0,1
1.0,-0.8234468869793089,-0.3403590197521545,1.0,0.0,0.0,1.0,0.0,0.0,0.0,1.0,1.0,0.0,0
1.0,-0.7810671978246922,0.3045988617524929,1.0,0.0,1.0,0.0,1.0,0.0,1.0,0.0,0.0,1.0,0
0.0,-0.01823279304159225,1.1244046599821849,0.0,1.0,1.0,0.0,0.0,1.0,1.0,0.0,0.0,1.0,1
1.0,0.4903234768138078,0.6196550135872437,0.0,1.0,0.0,1.0,1.0,0.0,1.0,0.0,0.0,1.0,0
0.0,-1.4167625351439423,0.11490536719230252,0.0,1.0,1.0,0.0,0.0,1.0,1.0,0.0,1.0,0.0,1
0.0,1.337917259906141,1.721526790684697,0.0,1.0,0.0,1.0,1.0,0.0,0.0,1.0,0.0,1.0,1
0.0,0.6174625442776578,0.9017209924550049,0.0,1.0,1.0,0.0,0.0,0.0,0.0,1.0,1.0,0.0,0
1.0,1.5498157056792243,-1.3350127347068916,0.0,0.0,0.0,0.0,0.0,0.0,0.0,0.0,0.0,0.0,0
0.0,1.0836391249784412,1.3289437323775208,0.0,1.0,1.0,0.0,0.0,1.0,0.0,1.0,0.0,1.0,0
1.0,-0.950585954443159,0.754914722751901,0.0,1.0,1.0,0.0,1.0,0.0,1.0,0.0,1.0,0.0,1
1.0,-1.1624844002162422,-0.7494371645428258,1.0,0.0,0.0,1.0,0.0,0.0,1.0,0.0,1.0,0.0,0
1.0,1.337917259906141,1.2943040507621817,0.0,1.0,0.0,1.0,0.0,1.0,1.0,0.0,0.0,1.0,0
0.0,-0.06061248219620892,-1.3564563471354352,1.0,0.0,1.0,0.0,1.0,0.0,1.0,0.0,1.0,0.0,0
0.0,-1.2048640893708589,-1.5576964022340718,0.0,0.0,1.0,0.0,0.0,0.0,0.0,0.0,0.0,0.0,0
1.0,1.5498157056792243,0.7796573524771433,1.0,0.0,0.0,0.0,0.0,0.0,0.0,1.0,0.0,1.0,0
0.0,-1.3743828459893257,-0.35850361488399896,1.0,0.0,1.0,0.0,0.0,1.0,1.0,0.0,1.0,0.0,1
0.0,-0.6539281303608423,-1.5395518071022276,0.0,0.0,1.0,0.0,1.0,0.0,0.0,0.0,0.0,0.0,0
1.0,-0.44202968458775893,-1.4917160563000924,0.0,0.0,0.0,1.0,1.0,0.0,0.0,0.0,0.0,0.0,0
0.0,0.1512859635768744,0.29965033580744427,0.0,1.0,1.0,0.0,0.0,1.0,1.0,0.0,1.0,0.0,1
1.0,1.5498157056792243,-1.3877970114540752,0.0,0.0,0.0,0.0,0.0,0.0,0.0,0.0,0.0,0.0,0
1.0,-0.7810671978246922,-0.5399495662024418,1.0,0.0,1.0,0.0,0.0,0.0,1.0,0.0,0.0,1.0,0
0.0,-0.14537186050544226,0.8208950686858802,0.0,1.0,1.0,0.0,0.0,1.0,1.0,0.0,0.0,1.0,0
0.0,0.7446016117415077,1.0699708745866519,0.0,1.0,0.0,1.0,0.0,0.0,0.0,1.0,0.0,1.0,0
1.0,0.829360990050741,0.33264050877443385,1.0,0.0,0.0,1.0,0.0,1.0,0.0,1.0,0.0,1.0,0
1.0,0.23604534188610776,0.9479072346087907,0.0,1.0,1.0,0.0,1.0,0.0,1.0,0.0,0.0,1.0,0
1.0,-1.0353453327523923,-1.4917160563000924,0.0,0.0,1.0,0.0,1.0,0.0,0.0,0.0,0.0,0.0,0
1.0,1.465056327369991,1.2926545421138318,0.0,1.0,0.0,0.0,0.0,0.0,0.0,1.0,0.0,1.0,0
1.0,-0.3148906171239089,0.8637822935429667,0.0,1.0,1.0,0.0,0.0,0.0,0.0,1.0,0.0,1.0,1
0.0,-1.4167625351439423,0.15119455745599092,0.0,1.0,1.0,0.0,0.0,1.0,1.0,0.0,1.0,0.0,1
1.0,0.024146896113024417,-1.5148091773769854,0.0,0.0,0.0,0.0,1.0,0.0,0.0,0.0,0.0,0.0,0
0.0,0.23604534188610776,1.4839975453223722,0.0,1.0,0.0,0.0,0.0,1.0,0.0,1.0,0.0,1.0,0
1.0,-0.06061248219620892,1.4097696561466455,0.0,1.0,1.0,0.0,0.0,1.0,1.0,0.0,0.0,1.0,0
0.0,-0.9082062652885423,0.11490536719230252,1.0,0.0,1.0,0.0,0.0,1.0,1.0,0.0,0.0,1.0,0
0.0,-0.5691687520516089,-1.5477993503439749,0.0,0.0,0.0,1.0,0.0,0.0,0.0,0.0,0.0,0.0,0
0.0,-0.7386875086700756,-1.5197577033220337,0.0,0.0,0.0,1.0,0.0,0.0,0.0,0.0,0.0,0.0,0
0.0,-1.2896234676800922,-1.5214072119703834,0.0,0.0,1.0,0.0,0.0,0.0,0.0,0.0,0.0,0.0,0
1.0,-0.4844093737423756,-1.5197577033220337,0.0,0.0,0.0,1.0,0.0,0.0,0.0,0.0,0.0,0.0,0
0.0,-0.44202968458775893,0.7697603005870465,0.0,1.0,1.0,0.0,0.0,1.0,1.0,0.0,0.0,1.0,1
0.0,-0.06061248219620892,1.2926545421138318,0.0,1.0,1.0,0.0,1.0,0.0,0.0,1.0,0.0,1.0,0
1.0,0.6174625442776578,0.11490536719230252,1.0,0.0,0.0,1.0,0.0,1.0,1.0,0.0,0.0,1.0,0
0.0,-0.4844093737423756,-1.3531573298387363,0.0,0.0,0.0,0.0,0.0,0.0,0.0,0.0,0.0,0.0,0
1.0,1.5498157056792243,0.3045988617524929,1.0,0.0,0.0,0.0,1.0,0.0,1.0,0.0,0.0,1.0,0
1.0,1.5074360165246077,-1.5362527898055285,0.0,0.0,0.0,0.0,1.0,0.0,0.0,0.0,0.0,0.0,0
1.0,0.4903234768138078,1.094713504311894,0.0,1.0,1.0,0.0,0.0,1.0,1.0,0.0,0.0,1.0,1
0.0,0.4479437876591911,0.9726498643340329,0.0,1.0,0.0,1.0,0.0,0.0,0.0,1.0,0.0,1.0,0
1.0,1.0836391249784412,1.0006915113559738,0.0,1.0,0.0,1.0,1.0,0.0,1.0,0.0,0.0,1.0,0
1.0,-1.4167625351439423,-1.528005246563781,0.0,0.0,1.0,0.0,1.0,0.0,0.0,0.0,0.0,0.0,0
1.0,-0.3148906171239089,-0.5069593932354522,1.0,0.0,0.0,1.0,0.0,0.0,0.0,1.0,0.0,1.0,0
1.0,-1.2896234676800922,0.1281014363790981,0.0,1.0,1.0,0.0,0.0,1.0,1.0,0.0,1.0,0.0,0
0.0,-0.3996499954331423,-0.6719102580704004,1.0,0.0,1.0,0.0,0.0,0.0,0.0,1.0,1.0,0.0,0
0.0,-0.7386875086700756,-1.534603281157179,0.0,0.0,0.0,1.0,0.0,0.0,0.0,0.0,0.0,0.0,0
1.0,-0.9082062652885423,-0.023653359269054017,1.0,0.0,1.0,0.0,0.0,1.0,0.0,1.0,0.0,1.0,1
0.0,-0.950585954443159,0.6526451865542333,0.0,1.0,1.0,0.0,0.0,1.0,1.0,0.0,1.0,0.0,0
0.0,-1.2048640893708589,-1.5016131081901896,0.0,0.0,1.0,0.0,0.0,0.0,0.0,0.0,0.0,0.0,0
1.0,-0.14537186050544226,-1.5576964022340718,0.0,0.0,0.0,0.0,0.0,0.0,0.0,0.0,0.0,0.0,0
1.0,-1.4167625351439423,0.26501065419210523,0.0,1.0,1.0,0.0,0.0,1.0,1.0,0.0,1.0,0.0,0
1.0,0.8717406792053578,0.7499661968068528,0.0,1.0,0.0,1.0,1.0,0.0,1.0,0.0,0.0,1.0,0
1.0,1.2107781924422911,1.4196667080367422,0.0,1.0,0.0,0.0,0.0,0.0,1.0,0.0,0.0,1.0,0
1.0,1.2531578815969078,-1.3663533990255319,0.0,0.0,0.0,0.0,0.0,0.0,0.0,0.0,0.0,0.0,0
0.0,1.4226766382153744,0.261711636895406,1.0,0.0,0.0,0.0,0.0,0.0,0.0,1.0,1.0,0.0,0
1.0,0.7022219225868911,1.1260541686305343,0.0,1.0,0.0,1.0,0.0,1.0,0.0,1.0,0.0,1.0,0
0.0,-1.332003156834709,0.4613021833456936,0.0,1.0,1.0,0.0,0.0,1.0,0.0,1.0,1.0,0.0,0
1.0,1.2531578815969078,1.094713504311894,0.0,1.0,0.0,0.0,0.0,1.0,0.0,1.0,0.0,1.0,0
0.0,1.2531578815969078,0.6163559962905445,1.0,0.0,0.0,0.0,1.0,0.0,0.0,1.0,0.0,1.0,0
1.0,-0.3572703062785256,-0.37664821001584314,1.0,0.0,1.0,0.0,0.0,0.0,0.0,1.0,1.0,0.0,0
1.0,-0.5267890628969922,0.7351206189717074,0.0,1.0,1.0,0.0,1.0,0.0,1.0,0.0,1.0,0.0,0
1.0,-0.4844093737423756,0.761512757345299,0.0,1.0,1.0,0.0,0.0,1.0,0.0,1.0,1.0,0.0,0
1.0,1.1683985032876745,1.4048211302015967,0.0,1.0,1.0,0.0,0.0,1.0,1.0,0.0,0.0,1.0,0
0.0,-1.3743828459893257,0.768110791938697,0.0,1.0,1.0,0.0,0.0,1.0,1.0,0.0,0.0,1.0,1
0.0,-0.27251092796929227,1.1343017118722818,0.0,1.0,0.0,1.0,0.0,0.0,1.0,0.0,1.0,0.0,0
1.0,1.5498157056792243,0.7433681622134548,1.0,0.0,0.0,0.0,0.0,0.0,0.0,1.0,0.0,1.0,0
1.0,1.2107781924422911,1.2943040507621817,0.0,1.0,0.0,0.0,1.0,0.0,1.0,0.0,0.0,1.0,0
0.0,-0.3572703062785256,0.971000355685683,0.0,1.0,1.0,0.0,1.0,0.0,1.0,0.0,0.0,1.0,0
1.0,1.5074360165246077,1.2844069988720845,0.0,1.0,1.0,0.0,0.0,0.0,0.0,1.0,0.0,1.0,1
0.0,-1.3743828459893257,-0.42118494352127916,1.0,0.0,1.0,0.0,0.0,0.0,1.0,0.0,0.0,1.0,1
0.0,-1.2048640893708589,-0.49046430675195746,1.0,0.0,1.0,0.0,0.0,0.0,1.0,0.0,1.0,0.0,0
1.0,1.0412594358238245,1.2596643691468423,0.0,1.0,0.0,1.0,0.0,1.0,1.0,0.0,0.0,1.0,0
0.0,-0.3996499954331423,-0.5613931786309851,1.0,0.0,1.0,0.0,1.0,0.0,1.0,0.0,1.0,0.0,0
0.0,-1.1201047110616256,0.2221234293350188,1.0,0.0,1.0,0.0,0.0,0.0,1.0,0.0,0.0,1.0,1
1.0,0.7869813008961244,-0.017055324675655997,1.0,0.0,0.0,0.0,0.0,0.0,0.0,1.0,1.0,0.0,0
0.0,0.23604534188610776,-1.3498583125420371,0.0,0.0,1.0,0.0,1.0,0.0,0.0,0.0,0.0,0.0,0
1.0,-1.2048640893708589,0.3045988617524929,0.0,1.0,1.0,0.0,0.0,1.0,1.0,0.0,1.0,0.0,0
0.0,-1.3743828459893257,-0.9671723061249574,1.0,0.0,1.0,0.0,0.0,0.0,1.0,0.0,1.0,0.0,1
0.0,1.1260188141330578,1.6126592198936314,0.0,1.0,0.0,1.0,0.0,0.0,0.0,1.0,0.0,1.0,0
1.0,0.9141203683599745,1.1408997464656798,0.0,1.0,0.0,1.0,0.0,0.0,1.0,0.0,0.0,1.0,0
0.0,0.6598422334322744,0.49429235631268326,1.0,0.0,0.0,1.0,0.0,0.0,0.0,1.0,0.0,1.0,0
1.0,1.5498157056792243,0.4349100449721015,1.0,0.0,0.0,0.0,1.0,0.0,0.0,1.0,0.0,1.0,0
0.0,-0.9929656435977756,-1.0611942990808778,1.0,0.0,1.0,0.0,0.0,0.0,1.0,0.0,1.0,0.0,0
0.0,1.337917259906141,-0.020354341972355243,1.0,0.0,0.0,0.0,1.0,0.0,0.0,1.0,1.0,0.0,0
1.0,-1.2896234676800922,0.4893438303676346,0.0,1.0,1.0,0.0,0.0,1.0,1.0,0.0,1.0,0.0,1
1.0,-0.27251092796929227,-0.6686112407737014,1.0,0.0,1.0,0.0,0.0,1.0,1.0,0.0,0.0,1.0,0
1.0,-1.0353453327523923,-1.5477993503439749,0.0,0.0,1.0,0.0,0.0,0.0,0.0,0.0,0.0,0.0,1
1.0,1.5074360165246077,0.7631622659936484,1.0,0.0,0.0,0.0,0.0,0.0,0.0,1.0,0.0,1.0,0
0.0,0.6174625442776578,0.7763583351804445,0.0,1.0,0.0,0.0,1.0,0.0,1.0,0.0,1.0,0.0,0
0.0,1.0412594358238245,0.4299615190270534,0.0,1.0,0.0,1.0,1.0,0.0,1.0,0.0,1.0,0.0,0
1.0,-0.14537186050544226,1.277808964278687,0.0,1.0,1.0,0.0,0.0,1.0,1.0,0.0,0.0,1.0,1
1.0,1.5074360165246077,1.3982230956081987,0.0,1.0,0.0,0.0,0.0,0.0,0.0,1.0,0.0,1.0,0
1.0,-0.696307819515459,-0.5300525143123449,1.0,0.0,1.0,0.0,0.0,0.0,1.0,0.0,1.0,0.0,0
0.0,-0.9082062652885423,1.276159455630337,0.0,1.0,1.0,0.0,0.0,1.0,1.0,0.0,0.0,1.0,1
1.0,1.1260188141330578,1.3668824312895584,0.0,1.0,0.0,0.0,1.0,0.0,1.0,0.0,0.0,1.0,0
1.0,0.9565000575145911,-0.7279935521142826,1.0,0.0,0.0,1.0,0.0,0.0,1.0,0.0,1.0,0.0,0
0.0,0.4903234768138078,-0.038498937104199445,1.0,0.0,0.0,0.0,0.0,0.0,0.0,1.0,1.0,0.0,0
0.0,1.337917259906141,0.6295520654773406,1.0,0.0,0.0,0.0,0.0,0.0,0.0,1.0,0.0,1.0,0
0.0,1.5498157056792243,1.3833775177730534,0.0,1.0,0.0,0.0,1.0,0.0,1.0,0.0,0.0,1.0,0
0.0,1.2955375707515244,-1.524706229267082,0.0,0.0,0.0,0.0,0.0,0.0,0.0,0.0,0.0,0.0,0
1.0,-0.7810671978246922,-0.7164469915758362,1.0,0.0,0.0,1.0,0.0,0.0,0.0,1.0,0.0,1.0,0
0.0,-1.077725021907009,0.13140045367579734,0.0,1.0,1.0,0.0,0.0,0.0,1.0,0.0,1.0,0.0,0
0.0,0.06652658526764109,-1.513159668728636,0.0,0.0,0.0,1.0,1.0,0.0,0.0,0.0,0.0,0.0,0
0.0,-0.9082062652885423,1.1343017118722818,0.0,1.0,1.0,0.0,0.0,1.0,1.0,0.0,0.0,1.0,1
1.0,0.7446016117415077,-1.5263557379154318,0.0,0.0,0.0,0.0,0.0,0.0,0.0,0.0,0.0,0.0,0
0.0,-0.10299217135082558,-0.2215943970709918,1.0,0.0,1.0,0.0,1.0,0.0,0.0,1.0,0.0,1.0,0
1.0,0.9988797466692078,1.0996620302569426,0.0,1.0,0.0,0.0,0.0,0.0,1.0,0.0,0.0,1.0,0
1.0,0.7022219225868911,-1.37295143361893,0.0,0.0,0.0,0.0,0.0,0.0,0.0,0.0,0.0,0.0,0
0.0,0.36318440934995777,0.08851322881871043,0.0,1.0,1.0,0.0,0.0,0.0,1.0,0.0,1.0,0.0,0
1.0,1.5498157056792243,1.6967841609594547,0.0,1.0,0.0,0.0,1.0,0.0,0.0,1.0,0.0,1.0,0
1.0,0.829360990050741,0.942958708663742,0.0,1.0,0.0,1.0,0.0,1.0,0.0,1.0,0.0,1.0,0
1.0,-1.332003156834709,-1.506561634135238,0.0,0.0,0.0,1.0,1.0,0.0,0.0,0.0,0.0,0.0,0
1.0,-1.2048640893708589,0.6707897816860776,0.0,1.0,1.0,0.0,0.0,1.0,1.0,0.0,0.0,1.0,1
0.0,0.7446016117415077,-0.1094278089832271,1.0,0.0,0.0,1.0,0.0,0.0,0.0,1.0,1.0,0.0,0
0.0,-1.2472437785254755,-0.5448980921474903,1.0,0.0,1.0,0.0,1.0,0.0,1.0,0.0,1.0,0.0,1
0.0,1.5498157056792243,1.1458482724107284,0.0,1.0,0.0,0.0,1.0,0.0,1.0,0.0,0.0,1.0,0
0.0,-1.4167625351439423,-0.13581994735681893,1.0,0.0,1.0,0.0,1.0,0.0,1.0,0.0,1.0,0.0,1
1.0,1.2955375707515244,-0.31066786408186386,1.0,0.0,0.0,0.0,0.0,0.0,1.0,0.0,0.0,1.0,0
1.0,-0.950585954443159,-0.8451086661470959,1.0,0.0,0.0,0.0,0.0,0.0,0.0,1.0,1.0,0.0,0
0.0,-1.4167625351439423,0.09181224611540968,0.0,1.0,1.0,0.0,0.0,1.0,1.0,0.0,1.0,0.0,1
1.0,1.1260188141330578,0.7565642314002504,0.0,1.0,1.0,0.0,0.0,1.0,0.0,1.0,1.0,0.0,0
0.0,0.6598422334322744,-0.3222144246203103,1.0,0.0,0.0,1.0,0.0,0.0,1.0,0.0,0.0,1.0,0
0.0,-1.2896234676800922,-0.5152069364771996,1.0,0.0,1.0,0.0,1.0,0.0,1.0,0.0,1.0,0.0,0
1.0,1.5498157056792243,1.0617233313449044,0.0,1.0,0.0,0.0,1.0,0.0,1.0,0.0,0.0,1.0,0
0.0,-1.2472437785254755,-0.3271629505653587,1.0,0.0,1.0,0.0,0.0,1.0,0.0,1.0,1.0,0.0,1
1.0,-0.8234468869793089,0.6196550135872437,0.0,1.0,1.0,0.0,0.0,1.0,1.0,0.0,0.0,1.0,1
0.0,-1.077725021907009,-1.5461498416956256,0.0,0.0,0.0,1.0,0.0,0.0,0.0,0.0,0.0,0.0,0
0.0,-1.1201047110616256,0.26666016284045463,0.0,1.0,1.0,0.0,0.0,0.0,0.0,1.0,1.0,0.0,1
0.0,-1.1201047110616256,0.6015104184553995,0.0,1.0,1.0,0.0,0.0,0.0,1.0,0.0,1.0,0.0,1
1.0,1.3802969490607577,1.4724509847839253,0.0,1.0,0.0,0.0,1.0,0.0,0.0,1.0,0.0,1.0,0
1.0,-0.3572703062785256,0.17923620447793193,1.0,0.0,1.0,0.0,1.0,0.0,1.0,0.0,0.0,1.0,0
0.0,1.5498157056792243,-1.3663533990255319,0.0,0.0,0.0,0.0,1.0,0.0,0.0,0.0,0.0,0.0,0
0.0,-1.332003156834709,-0.5910843343012757,1.0,0.0,1.0,0.0,0.0,0.0,0.0,1.0,1.0,0.0,0
0.0,0.23604534188610776,-0.3453075456972029,1.0,0.0,1.0,0.0,1.0,0.0,1.0,0.0,1.0,0.0,0
0.0,-1.332003156834709,-1.5098606514319368,0.0,0.0,0.0,1.0,0.0,0.0,0.0,0.0,0.0,0.0,0
1.0,-1.2896234676800922,0.10500831530220525,0.0,1.0,1.0,0.0,0.0,1.0,1.0,0.0,1.0,0.0,0
1.0,0.10890627442225775,-0.20344980193914758,1.0,0.0,0.0,0.0,1.0,0.0,0.0,1.0,0.0,1.0,0
1.0,0.4055640985045744,-1.3762504509156288,0.0,0.0,0.0,0.0,0.0,0.0,0.0,0.0,0.0,0.0,0
1.0,-0.5691687520516089,0.10170929800550647,0.0,1.0,1.0,0.0,0.0,1.0,1.0,0.0,1.0,0.0,1
1.0,0.6598422334322744,1.0782184178283993,0.0,1.0,0.0,1.0,0.0,1.0,1.0,0.0,0.0,1.0,0
0.0,-1.1624844002162422,-0.9127385207294246,1.0,0.0,1.0,0.0,0.0,1.0,0.0,1.0,1.0,0.0,0
1.0,0.7446016117415077,-1.554397384937373,0.0,0.0,0.0,1.0,0.0,0.0,0.0,0.0,0.0,0.0,0
1.0,1.4226766382153744,-1.5115101600802863,0.0,0.0,0.0,1.0,0.0,0.0,0.0,0.0,0.0,0.0,0
1.0,-0.8658265761339256,0.3408880520161813,1.0,0.0,1.0,0.0,1.0,0.0,1.0,0.0,0.0,1.0,0
0.0,-0.696307819515459,-0.33211147651040707,1.0,0.0,1.0,0.0,0.0,0.0,1.0,0.0,1.0,0.0,0
1.0,1.0836391249784412,-1.5313042638604801,0.0,0.0,0.0,0.0,0.0,0.0,0.0,0.0,0.0,0.0,0
1.0,-0.8234468869793089,0.8093485081474341,0.0,1.0,1.0,0.0,0.0,1.0,0.0,1.0,1.0,0.0,0
1.0,-0.5267890628969922,-1.5098606514319368,0.0,0.0,0.0,0.0,1.0,0.0,0.0,0.0,0.0,0.0,0
1.0,0.4903234768138078,0.42006446713695655,0.0,1.0,0.0,1.0,0.0,1.0,1.0,0.0,1.0,0.0,0
0.0,0.4479437876591911,-1.486767530355044,0.0,0.0,0.0,0.0,0.0,1.0,0.0,0.0,0.0,0.0,0
1.0,1.5498157056792243,1.4609044242454792,0.0,1.0,0.0,0.0,1.0,0.0,0.0,1.0,0.0,1.0,0
1.0,-0.7386875086700756,-1.544500333047276,0.0,0.0,0.0,0.0,0.0,0.0,0.0,0.0,0.0,0.0,0
0.0,-1.332003156834709,0.8076989994990847,0.0,1.0,1.0,0.0,0.0,1.0,0.0,1.0,0.0,1.0,0
0.0,-1.2472437785254755,-0.7081994483340888,1.0,0.0,1.0,0.0,0.0,0.0,1.0,0.0,1.0,0.0,0
0.0,1.3802969490607577,1.1606938502458735,0.0,1.0,0.0,1.0,1.0,0.0,0.0,1.0,0.0,1.0,0
0.0,1.1683985032876745,1.388326043718102,0.0,1.0,1.0,0.0,0.0,0.0,0.0,1.0,0.0,1.0,0
1.0,-0.9929656435977756,-1.311919613629999,0.0,0.0,0.0,1.0,0.0,0.0,0.0,0.0,0.0,0.0,0
1.0,0.06652658526764109,-1.5362527898055285,0.0,0.0,0.0,1.0,0.0,0.0,0.0,0.0,0.0,0.0,0
0.0,-1.4167625351439423,0.1379984882691949,0.0,1.0,1.0,0.0,0.0,1.0,1.0,0.0,1.0,0.0,0
1.0,-0.4844093737423756,0.4101674152468593,1.0,0.0,0.0,0.0,0.0,0.0,0.0,1.0,0.0,1.0,0
1.0,0.4903234768138078,-0.20344980193914758,1.0,0.0,0.0,0.0,0.0,0.0,0.0,1.0,0.0,1.0,0
0.0,-1.077725021907009,-0.9869664099051513,1.0,0.0,1.0,0.0,0.0,1.0,1.0,0.0,1.0,0.0,0
0.0,1.4226766382153744,1.4477083550586831,0.0,1.0,0.0,0.0,0.0,0.0,0.0,1.0,0.0,1.0,0
0.0,-1.1624844002162422,-1.2129490947290302,1.0,0.0,1.0,0.0,0.0,1.0,1.0,0.0,1.0,0.0,1
0.0,1.0412594358238245,-1.3581058557837846,0.0,0.0,0.0,0.0,0.0,0.0,0.0,0.0,0.0,0.0,0
1.0,-0.6115484412062256,-1.3234661741684455,1.0,0.0,1.0,0.0,0.0,1.0,1.0,0.0,1.0,0.0,0
1.0,-0.01823279304159225,0.1363489796208455,0.0,1.0,1.0,0.0,0.0,1.0,1.0,0.0,1.0,0.0,1
1.0,1.337917259906141,1.2943040507621817,0.0,1.0,0.0,1.0,0.0,0.0,0.0,1.0,1.0,0.0,0
1.0,1.2531578815969078,1.2563653518501434,0.0,1.0,1.0,0.0,0.0,1.0,0.0,1.0,0.0,1.0,0
1.0,0.06652658526764109,0.20067981690647535,0.0,1.0,1.0,0.0,1.0,0.0,1.0,0.0,1.0,0.0,0
0.0,-0.9082062652885423,0.8819268886748114,0.0,1.0,1.0,0.0,0.0,1.0,1.0,0.0,0.0,1.0,0
0.0,0.2784250310407244,-0.214996362477594,1.0,0.0,1.0,0.0,1.0,0.0,0.0,1.0,1.0,0.0,0
1.0,1.1683985032876745,0.15284406610434031,1.0,0.0,0.0,1.0,0.0,0.0,0.0,1.0,0.0,1.0,0
1.0,-1.3743828459893257,0.9578042864988874,0.0,1.0,1.0,0.0,0.0,1.0,1.0,0.0,0.0,1.0,1
0.0,-0.696307819515459,-0.02695237656575326,1.0,0.0,0.0,1.0,1.0,0.0,1.0,0.0,1.0,0.0,0
0.0,-0.9929656435977756,1.337191275619268,0.0,1.0,1.0,0.0,0.0,1.0,1.0,0.0,0.0,1.0,1
1.0,0.5327031659684244,1.0138875805427698,0.0,1.0,0.0,0.0,1.0,0.0,0.0,1.0,0.0,1.0,0
0.0,-0.27251092796929227,0.15944210069773831,1.0,0.0,0.0,1.0,0.0,0.0,1.0,0.0,0.0,1.0,0
1.0,0.32080472019534106,-1.2162481120257294,1.0,0.0,1.0,0.0,0.0,0.0,1.0,0.0,1.0,0.0,0
1.0,-1.2048640893708589,0.31449591364258966,1.0,0.0,1.0,0.0,0.0,1.0,0.0,1.0,0.0,1.0,0
1.0,0.4479437876591911,-0.732942078059331,1.0,0.0,1.0,0.0,0.0,1.0,1.0,0.0,0.0,1.0,0
1.0,-1.077725021907009,-1.5197577033220337,0.0,0.0,0.0,1.0,0.0,0.0,0.0,0.0,0.0,0.0,0
0.0,1.2531578815969078,1.4460588464103339,0.0,1.0,0.0,1.0,0.0,0.0,0.0,1.0,0.0,1.0,0
1.0,0.10890627442225775,1.1540958156524759,0.0,1.0,1.0,0.0,0.0,0.0,1.0,0.0,0.0,1.0,0
0.0,-0.4844093737423756,-0.3700501754224451,1.0,0.0,1.0,0.0,0.0,1.0,0.0,1.0,1.0,0.0,0
0.0,-1.1624844002162422,0.31614542229093906,0.0,1.0,1.0,0.0,0.0,1.0,1.0,0.0,1.0,0.0,1
1.0,1.5498157056792243,0.5899638579169528,0.0,1.0,0.0,0.0,1.0,0.0,0.0,1.0,1.0,0.0,0
1.0,1.465056327369991,-0.256234078686331,1.0,0.0,0.0,1.0,1.0,0.0,1.0,0.0,0.0,1.0,0
1.0,1.5498157056792243,-1.3811989768606774,0.0,0.0,0.0,0.0,1.0,0.0,0.0,0.0,0.0,0.0,0
1.0,-0.3996499954331423,0.644397643312486,0.0,1.0,1.0,0.0,0.0,0.0,1.0,0.0,0.0,1.0,0
1.0,-0.9082062652885423,-1.5626449281791204,0.0,0.0,0.0,0.0,0.0,0.0,0.0,0.0,0.0,0.0,0
1.0,0.6174625442776578,0.9528557605538388,0.0,1.0,1.0,0.0,0.0,1.0,1.0,0.0,0.0,1.0,1
0.0,-0.01823279304159225,-1.318517648223397,0.0,0.0,0.0,1.0,1.0,0.0,0.0,0.0,0.0,0.0,0
0.0,-0.01823279304159225,-0.21664587112594338,1.0,0.0,1.0,0.0,0.0,1.0,0.0,1.0,1.0,0.0,0
0.0,-0.950585954443159,-0.5152069364771996,1.0,0.0,1.0,0.0,0.0,0.0,1.0,0.0,1.0,0.0,0
0.0,0.6174625442776578,-1.5181081946736843,0.0,0.0,0.0,1.0,0.0,0.0,0.0,0.0,0.0,0.0,0
0.0,1.5498157056792243,1.5714215036848944,0.0,1.0,0.0,0.0,1.0,0.0,0.0,1.0,0.0,1.0,0
1.0,1.5498157056792243,-0.6900548532022446,1.0,0.0,0.0,0.0,0.0,0.0,0.0,1.0,1.0,0.0,0
0.0,-1.077725021907009,1.135951220520631,0.0,1.0,1.0,0.0,0.0,1.0,1.0,0.0,0.0,1.0,1
0.0,-1.3743828459893257,0.31779493093928846,0.0,1.0,1.0,0.0,0.0,1.0,1.0,0.0,1.0,0.0,1
1.0,1.4226766382153744,-1.5181081946736843,0.0,0.0,0.0,0.0,1.0,0.0,0.0,0.0,0.0,0.0,0
1.0,1.1260188141330578,0.6575937124992816,1.0,0.0,0.0,0.0,0.0,1.0,0.0,1.0,0.0,1.0,0
1.0,0.4903234768138078,0.1445965228625929,0.0,1.0,1.0,0.0,1.0,0.0,1.0,0.0,1.0,0.0,1
0.0,1.5498157056792243,1.6126592198936314,0.0,1.0,0.0,0.0,0.0,0.0,0.0,1.0,0.0,1.0,0
1.0,-0.5691687520516089,-0.3271629505653587,1.0,0.0,0.0,1.0,0.0,0.0,0.0,1.0,1.0,0.0,0
1.0,0.1512859635768744,-1.528005246563781,0.0,0.0,0.0,0.0,1.0,0.0,0.0,0.0,0.0,0.0,0
0.0,-0.4844093737423756,0.4728487438841398,0.0,1.0,1.0,0.0,0.0,1.0,1.0,0.0,1.0,0.0,0
0.0,-1.0353453327523923,0.6147064876421952,0.0,1.0,1.0,0.0,0.0,1.0,1.0,0.0,1.0,0.0,0
0.0,0.1512859635768744,0.23037097257676623,0.0,1.0,1.0,0.0,0.0,0.0,1.0,0.0,1.0,0.0,0
0.0,-1.0353453327523923,0.9512062519054894,0.0,1.0,1.0,0.0,0.0,1.0,1.0,0.0,0.0,1.0,1
0.0,1.4226766382153744,0.6328510827740393,1.0,0.0,0.0,0.0,0.0,0.0,0.0,1.0,0.0,1.0,0
0.0,-1.2472437785254755,1.0584243140482057,0.0,1.0,1.0,0.0,0.0,1.0,1.0,0.0,0.0,1.0,1
1.0,1.5498157056792243,0.4711992352357904,1.0,0.0,0.0,0.0,1.0,0.0,0.0,1.0,0.0,1.0,0
1.0,-0.4844093737423756,-0.05994254953274289,1.0,0.0,0.0,0.0,0.0,1.0,0.0,1.0,1.0,0.0,0
1.0,0.2784250310407244,0.9528557605538388,0.0,1.0,1.0,0.0,0.0,1.0,1.0,0.0,0.0,1.0,0
1.0,1.0836391249784412,0.48604481307093583,1.0,0.0,0.0,0.0,1.0,0.0,1.0,0.0,0.0,1.0,0
0.0,-0.7386875086700756,0.10995684124725388,1.0,0.0,1.0,0.0,0.0,0.0,0.0,1.0,0.0,1.0,0
0.0,-0.18775154966005891,0.6130569789938457,0.0,1.0,1.0,0.0,0.0,0.0,0.0,1.0,1.0,0.0,0
0.0,-0.01823279304159225,0.6691402730377282,0.0,1.0,1.0,0.0,0.0,1.0,1.0,0.0,0.0,1.0,1
1.0,1.5074360165246077,0.15449357475268968,1.0,0.0,0.0,0.0,0.0,0.0,0.0,1.0,1.0,0.0,0
1.0,-0.7386875086700756,-0.28757474300497105,1.0,0.0,1.0,0.0,0.0,1.0,1.0,0.0,1.0,0.0,1
1.0,0.024146896113024417,1.028733158377915,0.0,1.0,1.0,0.0,1.0,0.0,1.0,0.0,0.0,1.0,1
1.0,0.7022219225868911,0.3045988617524929,1.0,0.0,0.0,1.0,0.0,0.0,0.0,1.0,0.0,1.0,0
0.0,-1.4167625351439423,-0.3172658986752619,1.0,0.0,1.0,0.0,0.0,0.0,1.0,0.0,1.0,0.0,0
1.0,-0.8658265761339256,0.08026568557696304,0.0,1.0,1.0,0.0,1.0,0.0,1.0,0.0,1.0,0.0,0
1.0,1.2107781924422911,1.1854364799711157,0.0,1.0,0.0,0.0,0.0,1.0,1.0,0.0,0.0,1.0,0
1.0,-1.3743828459893257,-0.3304619678620577,1.0,0.0,1.0,0.0,0.0,0.0,1.0,0.0,1.0,0.0,1
1.0,-0.10299217135082558,0.977598390279081,0.0,1.0,0.0,1.0,0.0,1.0,1.0,0.0,0.0,1.0,1
0.0,-0.7386875086700756,-1.5181081946736843,0.0,0.0,0.0,1.0,1.0,0.0,0.0,0.0,0.0,0.0,1
1.0,-1.1624844002162422,0.6427481346641366,0.0,1.0,1.0,0.0,1.0,0.0,1.0,0.0,1.0,0.0,0
1.0,0.4055640985045744,-0.5036603759387532,1.0,0.0,1.0,0.0,1.0,0.0,0.0,1.0,0.0,1.0,0
1.0,-1.2048640893708589,-0.7230450261692343,1.0,0.0,1.0,0.0,0.0,0.0,1.0,0.0,1.0,0.0,0
1.0,-1.4167625351439423,0.3375890347194825,0.0,1.0,1.0,0.0,0.0,1.0,1.0,0.0,1.0,0.0,1
0.0,-0.5267890628969922,1.0732698918833512,0.0,1.0,1.0,0.0,0.0,0.0,1.0,0.0,0.0,1.0,0
1.0,1.5074360165246077,1.4328627772235378,0.0,1.0,0.0,1.0,0.0,1.0,0.0,1.0,0.0,1.0,0
1.0,1.0412594358238245,1.083166943773448,0.0,1.0,1.0,0.0,0.0,1.0,1.0,0.0,0.0,1.0,0
1.0,0.10890627442225775,-1.5082111427835874,0.0,0.0,1.0,0.0,0.0,0.0,0.0,0.0,0.0,0.0,0
0.0,0.9565000575145911,1.0881154697184965,0.0,1.0,0.0,1.0,1.0,0.0,0.0,1.0,0.0,1.0,0
0.0,0.6174625442776578,0.1379984882691949,0.0,1.0,0.0,0.0,0.0,0.0,1.0,0.0,1.0,0.0,0
0.0,-0.3996499954331423,0.9050200097517037,0.0,1.0,1.0,0.0,0.0,1.0,1.0,0.0,0.0,1.0,0
1.0,0.06652658526764109,1.0996620302569426,0.0,1.0,1.0,0.0,0.0,1.0,1.0,0.0,0.0,1.0,1
0.0,-0.4844093737423756,-0.37499870136749375,1.0,0.0,1.0,0.0,0.0,0.0,1.0,0.0,1.0,0.0,0
0.0,-1.4167625351439423,0.31449591364258966,0.0,1.0,1.0,0.0,0.0,1.0,0.0,1.0,1.0,0.0,1
1.0,0.5750828551230411,0.7268730757299601,0.0,1.0,1.0,0.0,0.0,1.0,0.0,1.0,1.0,0.0,0
1.0,1.465056327369991,1.4625539328938286,0.0,1.0,0.0,0.0,0.0,1.0,1.0,0.0,0.0,1.0,0
1.0,1.5498157056792243,0.5437776157631676,1.0,0.0,0.0,0.0,0.0,0.0,0.0,1.0,0.0,1.0,0
0.0,1.1683985032876745,1.441110320465285,0.0,1.0,1.0,0.0,0.0,0.0,1.0,0.0,0.0,1.0,0
0.0,0.10890627442225775,0.9545052692021881,0.0,1.0,1.0,0.0,0.0,0.0,1.0,0.0,1.0,0.0,0
1.0,1.465056327369991,-0.02860188521410265,1.0,0.0,0.0,0.0,0.0,0.0,0.0,1.0,1.0,0.0,1
1.0,1.5498157056792243,1.3619339053445103,0.0,1.0,0.0,0.0,0.0,0.0,0.0,1.0,1.0,0.0,0
1.0,-1.3743828459893257,0.261711636895406,0.0,1.0,1.0,0.0,0.0,0.0,1.0,0.0,1.0,0.0,1
1.0,1.465056327369991,-0.4987118499937048,1.0,0.0,0.0,1.0,1.0,0.0,1.0,0.0,1.0,0.0,0
0.0,-0.01823279304159225,-1.4752209698165977,0.0,0.0,0.0,0.0,1.0,0.0,0.0,0.0,0.0,0.0,0
0.0,-0.06061248219620892,-0.05994254953274289,1.0,0.0,0.0,1.0,0.0,1.0,0.0,1.0,1.0,0.0,0
1.0,1.2107781924422911,-1.3778999595639785,0.0,0.0,0.0,0.0,1.0,0.0,0.0,0.0,0.0,0.0,0
1.0,1.5498157056792243,1.5087401750476144,0.0,1.0,0.0,0.0,0.0,0.0,0.0,1.0,0.0,1.0,0
1.0,-0.27251092796929227,-0.6983023964439921,1.0,0.0,1.0,0.0,0.0,1.0,0.0,1.0,1.0,0.0,0
0.0,0.36318440934995777,-1.5214072119703834,0.0,0.0,0.0,0.0,0.0,0.0,0.0,0.0,0.0,0.0,0
1.0,1.337917259906141,0.10500831530220525,1.0,0.0,0.0,1.0,0.0,0.0,0.0,1.0,1.0,0.0,0
0.0,-1.4167625351439423,0.9132675529934512,0.0,1.0,1.0,0.0,0.0,1.0,1.0,0.0,0.0,1.0,1
0.0,-1.4167625351439423,-0.3651016494773967,1.0,0.0,1.0,0.0,0.0,0.0,0.0,1.0,1.0,0.0,1
0.0,-0.950585954443159,-1.5461498416956256,0.0,0.0,1.0,0.0,0.0,0.0,0.0,0.0,0.0,0.0,0
1.0,0.7446016117415077,0.9000714838066556,0.0,1.0,0.0,1.0,0.0,1.0,1.0,0.0,0.0,1.0,0
0.0,0.7869813008961244,-0.7279935521142826,1.0,0.0,0.0,1.0,1.0,0.0,0.0,1.0,1.0,0.0,0
1.0,1.5498157056792243,0.43985857091715014,1.0,0.0,0.0,0.0,1.0,0.0,0.0,1.0,1.0,0.0,0
1.0,-1.4167625351439423,0.4613021833456936,0.0,1.0,1.0,0.0,0.0,1.0,0.0,1.0,1.0,0.0,0
1.0,1.465056327369991,1.3850270264214033,0.0,1.0,0.0,1.0,0.0,0.0,0.0,1.0,0.0,1.0,0
0.0,-1.077725021907009,0.1264519277307487,0.0,1.0,1.0,0.0,0.0,1.0,1.0,0.0,1.0,0.0,1
0.0,-0.8234468869793089,0.4744982525324892,0.0,1.0,1.0,0.0,0.0,0.0,1.0,0.0,1.0,0.0,0
0.0,-0.27251092796929227,-1.5527478762890232,0.0,0.0,0.0,1.0,0.0,0.0,0.0,0.0,0.0,0.0,0
0.0,0.9988797466692078,-1.5164586860253346,0.0,0.0,0.0,0.0,1.0,0.0,0.0,0.0,0.0,0.0,0
1.0,-0.44202968458775893,-0.35025607164225153,1.0,0.0,1.0,0.0,0.0,0.0,1.0,0.0,1.0,0.0,0
1.0,1.5498157056792243,0.7763583351804445,1.0,0.0,0.0,0.0,0.0,0.0,0.0,1.0,0.0,1.0,0
0.0,1.2531578815969078,0.7813068611254926,0.0,1.0,0.0,1.0,0.0,1.0,0.0,1.0,1.0,0.0,0
0.0,-0.27251092796929227,-1.3548068384870855,1.0,0.0,1.0,0.0,0.0,0.0,1.0,0.0,1.0,0.0,1
1.0,1.465056327369991,-0.2760281824665249,1.0,0.0,0.0,0.0,1.0,0.0,1.0,0.0,0.0,1.0,0
0.0,0.23604534188610776,1.271210929685289,0.0,1.0,1.0,0.0,0.0,1.0,1.0,0.0,0.0,1.0,1
1.0,-0.696307819515459,0.7565642314002504,0.0,1.0,1.0,0.0,0.0,1.0,1.0,0.0,1.0,0.0,0
0.0,-0.4844093737423756,1.0749194005317004,0.0,1.0,1.0,0.0,0.0,1.0,1.0,0.0,0.0,1.0,1
0.0,0.32080472019534106,0.8076989994990847,0.0,1.0,0.0,1.0,0.0,0.0,0.0,1.0,1.0,0.0,0
0.0,0.7869813008961244,0.7796573524771433,0.0,1.0,1.0,0.0,0.0,0.0,0.0,1.0,0.0,1.0,0
0.0,-1.332003156834709,-0.5547951440375871,1.0,0.0,1.0,0.0,0.0,1.0,0.0,1.0,1.0,0.0,1
0.0,0.5327031659684244,1.083166943773448,0.0,1.0,0.0,1.0,0.0,1.0,1.0,0.0,0.0,1.0,0
0.0,-1.1624844002162422,0.12480241908239931,0.0,1.0,1.0,0.0,0.0,0.0,1.0,0.0,1.0,0.0,0
1.0,1.5498157056792243,0.8060494908507349,1.0,0.0,0.0,0.0,0.0,0.0,0.0,1.0,0.0,1.0,0
1.0,1.4226766382153744,1.5895660988167386,0.0,1.0,0.0,0.0,1.0,0.0,0.0,1.0,0.0,1.0,0
0.0,0.5750828551230411,0.6048094357520983,0.0,1.0,1.0,0.0,0.0,1.0,1.0,0.0,1.0,0.0,0
1.0,-1.077725021907009,0.4547041487522956,0.0,1.0,1.0,0.0,0.0,1.0,1.0,0.0,0.0,1.0,1
1.0,-0.8658265761339256,-1.5230567206187327,0.0,0.0,1.0,0.0,0.0,1.0,0.0,0.0,0.0,0.0,1
1.0,-1.0353453327523923,-1.524706229267082,0.0,0.0,1.0,0.0,0.0,0.0,0.0,0.0,0.0,0.0,1
1.0,-0.2301312388146756,0.5239835119829737,0.0,1.0,1.0,0.0,1.0,0.0,1.0,0.0,1.0,0.0,0
0.0,-1.2472437785254755,0.4646012006423924,1.0,0.0,0.0,0.0,0.0,0.0,0.0,1.0,0.0,1.0,0
0.0,-0.8234468869793089,0.9264636221802471,0.0,1.0,1.0,0.0,0.0,1.0,0.0,1.0,0.0,1.0,1
0.0,-1.1624844002162422,1.1211056426854862,0.0,1.0,1.0,0.0,0.0,0.0,1.0,0.0,0.0,1.0,0
1.0,1.337917259906141,-0.17210913762050734,1.0,0.0,0.0,1.0,1.0,0.0,0.0,1.0,1.0,0.0,0
0.0,-0.7810671978246922,0.9314121481252958,0.0,1.0,1.0,0.0,0.0,1.0,0.0,1.0,0.0,1.0,1
1.0,-1.2048640893708589,0.2963513185107455,0.0,1.0,1.0,0.0,1.0,0.0,1.0,0.0,1.0,0.0,1
1.0,1.465056327369991,-1.5181081946736843,0.0,0.0,0.0,0.0,0.0,0.0,0.0,0.0,0.0,0.0,0
1.0,1.465056327369991,0.7879048957188907,1.0,0.0,0.0,0.0,0.0,0.0,0.0,1.0,0.0,1.0,0
1.0,0.36318440934995777,0.8835763973231607,0.0,1.0,1.0,0.0,1.0,0.0,1.0,0.0,0.0,1.0,0
0.0,0.6598422334322744,0.9446082173120914,0.0,1.0,0.0,1.0,0.0,1.0,0.0,1.0,0.0,1.0,1
0.0,-1.2472437785254755,0.7780078438287938,0.0,1.0,1.0,0.0,0.0,1.0,1.0,0.0,0.0,1.0,0
1.0,0.6174625442776578,0.5932628752136522,1.0,0.0,0.0,1.0,0.0,0.0,1.0,0.0,0.0,1.0,0
0.0,0.8717406792053578,-0.7032509223890404,1.0,0.0,1.0,0.0,0.0,0.0,1.0,0.0,0.0,1.0,0
1.0,0.9565000575145911,0.9281131308285966,0.0,1.0,0.0,1.0,0.0,1.0,1.0,0.0,1.0,0.0,0
0.0,-1.077725021907009,-1.3647038903771826,0.0,0.0,1.0,0.0,0.0,0.0,0.0,0.0,0.0,0.0,0
0.0,-0.2301312388146756,0.9281131308285966,0.0,1.0,1.0,0.0,0.0,0.0,0.0,1.0,1.0,0.0,0
1.0,0.6598422334322744,0.956154777850538,0.0,1.0,0.0,1.0,0.0,0.0,0.0,1.0,0.0,1.0,0
0.0,-0.6115484412062256,-0.20180029329079818,1.0,0.0,1.0,0.0,1.0,0.0,1.0,0.0,0.0,1.0,1
0.0,-0.6539281303608423,0.7565642314002504,0.0,1.0,1.0,0.0,1.0,0.0,0.0,1.0,0.0,1.0,0
0.0,0.23604534188610776,-0.8517067007404937,1.0,0.0,1.0,0.0,0.0,1.0,1.0,0.0,1.0,0.0,0
1.0,0.024146896113024417,-1.4950150735967915,0.0,0.0,0.0,1.0,1.0,0.0,0.0,0.0,0.0,0.0,0
0.0,-1.1624844002162422,-1.5230567206187327,0.0,0.0,0.0,0.0,0.0,0.0,0.0,0.0,0.0,0.0,0
0.0,-0.950585954443159,1.083166943773448,0.0,1.0,1.0,0.0,0.0,0.0,1.0,0.0,0.0,1.0,1
0.0,-0.4844093737423756,0.8043999822023855,0.0,1.0,1.0,0.0,0.0,0.0,1.0,0.0,0.0,1.0,1
1.0,1.5498157056792243,1.0039905286526727,0.0,1.0,0.0,0.0,1.0,0.0,0.0,1.0,1.0,0.0,0
1.0,1.0412594358238245,0.9314121481252958,0.0,1.0,0.0,1.0,0.0,1.0,1.0,0.0,0.0,1.0,1
0.0,-1.2048640893708589,0.27985623202725063,1.0,0.0,1.0,0.0,0.0,1.0,1.0,0.0,0.0,1.0,1
0.0,-0.6115484412062256,0.46790021793909115,0.0,1.0,1.0,0.0,0.0,1.0,0.0,1.0,1.0,0.0,0
0.0,-0.44202968458775893,-0.37664821001584314,1.0,0.0,0.0,1.0,0.0,0.0,1.0,0.0,1.0,0.0,0
1.0,0.10890627442225775,-1.363054381728833,1.0,0.0,1.0,0.0,0.0,1.0,1.0,0.0,1.0,0.0,0
0.0,0.6598422334322744,0.5685202454884098,0.0,1.0,1.0,0.0,1.0,0.0,1.0,0.0,1.0,0.0,0
0.0,-1.3743828459893257,0.3705792076864721,1.0,0.0,1.0,0.0,0.0,1.0,0.0,1.0,0.0,1.0,0
0.0,1.2531578815969078,-0.41788592622458015,1.0,0.0,0.0,0.0,1.0,0.0,1.0,0.0,0.0,1.0,0
1.0,-0.3572703062785256,-0.0005602381921611831,1.0,0.0,0.0,1.0,0.0,0.0,0.0,1.0,1.0,0.0,0
0.0,0.4479437876591911,0.8291426119276277,0.0,1.0,0.0,1.0,1.0,0.0,1.0,0.0,0.0,1.0,0
0.0,1.5498157056792243,-0.08138616196128587,1.0,0.0,0.0,0.0,1.0,0.0,0.0,1.0,0.0,1.0,0
0.0,0.5327031659684244,-0.19190324140070117,1.0,0.0,0.0,1.0,0.0,0.0,0.0,1.0,1.0,0.0,1
0.0,0.024146896113024417,1.0881154697184965,0.0,1.0,1.0,0.0,0.0,1.0,1.0,0.0,0.0,1.0,1
0.0,0.7022219225868911,-0.5613931786309851,1.0,0.0,1.0,0.0,0.0,1.0,1.0,0.0,0.0,1.0,1
1.0,-0.8234468869793089,-1.5098606514319368,0.0,0.0,1.0,0.0,0.0,1.0,0.0,0.0,0.0,0.0,0
0.0,-0.44202968458775893,0.42336348443365535,1.0,0.0,1.0,0.0,0.0,0.0,0.0,1.0,0.0,1.0,0
0.0,-1.1624844002162422,-1.5494488589923243,0.0,0.0,0.0,1.0,0.0,0.0,0.0,0.0,0.0,0.0,0
1.0,1.5498157056792243,1.025434141081216,0.0,1.0,0.0,1.0,0.0,0.0,1.0,0.0,0.0,1.0,0
0.0,1.1683985032876745,1.4196667080367422,0.0,1.0,0.0,0.0,0.0,0.0,0.0,1.0,0.0,1.0,0
0.0,1.4226766382153744,1.33059324102587,0.0,1.0,0.0,0.0,1.0,0.0,1.0,0.0,0.0,1.0,1
0.0,-0.4844093737423756,-0.5564446526859367,1.0,0.0,1.0,0.0,0.0,0.0,1.0,0.0,1.0,0.0,0
1.0,1.0836391249784412,0.4893438303676346,1.0,0.0,0.0,0.0,1.0,0.0,1.0,0.0,0.0,1.0,0
1.0,0.36318440934995777,0.733471110323358,0.0,1.0,0.0,1.0,0.0,0.0,1.0,0.0,1.0,0.0,1
1.0,1.3802969490607577,-0.434381012708075,1.0,0.0,0.0,0.0,0.0,1.0,1.0,0.0,0.0,1.0,0
0.0,0.9141203683599745,-0.41788592622458015,1.0,0.0,0.0,1.0,0.0,1.0,1.0,0.0,1.0,0.0,0
0.0,-1.1201047110616256,0.4744982525324892,0.0,1.0,1.0,0.0,0.0,1.0,1.0,0.0,1.0,0.0,0
0.0,-0.9929656435977756,0.672439290334427,0.0,1.0,1.0,0.0,0.0,1.0,1.0,0.0,1.0,0.0,0
1.0,1.2531578815969078,-0.15891306843371153,1.0,0.0,0.0,1.0,1.0,0.0,0.0,1.0,1.0,0.0,0
0.0,-1.2896234676800922,0.1281014363790981,1.0,0.0,1.0,0.0,0.0,1.0,1.0,0.0,0.0,1.0,1
1.0,-1.2048640893708589,-0.5234544797189471,1.0,0.0,1.0,0.0,1.0,0.0,0.0,1.0,1.0,0.0,0
1.0,0.024146896113024417,0.5916133665653023,0.0,1.0,1.0,0.0,0.0,1.0,1.0,0.0,1.0,0.0,1
1.0,1.4226766382153744,-0.4129374002795318,1.0,0.0,0.0,1.0,0.0,0.0,0.0,1.0,1.0,0.0,0
1.0,0.7446016117415077,1.4114191647949947,0.0,1.0,0.0,1.0,1.0,0.0,1.0,0.0,0.0,1.0,0
0.0,0.5750828551230411,-0.0005602381921611831,1.0,0.0,0.0,0.0,1.0,0.0,1.0,0.0,0.0,1.0,0
1.0,0.23604534188610776,0.010986322346284999,1.0,0.0,0.0,1.0,1.0,0.0,1.0,0.0,1.0,0.0,1
1.0,-0.44202968458775893,0.30789787904919164,0.0,1.0,1.0,0.0,0.0,1.0,1.0,0.0,1.0,0.0,0
1.0,0.7022219225868911,-0.5267534970156459,1.0,0.0,0.0,0.0,0.0,0.0,1.0,0.0,0.0,1.0,0
0.0,-0.18775154966005891,-1.3581058557837846,1.0,0.0,1.0,0.0,0.0,0.0,1.0,0.0,1.0,0.0,0
0.0,-0.9929656435977756,0.7664612832903477,0.0,1.0,1.0,0.0,0.0,1.0,1.0,0.0,1.0,0.0,1
0.0,-0.4844093737423756,0.6163559962905445,0.0,1.0,1.0,0.0,1.0,0.0,1.0,0.0,1.0,0.0,0
0.0,-1.3743828459893257,-0.8187165277735041,1.0,0.0,1.0,0.0,0.0,0.0,0.0,1.0,1.0,0.0,0
0.0,0.6598422334322744,0.44315758821384893,0.0,1.0,0.0,1.0,1.0,0.0,1.0,0.0,1.0,0.0,0
1.0,0.32080472019534106,1.470801476135576,0.0,1.0,1.0,0.0,1.0,0.0,1.0,0.0,0.0,1.0,1
1.0,0.6174625442776578,1.2464682999600467,0.0,1.0,0.0,1.0,0.0,1.0,0.0,1.0,0.0,1.0,0
0.0,0.5327031659684244,0.2534640936536586,1.0,0.0,0.0,1.0,1.0,0.0,1.0,0.0,0.0,1.0,0
0.0,-0.6115484412062256,-1.506561634135238,0.0,0.0,1.0,0.0,0.0,0.0,0.0,0.0,0.0,0.0,0
1.0,-0.8658265761339256,-0.4970623413453552,1.0,0.0,1.0,0.0,0.0,1.0,1.0,0.0,1.0,0.0,0
0.0,-0.5267890628969922,0.9017209924550049,0.0,1.0,1.0,0.0,0.0,1.0,1.0,0.0,0.0,1.0,0
0.0,1.5074360165246077,-1.3399612606519404,0.0,0.0,0.0,0.0,1.0,0.0,0.0,0.0,0.0,0.0,0
0.0,-0.9929656435977756,-1.3581058557837846,0.0,0.0,1.0,0.0,0.0,1.0,0.0,0.0,0.0,0.0,0
0.0,-1.077725021907009,-1.3746009422672794,0.0,0.0,1.0,0.0,0.0,0.0,0.0,0.0,0.0,0.0,0
1.0,1.2531578815969078,0.4365595536204514,1.0,0.0,0.0,0.0,1.0,0.0,1.0,0.0,0.0,1.0,0
1.0,-0.7810671978246922,0.7285225843783094,0.0,1.0,1.0,0.0,0.0,1.0,1.0,0.0,0.0,1.0,1
0.0,-0.3996499954331423,0.7466671795101536,0.0,1.0,1.0,0.0,1.0,0.0,1.0,0.0,0.0,1.0,1
1.0,1.5498157056792243,0.7780078438287938,1.0,0.0,0.0,0.0,0.0,0.0,0.0,1.0,0.0,1.0,0
1.0,0.829360990050741,-0.003859255488860427,1.0,0.0,0.0,1.0,0.0,0.0,0.0,1.0,1.0,0.0,0
0.0,1.3802969490607577,-1.3416107693002897,0.0,0.0,0.0,0.0,1.0,0.0,0.0,0.0,0.0,0.0,0
1.0,-1.332003156834709,0.27160868878550326,0.0,1.0,1.0,0.0,0.0,0.0,1.0,0.0,1.0,0.0,1
1.0,-1.1624844002162422,-0.37994722731254216,1.0,0.0,1.0,0.0,0.0,0.0,0.0,1.0,1.0,0.0,0
0.0,-1.2048640893708589,-1.5263557379154318,0.0,0.0,0.0,1.0,0.0,0.0,0.0,0.0,0.0,0.0,0
1.0,1.337917259906141,1.4889460712674203,0.0,1.0,0.0,1.0,0.0,1.0,0.0,1.0,0.0,1.0,1
0.0,-0.7386875086700756,0.6279025568289911,0.0,1.0,1.0,0.0,0.0,1.0,1.0,0.0,0.0,1.0,1
1.0,0.1512859635768744,0.6641917470926796,0.0,1.0,1.0,0.0,0.0,0.0,1.0,0.0,0.0,1.0,1
1.0,1.5074360165246077,0.7978019476089875,1.0,0.0,0.0,0.0,0.0,1.0,0.0,1.0,0.0,1.0,0
1.0,0.8717406792053578,1.1095590821470396,0.0,1.0,0.0,1.0,0.0,0.0,1.0,0.0,0.0,1.0,0
0.0,-1.332003156834709,1.3025515940039292,0.0,1.0,0.0,1.0,0.0,1.0,1.0,0.0,0.0,1.0,1
0.0,-1.077725021907009,-1.4834685130583452,0.0,0.0,1.0,0.0,0.0,1.0,0.0,0.0,0.0,0.0,0
1.0,1.5074360165246077,-1.3663533990255319,0.0,0.0,0.0,0.0,1.0,0.0,0.0,0.0,0.0,0.0,0
0.0,-0.14537186050544226,0.7087284805981158,0.0,1.0,1.0,0.0,1.0,0.0,0.0,1.0,1.0,0.0,0
1.0,0.6598422334322744,0.9017209924550049,0.0,1.0,0.0,1.0,0.0,1.0,0.0,1.0,0.0,1.0,0
1.0,-1.077725021907009,1.1112085907953888,0.0,1.0,1.0,0.0,0.0,1.0,1.0,0.0,0.0,1.0,1
1.0,0.6174625442776578,-1.5181081946736843,0.0,0.0,0.0,0.0,1.0,0.0,0.0,0.0,0.0,0.0,0
1.0,1.0836391249784412,0.4365595536204514,1.0,0.0,0.0,1.0,0.0,1.0,0.0,1.0,1.0,0.0,0
0.0,-1.332003156834709,-1.5560468935857223,0.0,0.0,1.0,0.0,0.0,0.0,0.0,0.0,0.0,0.0,0
1.0,0.5750828551230411,-1.5214072119703834,0.0,0.0,0.0,1.0,1.0,0.0,0.0,0.0,0.0,0.0,0
1.0,1.3802969490607577,0.6377996087190879,0.0,1.0,0.0,1.0,1.0,0.0,0.0,1.0,1.0,0.0,0
1.0,1.5074360165246077,0.6015104184553995,1.0,0.0,0.0,0.0,0.0,0.0,0.0,1.0,0.0,1.0,0
1.0,-1.4167625351439423,-1.1849074477070891,1.0,0.0,1.0,0.0,0.0,0.0,1.0,0.0,1.0,0.0,0
1.0,0.829360990050741,1.2365712480699498,0.0,1.0,1.0,0.0,0.0,0.0,1.0,0.0,0.0,1.0,0
1.0,-0.696307819515459,-1.5263557379154318,0.0,0.0,0.0,1.0,0.0,0.0,0.0,0.0,0.0,0.0,0
1.0,1.5498157056792243,0.8654318021913165,1.0,0.0,0.0,0.0,0.0,1.0,0.0,1.0,0.0,1.0,0
1.0,1.2955375707515244,1.220076161586455,0.0,1.0,0.0,1.0,1.0,0.0,0.0,1.0,0.0,1.0,0
1.0,0.06652658526764109,-0.3667511581257463,1.0,0.0,1.0,0.0,0.0,0.0,0.0,1.0,1.0,0.0,0
1.0,-1.3743828459893257,-0.5284030056639955,1.0,0.0,1.0,0.0,0.0,1.0,1.0,0.0,1.0,0.0,1
1.0,1.5498157056792243,0.3507851039062781,1.0,0.0,0.0,0.0,1.0,0.0,1.0,0.0,0.0,1.0,0
0.0,-1.2896234676800922,-0.5003613586420542,1.0,0.0,1.0,0.0,0.0,0.0,1.0,0.0,0.0,1.0,1
1.0,0.4479437876591911,-1.5197577033220337,0.0,0.0,0.0,0.0,0.0,0.0,0.0,0.0,0.0,0.0,0
1.0,1.5498157056792243,1.525235261531109,0.0,1.0,0.0,0.0,0.0,1.0,0.0,1.0,0.0,1.0,0
0.0,-0.14537186050544226,-1.188206465003788,1.0,0.0,0.0,1.0,0.0,0.0,0.0,1.0,1.0,0.0,0
0.0,0.024146896113024417,-0.431081995411376,1.0,0.0,0.0,0.0,0.0,0.0,0.0,1.0,1.0,0.0,0
1.0,0.4055640985045744,0.9578042864988874,0.0,1.0,0.0,0.0,0.0,0.0,1.0,0.0,0.0,1.0,0
0.0,1.5498157056792243,1.2794584729270364,0.0,1.0,0.0,1.0,0.0,1.0,1.0,0.0,0.0,1.0,0
0.0,-0.4844093737423756,-0.4970623413453552,1.0,0.0,1.0,0.0,0.0,0.0,1.0,0.0,1.0,0.0,0
1.0,-1.077725021907009,-1.5362527898055285,0.0,0.0,0.0,1.0,1.0,0.0,0.0,0.0,0.0,0.0,0
0.0,1.337917259906141,-1.506561634135238,0.0,0.0,0.0,0.0,1.0,0.0,0.0,0.0,0.0,0.0,0
0.0,-1.077725021907009,-0.7032509223890404,1.0,0.0,1.0,0.0,0.0,0.0,1.0,0.0,1.0,0.0,1
1.0,1.465056327369991,0.9446082173120914,1.0,0.0,0.0,0.0,0.0,0.0,0.0,1.0,0.0,1.0,0
0.0,-1.4167625351439423,0.14954504880764152,0.0,1.0,1.0,0.0,0.0,0.0,1.0,0.0,1.0,0.0,0
0.0,1.465056327369991,1.2481178086083962,0.0,1.0,0.0,0.0,0.0,0.0,0.0,1.0,0.0,1.0,1
0.0,-1.1201047110616256,0.002738779104537592,1.0,0.0,1.0,0.0,0.0,0.0,1.0,0.0,0.0,1.0,1
1.0,0.2784250310407244,0.4711992352357904,1.0,0.0,0.0,1.0,0.0,0.0,0.0,1.0,0.0,1.0,0
1.0,-0.4844093737423756,-0.37664821001584314,1.0,0.0,1.0,0.0,0.0,1.0,0.0,1.0,1.0,0.0,1
0.0,1.3802969490607577,-0.6999519050923414,1.0,0.0,1.0,0.0,0.0,1.0,1.0,0.0,1.0,0.0,0
0.0,-0.5691687520516089,0.7664612832903477,0.0,1.0,1.0,0.0,0.0,1.0,1.0,0.0,0.0,1.0,1
1.0,1.5074360165246077,1.083166943773448,0.0,1.0,0.0,0.0,0.0,1.0,0.0,1.0,0.0,1.0,0
1.0,1.5074360165246077,1.3042011026522786,0.0,1.0,0.0,1.0,1.0,0.0,1.0,0.0,0.0,1.0,0
0.0,-1.077725021907009,-1.064493316377577,1.0,0.0,1.0,0.0,0.0,0.0,1.0,0.0,1.0,0.0,1
1.0,1.5498157056792243,1.317397171839074,0.0,1.0,0.0,0.0,0.0,0.0,0.0,1.0,0.0,1.0,0
1.0,-0.4844093737423756,-1.5263557379154318,0.0,0.0,0.0,1.0,0.0,0.0,0.0,0.0,0.0,0.0,0
1.0,-0.5691687520516089,-0.211697345180895,1.0,0.0,0.0,1.0,1.0,0.0,0.0,1.0,0.0,1.0,0
0.0,-0.8658265761339256,-0.5086089018838016,1.0,0.0,0.0,1.0,0.0,1.0,1.0,0.0,0.0,1.0,0
1.0,-0.10299217135082558,-1.5197577033220337,0.0,0.0,0.0,0.0,0.0,0.0,0.0,0.0,0.0,0.0,0
0.0,-1.1624844002162422,-0.023653359269054017,1.0,0.0,1.0,0.0,0.0,1.0,1.0,0.0,0.0,1.0,0
1.0,-0.8658265761339256,0.10995684124725388,1.0,0.0,1.0,0.0,0.0,0.0,1.0,0.0,1.0,0.0,0
1.0,-0.3996499954331423,0.43326053632375217,0.0,1.0,1.0,0.0,1.0,0.0,1.0,0.0,1.0,0.0,0
0.0,1.337917259906141,-0.5152069364771996,1.0,0.0,0.0,0.0,1.0,0.0,1.0,0.0,1.0,0.0,0
1.0,0.4055640985045744,-1.3680029076738813,0.0,0.0,0.0,1.0,0.0,0.0,0.0,0.0,0.0,0.0,0
1.0,-0.5691687520516089,-1.5181081946736843,0.0,0.0,0.0,1.0,0.0,0.0,0.0,0.0,0.0,0.0,0
1.0,1.3802969490607577,0.5553241763016139,0.0,1.0,0.0,1.0,0.0,1.0,1.0,0.0,0.0,1.0,1
1.0,1.5498157056792243,-1.3894465201024249,0.0,0.0,0.0,0.0,1.0,0.0,0.0,0.0,0.0,0.0,0
1.0,0.5327031659684244,-1.5477993503439749,0.0,0.0,0.0,0.0,0.0,0.0,0.0,0.0,0.0,0.0,0
0.0,-0.5691687520516089,-0.5399495662024418,1.0,0.0,1.0,0.0,0.0,1.0,0.0,1.0,1.0,0.0,0
0.0,-0.3996499954331423,-1.513159668728636,0.0,0.0,1.0,0.0,0.0,1.0,0.0,0.0,0.0,0.0,0
1.0,1.5498157056792243,1.5994631507068358,0.0,1.0,0.0,0.0,1.0,0.0,0.0,1.0,0.0,1.0,0
1.0,-0.4844093737423756,-0.8418096488503969,1.0,0.0,1.0,0.0,0.0,0.0,1.0,0.0,1.0,0.0,1
1.0,1.1260188141330578,1.2398702653666487,0.0,1.0,0.0,1.0,0.0,1.0,1.0,0.0,0.0,1.0,1
1.0,-0.27251092796929227,0.43326053632375217,0.0,1.0,1.0,0.0,0.0,1.0,1.0,0.0,1.0,0.0,0
1.0,-0.10299217135082558,0.2551136023020084,1.0,0.0,0.0,1.0,0.0,0.0,1.0,0.0,0.0,1.0,1
0.0,-0.4844093737423756,0.5998609098070496,0.0,1.0,1.0,0.0,0.0,1.0,0.0,1.0,1.0,0.0,0
1.0,1.2107781924422911,-0.6042804034880715,1.0,0.0,0.0,0.0,0.0,1.0,0.0,1.0,1.0,0.0,1
1.0,0.36318440934995777,0.6262530481806418,0.0,1.0,1.0,0.0,0.0,1.0,0.0,1.0,1.0,0.0,0
0.0,-0.4844093737423756,0.7813068611254926,0.0,1.0,1.0,0.0,0.0,0.0,1.0,0.0,0.0,1.0,1
1.0,0.6598422334322744,0.7912039130155899,0.0,1.0,0.0,1.0,0.0,1.0,1.0,0.0,1.0,0.0,0
0.0,1.0412594358238245,1.3140981545423753,0.0,1.0,0.0,1.0,0.0,1.0,1.0,0.0,0.0,1.0,1
0.0,-0.4844093737423756,1.213478126993057,0.0,1.0,1.0,0.0,0.0,0.0,1.0,0.0,0.0,1.0,1
1.0,1.465056327369991,-1.3449097865969888,0.0,0.0,0.0,0.0,0.0,0.0,0.0,0.0,0.0,0.0,0
0.0,0.7022219225868911,-0.5415990748507913,1.0,0.0,1.0,0.0,1.0,0.0,0.0,1.0,1.0,0.0,0
1.0,0.6598422334322744,0.1182043844890013,1.0,0.0,0.0,1.0,0.0,0.0,0.0,1.0,1.0,0.0,0
1.0,1.3802969490607577,0.15779259204938895,1.0,0.0,0.0,0.0,1.0,0.0,0.0,1.0,1.0,0.0,0
1.0,1.0412594358238245,1.4658529501905273,0.0,1.0,0.0,0.0,0.0,1.0,0.0,1.0,0.0,1.0,0
1.0,-0.10299217135082558,-0.7131479742791375,1.0,0.0,1.0,0.0,0.0,0.0,1.0,0.0,1.0,0.0,0
1.0,-0.3996499954331423,1.3058506113006279,0.0,1.0,1.0,0.0,0.0,1.0,1.0,0.0,0.0,1.0,1
1.0,1.5498157056792243,-1.3663533990255319,0.0,0.0,0.0,0.0,1.0,0.0,0.0,0.0,0.0,0.0,0
1.0,-0.4844093737423756,-0.41458690892788114,1.0,0.0,1.0,0.0,0.0,0.0,0.0,1.0,1.0,0.0,0
0.0,0.8717406792053578,1.0699708745866519,0.0,1.0,1.0,0.0,0.0,1.0,1.0,0.0,0.0,1.0,0
0.0,-0.6115484412062256,-0.19520225869740018,1.0,0.0,0.0,1.0,0.0,1.0,0.0,1.0,1.0,0.0,0
1.0,0.36318440934995777,1.2530663345534447,0.0,1.0,1.0,0.0,0.0,1.0,1.0,0.0,0.0,1.0,0
1.0,-1.4167625351439423,-1.5197577033220337,0.0,0.0,1.0,0.0,1.0,0.0,0.0,0.0,0.0,0.0,0
0.0,-0.2301312388146756,0.09181224611540968,1.0,0.0,0.0,1.0,0.0,0.0,1.0,0.0,0.0,1.0,0
1.0,-0.7386875086700756,-0.2331409576094382,1.0,0.0,1.0,0.0,0.0,0.0,0.0,1.0,1.0,0.0,0
1.0,1.465056327369991,-1.325115682816795,0.0,0.0,0.0,0.0,1.0,0.0,0.0,0.0,0.0,0.0,0
1.0,-0.696307819515459,0.2320204812251156,0.0,1.0,1.0,0.0,0.0,1.0,0.0,1.0,1.0,0.0,1
1.0,1.5498157056792243,0.6114074703454964,1.0,0.0,0.0,0.0,0.0,0.0,0.0,1.0,0.0,1.0,0
1.0,1.5498157056792243,1.6275047977287769,0.0,1.0,0.0,0.0,0.0,1.0,0.0,1.0,0.0,1.0,0
1.0,1.2955375707515244,0.15449357475268968,1.0,0.0,0.0,1.0,1.0,0.0,1.0,0.0,0.0,1.0,0
0.0,-0.3572703062785256,-1.5197577033220337,0.0,0.0,0.0,1.0,1.0,0.0,0.0,0.0,0.0,0.0,0
1.0,0.7869813008961244,1.4378113031685864,0.0,1.0,0.0,0.0,1.0,0.0,0.0,1.0,0.0,1.0,1
0.0,-1.2896234676800922,0.5602727022466625,0.0,1.0,1.0,0.0,0.0,0.0,1.0,0.0,0.0,1.0,1
1.0,1.3802969490607577,0.748316688158503,1.0,0.0,0.0,0.0,0.0,0.0,0.0,1.0,0.0,1.0,0
1.0,0.6598422334322744,-0.18695471545565276,1.0,0.0,0.0,0.0,0.0,0.0,0.0,1.0,1.0,0.0,0
1.0,0.7446016117415077,-1.4966645822451412,0.0,0.0,0.0,1.0,1.0,0.0,0.0,0.0,0.0,0.0,1
1.0,-0.5267890628969922,0.5965618925103509,0.0,1.0,1.0,0.0,0.0,1.0,1.0,0.0,1.0,0.0,0
1.0,0.8717406792053578,0.21222637744492154,1.0,0.0,0.0,0.0,0.0,0.0,0.0,1.0,0.0,1.0,0
0.0,-0.950585954443159,-1.5412013157505768,0.0,0.0,1.0,0.0,0.0,0.0,0.0,0.0,0.0,0.0,0
1.0,0.7446016117415077,0.261711636895406,1.0,0.0,0.0,1.0,1.0,0.0,0.0,1.0,1.0,0.0,0
1.0,1.465056327369991,-1.5214072119703834,0.0,0.0,0.0,0.0,0.0,0.0,0.0,0.0,0.0,0.0,0
0.0,-1.1624844002162422,1.135951220520631,0.0,1.0,1.0,0.0,0.0,1.0,1.0,0.0,0.0,1.0,1
1.0,1.5074360165246077,-0.03355041115915081,1.0,0.0,0.0,0.0,1.0,0.0,0.0,1.0,1.0,0.0,0
0.0,-1.4167625351439423,0.4547041487522956,0.0,1.0,1.0,0.0,0.0,1.0,1.0,0.0,0.0,1.0,0
1.0,-1.332003156834709,-0.018704833324005854,1.0,0.0,1.0,0.0,0.0,1.0,1.0,0.0,0.0,1.0,0
1.0,1.0412594358238245,1.4724509847839253,0.0,1.0,0.0,0.0,0.0,0.0,1.0,0.0,0.0,1.0,0
1.0,1.3802969490607577,1.5499778912563513,0.0,1.0,0.0,0.0,0.0,1.0,0.0,1.0,0.0,1.0,1
1.0,-0.18775154966005891,0.8043999822023855,0.0,1.0,1.0,0.0,0.0,0.0,0.0,1.0,1.0,0.0,0
0.0,-0.5267890628969922,-0.3420085284005041,1.0,0.0,0.0,1.0,1.0,0.0,1.0,0.0,1.0,0.0,0
1.0,0.4903234768138078,1.3586348880478112,0.0,1.0,1.0,0.0,1.0,0.0,1.0,0.0,0.0,1.0,1
0.0,-0.950585954443159,0.7516157054552023,1.0,0.0,0.0,0.0,0.0,0.0,0.0,1.0,0.0,1.0,0
1.0,0.8717406792053578,1.0155370891911193,0.0,1.0,1.0,0.0,0.0,0.0,1.0,0.0,0.0,1.0,0
1.0,0.4479437876591911,-1.3597553644321339,0.0,0.0,0.0,1.0,0.0,0.0,0.0,0.0,0.0,0.0,0
1.0,0.06652658526764109,0.3408880520161813,0.0,1.0,1.0,0.0,0.0,1.0,1.0,0.0,1.0,0.0,1
1.0,-0.950585954443159,1.0171865978394687,0.0,1.0,1.0,0.0,0.0,1.0,1.0,0.0,0.0,1.0,0
1.0,-0.696307819515459,-1.5181081946736843,0.0,0.0,0.0,0.0,0.0,0.0,0.0,0.0,0.0,0.0,0
1.0,1.2107781924422911,-1.5164586860253346,0.0,0.0,0.0,0.0,0.0,0.0,0.0,0.0,0.0,0.0,0
1.0,-0.01823279304159225,0.7763583351804445,0.0,1.0,0.0,1.0,0.0,1.0,1.0,0.0,0.0,1.0,0
0.0,-1.2896234676800922,0.4794467784775378,0.0,1.0,1.0,0.0,0.0,1.0,0.0,1.0,1.0,0.0,0
0.0,-1.332003156834709,-1.524706229267082,0.0,0.0,0.0,1.0,0.0,0.0,0.0,0.0,0.0,0.0,0
0.0,-1.1201047110616256,0.44150807956549953,0.0,1.0,1.0,0.0,0.0,1.0,1.0,0.0,1.0,0.0,1
0.0,-0.696307819515459,-0.7032509223890404,1.0,0.0,0.0,1.0,0.0,0.0,1.0,0.0,0.0,1.0,1
1.0,0.4903234768138078,-0.07808714466458709,1.0,0.0,0.0,0.0,1.0,0.0,1.0,0.0,1.0,0.0,0
1.0,1.4226766382153744,-1.5049121254868885,0.0,0.0,0.0,1.0,0.0,0.0,0.0,0.0,0.0,0.0,0
1.0,0.8717406792053578,-1.524706229267082,0.0,0.0,0.0,1.0,0.0,0.0,0.0,0.0,0.0,0.0,0
1.0,1.465056327369991,-0.19190324140070117,1.0,0.0,0.0,1.0,0.0,1.0,1.0,0.0,0.0,1.0,0
1.0,1.5498157056792243,0.40686839795016055,0.0,1.0,0.0,0.0,1.0,0.0,0.0,1.0,1.0,0.0,0
1.0,1.2107781924422911,1.3965735869598495,0.0,1.0,0.0,1.0,0.0,0.0,0.0,1.0,0.0,1.0,0
1.0,1.5498157056792243,1.4510073723553825,0.0,1.0,0.0,0.0,0.0,0.0,0.0,1.0,0.0,1.0,0
0.0,-1.2048640893708589,-1.0183070742237914,1.0,0.0,0.0,1.0,0.0,0.0,0.0,1.0,1.0,0.0,0
0.0,0.6598422334322744,-0.6042804034880715,1.0,0.0,0.0,1.0,0.0,0.0,1.0,0.0,1.0,0.0,0
0.0,1.5498157056792243,-0.020354341972355243,1.0,0.0,0.0,0.0,1.0,0.0,0.0,1.0,0.0,1.0,0
0.0,-0.6539281303608423,0.1445965228625929,0.0,1.0,1.0,0.0,0.0,0.0,1.0,0.0,1.0,0.0,0
0.0,0.19366565273149108,0.8984219751583061,0.0,1.0,1.0,0.0,1.0,0.0,1.0,0.0,0.0,1.0,0
1.0,0.9565000575145911,0.17923620447793193,1.0,0.0,0.0,0.0,0.0,0.0,0.0,1.0,1.0,0.0,0
0.0,-0.01823279304159225,-0.1853052068073034,1.0,0.0,1.0,0.0,0.0,1.0,0.0,1.0,1.0,0.0,0
0.0,-0.7386875086700756,0.11985389313735068,0.0,1.0,1.0,0.0,0.0,1.0,1.0,0.0,1.0,0.0,0
1.0,0.23604534188610776,-1.5461498416956256,0.0,0.0,0.0,0.0,1.0,0.0,0.0,0.0,0.0,0.0,0
0.0,0.4055640985045744,1.3949240783115,0.0,1.0,1.0,0.0,0.0,0.0,0.0,1.0,0.0,1.0,0
0.0,-1.332003156834709,-0.5201554624222481,1.0,0.0,1.0,0.0,0.0,0.0,1.0,0.0,1.0,0.0,1
1.0,1.5074360165246077,0.02253288288473118,1.0,0.0,0.0,1.0,0.0,0.0,0.0,1.0,1.0,0.0,0
1.0,-0.9082062652885423,-0.7114984656307878,1.0,0.0,0.0,1.0,0.0,1.0,1.0,0.0,1.0,0.0,0
1.0,1.5498157056792243,1.629154306377126,0.0,1.0,0.0,0.0,0.0,0.0,0.0,1.0,0.0,1.0,0
0.0,0.7022219225868911,-0.208398327884196,1.0,0.0,0.0,0.0,1.0,0.0,0.0,1.0,1.0,0.0,0
0.0,-1.2896234676800922,-0.7560351991362239,1.0,0.0,1.0,0.0,0.0,0.0,0.0,1.0,1.0,0.0,1
0.0,-1.332003156834709,0.302949353104143,0.0,1.0,1.0,0.0,0.0,1.0,0.0,1.0,1.0,0.0,0
0.0,-0.8658265761339256,-1.3564563471354352,0.0,0.0,0.0,0.0,1.0,0.0,0.0,0.0,0.0,0.0,0
0.0,-1.2472437785254755,-1.534603281157179,0.0,0.0,0.0,0.0,0.0,0.0,0.0,0.0,0.0,0.0,0
1.0,0.9565000575145911,-1.4983140908934904,0.0,0.0,0.0,0.0,0.0,0.0,0.0,0.0,0.0,0.0,0
0.0,-1.4167625351439423,0.30954738769754103,0.0,1.0,1.0,0.0,0.0,1.0,1.0,0.0,1.0,0.0,1
1.0,1.5498157056792243,1.436161794520237,0.0,1.0,0.0,0.0,0.0,0.0,1.0,0.0,0.0,1.0,0
0.0,-1.077725021907009,0.29305230121404624,0.0,1.0,1.0,0.0,0.0,1.0,1.0,0.0,1.0,0.0,0
0.0,-0.9929656435977756,-0.5251039883672964,1.0,0.0,1.0,0.0,1.0,0.0,1.0,0.0,1.0,0.0,1
0.0,-0.7386875086700756,0.07201814233521563,1.0,0.0,1.0,0.0,0.0,1.0,0.0,1.0,0.0,1.0,0
0.0,0.19366565273149108,-0.14076847330186734,1.0,0.0,1.0,0.0,0.0,0.0,0.0,1.0,1.0,0.0,0
1.0,0.06652658526764109,-0.8566552266855422,1.0,0.0,1.0,0.0,1.0,0.0,0.0,1.0,1.0,0.0,1
1.0,1.5498157056792243,1.3932745696631506,0.0,1.0,0.0,0.0,0.0,1.0,1.0,0.0,0.0,1.0,0
0.0,0.7869813008961244,0.7879048957188907,0.0,1.0,1.0,0.0,0.0,1.0,1.0,0.0,1.0,0.0,0
0.0,-0.14537186050544226,-1.506561634135238,0.0,0.0,0.0,0.0,0.0,0.0,0.0,0.0,0.0,0.0,0
1.0,0.4479437876591911,1.452656881003732,0.0,1.0,1.0,0.0,0.0,1.0,0.0,1.0,0.0,1.0,0
1.0,0.10890627442225775,0.42171397578530595,1.0,0.0,0.0,1.0,0.0,0.0,1.0,0.0,0.0,1.0,0
1.0,-0.4844093737423756,-0.28262621705992264,1.0,0.0,0.0,1.0,0.0,1.0,0.0,1.0,0.0,1.0,0
0.0,-1.4167625351439423,0.3210939482359877,0.0,1.0,1.0,0.0,0.0,1.0,1.0,0.0,1.0,0.0,1
0.0,-1.3743828459893257,-0.5613931786309851,1.0,0.0,1.0,0.0,0.0,1.0,1.0,0.0,1.0,0.0,1
1.0,0.4903234768138078,0.46790021793909115,0.0,1.0,1.0,0.0,0.0,1.0,0.0,1.0,1.0,0.0,1
0.0,-1.332003156834709,-1.0282041261138883,1.0,0.0,1.0,0.0,0.0,0.0,0.0,1.0,1.0,0.0,0
0.0,-0.4844093737423756,1.2530663345534447,0.0,1.0,1.0,0.0,0.0,1.0,1.0,0.0,0.0,1.0,0
0.0,0.9141203683599745,0.8011009649056867,0.0,1.0,0.0,0.0,0.0,0.0,1.0,0.0,0.0,1.0,0
0.0,-0.8234468869793089,-1.5197577033220337,0.0,0.0,0.0,1.0,0.0,0.0,0.0,0.0,0.0,0.0,0
0.0,-0.696307819515459,-1.5230567206187327,0.0,0.0,1.0,0.0,0.0,1.0,0.0,0.0,0.0,0.0,0
0.0,0.36318440934995777,-0.025302867917403403,1.0,0.0,0.0,1.0,0.0,1.0,0.0,1.0,0.0,1.0,0
0.0,-1.077725021907009,-1.038101178003985,1.0,0.0,1.0,0.0,0.0,1.0,1.0,0.0,1.0,0.0,1
1.0,-0.3996499954331423,-0.6042804034880715,1.0,0.0,0.0,1.0,1.0,0.0,0.0,1.0,0.0,1.0,0
0.0,1.5498157056792243,-1.4851180217066946,0.0,0.0,0.0,0.0,1.0,0.0,0.0,0.0,0.0,0.0,0
0.0,1.2955375707515244,-0.37499870136749375,1.0,0.0,0.0,1.0,0.0,0.0,0.0,1.0,1.0,0.0,0
0.0,-1.2048640893708589,0.9627528124439356,0.0,1.0,1.0,0.0,0.0,1.0,1.0,0.0,0.0,1.0,1
0.0,-1.3743828459893257,0.40686839795016055,0.0,1.0,1.0,0.0,0.0,1.0,1.0,0.0,0.0,1.0,1
0.0,0.4903234768138078,0.6559442038509321,0.0,1.0,1.0,0.0,0.0,0.0,1.0,0.0,0.0,1.0,0
1.0,1.0836391249784412,1.2448187913116973,0.0,1.0,0.0,1.0,0.0,0.0,1.0,0.0,0.0,1.0,0
0.0,-0.9929656435977756,1.1062600648503407,0.0,1.0,1.0,0.0,1.0,0.0,0.0,1.0,1.0,0.0,1
1.0,1.465056327369991,-1.528005246563781,0.0,0.0,0.0,0.0,0.0,0.0,0.0,0.0,0.0,0.0,0
0.0,-1.332003156834709,0.10500831530220525,0.0,1.0,1.0,0.0,0.0,1.0,1.0,0.0,1.0,0.0,0
0.0,1.5074360165246077,1.381728009124704,0.0,1.0,0.0,0.0,0.0,1.0,0.0,1.0,0.0,1.0,1
0.0,-1.2048640893708589,0.27985623202725063,0.0,1.0,1.0,0.0,0.0,0.0,1.0,0.0,1.0,0.0,1
1.0,-0.3996499954331423,-1.0150080569270925,1.0,0.0,0.0,1.0,0.0,0.0,0.0,1.0,1.0,0.0,0
1.0,0.32080472019534106,0.6575937124992816,0.0,1.0,1.0,0.0,0.0,0.0,0.0,1.0,1.0,0.0,0
0.0,-1.2896234676800922,0.31119689634589043,0.0,1.0,1.0,0.0,0.0,1.0,1.0,0.0,1.0,0.0,0
0.0,-1.1201047110616256,0.1066578239505551,1.0,0.0,1.0,0.0,0.0,0.0,1.0,0.0,0.0,1.0,0
0.0,-0.5691687520516089,-1.363054381728833,0.0,0.0,1.0,0.0,0.0,0.0,0.0,0.0,0.0,0.0,0
1.0,0.5750828551230411,0.18583423907132993,1.0,0.0,0.0,1.0,0.0,1.0,0.0,1.0,1.0,0.0,0
1.0,-0.10299217135082558,-1.3861475028057257,0.0,0.0,0.0,1.0,0.0,0.0,0.0,0.0,0.0,0.0,0
1.0,-0.10299217135082558,1.442759829113635,0.0,1.0,1.0,0.0,1.0,0.0,0.0,1.0,0.0,1.0,0
1.0,1.465056327369991,0.914917061641801,0.0,1.0,0.0,0.0,1.0,0.0,0.0,1.0,1.0,0.0,1
0.0,0.829360990050741,-1.5527478762890232,0.0,0.0,0.0,1.0,1.0,0.0,0.0,0.0,0.0,0.0,0
0.0,-1.4167625351439423,-0.5646921959276842,1.0,0.0,1.0,0.0,0.0,0.0,1.0,0.0,1.0,0.0,1
0.0,-1.3743828459893257,0.29305230121404624,0.0,1.0,1.0,0.0,0.0,0.0,1.0,0.0,1.0,0.0,0
0.0,0.6598422334322744,0.9182160789384998,0.0,1.0,0.0,1.0,1.0,0.0,1.0,0.0,0.0,1.0,0
1.0,-1.4167625351439423,-1.513159668728636,0.0,0.0,0.0,1.0,0.0,0.0,0.0,0.0,0.0,0.0,0
0.0,-1.332003156834709,-1.5214072119703834,0.0,0.0,1.0,0.0,0.0,0.0,0.0,0.0,0.0,0.0,0
1.0,1.2107781924422911,0.490993339015984,0.0,1.0,1.0,0.0,0.0,1.0,0.0,1.0,1.0,0.0,0
1.0,0.7022219225868911,1.254715843201794,0.0,1.0,1.0,0.0,0.0,1.0,0.0,1.0,0.0,1.0,1
0.0,-0.6115484412062256,0.08191519422531289,0.0,1.0,1.0,0.0,0.0,1.0,1.0,0.0,1.0,0.0,0
0.0,1.2955375707515244,1.0996620302569426,0.0,1.0,1.0,0.0,0.0,1.0,1.0,0.0,0.0,1.0,1
1.0,-1.332003156834709,-1.5181081946736843,0.0,0.0,1.0,0.0,0.0,1.0,0.0,0.0,0.0,0.0,0
1.0,-0.696307819515459,-1.5032626168385388,0.0,0.0,1.0,0.0,0.0,0.0,0.0,0.0,0.0,0.0,0
1.0,-0.3572703062785256,0.650995677905884,0.0,1.0,0.0,1.0,0.0,1.0,0.0,1.0,1.0,0.0,0
0.0,0.4903234768138078,0.27325819743385266,1.0,0.0,0.0,0.0,0.0,0.0,1.0,0.0,0.0,1.0,0
0.0,0.36318440934995777,-1.5263557379154318,0.0,0.0,0.0,0.0,0.0,0.0,0.0,0.0,0.0,0.0,0
1.0,1.1683985032876745,1.2316227221249012,0.0,1.0,1.0,0.0,0.0,1.0,1.0,0.0,0.0,1.0,0
0.0,-1.3743828459893257,0.11490536719230252,0.0,1.0,1.0,0.0,0.0,1.0,1.0,0.0,1.0,0.0,1
1.0,1.337917259906141,0.12315291043404993,1.0,0.0,0.0,0.0,1.0,0.0,1.0,0.0,1.0,0.0,0
0.0,-1.2048640893708589,-0.7345915867076807,1.0,0.0,1.0,0.0,0.0,0.0,1.0,0.0,1.0,0.0,0
0.0,0.7022219225868911,0.761512757345299,1.0,0.0,0.0,0.0,0.0,0.0,0.0,1.0,0.0,1.0,0
0.0,0.7869813008961244,0.942958708663742,0.0,1.0,0.0,1.0,1.0,0.0,1.0,0.0,0.0,1.0,0
1.0,0.7869813008961244,1.2877060161687837,0.0,1.0,0.0,1.0,0.0,1.0,1.0,0.0,0.0,1.0,0
0.0,-0.950585954443159,-1.5098606514319368,0.0,0.0,0.0,0.0,0.0,0.0,0.0,0.0,0.0,0.0,0
1.0,0.7869813008961244,1.4609044242454792,0.0,1.0,0.0,0.0,0.0,1.0,1.0,0.0,0.0,1.0,0
1.0,-1.332003156834709,-1.5362527898055285,0.0,0.0,1.0,0.0,0.0,0.0,0.0,0.0,0.0,0.0,0
1.0,1.5074360165246077,-1.4950150735967915,0.0,0.0,0.0,1.0,0.0,1.0,0.0,0.0,0.0,0.0,0
1.0,1.2107781924422911,1.2893555248171331,0.0,1.0,0.0,0.0,0.0,1.0,1.0,0.0,0.0,1.0,0
1.0,-0.01823279304159225,-1.3449097865969888,0.0,0.0,0.0,0.0,0.0,0.0,0.0,0.0,0.0,0.0,0
1.0,-0.01823279304159225,0.29800082715909487,0.0,1.0,1.0,0.0,0.0,1.0,1.0,0.0,1.0,0.0,1
0.0,-0.7810671978246922,-1.486767530355044,0.0,0.0,1.0,0.0,0.0,0.0,0.0,0.0,0.0,0.0,0
0.0,0.5750828551230411,0.9907944594658771,0.0,1.0,1.0,0.0,0.0,1.0,1.0,0.0,0.0,1.0,1
0.0,-1.3743828459893257,-1.2047015514872828,1.0,0.0,1.0,0.0,0.0,0.0,1.0,0.0,1.0,0.0,0
0.0,-1.077725021907009,-1.5296547552121307,0.0,0.0,0.0,1.0,0.0,0.0,0.0,0.0,0.0,0.0,0
1.0,-1.1201047110616256,1.2019315664546104,0.0,1.0,1.0,0.0,0.0,0.0,1.0,0.0,0.0,1.0,0
1.0,1.5498157056792243,1.6374018496188736,0.0,1.0,0.0,0.0,1.0,0.0,0.0,1.0,0.0,1.0,0
1.0,1.465056327369991,0.4794467784775378,1.0,0.0,0.0,0.0,0.0,1.0,0.0,1.0,0.0,1.0,0
1.0,-1.2896234676800922,0.7582137400486003,0.0,1.0,1.0,0.0,0.0,1.0,0.0,1.0,1.0,0.0,0
1.0,1.5498157056792243,1.3421398015643162,0.0,1.0,0.0,1.0,1.0,0.0,0.0,1.0,0.0,1.0,0
0.0,-1.2896234676800922,0.6394491173674374,0.0,1.0,1.0,0.0,0.0,1.0,1.0,0.0,1.0,0.0,0
1.0,0.9565000575145911,-1.5379022984538782,0.0,0.0,0.0,0.0,0.0,0.0,0.0,0.0,0.0,0.0,0
0.0,-1.2896234676800922,-0.3436580370488535,1.0,0.0,1.0,0.0,0.0,0.0,0.0,1.0,1.0,0.0,0
1.0,0.2784250310407244,-1.5115101600802863,0.0,0.0,1.0,0.0,0.0,0.0,0.0,0.0,0.0,0.0,0
1.0,1.2107781924422911,0.768110791938697,0.0,1.0,0.0,1.0,1.0,0.0,0.0,1.0,1.0,0.0,0
0.0,0.1512859635768744,-0.8253145623669021,1.0,0.0,0.0,1.0,1.0,0.0,0.0,1.0,1.0,0.0,0
0.0,-0.8658265761339256,0.462951691994043,0.0,1.0,1.0,0.0,0.0,1.0,1.0,0.0,1.0,0.0,1
0.0,-0.7810671978246922,-1.5016131081901896,0.0,0.0,0.0,1.0,0.0,0.0,0.0,0.0,0.0,0.0,0
0.0,-0.9929656435977756,-1.5412013157505768,0.0,0.0,1.0,0.0,1.0,0.0,0.0,0.0,0.0,0.0,0
0.0,1.4226766382153744,0.8076989994990847,1.0,0.0,0.0,0.0,0.0,0.0,0.0,1.0,0.0,1.0,0
0.0,0.7446016117415077,-0.6554151715869055,1.0,0.0,1.0,0.0,1.0,0.0,0.0,1.0,1.0,0.0,0
0.0,0.024146896113024417,0.30954738769754103,1.0,0.0,0.0,1.0,0.0,0.0,0.0,1.0,1.0,0.0,0
0.0,1.5498157056792243,0.6757383076311262,1.0,0.0,0.0,0.0,1.0,0.0,0.0,1.0,0.0,1.0,0
0.0,-0.7386875086700756,0.8093485081474341,0.0,1.0,1.0,0.0,0.0,0.0,1.0,0.0,1.0,0.0,1
1.0,0.9141203683599745,-0.5366505489057429,1.0,0.0,1.0,0.0,1.0,0.0,0.0,1.0,1.0,0.0,0
0.0,-0.8658265761339256,1.1606938502458735,0.0,1.0,1.0,0.0,0.0,1.0,1.0,0.0,0.0,1.0,1
1.0,-1.4167625351439423,-0.7147974829274868,1.0,0.0,1.0,0.0,0.0,1.0,1.0,0.0,1.0,0.0,0
1.0,1.0412594358238245,-1.4917160563000924,0.0,0.0,0.0,0.0,1.0,0.0,0.0,0.0,0.0,0.0,0
0.0,0.9141203683599745,-1.5626449281791204,0.0,0.0,0.0,0.0,0.0,0.0,0.0,0.0,0.0,0.0,0
0.0,0.10890627442225775,0.7565642314002504,0.0,1.0,0.0,1.0,0.0,0.0,1.0,0.0,0.0,1.0,0
0.0,-0.10299217135082558,0.9611033037955862,0.0,1.0,1.0,0.0,1.0,0.0,0.0,1.0,1.0,0.0,0
0.0,0.19366565273149108,0.04232698666492524,1.0,0.0,1.0,0.0,0.0,1.0,0.0,1.0,1.0,0.0,0
0.0,-0.7810671978246922,0.5734687714334581,0.0,1.0,1.0,0.0,0.0,1.0,1.0,0.0,0.0,1.0,0
0.0,-0.14537186050544226,0.5784172973785067,1.0,0.0,0.0,1.0,0.0,0.0,1.0,0.0,0.0,1.0,0
0.0,0.06652658526764109,-0.8451086661470959,1.0,0.0,0.0,0.0,0.0,0.0,0.0,1.0,1.0,0.0,0
1.0,-0.5267890628969922,-0.2776776911148742,1.0,0.0,0.0,1.0,0.0,0.0,0.0,1.0,1.0,0.0,0
1.0,1.337917259906141,0.10005978935715709,1.0,0.0,0.0,0.0,0.0,0.0,0.0,1.0,1.0,0.0,0
1.0,1.0412594358238245,-0.9391306591030162,1.0,0.0,0.0,0.0,1.0,0.0,0.0,1.0,1.0,0.0,0
1.0,-1.2472437785254755,0.9198655875868491,0.0,1.0,1.0,0.0,0.0,0.0,1.0,0.0,0.0,1.0,0
0.0,1.5498157056792243,0.034079443423177834,1.0,0.0,0.0,0.0,0.0,0.0,0.0,1.0,0.0,1.0,0
1.0,0.8717406792053578,-0.39974133109273596,1.0,0.0,0.0,1.0,1.0,0.0,1.0,0.0,0.0,1.0,0
1.0,1.5498157056792243,-1.5461498416956256,0.0,0.0,0.0,0.0,0.0,0.0,0.0,0.0,0.0,0.0,0
1.0,1.3802969490607577,-1.3597553644321339,0.0,0.0,0.0,0.0,0.0,0.0,0.0,0.0,0.0,0.0,0
1.0,-0.950585954443159,0.14129750556589413,0.0,1.0,1.0,0.0,1.0,0.0,1.0,0.0,1.0,0.0,0
1.0,-0.5691687520516089,-1.4983140908934904,0.0,0.0,0.0,1.0,1.0,0.0,0.0,0.0,0.0,0.0,0
1.0,-0.06061248219620892,0.7879048957188907,0.0,1.0,1.0,0.0,0.0,0.0,1.0,0.0,1.0,0.0,0
0.0,-0.9929656435977756,0.5124369514445274,0.0,1.0,1.0,0.0,1.0,0.0,0.0,1.0,1.0,0.0,1
0.0,1.337917259906141,-1.3548068384870855,0.0,0.0,0.0,0.0,0.0,0.0,0.0,0.0,0.0,0.0,0
1.0,1.5498157056792243,0.8126475254441329,1.0,0.0,0.0,0.0,0.0,0.0,0.0,1.0,0.0,1.0,0
1.0,1.465056327369991,1.152446307004126,0.0,1.0,0.0,0.0,0.0,0.0,0.0,1.0,0.0,1.0,0
0.0,1.2531578815969078,1.4147181820916936,0.0,1.0,0.0,0.0,0.0,1.0,0.0,1.0,0.0,1.0,0
0.0,-1.3743828459893257,0.13140045367579734,0.0,1.0,1.0,0.0,0.0,1.0,1.0,0.0,1.0,0.0,0
1.0,0.9141203683599745,1.3784289918280053,0.0,1.0,0.0,0.0,0.0,1.0,1.0,0.0,0.0,1.0,0
0.0,1.3802969490607577,-1.5230567206187327,0.0,0.0,0.0,0.0,0.0,0.0,0.0,0.0,0.0,0.0,0
1.0,-1.2048640893708589,-0.5729397391694315,1.0,0.0,1.0,0.0,0.0,1.0,1.0,0.0,1.0,0.0,0
1.0,0.23604534188610776,-1.5395518071022276,0.0,0.0,0.0,1.0,1.0,0.0,0.0,0.0,0.0,0.0,0
1.0,0.4903234768138078,-1.5263557379154318,0.0,0.0,0.0,1.0,1.0,0.0,0.0,0.0,0.0,0.0,0
0.0,-0.6539281303608423,-0.3684006667740957,1.0,0.0,1.0,0.0,0.0,0.0,0.0,1.0,0.0,1.0,0
1.0,1.5074360165246077,-1.3943950460474732,0.0,0.0,0.0,0.0,0.0,0.0,0.0,0.0,0.0,0.0,0
1.0,0.4479437876591911,-0.3684006667740957,1.0,0.0,1.0,0.0,1.0,0.0,0.0,1.0,1.0,0.0,0
1.0,0.4903234768138078,1.2514168259050948,0.0,1.0,1.0,0.0,0.0,1.0,1.0,0.0,0.0,1.0,0
1.0,-1.1624844002162422,-1.5313042638604801,0.0,0.0,0.0,1.0,0.0,0.0,0.0,0.0,0.0,0.0,1
0.0,-0.44202968458775893,-0.8418096488503969,1.0,0.0,0.0,1.0,0.0,0.0,0.0,1.0,0.0,1.0,0
0.0,-0.18775154966005891,0.24356704176356178,0.0,1.0,1.0,0.0,0.0,0.0,0.0,1.0,1.0,0.0,0
0.0,-0.01823279304159225,0.1445965228625929,0.0,1.0,1.0,0.0,0.0,1.0,1.0,0.0,1.0,0.0,0
1.0,0.19366565273149108,1.4493578637070326,0.0,1.0,1.0,0.0,0.0,0.0,0.0,1.0,0.0,1.0,0
1.0,-1.2048640893708589,-0.2413885008511856,1.0,0.0,1.0,0.0,0.0,0.0,0.0,1.0,0.0,1.0,0
1.0,1.2107781924422911,1.261313877795192,0.0,1.0,0.0,1.0,1.0,0.0,0.0,1.0,0.0,1.0,0
0.0,0.7022219225868911,-1.1898559736521375,1.0,0.0,0.0,1.0,0.0,0.0,1.0,0.0,1.0,0.0,0
1.0,0.9988797466692078,1.0996620302569426,0.0,1.0,0.0,1.0,1.0,0.0,1.0,0.0,0.0,1.0,1
0.0,0.23604534188610776,1.0765689091800499,0.0,1.0,0.0,0.0,1.0,0.0,1.0,0.0,0.0,1.0,0
1.0,-0.696307819515459,-0.5679912132243828,1.0,0.0,0.0,1.0,1.0,0.0,0.0,1.0,1.0,0.0,0
0.0,-1.4167625351439423,0.11985389313735068,0.0,1.0,1.0,0.0,0.0,0.0,1.0,0.0,1.0,0.0,1
1.0,-0.14537186050544226,0.5932628752136522,0.0,1.0,1.0,0.0,1.0,0.0,1.0,0.0,1.0,0.0,1
1.0,-0.5267890628969922,-0.39314329649933794,1.0,0.0,1.0,0.0,0.0,1.0,1.0,0.0,1.0,0.0,0
1.0,0.10890627442225775,0.46625070929074175,1.0,0.0,0.0,1.0,0.0,0.0,0.0,1.0,0.0,1.0,1
0.0,-0.8658265761339256,-1.5296547552121307,0.0,0.0,0.0,1.0,0.0,0.0,0.0,0.0,0.0,0.0,0
0.0,0.32080472019534106,1.6126592198936314,0.0,1.0,0.0,0.0,0.0,0.0,0.0,1.0,0.0,1.0,0
0.0,1.2531578815969078,1.4180171993883928,0.0,1.0,1.0,0.0,0.0,1.0,1.0,0.0,0.0,1.0,1
1.0,1.5074360165246077,-1.5296547552121307,0.0,0.0,0.0,0.0,0.0,0.0,0.0,0.0,0.0,0.0,0
0.0,-1.0353453327523923,-1.5214072119703834,0.0,0.0,0.0,1.0,0.0,0.0,0.0,0.0,0.0,0.0,0
0.0,-0.6539281303608423,-1.5593459108824212,0.0,0.0,1.0,0.0,0.0,0.0,0.0,0.0,0.0,0.0,0
0.0,1.2107781924422911,0.672439290334427,1.0,0.0,0.0,0.0,0.0,0.0,1.0,0.0,0.0,1.0,0
0.0,0.7022219225868911,-1.534603281157179,0.0,0.0,0.0,0.0,0.0,0.0,0.0,0.0,0.0,0.0,0
0.0,-0.8658265761339256,0.27325819743385266,0.0,1.0,1.0,0.0,0.0,0.0,1.0,0.0,1.0,0.0,1
1.0,1.3802969490607577,0.720275041136562,1.0,0.0,0.0,0.0,0.0,0.0,0.0,1.0,0.0,1.0,0
1.0,0.9565000575145911,-0.1935527500490508,1.0,0.0,0.0,1.0,0.0,0.0,0.0,1.0,1.0,0.0,1
1.0,1.337917259906141,0.44645660551054817,1.0,0.0,0.0,0.0,0.0,1.0,0.0,1.0,0.0,1.0,1
1.0,0.7022219225868911,0.8390396638177244,0.0,1.0,0.0,0.0,0.0,0.0,0.0,1.0,1.0,0.0,0
0.0,-0.01823279304159225,-1.3383117520035908,0.0,0.0,1.0,0.0,0.0,1.0,0.0,0.0,0.0,0.0,0
1.0,0.7869813008961244,0.14954504880764152,1.0,0.0,0.0,1.0,0.0,1.0,1.0,0.0,0.0,1.0,0
1.0,0.9565000575145911,-0.6884053445538952,1.0,0.0,1.0,0.0,0.0,1.0,1.0,0.0,1.0,0.0,1
1.0,1.465056327369991,1.429563759926839,0.0,1.0,0.0,1.0,1.0,0.0,0.0,1.0,0.0,1.0,1
1.0,0.23604534188610776,1.5103896836959636,0.0,1.0,0.0,1.0,0.0,1.0,1.0,0.0,0.0,1.0,1
1.0,1.4226766382153744,-1.3152186309266982,0.0,0.0,0.0,1.0,0.0,1.0,0.0,0.0,0.0,0.0,0
0.0,-1.4167625351439423,0.692233394114621,0.0,1.0,1.0,0.0,1.0,0.0,1.0,0.0,0.0,1.0,1
1.0,-0.3148906171239089,-0.20344980193914758,1.0,0.0,0.0,1.0,0.0,0.0,1.0,0.0,0.0,1.0,0
0.0,-1.077725021907009,0.9545052692021881,0.0,1.0,1.0,0.0,0.0,0.0,1.0,0.0,0.0,1.0,0
0.0,-0.7386875086700756,0.9660518297406349,0.0,1.0,1.0,0.0,0.0,1.0,1.0,0.0,0.0,1.0,1
0.0,-0.3996499954331423,-0.7098489569824384,1.0,0.0,1.0,0.0,1.0,0.0,0.0,1.0,1.0,0.0,0
1.0,1.5498157056792243,1.2976030680588806,0.0,1.0,0.0,0.0,1.0,0.0,0.0,1.0,0.0,1.0,0
0.0,0.19366565273149108,0.4810962871258872,1.0,0.0,0.0,1.0,0.0,0.0,1.0,0.0,0.0,1.0,0
1.0,1.2955375707515244,0.26666016284045463,0.0,1.0,0.0,1.0,1.0,0.0,1.0,0.0,1.0,0.0,0
1.0,-1.4167625351439423,0.24356704176356178,0.0,1.0,1.0,0.0,1.0,0.0,1.0,0.0,1.0,0.0,1
0.0,-1.4167625351439423,0.44480709686219877,0.0,1.0,1.0,0.0,0.0,0.0,1.0,0.0,0.0,1.0,1
0.0,-0.3572703062785256,0.10500831530220525,1.0,0.0,0.0,1.0,0.0,0.0,0.0,1.0,0.0,1.0,0
1.0,0.1512859635768744,-0.4987118499937048,1.0,0.0,1.0,0.0,0.0,0.0,0.0,1.0,1.0,0.0,0
1.0,1.1683985032876745,-1.551098367640674,0.0,0.0,0.0,0.0,0.0,0.0,0.0,0.0,0.0,0.0,0
1.0,-0.696307819515459,-1.5164586860253346,0.0,0.0,0.0,0.0,0.0,0.0,0.0,0.0,0.0,0.0,0
0.0,-0.9082062652885423,0.971000355685683,0.0,1.0,1.0,0.0,0.0,1.0,1.0,0.0,0.0,1.0,0
1.0,1.4226766382153744,0.31614542229093906,1.0,0.0,0.0,0.0,1.0,0.0,0.0,1.0,0.0,1.0,0
0.0,-0.9082062652885423,-0.3684006667740957,1.0,0.0,1.0,0.0,0.0,1.0,1.0,0.0,0.0,1.0,0
1.0,0.829360990050741,0.7796573524771433,0.0,1.0,1.0,0.0,1.0,0.0,0.0,1.0,0.0,1.0,0
0.0,-0.10299217135082558,-1.5181081946736843,0.0,0.0,0.0,1.0,0.0,0.0,0.0,0.0,0.0,0.0,0
0.0,-0.5267890628969922,0.7879048957188907,0.0,1.0,1.0,0.0,1.0,0.0,0.0,1.0,0.0,1.0,1
1.0,-0.27251092796929227,0.15119455745599092,0.0,1.0,1.0,0.0,0.0,1.0,1.0,0.0,1.0,0.0,1
0.0,-0.14537186050544226,0.27160868878550326,0.0,1.0,1.0,0.0,0.0,1.0,1.0,0.0,1.0,0.0,1
1.0,1.3802969490607577,1.2910050334654826,0.0,1.0,1.0,0.0,0.0,1.0,1.0,0.0,0.0,1.0,1
1.0,1.5498157056792243,0.5916133665653023,1.0,0.0,0.0,0.0,0.0,0.0,0.0,1.0,0.0,1.0,0
1.0,1.3802969490607577,1.101311538905292,0.0,1.0,0.0,0.0,0.0,1.0,0.0,1.0,0.0,1.0,0
1.0,-0.3572703062785256,0.9512062519054894,0.0,1.0,1.0,0.0,0.0,0.0,1.0,0.0,0.0,1.0,0
0.0,0.6174625442776578,0.9742993729823822,0.0,1.0,1.0,0.0,0.0,1.0,1.0,0.0,0.0,1.0,1
1.0,0.9565000575145911,0.5388290898181191,0.0,1.0,0.0,0.0,1.0,0.0,1.0,0.0,0.0,1.0,0
1.0,-0.8234468869793089,0.8373901551693751,0.0,1.0,1.0,0.0,0.0,1.0,1.0,0.0,1.0,0.0,0
1.0,0.9141203683599745,0.9594537951472368,0.0,1.0,1.0,0.0,1.0,0.0,1.0,0.0,1.0,0.0,1
0.0,0.19366565273149108,-0.13581994735681893,1.0,0.0,0.0,1.0,0.0,0.0,0.0,1.0,0.0,1.0,0
0.0,0.4903234768138078,0.30624837040084224,0.0,1.0,1.0,0.0,0.0,0.0,0.0,1.0,1.0,0.0,0
1.0,0.8717406792053578,-1.3762504509156288,0.0,0.0,0.0,0.0,0.0,0.0,0.0,0.0,0.0,0.0,0
0.0,-0.7810671978246922,0.9726498643340329,0.0,1.0,1.0,0.0,1.0,0.0,1.0,0.0,1.0,0.0,0
0.0,0.4479437876591911,-0.691704361850594,1.0,0.0,1.0,0.0,0.0,0.0,1.0,0.0,1.0,0.0,0
1.0,-0.5267890628969922,-0.5877853170045767,1.0,0.0,0.0,1.0,0.0,0.0,1.0,0.0,1.0,0.0,1
1.0,1.5498157056792243,-1.5428508243989265,0.0,0.0,0.0,0.0,1.0,0.0,0.0,0.0,0.0,0.0,0
0.0,0.7446016117415077,1.2992525767072298,0.0,1.0,0.0,0.0,0.0,1.0,1.0,0.0,0.0,1.0,0
1.0,0.7446016117415077,-1.5164586860253346,0.0,0.0,0.0,1.0,0.0,0.0,0.0,0.0,0.0,0.0,0
1.0,-1.332003156834709,-1.5115101600802863,0.0,0.0,1.0,0.0,0.0,0.0,0.0,0.0,0.0,0.0,1
1.0,-0.3572703062785256,1.178838445377718,0.0,1.0,0.0,1.0,0.0,0.0,0.0,1.0,0.0,1.0,0
1.0,-1.2048640893708589,-0.7065499396857394,1.0,0.0,1.0,0.0,0.0,1.0,1.0,0.0,1.0,0.0,0
1.0,1.0412594358238245,-0.208398327884196,1.0,0.0,0.0,0.0,1.0,0.0,0.0,1.0,1.0,0.0,0
1.0,-0.8234468869793089,-1.5329537725088296,0.0,0.0,0.0,0.0,0.0,0.0,0.0,0.0,0.0,0.0,0
1.0,-1.2896234676800922,-1.5197577033220337,0.0,0.0,0.0,1.0,0.0,0.0,0.0,0.0,0.0,0.0,0
0.0,0.9988797466692078,-1.3762504509156288,0.0,0.0,0.0,0.0,0.0,1.0,0.0,0.0,0.0,0.0,0
1.0,-0.4844093737423756,1.0023410200043232,0.0,1.0,0.0,0.0,0.0,1.0,1.0,0.0,0.0,1.0,0
1.0,-1.332003156834709,0.6147064876421952,0.0,1.0,1.0,0.0,1.0,0.0,1.0,0.0,1.0,0.0,1
1.0,0.7022219225868911,0.4299615190270534,1.0,0.0,0.0,0.0,0.0,1.0,0.0,1.0,0.0,1.0,0
1.0,-0.18775154966005891,-1.3333632260585424,0.0,0.0,0.0,0.0,0.0,0.0,0.0,0.0,0.0,0.0,0
0.0,-0.696307819515459,-0.218295379774293,1.0,0.0,1.0,0.0,0.0,1.0,1.0,0.0,1.0,0.0,0
1.0,1.4226766382153744,-1.1997530255422344,1.0,0.0,0.0,1.0,0.0,0.0,1.0,0.0,1.0,0.0,0
0.0,-1.3743828459893257,0.8472872070594719,0.0,1.0,1.0,0.0,0.0,1.0,1.0,0.0,1.0,0.0,1
1.0,0.6174625442776578,1.178838445377718,0.0,1.0,0.0,1.0,1.0,0.0,0.0,1.0,0.0,1.0,0
1.0,1.2955375707515244,-1.3350127347068916,0.0,0.0,0.0,1.0,0.0,0.0,0.0,0.0,0.0,0.0,0
1.0,-0.06061248219620892,1.1441987637623785,0.0,1.0,1.0,0.0,0.0,1.0,1.0,0.0,0.0,1.0,0
1.0,1.5498157056792243,-0.04674648034594685,1.0,0.0,0.0,0.0,1.0,0.0,0.0,1.0,1.0,0.0,0
1.0,1.1260188141330578,0.9874954421691778,0.0,1.0,1.0,0.0,0.0,0.0,1.0,0.0,1.0,0.0,0
0.0,-0.6115484412062256,0.3012998444557936,0.0,1.0,1.0,0.0,0.0,0.0,1.0,0.0,1.0,0.0,0
0.0,-1.1201047110616256,-1.5148091773769854,0.0,0.0,1.0,0.0,0.0,0.0,0.0,0.0,0.0,0.0,1
0.0,-1.4167625351439423,0.48769432171928523,0.0,1.0,1.0,0.0,0.0,1.0,1.0,0.0,1.0,0.0,1
1.0,-0.7386875086700756,-1.3399612606519404,1.0,0.0,1.0,0.0,0.0,0.0,1.0,0.0,1.0,0.0,0
0.0,-1.0353453327523923,0.1330499623241467,0.0,1.0,1.0,0.0,0.0,1.0,1.0,0.0,1.0,0.0,0
1.0,-0.3572703062785256,-0.6702607494220508,1.0,0.0,0.0,1.0,0.0,0.0,1.0,0.0,1.0,0.0,0
0.0,-1.077725021907009,1.261313877795192,0.0,1.0,1.0,0.0,0.0,1.0,0.0,1.0,0.0,1.0,1
0.0,0.10890627442225775,-0.0005602381921611831,1.0,0.0,1.0,0.0,1.0,0.0,0.0,1.0,1.0,0.0,0
1.0,1.5498157056792243,0.24026802446686302,1.0,0.0,0.0,0.0,0.0,0.0,1.0,0.0,0.0,1.0,0
0.0,-0.4844093737423756,0.7714098092353958,0.0,1.0,1.0,0.0,0.0,1.0,1.0,0.0,1.0,0.0,0
1.0,1.3802969490607577,-0.3881947705542895,1.0,0.0,0.0,1.0,0.0,1.0,0.0,1.0,0.0,1.0,0
0.0,1.3802969490607577,0.7252235670816106,1.0,0.0,0.0,0.0,0.0,1.0,0.0,1.0,0.0,1.0,0
0.0,-0.2301312388146756,0.7994514562573373,0.0,1.0,0.0,1.0,1.0,0.0,0.0,1.0,1.0,0.0,0
1.0,-0.7386875086700756,0.748316688158503,0.0,1.0,1.0,0.0,0.0,1.0,1.0,0.0,0.0,1.0,0
0.0,-1.0353453327523923,0.10500831530220525,1.0,0.0,1.0,0.0,0.0,1.0,1.0,0.0,0.0,1.0,0
0.0,0.024146896113024417,0.7054294633014165,0.0,1.0,1.0,0.0,0.0,1.0,1.0,0.0,1.0,0.0,1
1.0,-0.9082062652885423,0.5437776157631676,0.0,1.0,1.0,0.0,0.0,1.0,1.0,0.0,1.0,0.0,0
1.0,0.7022219225868911,1.282757490223735,0.0,1.0,1.0,0.0,0.0,1.0,1.0,0.0,0.0,1.0,1
0.0,-1.2896234676800922,0.9924439681142264,0.0,1.0,1.0,0.0,0.0,1.0,1.0,0.0,0.0,1.0,1
1.0,1.0412594358238245,1.1986325491579115,0.0,1.0,0.0,1.0,1.0,0.0,1.0,0.0,0.0,1.0,0
1.0,-0.01823279304159225,0.8357406465210258,0.0,1.0,1.0,0.0,0.0,0.0,1.0,0.0,0.0,1.0,0
1.0,1.5498157056792243,1.6374018496188736,0.0,1.0,0.0,0.0,1.0,0.0,0.0,1.0,0.0,1.0,0
1.0,-0.2301312388146756,0.5734687714334581,0.0,1.0,1.0,0.0,1.0,0.0,1.0,0.0,1.0,0.0,0
0.0,-0.6539281303608423,-1.5428508243989265,0.0,0.0,1.0,0.0,0.0,1.0,0.0,0.0,0.0,0.0,1
0.0,-1.2048640893708589,-0.15726355978536216,1.0,0.0,1.0,0.0,0.0,1.0,0.0,1.0,1.0,0.0,0
0.0,-1.4167625351439423,-0.5597436699826355,1.0,0.0,1.0,0.0,0.0,0.0,1.0,0.0,1.0,0.0,0
0.0,0.9565000575145911,-1.4966645822451412,0.0,0.0,0.0,0.0,0.0,0.0,0.0,0.0,0.0,0.0,0
1.0,-0.9929656435977756,1.0534757881031571,0.0,1.0,1.0,0.0,0.0,1.0,1.0,0.0,0.0,1.0,1
0.0,-1.4167625351439423,0.44810611415889756,0.0,1.0,1.0,0.0,1.0,0.0,1.0,0.0,1.0,0.0,1
0.0,-0.7386875086700756,-0.6768587840154487,1.0,0.0,1.0,0.0,0.0,0.0,1.0,0.0,1.0,0.0,0
0.0,0.23604534188610776,-1.363054381728833,0.0,0.0,0.0,1.0,0.0,0.0,0.0,0.0,0.0,0.0,0
0.0,-1.4167625351439423,-0.5580941613342861,1.0,0.0,1.0,0.0,0.0,1.0,1.0,0.0,0.0,1.0,1
0.0,-1.1201047110616256,0.27985623202725063,1.0,0.0,1.0,0.0,0.0,1.0,0.0,1.0,0.0,1.0,1
0.0,-1.3743828459893257,0.24521655041191118,0.0,1.0,1.0,0.0,0.0,0.0,1.0,0.0,1.0,0.0,0
0.0,-1.332003156834709,0.3458365779612299,0.0,1.0,1.0,0.0,1.0,0.0,1.0,0.0,1.0,0.0,1
1.0,-0.7386875086700756,0.942958708663742,0.0,1.0,1.0,0.0,0.0,1.0,1.0,0.0,0.0,1.0,0
1.0,-0.696307819515459,-1.051297247190781,1.0,0.0,1.0,0.0,0.0,0.0,1.0,0.0,1.0,0.0,0
0.0,0.4479437876591911,0.6147064876421952,0.0,1.0,1.0,0.0,1.0,0.0,1.0,0.0,1.0,0.0,0
0.0,0.8717406792053578,-0.050045497642645626,1.0,0.0,0.0,1.0,1.0,0.0,0.0,1.0,1.0,0.0,0
0.0,-1.4167625351439423,0.44810611415889756,0.0,1.0,1.0,0.0,0.0,1.0,1.0,0.0,0.0,1.0,1
1.0,0.19366565273149108,-0.3156163900269123,1.0,0.0,1.0,0.0,0.0,0.0,1.0,0.0,1.0,0.0,0
1.0,-0.6115484412062256,0.4299615190270534,0.0,1.0,0.0,1.0,0.0,1.0,1.0,0.0,1.0,0.0,0
0.0,1.4226766382153744,1.038630210268012,0.0,1.0,0.0,0.0,0.0,0.0,1.0,0.0,0.0,1.0,0
0.0,-1.332003156834709,0.6081084530487971,0.0,1.0,1.0,0.0,0.0,1.0,1.0,0.0,1.0,0.0,1
0.0,-0.9082062652885423,0.46790021793909115,0.0,1.0,1.0,0.0,1.0,0.0,1.0,0.0,1.0,0.0,0
1.0,-0.9082062652885423,-0.5267534970156459,1.0,0.0,1.0,0.0,0.0,0.0,1.0,0.0,1.0,0.0,0
0.0,0.6174625442776578,1.1227551513338356,0.0,1.0,0.0,0.0,0.0,0.0,1.0,0.0,0.0,1.0,0
0.0,-1.4167625351439423,-1.5214072119703834,0.0,0.0,1.0,0.0,0.0,0.0,0.0,0.0,0.0,0.0,0
0.0,-1.332003156834709,-1.5098606514319368,0.0,0.0,1.0,0.0,0.0,0.0,0.0,0.0,0.0,0.0,0
0.0,-0.14537186050544226,0.9891449508175276,0.0,1.0,1.0,0.0,0.0,0.0,1.0,0.0,0.0,1.0,1
1.0,1.465056327369991,1.0600738226965551,0.0,1.0,0.0,0.0,1.0,0.0,1.0,0.0,0.0,1.0,1
1.0,0.5327031659684244,1.1178066253887868,0.0,1.0,1.0,0.0,0.0,0.0,1.0,0.0,0.0,1.0,0
1.0,-0.01823279304159225,-1.3811989768606774,0.0,0.0,0.0,0.0,1.0,0.0,0.0,0.0,0.0,0.0,0
0.0,1.2107781924422911,1.2695614210369395,0.0,1.0,0.0,1.0,0.0,0.0,1.0,0.0,0.0,1.0,0
1.0,1.337917259906141,-0.9902654272018503,1.0,0.0,0.0,0.0,1.0,0.0,0.0,1.0,1.0,0.0,0
0.0,-1.2048640893708589,-1.0117090396303934,1.0,0.0,0.0,1.0,0.0,0.0,1.0,0.0,1.0,0.0,0
0.0,-1.1624844002162422,-0.37664821001584314,1.0,0.0,1.0,0.0,0.0,0.0,1.0,0.0,1.0,0.0,0
0.0,0.1512859635768744,-0.5119079191805006,1.0,0.0,1.0,0.0,0.0,0.0,1.0,0.0,0.0,1.0,0
1.0,0.8717406792053578,0.8901744319165588,0.0,1.0,0.0,1.0,0.0,1.0,0.0,1.0,1.0,0.0,0
1.0,1.4226766382153744,-1.3828484855090268,0.0,0.0,0.0,0.0,1.0,0.0,0.0,0.0,0.0,0.0,0
0.0,-1.4167625351439423,-1.5362527898055285,0.0,0.0,1.0,0.0,0.0,1.0,0.0,0.0,0.0,0.0,1
1.0,1.0836391249784412,-1.3482088038936877,0.0,0.0,0.0,0.0,1.0,0.0,0.0,0.0,0.0,0.0,0
1.0,-1.1624844002162422,-1.5395518071022276,0.0,0.0,0.0,0.0,1.0,0.0,0.0,0.0,0.0,0.0,0
1.0,-0.06061248219620892,1.038630210268012,0.0,1.0,1.0,0.0,0.0,1.0,1.0,0.0,0.0,1.0,1
0.0,0.6174625442776578,-1.5313042638604801,0.0,0.0,0.0,1.0,1.0,0.0,0.0,0.0,0.0,0.0,0
0.0,-0.8234468869793089,-1.5230567206187327,0.0,0.0,1.0,0.0,0.0,0.0,0.0,0.0,0.0,0.0,0
1.0,1.465056327369991,1.319046680487424,0.0,1.0,0.0,1.0,0.0,1.0,1.0,0.0,0.0,1.0,0
0.0,-1.2896234676800922,0.4893438303676346,0.0,1.0,1.0,0.0,0.0,0.0,1.0,0.0,0.0,1.0,1
1.0,0.19366565273149108,-1.5362527898055285,0.0,0.0,0.0,0.0,0.0,0.0,0.0,0.0,0.0,0.0,0
1.0,0.6174625442776578,-1.3515078211903866,0.0,0.0,0.0,1.0,0.0,1.0,0.0,0.0,0.0,0.0,0
1.0,1.4226766382153744,-1.5263557379154318,0.0,0.0,0.0,0.0,1.0,0.0,0.0,0.0,0.0,0.0,0
1.0,-0.8658265761339256,0.302949353104143,0.0,1.0,1.0,0.0,1.0,0.0,1.0,0.0,1.0,0.0,0
0.0,-0.9929656435977756,0.9742993729823822,0.0,1.0,0.0,1.0,0.0,1.0,1.0,0.0,0.0,1.0,0
0.0,-0.06061248219620892,0.9957429854109252,0.0,1.0,1.0,0.0,0.0,1.0,1.0,0.0,0.0,1.0,0
1.0,-0.5691687520516089,-0.39479280514768733,1.0,0.0,1.0,0.0,0.0,1.0,0.0,1.0,1.0,0.0,1
1.0,1.2531578815969078,0.8373901551693751,1.0,0.0,0.0,0.0,1.0,0.0,0.0,1.0,0.0,1.0,0
1.0,1.0836391249784412,-1.5148091773769854,0.0,0.0,0.0,0.0,0.0,0.0,0.0,0.0,0.0,0.0,0
1.0,1.2955375707515244,-0.26283211327972883,1.0,0.0,0.0,0.0,0.0,0.0,0.0,1.0,1.0,0.0,0
1.0,0.7446016117415077,0.1165548758406519,1.0,0.0,0.0,0.0,1.0,0.0,0.0,1.0,1.0,0.0,0
1.0,1.5498157056792243,1.500492631805867,0.0,1.0,0.0,0.0,1.0,0.0,1.0,0.0,0.0,1.0,0
0.0,-1.3743828459893257,-0.08468517925798487,1.0,0.0,1.0,0.0,0.0,1.0,1.0,0.0,0.0,1.0,1
1.0,1.1260188141330578,-1.5214072119703834,0.0,0.0,0.0,0.0,0.0,0.0,0.0,0.0,0.0,0.0,0
0.0,-0.7386875086700756,0.26336114554375584,0.0,1.0,1.0,0.0,0.0,1.0,1.0,0.0,1.0,0.0,0
1.0,1.2955375707515244,1.2877060161687837,0.0,1.0,1.0,0.0,0.0,1.0,1.0,0.0,0.0,1.0,0
0.0,-1.4167625351439423,-0.16386159437875994,1.0,0.0,1.0,0.0,0.0,0.0,0.0,1.0,1.0,0.0,0
0.0,1.1683985032876745,0.6773878162794755,1.0,0.0,0.0,0.0,1.0,0.0,0.0,1.0,0.0,1.0,0
1.0,1.4226766382153744,0.7846058784221919,0.0,1.0,1.0,0.0,0.0,1.0,1.0,0.0,0.0,1.0,1
1.0,-1.332003156834709,-1.2244956552674766,1.0,0.0,1.0,0.0,0.0,1.0,0.0,1.0,1.0,0.0,0
0.0,-0.4844093737423756,-0.18860422410400215,1.0,0.0,1.0,0.0,1.0,0.0,0.0,1.0,1.0,0.0,0
1.0,0.8717406792053578,0.08521421152201167,1.0,0.0,0.0,1.0,1.0,0.0,0.0,1.0,1.0,0.0,0
0.0,-0.9082062652885423,0.42171397578530595,0.0,1.0,1.0,0.0,0.0,1.0,1.0,0.0,1.0,0.0,1
1.0,0.024146896113024417,0.9644023210922854,0.0,1.0,1.0,0.0,0.0,1.0,1.0,0.0,0.0,1.0,0
1.0,1.5498157056792243,0.14129750556589413,1.0,0.0,0.0,0.0,1.0,0.0,0.0,1.0,1.0,0.0,0
1.0,1.0836391249784412,1.3256447150808215,0.0,1.0,1.0,0.0,0.0,1.0,1.0,0.0,0.0,1.0,0
1.0,-1.1624844002162422,-1.5379022984538782,0.0,0.0,1.0,0.0,1.0,0.0,0.0,0.0,0.0,0.0,0
0.0,-1.332003156834709,-1.1766599044653416,1.0,0.0,1.0,0.0,0.0,1.0,1.0,0.0,1.0,0.0,0
1.0,1.0836391249784412,-0.510258410532151,1.0,0.0,0.0,1.0,1.0,0.0,0.0,1.0,1.0,0.0,0
1.0,1.4226766382153744,0.6114074703454964,1.0,0.0,0.0,0.0,0.0,0.0,0.0,1.0,0.0,1.0,0
0.0,0.36318440934995777,1.4394608118169359,0.0,1.0,0.0,1.0,0.0,0.0,0.0,1.0,0.0,1.0,0
0.0,-1.2896234676800922,0.6345005914223891,0.0,1.0,1.0,0.0,0.0,0.0,1.0,0.0,1.0,0.0,1
0.0,-1.4167625351439423,-1.5148091773769854,0.0,0.0,1.0,0.0,0.0,0.0,0.0,0.0,0.0,0.0,0
0.0,-1.2048640893708589,0.7648117746419978,0.0,1.0,1.0,0.0,0.0,0.0,1.0,0.0,0.0,1.0,1
0.0,-0.14537186050544226,1.2497673172567454,0.0,1.0,0.0,1.0,0.0,0.0,1.0,0.0,0.0,1.0,0
1.0,1.5498157056792243,0.7945029303122887,1.0,0.0,0.0,0.0,0.0,0.0,0.0,1.0,0.0,1.0,0
1.0,0.7446016117415077,1.041929227564711,0.0,1.0,0.0,1.0,1.0,0.0,1.0,0.0,1.0,0.0,0
1.0,-0.9929656435977756,-0.5597436699826355,1.0,0.0,1.0,0.0,0.0,1.0,0.0,1.0,1.0,0.0,0
1.0,0.2784250310407244,0.007687305049586224,1.0,0.0,1.0,0.0,0.0,0.0,0.0,1.0,1.0,0.0,0
0.0,-0.4844093737423756,-0.3238639332686597,1.0,0.0,1.0,0.0,0.0,0.0,0.0,1.0,1.0,0.0,0
0.0,-1.3743828459893257,1.083166943773448,0.0,1.0,1.0,0.0,0.0,0.0,0.0,1.0,0.0,1.0,1
1.0,0.829360990050741,-1.3350127347068916,0.0,0.0,0.0,0.0,1.0,0.0,0.0,0.0,0.0,0.0,0
1.0,0.829360990050741,0.29140279256569684,1.0,0.0,0.0,1.0,0.0,0.0,0.0,1.0,0.0,1.0,0
1.0,-1.077725021907009,-0.4112878916311821,1.0,0.0,0.0,0.0,0.0,0.0,0.0,1.0,1.0,0.0,0
1.0,1.5498157056792243,1.6753405485309119,0.0,1.0,0.0,0.0,0.0,0.0,0.0,1.0,0.0,1.0,0
0.0,-1.2472437785254755,-0.6983023964439921,1.0,0.0,1.0,0.0,0.0,0.0,1.0,0.0,0.0,1.0,0
1.0,1.2955375707515244,0.29470180986239564,1.0,0.0,0.0,1.0,0.0,1.0,0.0,1.0,0.0,1.0,0
0.0,-0.01823279304159225,-1.5477993503439749,0.0,0.0,1.0,0.0,1.0,0.0,0.0,0.0,0.0,0.0,0
0.0,-1.4167625351439423,0.1379984882691949,0.0,1.0,1.0,0.0,0.0,1.0,1.0,0.0,1.0,0.0,1
0.0,0.7022219225868911,0.2237729379833682,0.0,1.0,1.0,0.0,1.0,0.0,1.0,0.0,1.0,0.0,0
1.0,1.1260188141330578,-1.3828484855090268,0.0,0.0,0.0,0.0,1.0,0.0,0.0,0.0,0.0,0.0,0
0.0,-1.077725021907009,-1.5230567206187327,0.0,0.0,1.0,0.0,0.0,1.0,0.0,0.0,0.0,0.0,0
0.0,-0.950585954443159,-1.524706229267082,0.0,0.0,0.0,1.0,0.0,1.0,0.0,0.0,0.0,0.0,0
0.0,-1.2472437785254755,0.27160868878550326,0.0,1.0,1.0,0.0,0.0,1.0,1.0,0.0,1.0,0.0,1
1.0,-1.077725021907009,-0.3700501754224451,1.0,0.0,1.0,0.0,0.0,0.0,0.0,1.0,1.0,0.0,0
1.0,0.7869813008961244,1.45760540694878,0.0,1.0,0.0,1.0,0.0,1.0,1.0,0.0,0.0,1.0,1
0.0,-1.332003156834709,-1.5181081946736843,0.0,0.0,1.0,0.0,0.0,0.0,0.0,0.0,0.0,0.0,0
0.0,-0.7386875086700756,-1.0216060915204903,1.0,0.0,1.0,0.0,0.0,1.0,1.0,0.0,1.0,0.0,0
1.0,0.6598422334322744,0.5833658233235549,1.0,0.0,0.0,0.0,0.0,0.0,0.0,1.0,0.0,1.0,0
0.0,-1.1201047110616256,-1.5197577033220337,0.0,0.0,0.0,1.0,0.0,0.0,0.0,0.0,0.0,0.0,0
0.0,-1.2048640893708589,0.40686839795016055,1.0,0.0,1.0,0.0,0.0,1.0,0.0,1.0,0.0,1.0,0
1.0,0.06652658526764109,0.19573129096142672,1.0,0.0,0.0,1.0,0.0,0.0,1.0,0.0,1.0,0.0,0
1.0,1.5498157056792243,0.754914722751901,1.0,0.0,0.0,0.0,1.0,0.0,0.0,1.0,0.0,1.0,0
1.0,-1.332003156834709,-0.6653122234770024,1.0,0.0,1.0,0.0,0.0,1.0,1.0,0.0,1.0,0.0,1
1.0,-1.1624844002162422,-0.6834568186088466,1.0,0.0,1.0,0.0,0.0,1.0,1.0,0.0,1.0,0.0,0
0.0,-1.2896234676800922,-1.5181081946736843,0.0,0.0,1.0,0.0,0.0,0.0,0.0,0.0,0.0,0.0,0
1.0,0.32080472019534106,0.6691402730377282,1.0,0.0,0.0,0.0,0.0,0.0,0.0,1.0,0.0,1.0,0
1.0,-0.3148906171239089,0.34253756066453067,0.0,1.0,1.0,0.0,1.0,0.0,1.0,0.0,1.0,0.0,0
1.0,1.0836391249784412,-1.3778999595639785,0.0,0.0,0.0,0.0,0.0,0.0,0.0,0.0,0.0,0.0,0
0.0,-1.3743828459893257,-1.4999635995418399,0.0,0.0,1.0,0.0,0.0,0.0,0.0,0.0,0.0,0.0,0
1.0,-1.4167625351439423,0.7978019476089875,0.0,1.0,1.0,0.0,0.0,1.0,0.0,1.0,0.0,1.0,0
0.0,-1.0353453327523923,-0.8500571920921444,1.0,0.0,0.0,1.0,0.0,0.0,1.0,0.0,1.0,0.0,0
1.0,1.5498157056792243,1.2811079815753856,0.0,1.0,0.0,0.0,0.0,0.0,0.0,1.0,0.0,1.0,0
0.0,-0.6539281303608423,0.6476966606091847,0.0,1.0,1.0,0.0,0.0,0.0,1.0,0.0,1.0,0.0,1
1.0,-0.3996499954331423,-0.5218049710705974,1.0,0.0,0.0,1.0,0.0,0.0,1.0,0.0,1.0,0.0,0
1.0,1.5074360165246077,0.8918239405649082,1.0,0.0,0.0,0.0,0.0,0.0,0.0,1.0,0.0,1.0,0
1.0,1.0836391249784412,-1.3432602779486391,0.0,0.0,0.0,0.0,1.0,0.0,0.0,0.0,0.0,0.0,0
0.0,0.1512859635768744,-1.5181081946736843,0.0,0.0,0.0,0.0,0.0,0.0,0.0,0.0,0.0,0.0,0
1.0,0.10890627442225775,0.9512062519054894,0.0,1.0,0.0,1.0,0.0,0.0,0.0,1.0,1.0,0.0,0
0.0,-1.1201047110616256,0.6229540308839425,0.0,1.0,1.0,0.0,0.0,1.0,1.0,0.0,1.0,0.0,1
1.0,1.465056327369991,-0.8912949083008814,1.0,0.0,0.0,0.0,0.0,0.0,0.0,1.0,1.0,0.0,0
0.0,-1.3743828459893257,-1.528005246563781,0.0,0.0,1.0,0.0,0.0,0.0,0.0,0.0,0.0,0.0,0
0.0,-0.3572703062785256,0.50418940820278,0.0,1.0,1.0,0.0,0.0,1.0,1.0,0.0,1.0,0.0,1
0.0,-0.9929656435977756,0.5899638579169528,0.0,1.0,1.0,0.0,0.0,1.0,1.0,0.0,0.0,1.0,0
0.0,-0.9929656435977756,0.44150807956549953,0.0,1.0,1.0,0.0,0.0,0.0,1.0,0.0,1.0,0.0,0
0.0,-0.8658265761339256,-1.5362527898055285,0.0,0.0,1.0,0.0,0.0,0.0,0.0,0.0,0.0,0.0,0
1.0,1.5074360165246077,0.908319027048403,0.0,1.0,0.0,0.0,1.0,0.0,1.0,0.0,0.0,1.0,1
1.0,0.9988797466692078,0.007687305049586224,1.0,0.0,0.0,1.0,0.0,0.0,0.0,1.0,0.0,1.0,0
0.0,-0.14537186050544226,-1.5296547552121307,0.0,0.0,0.0,1.0,0.0,0.0,0.0,0.0,0.0,0.0,0
1.0,0.19366565273149108,1.055125296751507,0.0,1.0,0.0,1.0,0.0,0.0,0.0,1.0,0.0,1.0,0
1.0,1.2531578815969078,-0.23973899220283623,1.0,0.0,0.0,0.0,0.0,0.0,0.0,1.0,1.0,0.0,0
0.0,-0.8658265761339256,-1.3449097865969888,0.0,0.0,1.0,0.0,0.0,0.0,0.0,0.0,0.0,0.0,1
0.0,1.4226766382153744,0.02418239153308104,1.0,0.0,0.0,0.0,0.0,0.0,0.0,1.0,1.0,0.0,0
0.0,-0.9929656435977756,0.5817163146752055,0.0,1.0,1.0,0.0,0.0,0.0,1.0,0.0,1.0,0.0,1
1.0,1.5498157056792243,0.6757383076311262,1.0,0.0,0.0,0.0,0.0,0.0,0.0,1.0,0.0,1.0,0
0.0,-0.18775154966005891,0.49429235631268326,0.0,1.0,1.0,0.0,0.0,1.0,1.0,0.0,1.0,0.0,0
1.0,-1.2472437785254755,-0.6768587840154487,1.0,0.0,1.0,0.0,0.0,0.0,1.0,0.0,1.0,0.0,0
0.0,-0.6539281303608423,1.0683213659383024,0.0,1.0,1.0,0.0,0.0,1.0,1.0,0.0,0.0,1.0,1
1.0,1.5498157056792243,-1.506561634135238,0.0,0.0,0.0,0.0,0.0,0.0,0.0,0.0,0.0,0.0,0
0.0,-0.950585954443159,-1.1651133439268953,1.0,0.0,1.0,0.0,1.0,0.0,0.0,1.0,1.0,0.0,0
1.0,0.4055640985045744,0.5998609098070496,1.0,0.0,0.0,0.0,0.0,0.0,0.0,1.0,0.0,1.0,0
1.0,-0.8658265761339256,0.5982114011587003,0.0,1.0,1.0,0.0,0.0,1.0,1.0,0.0,0.0,1.0,1
0.0,-0.7386875086700756,1.1112085907953888,0.0,1.0,1.0,0.0,1.0,0.0,1.0,0.0,0.0,1.0,1
1.0,-1.0353453327523923,-0.214996362477594,1.0,0.0,1.0,0.0,1.0,0.0,1.0,0.0,0.0,1.0,0
0.0,-0.06061248219620892,0.4547041487522956,1.0,0.0,0.0,1.0,1.0,0.0,0.0,1.0,0.0,1.0,0
1.0,-1.2472437785254755,0.5734687714334581,0.0,1.0,1.0,0.0,0.0,0.0,1.0,0.0,1.0,0.0,1
0.0,-0.9929656435977756,-0.7378906040043797,1.0,0.0,1.0,0.0,1.0,0.0,1.0,0.0,1.0,0.0,0
0.0,0.10890627442225775,-0.12757240411507154,1.0,0.0,0.0,1.0,0.0,0.0,1.0,0.0,1.0,0.0,1
1.0,-1.2896234676800922,1.0881154697184965,0.0,1.0,1.0,0.0,0.0,0.0,1.0,0.0,0.0,1.0,1
1.0,1.5498157056792243,-0.048395988994296237,1.0,0.0,0.0,0.0,0.0,1.0,0.0,1.0,0.0,1.0,0
1.0,1.2531578815969078,1.2580148604984929,0.0,1.0,0.0,0.0,0.0,0.0,0.0,1.0,0.0,1.0,0
0.0,1.465056327369991,1.4839975453223722,0.0,1.0,0.0,0.0,0.0,0.0,0.0,1.0,0.0,1.0,0
0.0,-0.44202968458775893,0.45140513145559635,0.0,1.0,1.0,0.0,1.0,0.0,0.0,1.0,1.0,0.0,1
1.0,1.2107781924422911,0.8984219751583061,0.0,1.0,0.0,0.0,1.0,0.0,0.0,1.0,1.0,0.0,0
0.0,-1.3743828459893257,-1.3713019249705805,0.0,0.0,1.0,0.0,0.0,0.0,0.0,0.0,0.0,0.0,0
1.0,1.5498157056792243,-0.4129374002795318,1.0,0.0,0.0,0.0,0.0,0.0,1.0,0.0,0.0,1.0,0
0.0,-0.27251092796929227,-0.6983023964439921,1.0,0.0,1.0,0.0,0.0,0.0,0.0,1.0,1.0,0.0,0
0.0,-1.2048640893708589,0.24521655041191118,0.0,1.0,1.0,0.0,0.0,1.0,1.0,0.0,1.0,0.0,1
0.0,0.5327031659684244,-1.3564563471354352,0.0,0.0,0.0,1.0,0.0,0.0,0.0,0.0,0.0,0.0,0
0.0,-1.1201047110616256,-0.2067488192358466,1.0,0.0,1.0,0.0,0.0,0.0,1.0,0.0,1.0,0.0,0
0.0,-0.696307819515459,-0.6983023964439921,1.0,0.0,1.0,0.0,1.0,0.0,1.0,0.0,1.0,0.0,0
1.0,-0.950585954443159,0.9594537951472368,0.0,1.0,1.0,0.0,0.0,1.0,1.0,0.0,0.0,1.0,1
0.0,-1.0353453327523923,-1.5329537725088296,0.0,0.0,1.0,0.0,0.0,0.0,0.0,0.0,0.0,0.0,0
1.0,0.829360990050741,-1.3366622433552413,0.0,0.0,0.0,0.0,0.0,0.0,0.0,0.0,0.0,0.0,0
1.0,0.9988797466692078,-1.528005246563781,0.0,0.0,0.0,0.0,0.0,0.0,0.0,0.0,0.0,0.0,0
1.0,-1.2048640893708589,0.1083073325989045,1.0,0.0,0.0,1.0,0.0,1.0,0.0,1.0,0.0,1.0,0
1.0,1.5498157056792243,1.3009020853555793,0.0,1.0,0.0,0.0,1.0,0.0,0.0,1.0,1.0,0.0,0
0.0,1.2531578815969078,-0.20509931058749697,1.0,0.0,0.0,0.0,0.0,0.0,0.0,1.0,0.0,1.0,0
0.0,-1.2896234676800922,0.47614776118083857,0.0,1.0,1.0,0.0,0.0,1.0,1.0,0.0,0.0,1.0,1
0.0,0.4903234768138078,-1.5181081946736843,0.0,0.0,0.0,0.0,0.0,0.0,0.0,0.0,0.0,0.0,0
0.0,0.7446016117415077,-0.16716061167545895,1.0,0.0,0.0,1.0,0.0,1.0,1.0,0.0,1.0,0.0,0
1.0,-0.5267890628969922,0.7862553870705412,0.0,1.0,1.0,0.0,0.0,1.0,0.0,1.0,1.0,0.0,0
1.0,1.5074360165246077,0.8043999822023855,1.0,0.0,0.0,0.0,1.0,0.0,0.0,1.0,0.0,1.0,0
1.0,-0.6115484412062256,0.18253522177463116,1.0,0.0,0.0,1.0,1.0,0.0,1.0,0.0,1.0,0.0,0
0.0,-0.14537186050544226,-1.5313042638604801,0.0,0.0,0.0,1.0,1.0,0.0,0.0,0.0,0.0,0.0,0
1.0,1.2955375707515244,1.3157476631907248,0.0,1.0,0.0,0.0,0.0,0.0,0.0,1.0,0.0,1.0,1
1.0,1.465056327369991,1.5879165901683892,0.0,1.0,0.0,0.0,0.0,0.0,0.0,1.0,0.0,1.0,0
0.0,-0.696307819515459,0.6130569789938457,0.0,1.0,1.0,0.0,0.0,1.0,0.0,1.0,1.0,0.0,0
0.0,-1.0353453327523923,-0.16221208573041054,1.0,0.0,0.0,1.0,0.0,1.0,1.0,0.0,0.0,1.0,0
1.0,-0.4844093737423756,0.5602727022466625,0.0,1.0,0.0,1.0,1.0,0.0,1.0,0.0,1.0,0.0,0
0.0,-1.2472437785254755,0.6328510827740393,0.0,1.0,1.0,0.0,0.0,1.0,1.0,0.0,0.0,1.0,1
1.0,1.5498157056792243,0.867081310839666,1.0,0.0,0.0,0.0,0.0,0.0,0.0,1.0,0.0,1.0,1
1.0,-1.1201047110616256,-1.4818190044099957,0.0,0.0,1.0,0.0,0.0,0.0,0.0,0.0,0.0,0.0,0
1.0,0.9988797466692078,-1.0348021607072864,1.0,0.0,0.0,1.0,0.0,0.0,0.0,1.0,1.0,0.0,0
1.0,-0.6539281303608423,-1.5016131081901896,0.0,0.0,0.0,1.0,0.0,0.0,0.0,0.0,0.0,0.0,0
0.0,0.36318440934995777,0.7994514562573373,0.0,1.0,1.0,0.0,0.0,0.0,1.0,0.0,1.0,0.0,0
1.0,1.2531578815969078,0.8472872070594719,0.0,1.0,1.0,0.0,1.0,0.0,1.0,0.0,0.0,1.0,1
0.0,1.2955375707515244,1.3025515940039292,0.0,1.0,0.0,0.0,1.0,0.0,0.0,1.0,0.0,1.0,0
1.0,0.5327031659684244,0.1445965228625929,1.0,0.0,0.0,1.0,0.0,0.0,1.0,0.0,1.0,0.0,0
0.0,-0.44202968458775893,-1.5032626168385388,0.0,0.0,1.0,0.0,0.0,0.0,0.0,0.0,0.0,0.0,0
1.0,1.5498157056792243,1.0567748053998562,0.0,1.0,0.0,0.0,1.0,0.0,0.0,1.0,0.0,1.0,0
1.0,1.4226766382153744,-1.5428508243989265,0.0,0.0,0.0,0.0,0.0,0.0,0.0,0.0,0.0,0.0,0
0.0,-0.3572703062785256,0.4992408822577314,0.0,1.0,1.0,0.0,0.0,1.0,1.0,0.0,1.0,0.0,0
0.0,-0.3148906171239089,-0.218295379774293,1.0,0.0,1.0,0.0,1.0,0.0,1.0,0.0,0.0,1.0,0
1.0,1.337917259906141,1.2679119123885896,0.0,1.0,0.0,0.0,1.0,0.0,0.0,1.0,0.0,1.0,0
0.0,-1.332003156834709,0.15614308340103955,0.0,1.0,1.0,0.0,1.0,0.0,1.0,0.0,1.0,0.0,1
0.0,1.5074360165246077,0.6674907643893788,0.0,1.0,0.0,0.0,0.0,0.0,1.0,0.0,1.0,0.0,0
0.0,-0.3996499954331423,-0.48221676351021003,1.0,0.0,0.0,1.0,0.0,0.0,1.0,0.0,1.0,0.0,0
0.0,-0.9929656435977756,-0.2100478365325456,1.0,0.0,0.0,1.0,0.0,1.0,1.0,0.0,0.0,1.0,1
0.0,-0.696307819515459,-1.3531573298387363,1.0,0.0,1.0,0.0,1.0,0.0,1.0,0.0,1.0,0.0,0
0.0,0.23604534188610776,0.4992408822577314,0.0,1.0,1.0,0.0,0.0,0.0,0.0,1.0,1.0,0.0,0
0.0,-1.2048640893708589,0.2501650763569598,0.0,1.0,1.0,0.0,0.0,0.0,1.0,0.0,1.0,0.0,1
0.0,-0.9082062652885423,0.28975328391734745,0.0,1.0,1.0,0.0,0.0,1.0,1.0,0.0,1.0,0.0,1
1.0,1.5498157056792243,0.8736793454330639,1.0,0.0,0.0,0.0,1.0,0.0,0.0,1.0,0.0,1.0,0
0.0,0.829360990050741,1.0765689091800499,0.0,1.0,1.0,0.0,0.0,1.0,0.0,1.0,0.0,1.0,1
0.0,-0.950585954443159,-0.2067488192358466,1.0,0.0,1.0,0.0,0.0,1.0,1.0,0.0,0.0,1.0,0
0.0,-1.4167625351439423,-0.732942078059331,1.0,0.0,1.0,0.0,0.0,1.0,1.0,0.0,1.0,0.0,0
1.0,0.9565000575145911,1.0732698918833512,0.0,1.0,1.0,0.0,0.0,1.0,1.0,0.0,0.0,1.0,1
1.0,-0.6115484412062256,0.6559442038509321,0.0,1.0,1.0,0.0,0.0,1.0,1.0,0.0,0.0,1.0,0
1.0,0.10890627442225775,0.09346175476375906,1.0,0.0,0.0,1.0,0.0,0.0,1.0,0.0,1.0,0.0,0
1.0,1.5498157056792243,0.27160868878550326,1.0,0.0,0.0,0.0,1.0,0.0,0.0,1.0,0.0,1.0,0
1.0,-1.4167625351439423,-1.3778999595639785,1.0,0.0,1.0,0.0,0.0,0.0,1.0,0.0,1.0,0.0,1
1.0,0.5750828551230411,0.5998609098070496,1.0,0.0,0.0,1.0,0.0,1.0,0.0,1.0,0.0,1.0,1
1.0,1.4226766382153744,-1.5313042638604801,0.0,0.0,0.0,0.0,1.0,0.0,0.0,0.0,0.0,0.0,0
1.0,-0.9929656435977756,-0.3255134419170093,1.0,0.0,1.0,0.0,0.0,0.0,1.0,0.0,0.0,1.0,0
0.0,0.36318440934995777,0.6147064876421952,0.0,1.0,1.0,0.0,1.0,0.0,1.0,0.0,1.0,0.0,1
1.0,-0.4844093737423756,-1.5329537725088296,0.0,0.0,0.0,0.0,0.0,0.0,0.0,0.0,0.0,0.0,0
1.0,-0.3996499954331423,0.5223340033346242,1.0,0.0,0.0,1.0,0.0,0.0,1.0,0.0,0.0,1.0,0
1.0,-0.18775154966005891,0.9116180443451017,0.0,1.0,1.0,0.0,0.0,1.0,1.0,0.0,0.0,1.0,1
0.0,1.1260188141330578,-1.3778999595639785,0.0,0.0,0.0,0.0,0.0,0.0,0.0,0.0,0.0,0.0,0
0.0,-0.18775154966005891,1.0039905286526727,0.0,1.0,1.0,0.0,1.0,0.0,1.0,0.0,0.0,1.0,0
1.0,-1.1624844002162422,-1.5181081946736843,0.0,0.0,1.0,0.0,1.0,0.0,0.0,0.0,0.0,0.0,1
0.0,1.1683985032876745,1.2943040507621817,0.0,1.0,1.0,0.0,0.0,1.0,1.0,0.0,0.0,1.0,0
1.0,1.5498157056792243,1.5417303480146038,0.0,1.0,1.0,0.0,0.0,0.0,0.0,1.0,0.0,1.0,0
1.0,0.7869813008961244,-1.1799589217620405,1.0,0.0,1.0,0.0,0.0,1.0,1.0,0.0,1.0,0.0,0
1.0,0.4903234768138078,-1.3449097865969888,0.0,0.0,1.0,0.0,0.0,1.0,0.0,0.0,0.0,0.0,0
0.0,1.2531578815969078,1.282757490223735,0.0,1.0,0.0,1.0,1.0,0.0,1.0,0.0,0.0,1.0,0
0.0,-0.4844093737423756,-1.5313042638604801,0.0,0.0,0.0,0.0,0.0,0.0,0.0,0.0,0.0,0.0,0
1.0,1.5498157056792243,0.6015104184553995,1.0,0.0,0.0,0.0,0.0,0.0,0.0,1.0,0.0,1.0,0
0.0,0.7446016117415077,0.9330616567736452,0.0,1.0,0.0,1.0,0.0,0.0,1.0,0.0,1.0,0.0,0
1.0,1.5498157056792243,0.9264636221802471,0.0,1.0,0.0,0.0,1.0,0.0,0.0,1.0,1.0,0.0,0
1.0,0.2784250310407244,-1.5148091773769854,0.0,0.0,0.0,1.0,0.0,0.0,0.0,0.0,0.0,0.0,0
1.0,1.4226766382153744,1.0881154697184965,0.0,1.0,0.0,0.0,1.0,0.0,0.0,1.0,0.0,1.0,0
0.0,-1.4167625351439423,0.13140045367579734,0.0,1.0,1.0,0.0,0.0,1.0,1.0,0.0,1.0,0.0,0
1.0,0.36318440934995777,-0.39974133109273596,1.0,0.0,0.0,0.0,0.0,0.0,0.0,1.0,1.0,0.0,0
0.0,1.337917259906141,-0.37169968407079473,1.0,0.0,1.0,0.0,0.0,1.0,1.0,0.0,1.0,0.0,0
1.0,1.2955375707515244,1.3124486458940259,0.0,1.0,0.0,1.0,0.0,0.0,1.0,0.0,0.0,1.0,1
1.0,0.6174625442776578,1.261313877795192,0.0,1.0,0.0,1.0,0.0,0.0,0.0,1.0,0.0,1.0,0
1.0,0.4479437876591911,-1.524706229267082,0.0,0.0,0.0,0.0,0.0,0.0,0.0,0.0,0.0,0.0,0
0.0,-1.2472437785254755,0.42171397578530595,0.0,1.0,1.0,0.0,0.0,1.0,0.0,1.0,1.0,0.0,0
1.0,1.5498157056792243,0.5652212281917106,1.0,0.0,0.0,0.0,1.0,0.0,0.0,1.0,0.0,1.0,0
1.0,-0.8234468869793089,1.1392502378173304,0.0,1.0,1.0,0.0,1.0,0.0,0.0,1.0,0.0,1.0,0
0.0,-1.332003156834709,-0.3387095111038051,1.0,0.0,1.0,0.0,0.0,1.0,1.0,0.0,1.0,0.0,0
1.0,-0.950585954443159,-0.70490043103739,1.0,0.0,1.0,0.0,1.0,0.0,1.0,0.0,1.0,0.0,0
1.0,1.5498157056792243,-0.9127385207294246,1.0,0.0,0.0,0.0,0.0,0.0,0.0,1.0,1.0,0.0,0
1.0,0.7869813008961244,0.2765572147305514,1.0,0.0,0.0,0.0,1.0,0.0,0.0,1.0,0.0,1.0,0
0.0,-0.6115484412062256,-1.0249051088171892,1.0,0.0,0.0,0.0,0.0,0.0,0.0,1.0,1.0,0.0,0
1.0,-0.3996499954331423,1.0534757881031571,0.0,1.0,1.0,0.0,1.0,0.0,1.0,0.0,0.0,1.0,0
0.0,-1.1201047110616256,0.6312015741256899,0.0,1.0,1.0,0.0,0.0,0.0,1.0,0.0,1.0,0.0,0
1.0,1.0412594358238245,0.8175960513891815,0.0,1.0,0.0,1.0,0.0,1.0,1.0,0.0,0.0,1.0,1
0.0,-0.06061248219620892,-1.5115101600802863,0.0,0.0,1.0,0.0,0.0,0.0,0.0,0.0,0.0,0.0,0
1.0,-0.7810671978246922,0.7928534216639392,0.0,1.0,1.0,0.0,0.0,0.0,0.0,1.0,1.0,0.0,1
1.0,-0.3572703062785256,-1.5263557379154318,0.0,0.0,0.0,0.0,0.0,0.0,0.0,0.0,0.0,0.0,0
0.0,0.4055640985045744,1.1062600648503407,0.0,1.0,0.0,0.0,1.0,0.0,1.0,0.0,0.0,1.0,0
0.0,-1.3743828459893257,0.8522357330045205,0.0,1.0,1.0,0.0,0.0,1.0,1.0,0.0,0.0,1.0,0
1.0,0.4903234768138078,1.559874943146448,0.0,1.0,0.0,1.0,1.0,0.0,0.0,1.0,0.0,1.0,0
1.0,1.4226766382153744,1.0980125216085934,0.0,1.0,1.0,0.0,0.0,0.0,1.0,0.0,0.0,1.0,1
1.0,-1.1201047110616256,-1.5115101600802863,0.0,0.0,0.0,0.0,0.0,0.0,0.0,0.0,0.0,0.0,0
1.0,-1.2048640893708589,0.2864542666206482,0.0,1.0,1.0,0.0,0.0,1.0,1.0,0.0,1.0,0.0,0
1.0,-0.7386875086700756,-0.3881947705542895,1.0,0.0,0.0,1.0,0.0,0.0,1.0,0.0,1.0,0.0,0
0.0,0.5750828551230411,-0.211697345180895,1.0,0.0,1.0,0.0,0.0,0.0,0.0,1.0,1.0,0.0,1
1.0,0.19366565273149108,-1.3647038903771826,0.0,0.0,0.0,0.0,0.0,0.0,0.0,0.0,0.0,0.0,0
0.0,-0.9929656435977756,-1.4884170390033937,0.0,0.0,1.0,0.0,0.0,0.0,0.0,0.0,0.0,0.0,0
1.0,1.5498157056792243,0.8868754146198595,0.0,1.0,0.0,0.0,1.0,0.0,0.0,1.0,1.0,0.0,0
1.0,1.465056327369991,1.429563759926839,0.0,1.0,0.0,1.0,0.0,1.0,1.0,0.0,0.0,1.0,1
1.0,0.2784250310407244,-1.4999635995418399,0.0,0.0,0.0,0.0,0.0,0.0,0.0,0.0,0.0,0.0,0
1.0,-0.8658265761339256,-1.5626449281791204,0.0,0.0,0.0,1.0,0.0,0.0,0.0,0.0,0.0,0.0,0
1.0,-0.9929656435977756,0.6229540308839425,0.0,1.0,1.0,0.0,0.0,0.0,1.0,0.0,1.0,0.0,0
0.0,-0.3996499954331423,-0.6834568186088466,1.0,0.0,1.0,0.0,0.0,1.0,1.0,0.0,1.0,0.0,0
1.0,1.5498157056792243,0.12150340178570007,1.0,0.0,0.0,0.0,1.0,0.0,0.0,1.0,1.0,0.0,0
0.0,-0.6539281303608423,-1.5362527898055285,0.0,0.0,1.0,0.0,0.0,0.0,0.0,0.0,0.0,0.0,0
1.0,0.5327031659684244,1.505441157750915,0.0,1.0,0.0,0.0,0.0,0.0,0.0,1.0,0.0,1.0,0
0.0,-0.8658265761339256,0.09346175476375906,0.0,1.0,1.0,0.0,1.0,0.0,1.0,0.0,1.0,0.0,1
0.0,-0.5267890628969922,-0.39644231379603695,1.0,0.0,1.0,0.0,0.0,1.0,1.0,0.0,1.0,0.0,0
0.0,1.5498157056792243,-1.3432602779486391,0.0,0.0,0.0,0.0,0.0,0.0,0.0,0.0,0.0,0.0,0
0.0,0.06652658526764109,-1.5296547552121307,0.0,0.0,0.0,0.0,0.0,0.0,0.0,0.0,0.0,0.0,0
0.0,-0.4844093737423756,-1.513159668728636,0.0,0.0,1.0,0.0,0.0,0.0,0.0,0.0,0.0,0.0,0
0.0,0.36318440934995777,1.4955441058608183,0.0,1.0,1.0,0.0,0.0,1.0,0.0,1.0,0.0,1.0,0
0.0,0.06652658526764109,-1.239341233102622,1.0,0.0,1.0,0.0,0.0,0.0,1.0,0.0,1.0,0.0,1
1.0,-1.2896234676800922,-1.5412013157505768,0.0,0.0,1.0,0.0,0.0,0.0,0.0,0.0,0.0,0.0,0
0.0,1.2955375707515244,-1.3482088038936877,0.0,0.0,0.0,0.0,0.0,0.0,0.0,0.0,0.0,0.0,0
0.0,-0.01823279304159225,1.0914144870151954,0.0,1.0,0.0,1.0,0.0,1.0,1.0,0.0,0.0,1.0,0
1.0,1.1260188141330578,0.4547041487522956,1.0,0.0,0.0,0.0,0.0,0.0,0.0,1.0,0.0,1.0,0
0.0,-1.2048640893708589,0.12150340178570007,0.0,1.0,1.0,0.0,1.0,0.0,1.0,0.0,1.0,0.0,0
0.0,-0.27251092796929227,-0.24468751814788461,1.0,0.0,0.0,1.0,0.0,1.0,0.0,1.0,1.0,0.0,0
1.0,-0.3996499954331423,-0.20180029329079818,1.0,0.0,1.0,0.0,0.0,1.0,1.0,0.0,1.0,0.0,1
1.0,-0.14537186050544226,0.42006446713695655,0.0,1.0,1.0,0.0,0.0,1.0,1.0,0.0,1.0,0.0,1
0.0,-1.2048640893708589,0.11160634989560327,0.0,1.0,1.0,0.0,0.0,1.0,1.0,0.0,1.0,0.0,0
0.0,-1.2472437785254755,-1.534603281157179,0.0,0.0,1.0,0.0,0.0,0.0,0.0,0.0,0.0,0.0,0
0.0,0.9565000575145911,-1.3795494682123277,0.0,0.0,0.0,0.0,0.0,0.0,0.0,0.0,0.0,0.0,0
1.0,0.7869813008961244,1.4312132685751884,0.0,1.0,1.0,0.0,0.0,1.0,0.0,1.0,0.0,1.0,0
0.0,-0.6539281303608423,-0.15066552519196413,1.0,0.0,1.0,0.0,0.0,0.0,1.0,0.0,1.0,0.0,1
1.0,1.5498157056792243,0.9396596913670432,0.0,1.0,1.0,0.0,0.0,1.0,1.0,0.0,0.0,1.0,0
0.0,-0.3148906171239089,1.1227551513338356,0.0,1.0,0.0,1.0,0.0,1.0,1.0,0.0,0.0,1.0,0
1.0,-0.3148906171239089,-0.5003613586420542,1.0,0.0,0.0,1.0,0.0,1.0,1.0,0.0,1.0,0.0,0
0.0,1.5074360165246077,0.42501299308200474,0.0,1.0,0.0,1.0,0.0,0.0,1.0,0.0,1.0,0.0,0
1.0,1.5498157056792243,0.5272825292796729,1.0,0.0,0.0,0.0,1.0,0.0,1.0,0.0,0.0,1.0,0
1.0,-0.3148906171239089,-0.058293040884393035,1.0,0.0,1.0,0.0,0.0,1.0,1.0,0.0,1.0,0.0,0
1.0,0.6598422334322744,1.4477083550586831,0.0,1.0,0.0,1.0,0.0,0.0,0.0,1.0,0.0,1.0,0
0.0,-0.6539281303608423,0.4794467784775378,0.0,1.0,1.0,0.0,1.0,0.0,1.0,0.0,0.0,1.0,0
0.0,0.2784250310407244,1.1260541686305343,0.0,1.0,1.0,0.0,0.0,1.0,1.0,0.0,0.0,1.0,0
1.0,-1.0353453327523923,0.5520251590049151,0.0,1.0,1.0,0.0,0.0,1.0,1.0,0.0,0.0,1.0,0
0.0,0.5750828551230411,0.2782067233789008,0.0,1.0,1.0,0.0,1.0,0.0,1.0,0.0,1.0,0.0,0
1.0,-1.077725021907009,-0.5481971094441893,1.0,0.0,0.0,1.0,0.0,0.0,1.0,0.0,1.0,0.0,0
1.0,1.2531578815969078,0.3293414914777351,1.0,0.0,0.0,0.0,1.0,0.0,0.0,1.0,1.0,0.0,0
0.0,-1.2472437785254755,-0.7065499396857394,1.0,0.0,1.0,0.0,0.0,1.0,1.0,0.0,1.0,0.0,1
0.0,-1.3743828459893257,-1.5527478762890232,0.0,0.0,1.0,0.0,0.0,0.0,0.0,0.0,0.0,0.0,0
1.0,1.5498157056792243,0.5949123838620015,1.0,0.0,0.0,0.0,1.0,0.0,0.0,1.0,0.0,1.0,0
1.0,-0.8234468869793089,-0.38324624460924117,1.0,0.0,1.0,0.0,1.0,0.0,0.0,1.0,1.0,0.0,0
0.0,-1.2472437785254755,-0.5317020229606945,1.0,0.0,1.0,0.0,0.0,0.0,1.0,0.0,1.0,0.0,0
0.0,0.5327031659684244,1.3833775177730534,0.0,1.0,0.0,0.0,1.0,0.0,1.0,0.0,0.0,1.0,0
0.0,-0.9929656435977756,-0.39149378785098854,1.0,0.0,1.0,0.0,0.0,1.0,1.0,0.0,1.0,0.0,0
1.0,-0.14537186050544226,0.6312015741256899,0.0,1.0,1.0,0.0,0.0,1.0,1.0,0.0,1.0,0.0,1
1.0,-0.10299217135082558,0.2831552493239494,1.0,0.0,0.0,1.0,0.0,0.0,0.0,1.0,0.0,1.0,0
1.0,0.19366565273149108,-0.886346382355833,1.0,0.0,1.0,0.0,0.0,1.0,1.0,0.0,0.0,1.0,1
1.0,1.337917259906141,0.6592432211476313,1.0,0.0,0.0,0.0,1.0,0.0,1.0,0.0,0.0,1.0,0
1.0,1.2531578815969078,1.3685319399379083,0.0,1.0,0.0,0.0,1.0,0.0,1.0,0.0,0.0,1.0,0
0.0,0.19366565273149108,1.3124486458940259,0.0,1.0,0.0,1.0,0.0,0.0,1.0,0.0,0.0,1.0,0
0.0,1.2955375707515244,-0.01540581602730661,1.0,0.0,0.0,0.0,1.0,0.0,0.0,1.0,1.0,0.0,0
1.0,-1.3743828459893257,0.9479072346087907,0.0,1.0,1.0,0.0,0.0,1.0,1.0,0.0,0.0,1.0,0
1.0,1.5074360165246077,1.645649392860621,0.0,1.0,0.0,0.0,1.0,0.0,0.0,1.0,0.0,1.0,0
1.0,1.465056327369991,-0.2199448884226424,1.0,0.0,0.0,0.0,1.0,0.0,0.0,1.0,0.0,1.0,0
1.0,-0.06061248219620892,0.30954738769754103,0.0,1.0,1.0,0.0,0.0,1.0,1.0,0.0,1.0,0.0,0
0.0,-1.2048640893708589,-1.3564563471354352,0.0,0.0,1.0,0.0,1.0,0.0,0.0,0.0,0.0,0.0,0
0.0,-0.8234468869793089,0.17263816988453437,1.0,0.0,1.0,0.0,1.0,0.0,1.0,0.0,1.0,0.0,0
1.0,-1.1201047110616256,1.2184266529381051,0.0,1.0,1.0,0.0,0.0,1.0,1.0,0.0,0.0,1.0,0
1.0,0.9988797466692078,-0.7213955175208848,1.0,0.0,1.0,0.0,0.0,1.0,1.0,0.0,0.0,1.0,0
1.0,0.7022219225868911,0.9742993729823822,0.0,1.0,0.0,1.0,0.0,0.0,1.0,0.0,0.0,1.0,0
1.0,1.465056327369991,0.2237729379833682,1.0,0.0,0.0,0.0,1.0,0.0,1.0,0.0,0.0,1.0,0
1.0,1.1260188141330578,1.4724509847839253,0.0,1.0,0.0,1.0,0.0,1.0,1.0,0.0,0.0,1.0,0
0.0,-0.27251092796929227,0.26501065419210523,0.0,1.0,1.0,0.0,0.0,1.0,1.0,0.0,1.0,0.0,0
1.0,1.4226766382153744,0.6180055049388944,0.0,1.0,1.0,0.0,0.0,0.0,0.0,1.0,1.0,0.0,0
0.0,-0.5267890628969922,0.4349100449721015,0.0,1.0,1.0,0.0,0.0,0.0,1.0,0.0,1.0,0.0,0
0.0,-0.2301312388146756,0.09676077206045784,1.0,0.0,0.0,0.0,0.0,0.0,1.0,0.0,0.0,1.0,0
1.0,-1.332003156834709,-1.3531573298387363,1.0,0.0,1.0,0.0,0.0,1.0,1.0,0.0,1.0,0.0,0
0.0,-1.2896234676800922,0.30954738769754103,0.0,1.0,1.0,0.0,0.0,1.0,1.0,0.0,1.0,0.0,1
0.0,1.0836391249784412,1.2481178086083962,0.0,1.0,0.0,1.0,0.0,1.0,0.0,1.0,0.0,1.0,0
1.0,1.5074360165246077,-1.3680029076738813,0.0,0.0,0.0,0.0,1.0,0.0,0.0,0.0,0.0,0.0,0
0.0,0.9565000575145911,0.12975094502744747,1.0,0.0,0.0,0.0,1.0,0.0,1.0,0.0,0.0,1.0,0
0.0,-0.4844093737423756,-0.5481971094441893,1.0,0.0,1.0,0.0,1.0,0.0,0.0,1.0,1.0,0.0,1
0.0,0.7022219225868911,1.2811079815753856,0.0,1.0,0.0,1.0,1.0,0.0,1.0,0.0,0.0,1.0,1
0.0,-0.44202968458775893,0.9808974075757803,0.0,1.0,1.0,0.0,0.0,1.0,1.0,0.0,0.0,1.0,1
1.0,0.4903234768138078,-1.37295143361893,0.0,0.0,0.0,0.0,0.0,0.0,0.0,0.0,0.0,0.0,0
1.0,-0.44202968458775893,-1.5197577033220337,0.0,0.0,0.0,0.0,0.0,0.0,0.0,0.0,0.0,0.0,0
0.0,0.4479437876591911,1.261313877795192,0.0,1.0,0.0,0.0,1.0,0.0,1.0,0.0,0.0,1.0,0
1.0,-0.01823279304159225,-0.13252093006011992,1.0,0.0,0.0,1.0,1.0,0.0,0.0,1.0,0.0,1.0,0
0.0,0.6174625442776578,-0.8731503131690369,1.0,0.0,0.0,0.0,0.0,0.0,1.0,0.0,1.0,0.0,0
1.0,-0.06061248219620892,0.3639811730930741,1.0,0.0,0.0,1.0,1.0,0.0,1.0,0.0,0.0,1.0,0
0.0,-0.7810671978246922,-0.35190558029060093,1.0,0.0,1.0,0.0,0.0,0.0,0.0,1.0,1.0,0.0,0
0.0,-1.2048640893708589,-1.5412013157505768,0.0,0.0,0.0,1.0,0.0,0.0,0.0,0.0,0.0,0.0,0
1.0,0.5327031659684244,-0.18365569815895377,1.0,0.0,0.0,1.0,1.0,0.0,0.0,1.0,1.0,0.0,0
1.0,1.5498157056792243,1.436161794520237,0.0,1.0,0.0,0.0,0.0,0.0,0.0,1.0,0.0,1.0,0
0.0,-0.06061248219620892,1.2926545421138318,0.0,1.0,1.0,0.0,0.0,1.0,1.0,0.0,0.0,1.0,0
0.0,1.465056327369991,-0.040148445752548834,1.0,0.0,0.0,1.0,1.0,0.0,0.0,1.0,1.0,0.0,0
0.0,0.1512859635768744,-0.5086089018838016,1.0,0.0,1.0,0.0,0.0,1.0,1.0,0.0,0.0,1.0,1
0.0,1.0412594358238245,1.3107991372456764,0.0,1.0,1.0,0.0,0.0,1.0,1.0,0.0,0.0,1.0,1
0.0,-1.1201047110616256,1.1326522032239323,0.0,1.0,1.0,0.0,0.0,1.0,1.0,0.0,0.0,1.0,1
0.0,-0.8658265761339256,0.9742993729823822,0.0,1.0,1.0,0.0,0.0,1.0,1.0,0.0,1.0,0.0,0
1.0,1.465056327369991,-1.3680029076738813,0.0,0.0,0.0,0.0,1.0,0.0,0.0,0.0,0.0,0.0,0
1.0,0.9565000575145911,0.5982114011587003,1.0,0.0,0.0,0.0,0.0,1.0,0.0,1.0,0.0,1.0,0
0.0,-1.1624844002162422,0.6196550135872437,0.0,1.0,1.0,0.0,0.0,1.0,0.0,1.0,0.0,1.0,1
0.0,1.1683985032876745,0.5553241763016139,1.0,0.0,0.0,1.0,1.0,0.0,0.0,1.0,0.0,1.0,0
0.0,-0.9929656435977756,-0.6966528877956426,1.0,0.0,1.0,0.0,0.0,1.0,1.0,0.0,1.0,0.0,0
1.0,1.2107781924422911,1.1969830405095623,0.0,1.0,0.0,1.0,0.0,0.0,1.0,0.0,0.0,1.0,0
0.0,-0.950585954443159,0.29140279256569684,0.0,1.0,1.0,0.0,0.0,0.0,1.0,0.0,1.0,0.0,1
0.0,1.465056327369991,0.44315758821384893,1.0,0.0,0.0,0.0,1.0,0.0,0.0,1.0,0.0,1.0,0
0.0,-0.01823279304159225,0.2254224466317176,1.0,0.0,0.0,1.0,0.0,1.0,1.0,0.0,0.0,1.0,0
1.0,0.7446016117415077,0.8241940859825795,0.0,1.0,0.0,1.0,0.0,1.0,1.0,0.0,1.0,0.0,0
0.0,-1.3743828459893257,0.27325819743385266,0.0,1.0,1.0,0.0,0.0,0.0,1.0,0.0,1.0,0.0,0
1.0,-0.5691687520516089,-0.8616037526305907,1.0,0.0,1.0,0.0,0.0,0.0,0.0,1.0,1.0,0.0,1
0.0,-1.1624844002162422,-1.3498583125420371,1.0,0.0,1.0,0.0,0.0,0.0,1.0,0.0,1.0,0.0,0
1.0,0.4903234768138078,1.0749194005317004,0.0,1.0,1.0,0.0,0.0,1.0,0.0,1.0,0.0,1.0,1
1.0,1.5498157056792243,1.277808964278687,0.0,1.0,0.0,0.0,0.0,0.0,0.0,1.0,1.0,0.0,0
1.0,0.23604534188610776,-1.0150080569270925,1.0,0.0,0.0,1.0,0.0,0.0,0.0,1.0,1.0,0.0,0
0.0,1.2107781924422911,1.4625539328938286,0.0,1.0,0.0,0.0,0.0,0.0,1.0,0.0,0.0,1.0,0
1.0,1.0836391249784412,1.261313877795192,0.0,1.0,0.0,1.0,0.0,0.0,1.0,0.0,0.0,1.0,1
0.0,-1.3743828459893257,0.42666250173035414,0.0,1.0,1.0,0.0,0.0,1.0,0.0,1.0,1.0,0.0,1
1.0,1.1683985032876745,-1.5230567206187327,0.0,0.0,0.0,0.0,0.0,0.0,0.0,0.0,0.0,0.0,0
0.0,-0.8658265761339256,1.1211056426854862,0.0,1.0,1.0,0.0,0.0,1.0,1.0,0.0,0.0,1.0,0
1.0,-0.8658265761339256,-1.5214072119703834,0.0,0.0,1.0,0.0,0.0,0.0,0.0,0.0,0.0,0.0,0
0.0,-1.4167625351439423,0.6625422384443301,0.0,1.0,1.0,0.0,0.0,1.0,0.0,1.0,1.0,0.0,1
1.0,0.7446016117415077,1.4625539328938286,0.0,1.0,0.0,1.0,0.0,1.0,0.0,1.0,0.0,1.0,0
0.0,0.23604534188610776,-1.5230567206187327,0.0,0.0,0.0,0.0,0.0,0.0,0.0,0.0,0.0,0.0,0
0.0,-1.3743828459893257,-0.7114984656307878,1.0,0.0,1.0,0.0,0.0,1.0,1.0,0.0,1.0,0.0,0
1.0,-0.696307819515459,0.94955674325714,0.0,1.0,1.0,0.0,0.0,1.0,1.0,0.0,0.0,1.0,0
1.0,1.5498157056792243,0.8505862243561711,1.0,0.0,0.0,0.0,0.0,0.0,0.0,1.0,0.0,1.0,0
1.0,0.7022219225868911,0.5916133665653023,0.0,1.0,1.0,0.0,0.0,1.0,0.0,1.0,0.0,1.0,1
1.0,1.5074360165246077,0.6460471519608353,1.0,0.0,0.0,0.0,0.0,0.0,0.0,1.0,0.0,1.0,0
1.0,0.10890627442225775,1.2811079815753856,0.0,1.0,1.0,0.0,0.0,1.0,1.0,0.0,0.0,1.0,1
1.0,0.10890627442225775,-1.524706229267082,0.0,0.0,0.0,0.0,0.0,0.0,0.0,0.0,0.0,0.0,0
1.0,0.9565000575145911,-1.5379022984538782,0.0,0.0,0.0,1.0,0.0,1.0,0.0,0.0,0.0,0.0,0
1.0,0.32080472019534106,0.002738779104537592,1.0,0.0,1.0,0.0,1.0,0.0,0.0,1.0,1.0,0.0,0
0.0,-0.3148906171239089,-0.3881947705542895,1.0,0.0,0.0,1.0,0.0,0.0,1.0,0.0,1.0,0.0,0
0.0,-1.2048640893708589,-1.5214072119703834,0.0,0.0,1.0,0.0,0.0,0.0,0.0,0.0,0.0,0.0,1
0.0,-1.4167625351439423,-0.6900548532022446,1.0,0.0,1.0,0.0,0.0,0.0,1.0,0.0,1.0,0.0,0
0.0,0.6598422334322744,0.7054294633014165,0.0,1.0,0.0,1.0,0.0,0.0,1.0,0.0,0.0,1.0,0
1.0,0.7446016117415077,1.388326043718102,0.0,1.0,1.0,0.0,1.0,0.0,1.0,0.0,0.0,1.0,0
1.0,1.2955375707515244,0.650995677905884,1.0,0.0,0.0,0.0,1.0,0.0,0.0,1.0,0.0,1.0,0
1.0,0.9141203683599745,-1.5362527898055285,0.0,0.0,0.0,0.0,1.0,0.0,0.0,0.0,0.0,0.0,0
1.0,0.06652658526764109,0.9281131308285966,0.0,1.0,0.0,0.0,0.0,0.0,1.0,0.0,0.0,1.0,0
1.0,1.5498157056792243,1.6687425139375138,0.0,1.0,0.0,0.0,0.0,0.0,0.0,1.0,0.0,1.0,0
0.0,0.9988797466692078,0.08356470287366227,1.0,0.0,0.0,1.0,1.0,0.0,0.0,1.0,1.0,0.0,0
1.0,0.2784250310407244,0.1066578239505551,1.0,0.0,1.0,0.0,1.0,0.0,0.0,1.0,0.0,1.0,0
0.0,-0.8658265761339256,-1.534603281157179,0.0,0.0,0.0,1.0,0.0,0.0,0.0,0.0,0.0,0.0,0
0.0,-1.2896234676800922,-0.8797483477624349,1.0,0.0,1.0,0.0,0.0,1.0,1.0,0.0,1.0,0.0,1
0.0,-1.0353453327523923,-0.4970623413453552,1.0,0.0,1.0,0.0,0.0,1.0,1.0,0.0,1.0,0.0,0
1.0,1.465056327369991,1.6027621680035347,0.0,1.0,0.0,0.0,0.0,0.0,0.0,1.0,0.0,1.0,0
0.0,-1.2048640893708589,-0.6735597667187497,1.0,0.0,1.0,0.0,0.0,0.0,1.0,0.0,1.0,0.0,0
1.0,-0.6539281303608423,0.5355300725214203,0.0,1.0,1.0,0.0,0.0,1.0,0.0,1.0,1.0,0.0,1
1.0,0.7022219225868911,1.1573948329491746,0.0,1.0,0.0,1.0,1.0,0.0,1.0,0.0,0.0,1.0,0
1.0,0.23604534188610776,0.07696666828026426,1.0,0.0,0.0,1.0,1.0,0.0,1.0,0.0,0.0,1.0,0
0.0,-0.7810671978246922,-1.524706229267082,0.0,0.0,0.0,1.0,0.0,0.0,0.0,0.0,0.0,0.0,0
0.0,-0.7810671978246922,0.5437776157631676,0.0,1.0,1.0,0.0,0.0,0.0,1.0,0.0,1.0,0.0,0
1.0,0.4479437876591911,-1.5428508243989265,0.0,0.0,0.0,0.0,0.0,0.0,0.0,0.0,0.0,0.0,0
0.0,0.8717406792053578,1.1507967983557765,0.0,1.0,1.0,0.0,0.0,1.0,1.0,0.0,0.0,1.0,0
1.0,0.829360990050741,-0.478917746213511,1.0,0.0,1.0,0.0,1.0,0.0,1.0,0.0,1.0,0.0,0
0.0,-0.01823279304159225,-1.4983140908934904,0.0,0.0,0.0,1.0,0.0,0.0,0.0,0.0,0.0,0.0,0
1.0,1.2955375707515244,0.7532652141035516,0.0,1.0,0.0,1.0,0.0,1.0,0.0,1.0,1.0,0.0,0
1.0,1.5498157056792243,1.515338209641012,0.0,1.0,0.0,0.0,0.0,0.0,0.0,1.0,0.0,1.0,0
1.0,-0.14537186050544226,0.28810377526899805,0.0,1.0,1.0,0.0,0.0,1.0,1.0,0.0,1.0,0.0,1
0.0,-0.14537186050544226,-1.5115101600802863,0.0,0.0,0.0,1.0,0.0,0.0,0.0,0.0,0.0,0.0,0
0.0,-1.332003156834709,-0.5531456353892377,1.0,0.0,1.0,0.0,0.0,1.0,0.0,1.0,1.0,0.0,1
1.0,-0.9082062652885423,-0.2215943970709918,1.0,0.0,1.0,0.0,1.0,0.0,0.0,1.0,1.0,0.0,0
1.0,-0.6115484412062256,0.48604481307093583,1.0,0.0,0.0,1.0,0.0,0.0,0.0,1.0,0.0,1.0,0
1.0,0.9565000575145911,0.7813068611254926,0.0,1.0,0.0,1.0,1.0,0.0,0.0,1.0,1.0,0.0,0
0.0,1.3802969490607577,0.3491355952579287,1.0,0.0,0.0,1.0,0.0,0.0,0.0,1.0,1.0,0.0,0
1.0,-1.2472437785254755,-1.5395518071022276,0.0,0.0,1.0,0.0,1.0,0.0,0.0,0.0,0.0,0.0,1
1.0,1.5074360165246077,1.6159582371903305,0.0,1.0,0.0,0.0,0.0,0.0,0.0,1.0,0.0,1.0,0
1.0,-0.9082062652885423,0.10005978935715709,1.0,0.0,1.0,0.0,0.0,0.0,0.0,1.0,1.0,0.0,0
1.0,1.5498157056792243,-0.5597436699826355,1.0,0.0,0.0,0.0,0.0,1.0,0.0,1.0,1.0,0.0,0
0.0,1.5074360165246077,1.6538969361023683,0.0,1.0,0.0,1.0,1.0,0.0,0.0,1.0,0.0,1.0,0
1.0,-0.44202968458775893,-0.3651016494773967,1.0,0.0,0.0,1.0,0.0,0.0,1.0,0.0,1.0,0.0,0
0.0,-1.3743828459893257,0.9462577259604408,0.0,1.0,1.0,0.0,0.0,1.0,1.0,0.0,0.0,1.0,0
1.0,-0.7386875086700756,0.40851790659850995,0.0,1.0,1.0,0.0,0.0,1.0,1.0,0.0,1.0,0.0,1
0.0,-1.0353453327523923,-1.3515078211903866,1.0,0.0,1.0,0.0,0.0,1.0,1.0,0.0,1.0,0.0,0
1.0,-0.5691687520516089,-0.4970623413453552,1.0,0.0,1.0,0.0,0.0,1.0,1.0,0.0,1.0,0.0,0
1.0,0.829360990050741,-1.5230567206187327,0.0,0.0,1.0,0.0,0.0,0.0,0.0,0.0,0.0,0.0,0
0.0,-0.18775154966005891,1.2596643691468423,0.0,1.0,1.0,0.0,0.0,1.0,0.0,1.0,0.0,1.0,0
0.0,-0.9929656435977756,0.44975562280724696,0.0,1.0,1.0,0.0,0.0,1.0,0.0,1.0,1.0,0.0,0
0.0,1.4226766382153744,-1.513159668728636,0.0,0.0,0.0,0.0,0.0,0.0,0.0,0.0,0.0,0.0,0
0.0,0.1512859635768744,-0.37334919271914413,1.0,0.0,0.0,1.0,1.0,0.0,1.0,0.0,0.0,1.0,0
0.0,0.06652658526764109,1.0023410200043232,0.0,1.0,1.0,0.0,0.0,1.0,1.0,0.0,0.0,1.0,1
0.0,-0.3148906171239089,-0.3337609851587567,1.0,0.0,1.0,0.0,0.0,1.0,0.0,1.0,1.0,0.0,0
0.0,-0.5267890628969922,-1.0397506866523347,1.0,0.0,1.0,0.0,1.0,0.0,1.0,0.0,1.0,0.0,0
0.0,-1.1624844002162422,-1.4999635995418399,0.0,0.0,1.0,0.0,0.0,0.0,0.0,0.0,0.0,0.0,0
1.0,0.9141203683599745,-0.3453075456972029,1.0,0.0,1.0,0.0,0.0,1.0,0.0,1.0,1.0,0.0,0
1.0,1.5498157056792243,0.5734687714334581,1.0,0.0,0.0,0.0,0.0,0.0,0.0,1.0,0.0,1.0,0
1.0,1.337917259906141,1.4806985280256728,0.0,1.0,0.0,0.0,0.0,1.0,0.0,1.0,0.0,1.0,0
1.0,-0.01823279304159225,1.142549255114029,0.0,1.0,1.0,0.0,0.0,1.0,1.0,0.0,0.0,1.0,0
1.0,-0.10299217135082558,-0.4096383829828328,1.0,0.0,0.0,1.0,0.0,0.0,1.0,0.0,1.0,0.0,0
1.0,0.23604534188610776,-1.0133585482787428,1.0,0.0,0.0,1.0,0.0,0.0,1.0,0.0,1.0,0.0,0
1.0,1.2955375707515244,-0.09458223114808191,1.0,0.0,0.0,0.0,1.0,0.0,1.0,0.0,0.0,1.0,0
1.0,-1.0353453327523923,-0.3667511581257463,1.0,0.0,1.0,0.0,1.0,0.0,1.0,0.0,0.0,1.0,0
0.0,0.23604534188610776,-1.5181081946736843,0.0,0.0,0.0,0.0,0.0,0.0,0.0,0.0,0.0,0.0,0
1.0,1.0412594358238245,-0.2100478365325456,1.0,0.0,0.0,1.0,0.0,0.0,0.0,1.0,0.0,1.0,0
1.0,-0.18775154966005891,0.9116180443451017,0.0,1.0,0.0,1.0,0.0,1.0,1.0,0.0,0.0,1.0,0
1.0,-0.8234468869793089,0.2534640936536586,0.0,1.0,1.0,0.0,1.0,0.0,1.0,0.0,1.0,0.0,1
1.0,-0.8658265761339256,-1.5412013157505768,0.0,0.0,1.0,0.0,0.0,0.0,0.0,0.0,0.0,0.0,0
0.0,-1.077725021907009,-0.12922191276342093,1.0,0.0,1.0,0.0,1.0,0.0,0.0,1.0,0.0,1.0,0
0.0,-1.2048640893708589,0.9198655875868491,0.0,1.0,0.0,1.0,0.0,0.0,1.0,0.0,0.0,1.0,0
1.0,-1.0353453327523923,0.29800082715909487,0.0,1.0,1.0,0.0,0.0,0.0,1.0,0.0,1.0,0.0,0
0.0,-1.1624844002162422,-1.534603281157179,0.0,0.0,1.0,0.0,0.0,1.0,0.0,0.0,0.0,0.0,1
0.0,-1.2472437785254755,-0.2314914489610888,1.0,0.0,1.0,0.0,1.0,0.0,0.0,1.0,1.0,0.0,0
1.0,1.5498157056792243,1.4196667080367422,0.0,1.0,0.0,0.0,1.0,0.0,1.0,0.0,0.0,1.0,0
0.0,-1.1624844002162422,-1.2178976206740786,1.0,0.0,1.0,0.0,0.0,0.0,1.0,0.0,1.0,0.0,0
1.0,-1.3743828459893257,0.11160634989560327,0.0,1.0,1.0,0.0,0.0,1.0,1.0,0.0,1.0,0.0,0
0.0,0.4479437876591911,-0.3898442792026389,1.0,0.0,0.0,0.0,0.0,0.0,1.0,0.0,1.0,0.0,1
0.0,-0.7386875086700756,0.3045988617524929,0.0,1.0,1.0,0.0,0.0,1.0,0.0,1.0,1.0,0.0,0
0.0,-0.950585954443159,-1.5412013157505768,0.0,0.0,0.0,1.0,0.0,0.0,0.0,0.0,0.0,0.0,0
0.0,0.4479437876591911,-1.0710913509709747,1.0,0.0,0.0,1.0,0.0,0.0,1.0,0.0,1.0,0.0,0
1.0,0.4479437876591911,-0.431081995411376,1.0,0.0,1.0,0.0,0.0,1.0,0.0,1.0,1.0,0.0,0
1.0,1.0412594358238245,0.9231646048835485,0.0,1.0,0.0,1.0,1.0,0.0,0.0,1.0,0.0,1.0,0
1.0,0.23604534188610776,1.1095590821470396,0.0,1.0,1.0,0.0,0.0,1.0,1.0,0.0,0.0,1.0,1
1.0,1.4226766382153744,-1.5329537725088296,0.0,0.0,0.0,0.0,1.0,0.0,0.0,0.0,0.0,0.0,0
1.0,-0.4844093737423756,0.6147064876421952,1.0,0.0,0.0,1.0,0.0,0.0,0.0,1.0,0.0,1.0,0
1.0,1.5074360165246077,1.6472989015089703,0.0,1.0,0.0,0.0,1.0,0.0,0.0,1.0,0.0,1.0,0
1.0,1.5498157056792243,1.096363012960244,0.0,1.0,0.0,0.0,0.0,1.0,1.0,0.0,0.0,1.0,0
1.0,-0.5691687520516089,0.9413092000153926,0.0,1.0,1.0,0.0,0.0,0.0,1.0,0.0,0.0,1.0,1
1.0,0.7022219225868911,1.2844069988720845,0.0,1.0,0.0,1.0,1.0,0.0,1.0,0.0,0.0,1.0,0
0.0,1.1260188141330578,-0.7411896213010785,1.0,0.0,0.0,0.0,1.0,0.0,0.0,1.0,1.0,0.0,0
1.0,-0.5267890628969922,-0.20509931058749697,1.0,0.0,1.0,0.0,1.0,0.0,0.0,1.0,1.0,0.0,0
0.0,-0.3572703062785256,-1.5428508243989265,0.0,0.0,1.0,0.0,0.0,1.0,0.0,0.0,0.0,0.0,0
1.0,-0.14537186050544226,0.21882441203831957,1.0,0.0,0.0,1.0,0.0,0.0,0.0,1.0,0.0,1.0,0
0.0,-1.1201047110616256,0.29800082715909487,0.0,1.0,1.0,0.0,0.0,0.0,1.0,0.0,1.0,0.0,0
0.0,-1.2472437785254755,0.7697603005870465,0.0,1.0,1.0,0.0,0.0,1.0,1.0,0.0,0.0,1.0,1
1.0,-0.9082062652885423,-0.5729397391694315,1.0,0.0,1.0,0.0,1.0,0.0,1.0,0.0,1.0,0.0,0
0.0,0.06652658526764109,0.1379984882691949,0.0,1.0,1.0,0.0,0.0,0.0,1.0,0.0,1.0,0.0,0
1.0,1.465056327369991,-1.3894465201024249,0.0,0.0,0.0,0.0,0.0,0.0,0.0,0.0,0.0,0.0,0
1.0,1.1260188141330578,-1.5082111427835874,0.0,0.0,0.0,0.0,1.0,0.0,0.0,0.0,0.0,0.0,0
1.0,0.7446016117415077,0.18748374771967932,1.0,0.0,1.0,0.0,0.0,1.0,0.0,1.0,1.0,0.0,0
0.0,-0.6115484412062256,0.9264636221802471,0.0,1.0,1.0,0.0,0.0,1.0,1.0,0.0,0.0,1.0,1
0.0,1.4226766382153744,0.5058389168511295,1.0,0.0,0.0,0.0,0.0,0.0,0.0,1.0,1.0,0.0,0
1.0,-1.2896234676800922,0.2699591801371534,0.0,1.0,1.0,0.0,0.0,1.0,1.0,0.0,1.0,0.0,1
0.0,-0.6115484412062256,1.2596643691468423,0.0,1.0,1.0,0.0,0.0,1.0,1.0,0.0,0.0,1.0,0
0.0,-1.0353453327523923,-0.8104689845317566,1.0,0.0,0.0,1.0,0.0,1.0,1.0,0.0,0.0,1.0,1
1.0,1.0412594358238245,1.4279142512784897,0.0,1.0,1.0,0.0,1.0,0.0,0.0,1.0,0.0,1.0,0
1.0,0.2784250310407244,1.319046680487424,0.0,1.0,1.0,0.0,1.0,0.0,1.0,0.0,0.0,1.0,1
1.0,1.1683985032876745,1.1953335318612128,0.0,1.0,1.0,0.0,0.0,1.0,1.0,0.0,0.0,1.0,0
0.0,-1.4167625351439423,0.7384196362684062,0.0,1.0,1.0,0.0,0.0,1.0,1.0,0.0,1.0,0.0,1
0.0,1.5498157056792243,1.5582254344980988,0.0,1.0,0.0,0.0,1.0,0.0,0.0,1.0,0.0,1.0,0
0.0,0.6598422334322744,0.6658412557410289,0.0,1.0,0.0,1.0,0.0,0.0,0.0,1.0,0.0,1.0,0
0.0,0.1512859635768744,1.3272942237291714,0.0,1.0,1.0,0.0,0.0,1.0,0.0,1.0,0.0,1.0,0
0.0,-0.8658265761339256,0.5619222108950119,0.0,1.0,1.0,0.0,1.0,0.0,1.0,0.0,0.0,1.0,0
0.0,-1.2048640893708589,0.6147064876421952,0.0,1.0,1.0,0.0,0.0,1.0,1.0,0.0,0.0,1.0,1
1.0,1.337917259906141,0.2584126195987072,1.0,0.0,0.0,0.0,0.0,0.0,0.0,1.0,0.0,1.0,0
1.0,0.1512859635768744,0.5058389168511295,0.0,1.0,1.0,0.0,1.0,0.0,1.0,0.0,1.0,0.0,0
0.0,-1.2896234676800922,-0.40633936568613377,1.0,0.0,1.0,0.0,0.0,0.0,0.0,1.0,1.0,0.0,1
0.0,1.2955375707515244,1.4757500020806247,0.0,1.0,0.0,1.0,0.0,0.0,1.0,0.0,0.0,1.0,1
0.0,-1.4167625351439423,-1.3795494682123277,1.0,0.0,1.0,0.0,0.0,1.0,1.0,0.0,1.0,0.0,1
0.0,-1.4167625351439423,-1.5115101600802863,0.0,0.0,1.0,0.0,0.0,0.0,0.0,0.0,0.0,0.0,0
0.0,1.2107781924422911,0.27985623202725063,1.0,0.0,1.0,0.0,0.0,0.0,1.0,0.0,1.0,0.0,0
1.0,-1.077725021907009,-1.0430497039490336,1.0,0.0,1.0,0.0,1.0,0.0,1.0,0.0,1.0,0.0,0
1.0,1.337917259906141,1.3025515940039292,0.0,1.0,0.0,0.0,1.0,0.0,1.0,0.0,0.0,1.0,0
0.0,-1.332003156834709,0.40521888930181116,0.0,1.0,1.0,0.0,0.0,1.0,1.0,0.0,1.0,0.0,1
1.0,-0.9082062652885423,0.3936723287633645,0.0,1.0,1.0,0.0,0.0,1.0,1.0,0.0,1.0,0.0,0
1.0,-0.5691687520516089,-0.27107965652147625,1.0,0.0,1.0,0.0,0.0,0.0,0.0,1.0,1.0,0.0,0
0.0,-1.332003156834709,-0.39149378785098854,1.0,0.0,1.0,0.0,0.0,1.0,1.0,0.0,1.0,0.0,1
1.0,0.10890627442225775,0.6345005914223891,1.0,0.0,0.0,0.0,1.0,0.0,0.0,1.0,0.0,1.0,0
1.0,1.5074360165246077,0.020883374236381792,1.0,0.0,0.0,1.0,1.0,0.0,0.0,1.0,0.0,1.0,0
1.0,1.2107781924422911,0.9380101827186934,0.0,1.0,0.0,0.0,0.0,0.0,0.0,1.0,0.0,1.0,0
0.0,-0.27251092796929227,-0.8797483477624349,1.0,0.0,0.0,1.0,0.0,0.0,0.0,1.0,1.0,0.0,0
0.0,-1.4167625351439423,-1.5214072119703834,0.0,0.0,1.0,0.0,0.0,0.0,0.0,0.0,0.0,0.0,0
0.0,-0.3148906171239089,-1.1898559736521375,1.0,0.0,1.0,0.0,0.0,0.0,1.0,0.0,1.0,0.0,0
1.0,-0.5267890628969922,-1.0414001953006842,1.0,0.0,0.0,0.0,0.0,0.0,0.0,1.0,1.0,0.0,0
1.0,1.5498157056792243,-1.4900665476517432,0.0,0.0,0.0,0.0,1.0,0.0,0.0,0.0,0.0,0.0,0
0.0,-0.7386875086700756,-0.18365569815895377,1.0,0.0,1.0,0.0,0.0,0.0,0.0,1.0,1.0,0.0,0
0.0,0.9565000575145911,1.3718309572346072,0.0,1.0,0.0,1.0,0.0,1.0,0.0,1.0,0.0,1.0,0
0.0,1.0836391249784412,-0.7411896213010785,1.0,0.0,0.0,1.0,0.0,0.0,0.0,1.0,1.0,0.0,0
0.0,0.7446016117415077,1.3454388188610156,0.0,1.0,0.0,1.0,0.0,0.0,0.0,1.0,0.0,1.0,1
0.0,-1.3743828459893257,1.0468777535097595,0.0,1.0,1.0,0.0,0.0,1.0,1.0,0.0,0.0,1.0,1
1.0,0.5750828551230411,-0.5448980921474903,1.0,0.0,0.0,0.0,0.0,0.0,1.0,0.0,0.0,1.0,0
1.0,-0.01823279304159225,-0.17045962897215797,1.0,0.0,1.0,0.0,0.0,0.0,0.0,1.0,1.0,0.0,0
1.0,-0.8234468869793089,0.6328510827740393,0.0,1.0,1.0,0.0,0.0,0.0,1.0,0.0,1.0,0.0,1
1.0,-0.3148906171239089,-1.5379022984538782,0.0,0.0,1.0,0.0,1.0,0.0,0.0,0.0,0.0,0.0,0
1.0,-0.5267890628969922,0.002738779104537592,1.0,0.0,0.0,1.0,0.0,0.0,0.0,1.0,1.0,0.0,0
1.0,1.1683985032876745,0.274907706082202,1.0,0.0,0.0,0.0,0.0,0.0,0.0,1.0,0.0,1.0,0
0.0,0.4903234768138078,-0.8005719326416599,1.0,0.0,0.0,0.0,0.0,0.0,0.0,1.0,1.0,0.0,0
0.0,-1.2472437785254755,0.09676077206045784,0.0,1.0,1.0,0.0,0.0,1.0,1.0,0.0,1.0,0.0,0
1.0,-0.01823279304159225,-0.30736884678516485,1.0,0.0,1.0,0.0,0.0,1.0,1.0,0.0,1.0,0.0,0
1.0,0.7869813008961244,1.0848164524217974,0.0,1.0,1.0,0.0,0.0,0.0,1.0,0.0,0.0,1.0,0
1.0,-0.44202968458775893,-1.551098367640674,0.0,0.0,1.0,0.0,0.0,0.0,0.0,0.0,0.0,0.0,0
1.0,1.0836391249784412,1.0881154697184965,0.0,1.0,1.0,0.0,0.0,1.0,1.0,0.0,0.0,1.0,1
1.0,0.2784250310407244,-1.3548068384870855,1.0,0.0,1.0,0.0,0.0,0.0,1.0,0.0,1.0,0.0,0
0.0,1.5498157056792243,-1.3449097865969888,0.0,0.0,0.0,0.0,1.0,0.0,0.0,0.0,0.0,0.0,0
1.0,-0.3148906171239089,1.159044341597524,0.0,1.0,1.0,0.0,0.0,0.0,1.0,0.0,0.0,1.0,1
0.0,-1.2896234676800922,-0.05994254953274289,1.0,0.0,1.0,0.0,0.0,1.0,0.0,1.0,0.0,1.0,0
1.0,-0.2301312388146756,-1.5329537725088296,0.0,0.0,0.0,0.0,0.0,0.0,0.0,0.0,0.0,0.0,0
0.0,1.0412594358238245,0.6196550135872437,1.0,0.0,0.0,0.0,0.0,1.0,0.0,1.0,0.0,1.0,0
1.0,-0.5267890628969922,1.1112085907953888,0.0,1.0,1.0,0.0,0.0,1.0,0.0,1.0,0.0,1.0,1
1.0,1.2955375707515244,-0.0022097468405110395,1.0,0.0,0.0,0.0,0.0,0.0,0.0,1.0,1.0,0.0,0
1.0,-1.1624844002162422,0.9248141135318978,0.0,1.0,1.0,0.0,0.0,1.0,1.0,0.0,0.0,1.0,1
0.0,-0.7386875086700756,-1.0776893855643728,1.0,0.0,1.0,0.0,0.0,0.0,1.0,0.0,1.0,0.0,1
1.0,1.5498157056792243,-0.5696407218727325,1.0,0.0,0.0,0.0,0.0,0.0,0.0,1.0,0.0,1.0,0
1.0,-0.06061248219620892,1.0402797189163615,0.0,1.0,1.0,0.0,1.0,0.0,1.0,0.0,0.0,1.0,0
0.0,1.337917259906141,-0.42118494352127916,1.0,0.0,1.0,0.0,0.0,0.0,1.0,0.0,0.0,1.0,0
0.0,-1.4167625351439423,-0.3898442792026389,1.0,0.0,1.0,0.0,0.0,0.0,1.0,0.0,1.0,0.0,0
1.0,1.0412594358238245,-1.524706229267082,0.0,0.0,0.0,0.0,0.0,0.0,0.0,0.0,0.0,0.0,0
0.0,0.32080472019534106,1.3140981545423753,0.0,1.0,0.0,1.0,0.0,0.0,0.0,1.0,0.0,1.0,0
1.0,1.5498157056792243,1.5796690469266417,0.0,1.0,0.0,0.0,0.0,0.0,0.0,1.0,0.0,1.0,0
0.0,-0.696307819515459,0.39862085470841313,0.0,1.0,1.0,0.0,0.0,1.0,1.0,0.0,1.0,0.0,1
1.0,0.7446016117415077,0.9462577259604408,0.0,1.0,0.0,1.0,1.0,0.0,1.0,0.0,0.0,1.0,1
0.0,-0.01823279304159225,1.0089390545977213,0.0,1.0,1.0,0.0,0.0,0.0,0.0,1.0,1.0,0.0,0
1.0,1.5074360165246077,-1.5527478762890232,0.0,0.0,0.0,0.0,0.0,0.0,0.0,0.0,0.0,0.0,0
0.0,-1.3743828459893257,-1.5362527898055285,0.0,0.0,0.0,1.0,0.0,0.0,0.0,0.0,0.0,0.0,0
0.0,1.2531578815969078,0.9660518297406349,0.0,1.0,1.0,0.0,1.0,0.0,1.0,0.0,0.0,1.0,0
0.0,0.9141203683599745,0.9594537951472368,0.0,1.0,0.0,0.0,0.0,1.0,1.0,0.0,0.0,1.0,1
0.0,-1.1201047110616256,0.30789787904919164,0.0,1.0,1.0,0.0,0.0,0.0,1.0,0.0,1.0,0.0,0
0.0,-0.06061248219620892,-1.321816665520096,0.0,0.0,0.0,0.0,1.0,0.0,0.0,0.0,0.0,0.0,0
0.0,-1.4167625351439423,-1.3614048730804835,1.0,0.0,1.0,0.0,0.0,0.0,1.0,0.0,1.0,0.0,0
1.0,0.5750828551230411,1.131002694575583,0.0,1.0,0.0,1.0,0.0,0.0,1.0,0.0,0.0,1.0,1
1.0,1.337917259906141,0.6147064876421952,0.0,1.0,0.0,1.0,1.0,0.0,0.0,1.0,1.0,0.0,0
1.0,1.337917259906141,-1.369652416322231,0.0,0.0,0.0,0.0,1.0,0.0,0.0,0.0,0.0,0.0,0
0.0,1.3802969490607577,-0.05994254953274289,1.0,0.0,0.0,0.0,0.0,0.0,0.0,1.0,0.0,1.0,0
1.0,1.465056327369991,0.09181224611540968,1.0,0.0,0.0,0.0,0.0,0.0,0.0,1.0,0.0,1.0,0
0.0,1.1260188141330578,0.8621327848946173,0.0,1.0,0.0,1.0,1.0,0.0,0.0,1.0,1.0,0.0,0
0.0,-0.950585954443159,-1.1585153093334974,1.0,0.0,1.0,0.0,0.0,1.0,1.0,0.0,1.0,0.0,1
1.0,1.5498157056792243,1.566472977739846,0.0,1.0,0.0,0.0,0.0,0.0,0.0,1.0,0.0,1.0,0
0.0,-0.950585954443159,0.5190349860379254,0.0,1.0,1.0,0.0,0.0,0.0,1.0,0.0,0.0,1.0,0
1.0,1.4226766382153744,0.4299615190270534,0.0,1.0,0.0,0.0,0.0,0.0,1.0,0.0,1.0,0.0,0
1.0,1.2955375707515244,1.0996620302569426,0.0,1.0,1.0,0.0,0.0,0.0,1.0,0.0,0.0,1.0,1
0.0,1.337917259906141,-0.05334451493934487,1.0,0.0,0.0,0.0,1.0,0.0,0.0,1.0,1.0,0.0,0
1.0,1.5074360165246077,1.652247427454019,0.0,1.0,0.0,0.0,0.0,1.0,0.0,1.0,0.0,1.0,0
0.0,-1.4167625351439423,-1.5395518071022276,0.0,0.0,1.0,0.0,0.0,0.0,0.0,0.0,0.0,0.0,0
1.0,-1.1201047110616256,-1.5148091773769854,0.0,0.0,0.0,1.0,0.0,0.0,0.0,0.0,0.0,0.0,0
1.0,-1.077725021907009,-1.3778999595639785,0.0,0.0,1.0,0.0,0.0,0.0,0.0,0.0,0.0,0.0,0
1.0,1.5074360165246077,0.7829563697738425,1.0,0.0,0.0,0.0,0.0,0.0,0.0,1.0,0.0,1.0,0
0.0,-1.3743828459893257,0.1363489796208455,0.0,1.0,1.0,0.0,0.0,1.0,1.0,0.0,1.0,0.0,1
1.0,1.0412594358238245,1.1326522032239323,0.0,1.0,0.0,1.0,0.0,0.0,1.0,0.0,0.0,1.0,0
1.0,-0.06061248219620892,-0.16221208573041054,1.0,0.0,0.0,1.0,0.0,0.0,0.0,1.0,0.0,1.0,0
1.0,0.7022219225868911,-0.06159205818109228,1.0,0.0,0.0,1.0,0.0,0.0,0.0,1.0,0.0,1.0,0
0.0,-1.4167625351439423,-0.7774788115647671,1.0,0.0,1.0,0.0,0.0,1.0,0.0,1.0,1.0,0.0,1
1.0,0.23604534188610776,0.2254224466317176,1.0,0.0,0.0,1.0,0.0,1.0,1.0,0.0,0.0,1.0,1
0.0,-0.7386875086700756,0.6361501000707386,0.0,1.0,1.0,0.0,0.0,1.0,1.0,0.0,1.0,0.0,1
0.0,-1.0353453327523923,-1.5082111427835874,0.0,0.0,1.0,0.0,0.0,0.0,0.0,0.0,0.0,0.0,0
0.0,-1.3743828459893257,-1.4834685130583452,0.0,0.0,0.0,1.0,0.0,0.0,0.0,0.0,0.0,0.0,0
1.0,-0.5267890628969922,0.6015104184553995,0.0,1.0,1.0,0.0,0.0,0.0,0.0,1.0,1.0,0.0,0
1.0,1.0836391249784412,1.2250246875315032,0.0,1.0,0.0,1.0,1.0,0.0,1.0,0.0,0.0,1.0,0
0.0,-0.4844093737423756,-1.3713019249705805,0.0,0.0,0.0,1.0,1.0,0.0,0.0,0.0,0.0,0.0,0
1.0,0.4055640985045744,-1.5115101600802863,0.0,0.0,0.0,0.0,0.0,0.0,0.0,0.0,0.0,0.0,0
1.0,-0.6539281303608423,1.3091496285973268,0.0,1.0,1.0,0.0,1.0,0.0,1.0,0.0,0.0,1.0,1
1.0,1.337917259906141,0.15614308340103955,1.0,0.0,0.0,0.0,0.0,0.0,0.0,1.0,1.0,0.0,0
0.0,-1.2472437785254755,-1.5181081946736843,0.0,0.0,1.0,0.0,1.0,0.0,0.0,0.0,0.0,0.0,0
1.0,0.8717406792053578,1.1079095734986901,0.0,1.0,0.0,1.0,0.0,0.0,1.0,0.0,1.0,0.0,0
0.0,1.337917259906141,-1.321816665520096,0.0,0.0,0.0,0.0,0.0,0.0,0.0,0.0,0.0,0.0,0
1.0,-0.10299217135082558,0.9033705011033544,0.0,1.0,0.0,1.0,0.0,1.0,0.0,1.0,1.0,0.0,0
0.0,-1.2896234676800922,-1.534603281157179,0.0,0.0,1.0,0.0,0.0,0.0,0.0,0.0,0.0,0.0,0
1.0,0.23604534188610776,0.5800668060268561,0.0,1.0,1.0,0.0,1.0,0.0,0.0,1.0,1.0,0.0,1
1.0,-0.06061248219620892,-1.3597553644321339,0.0,0.0,0.0,0.0,0.0,0.0,0.0,0.0,0.0,0.0,0
1.0,-0.2301312388146756,0.1346994709724961,1.0,0.0,0.0,1.0,1.0,0.0,1.0,0.0,1.0,0.0,0
0.0,-1.2472437785254755,0.6526451865542333,0.0,1.0,1.0,0.0,0.0,0.0,1.0,0.0,1.0,0.0,0
1.0,-0.4844093737423756,-1.0529467558391306,1.0,0.0,1.0,0.0,0.0,0.0,1.0,0.0,1.0,0.0,0
0.0,-1.1624844002162422,0.14954504880764152,0.0,1.0,1.0,0.0,1.0,0.0,1.0,0.0,1.0,0.0,0
1.0,1.5498157056792243,1.2464682999600467,0.0,1.0,0.0,0.0,1.0,0.0,0.0,1.0,0.0,1.0,0
0.0,-0.9082062652885423,-0.4855157808069088,1.0,0.0,0.0,1.0,0.0,0.0,1.0,0.0,1.0,0.0,0
1.0,1.3802969490607577,1.3520368534544136,0.0,1.0,0.0,1.0,0.0,0.0,1.0,0.0,0.0,1.0,0
1.0,1.1260188141330578,0.6196550135872437,1.0,0.0,0.0,0.0,0.0,1.0,0.0,1.0,0.0,1.0,0
1.0,0.4055640985045744,1.0732698918833512,0.0,1.0,0.0,1.0,1.0,0.0,1.0,0.0,0.0,1.0,0
0.0,-0.7810671978246922,-0.6966528877956426,1.0,0.0,1.0,0.0,0.0,1.0,1.0,0.0,1.0,0.0,1
1.0,1.0412594358238245,0.9215150962351986,0.0,1.0,1.0,0.0,0.0,0.0,0.0,1.0,1.0,0.0,0
1.0,-0.7386875086700756,-0.5481971094441893,1.0,0.0,1.0,0.0,0.0,0.0,1.0,0.0,1.0,0.0,1
0.0,0.1512859635768744,-1.544500333047276,0.0,0.0,0.0,1.0,1.0,0.0,0.0,0.0,0.0,0.0,0
0.0,-0.696307819515459,-0.26283211327972883,1.0,0.0,0.0,1.0,0.0,1.0,1.0,0.0,0.0,1.0,0
0.0,0.4479437876591911,-1.1832579390587397,1.0,0.0,1.0,0.0,1.0,0.0,1.0,0.0,1.0,0.0,1
1.0,1.2531578815969078,1.1408997464656798,0.0,1.0,0.0,1.0,0.0,1.0,0.0,1.0,0.0,1.0,0
1.0,0.829360990050741,0.8011009649056867,0.0,1.0,1.0,0.0,0.0,1.0,1.0,0.0,1.0,0.0,0
0.0,-0.9929656435977756,-1.3597553644321339,0.0,0.0,0.0,1.0,0.0,0.0,0.0,0.0,0.0,0.0,0
1.0,1.5498157056792243,-1.5329537725088296,0.0,0.0,0.0,0.0,0.0,0.0,0.0,0.0,0.0,0.0,0
1.0,0.7022219225868911,-0.5020108672904037,1.0,0.0,0.0,1.0,1.0,0.0,1.0,0.0,1.0,0.0,0
0.0,-1.2896234676800922,1.1326522032239323,0.0,1.0,1.0,0.0,0.0,1.0,1.0,0.0,0.0,1.0,1
0.0,-0.4844093737423756,1.1046105562019914,0.0,1.0,1.0,0.0,1.0,0.0,1.0,0.0,0.0,1.0,0
1.0,0.4055640985045744,1.3718309572346072,0.0,1.0,1.0,0.0,1.0,0.0,1.0,0.0,0.0,1.0,0
0.0,-1.077725021907009,0.31614542229093906,0.0,1.0,1.0,0.0,0.0,0.0,1.0,0.0,1.0,0.0,0
1.0,0.829360990050741,0.38212576822491834,0.0,1.0,1.0,0.0,0.0,1.0,1.0,0.0,1.0,0.0,1
0.0,0.32080472019534106,0.6246035395322919,1.0,0.0,0.0,1.0,0.0,0.0,1.0,0.0,0.0,1.0,0
0.0,1.0836391249784412,1.2464682999600467,0.0,1.0,0.0,1.0,0.0,1.0,1.0,0.0,0.0,1.0,0
0.0,-1.4167625351439423,0.3408880520161813,0.0,1.0,1.0,0.0,0.0,1.0,1.0,0.0,1.0,0.0,1
1.0,0.23604534188610776,-1.5313042638604801,0.0,0.0,0.0,0.0,0.0,1.0,0.0,0.0,0.0,0.0,0
1.0,1.1683985032876745,0.5718192627851086,1.0,0.0,0.0,0.0,0.0,0.0,0.0,1.0,0.0,1.0,0
1.0,-1.332003156834709,-1.5395518071022276,0.0,0.0,0.0,0.0,0.0,0.0,0.0,0.0,0.0,0.0,0
0.0,-1.2896234676800922,-1.5379022984538782,0.0,0.0,0.0,1.0,0.0,1.0,0.0,0.0,0.0,0.0,0
1.0,-0.6539281303608423,-0.20344980193914758,1.0,0.0,1.0,0.0,0.0,1.0,1.0,0.0,1.0,0.0,0
1.0,-0.10299217135082558,-1.5032626168385388,0.0,0.0,0.0,1.0,0.0,0.0,0.0,0.0,0.0,0.0,0
0.0,-0.27251092796929227,1.0699708745866519,0.0,1.0,1.0,0.0,0.0,0.0,1.0,0.0,0.0,1.0,1
1.0,0.4479437876591911,-0.06489107547779105,1.0,0.0,0.0,0.0,0.0,0.0,1.0,0.0,0.0,1.0,0
1.0,1.337917259906141,0.7714098092353958,0.0,1.0,0.0,1.0,0.0,1.0,0.0,1.0,1.0,0.0,0
0.0,-1.332003156834709,0.428312010378704,0.0,1.0,1.0,0.0,0.0,1.0,1.0,0.0,1.0,0.0,1
0.0,0.024146896113024417,0.6180055049388944,0.0,1.0,1.0,0.0,0.0,1.0,1.0,0.0,1.0,0.0,1
0.0,-0.8658265761339256,-1.5313042638604801,0.0,0.0,1.0,0.0,0.0,0.0,0.0,0.0,0.0,0.0,0
0.0,0.10890627442225775,-1.5214072119703834,0.0,0.0,0.0,0.0,0.0,0.0,0.0,0.0,0.0,0.0,0
1.0,0.9141203683599745,1.1046105562019914,0.0,1.0,1.0,0.0,0.0,1.0,0.0,1.0,0.0,1.0,0
1.0,0.4479437876591911,-0.6801578013121478,1.0,0.0,1.0,0.0,0.0,1.0,0.0,1.0,0.0,1.0,0
1.0,-0.5691687520516089,-0.3634521408290473,1.0,0.0,1.0,0.0,0.0,1.0,1.0,0.0,1.0,0.0,1
1.0,0.7022219225868911,-1.4950150735967915,0.0,0.0,0.0,1.0,0.0,0.0,0.0,0.0,0.0,0.0,0
0.0,-1.332003156834709,0.3887238028183163,0.0,1.0,1.0,0.0,1.0,0.0,1.0,0.0,1.0,0.0,1
1.0,-0.4844093737423756,-1.5329537725088296,0.0,0.0,0.0,0.0,0.0,0.0,0.0,0.0,0.0,0.0,0
0.0,-1.077725021907009,-1.2063510601356322,1.0,0.0,0.0,0.0,0.0,0.0,1.0,0.0,1.0,0.0,0
1.0,1.2107781924422911,-0.012106798730607835,1.0,0.0,0.0,1.0,0.0,0.0,0.0,1.0,0.0,1.0,0
0.0,-0.3572703062785256,-0.5218049710705974,1.0,0.0,1.0,0.0,0.0,0.0,0.0,1.0,1.0,0.0,0
1.0,0.6174625442776578,1.3982230956081987,0.0,1.0,0.0,1.0,0.0,1.0,0.0,1.0,0.0,1.0,1
0.0,-1.3743828459893257,0.644397643312486,0.0,1.0,1.0,0.0,0.0,0.0,1.0,0.0,1.0,0.0,0
0.0,-0.7386875086700756,-1.5214072119703834,0.0,0.0,1.0,0.0,0.0,0.0,0.0,0.0,0.0,0.0,0
1.0,0.10890627442225775,0.4382090622688008,0.0,1.0,1.0,0.0,0.0,1.0,0.0,1.0,1.0,0.0,1
0.0,-1.4167625351439423,0.15779259204938895,0.0,1.0,1.0,0.0,0.0,1.0,1.0,0.0,1.0,0.0,1
1.0,0.9565000575145911,1.1277036772788838,0.0,1.0,0.0,1.0,0.0,0.0,1.0,0.0,0.0,1.0,0
0.0,-0.8658265761339256,0.9182160789384998,0.0,1.0,1.0,0.0,0.0,0.0,1.0,0.0,0.0,1.0,0
0.0,0.9988797466692078,0.977598390279081,0.0,1.0,0.0,0.0,0.0,1.0,1.0,0.0,0.0,1.0,0
0.0,-1.3743828459893257,0.4365595536204514,0.0,1.0,1.0,0.0,0.0,1.0,1.0,0.0,0.0,1.0,1
0.0,-1.332003156834709,-1.5214072119703834,0.0,0.0,1.0,0.0,0.0,0.0,0.0,0.0,0.0,0.0,0
1.0,-1.4167625351439423,1.261313877795192,0.0,1.0,1.0,0.0,0.0,1.0,1.0,0.0,0.0,1.0,1
0.0,-0.10299217135082558,0.06871912503851685,0.0,1.0,1.0,0.0,0.0,1.0,1.0,0.0,1.0,0.0,1
1.0,0.2784250310407244,-0.3848957532575905,1.0,0.0,1.0,0.0,0.0,0.0,0.0,1.0,1.0,0.0,0
1.0,0.4479437876591911,-0.30571933813681545,1.0,0.0,0.0,1.0,0.0,0.0,0.0,1.0,1.0,0.0,0
0.0,-1.3743828459893257,0.11160634989560327,0.0,1.0,1.0,0.0,1.0,0.0,1.0,0.0,1.0,0.0,1
1.0,-0.950585954443159,0.21882441203831957,1.0,0.0,1.0,0.0,0.0,1.0,1.0,0.0,0.0,1.0,0
1.0,0.7446016117415077,-0.18365569815895377,1.0,0.0,0.0,1.0,0.0,0.0,1.0,0.0,1.0,0.0,0
0.0,-1.1624844002162422,-1.524706229267082,0.0,0.0,1.0,0.0,0.0,0.0,0.0,0.0,0.0,0.0,0
0.0,1.465056327369991,1.629154306377126,0.0,1.0,0.0,1.0,0.0,0.0,0.0,1.0,0.0,1.0,1
1.0,0.9988797466692078,-1.5758409973659162,0.0,0.0,0.0,0.0,1.0,0.0,0.0,0.0,0.0,0.0,0
1.0,0.10890627442225775,0.28975328391734745,0.0,1.0,1.0,0.0,1.0,0.0,1.0,0.0,1.0,0.0,1
1.0,-1.4167625351439423,0.9677013383889842,0.0,1.0,1.0,0.0,0.0,0.0,1.0,0.0,0.0,1.0,0
0.0,0.9141203683599745,0.44810611415889756,1.0,0.0,0.0,0.0,1.0,0.0,1.0,0.0,0.0,1.0,0
0.0,0.36318440934995777,1.3157476631907248,0.0,1.0,0.0,1.0,0.0,1.0,0.0,1.0,0.0,1.0,0
1.0,0.8717406792053578,1.2217256702348045,0.0,1.0,0.0,0.0,1.0,0.0,1.0,0.0,0.0,1.0,0
0.0,0.7446016117415077,-1.3713019249705805,0.0,0.0,0.0,0.0,0.0,0.0,0.0,0.0,0.0,0.0,0
0.0,0.19366565273149108,-0.5251039883672964,1.0,0.0,0.0,1.0,0.0,0.0,1.0,0.0,1.0,0.0,0
0.0,-0.9929656435977756,-1.5329537725088296,0.0,0.0,1.0,0.0,0.0,0.0,0.0,0.0,0.0,0.0,0
0.0,-0.9929656435977756,0.4002703633567625,0.0,1.0,1.0,0.0,0.0,1.0,0.0,1.0,1.0,0.0,1
0.0,-0.9082062652885423,0.6641917470926796,0.0,1.0,1.0,0.0,0.0,1.0,1.0,0.0,1.0,0.0,1
0.0,-0.9929656435977756,0.7714098092353958,0.0,1.0,1.0,0.0,0.0,1.0,1.0,0.0,0.0,1.0,0
0.0,0.024146896113024417,0.774708826532095,1.0,0.0,0.0,1.0,0.0,0.0,0.0,1.0,0.0,1.0,0
0.0,-0.950585954443159,-1.3943950460474732,1.0,0.0,1.0,0.0,0.0,1.0,1.0,0.0,1.0,0.0,1
0.0,-0.10299217135082558,0.47614776118083857,0.0,1.0,0.0,0.0,1.0,0.0,1.0,0.0,1.0,0.0,0
1.0,0.9565000575145911,0.9413092000153926,0.0,1.0,0.0,1.0,0.0,0.0,1.0,0.0,0.0,1.0,0
0.0,-0.06061248219620892,-0.5399495662024418,1.0,0.0,1.0,0.0,0.0,1.0,1.0,0.0,1.0,0.0,0
0.0,-0.950585954443159,0.13140045367579734,0.0,1.0,1.0,0.0,0.0,1.0,1.0,0.0,1.0,0.0,0
0.0,-0.7386875086700756,-1.5379022984538782,0.0,0.0,1.0,0.0,0.0,0.0,0.0,0.0,0.0,0.0,0
0.0,-0.06061248219620892,-0.30406982948846584,1.0,0.0,0.0,1.0,0.0,0.0,0.0,1.0,1.0,0.0,0
1.0,0.9565000575145911,-1.506561634135238,0.0,0.0,0.0,0.0,0.0,0.0,0.0,0.0,0.0,0.0,0
0.0,-1.4167625351439423,-0.5580941613342861,1.0,0.0,1.0,0.0,0.0,0.0,1.0,0.0,1.0,0.0,0
0.0,-1.2896234676800922,-0.5003613586420542,1.0,0.0,1.0,0.0,0.0,0.0,1.0,0.0,1.0,0.0,0
0.0,0.7446016117415077,-1.528005246563781,0.0,0.0,0.0,0.0,0.0,0.0,0.0,0.0,0.0,0.0,0
0.0,-0.3572703062785256,0.6691402730377282,0.0,1.0,1.0,0.0,1.0,0.0,1.0,0.0,1.0,0.0,0
0.0,1.0412594358238245,-0.5069593932354522,1.0,0.0,1.0,0.0,0.0,1.0,1.0,0.0,0.0,1.0,1
1.0,1.5074360165246077,0.6147064876421952,0.0,1.0,0.0,0.0,0.0,1.0,1.0,0.0,1.0,0.0,0
1.0,1.5498157056792243,1.4609044242454792,0.0,1.0,0.0,0.0,1.0,0.0,1.0,0.0,0.0,1.0,0
1.0,1.465056327369991,1.5846175728716902,0.0,1.0,0.0,0.0,1.0,0.0,0.0,1.0,0.0,1.0,1
0.0,-0.5691687520516089,0.4184149584886067,0.0,1.0,1.0,0.0,0.0,0.0,1.0,0.0,1.0,0.0,0
1.0,-0.4844093737423756,-0.3271629505653587,1.0,0.0,0.0,1.0,0.0,0.0,0.0,1.0,1.0,0.0,0
0.0,1.2531578815969078,0.9677013383889842,0.0,1.0,0.0,1.0,0.0,1.0,1.0,0.0,0.0,1.0,0
0.0,-0.2301312388146756,-0.8517067007404937,1.0,0.0,0.0,1.0,0.0,0.0,1.0,0.0,1.0,0.0,0
1.0,1.5498157056792243,0.6674907643893788,1.0,0.0,0.0,0.0,1.0,0.0,0.0,1.0,0.0,1.0,0
1.0,-1.2048640893708589,-1.044699212597383,1.0,0.0,1.0,0.0,0.0,1.0,0.0,1.0,1.0,0.0,1
1.0,-0.2301312388146756,1.3042011026522786,0.0,1.0,1.0,0.0,1.0,0.0,0.0,1.0,0.0,1.0,0
1.0,0.9988797466692078,0.679037324927825,1.0,0.0,0.0,0.0,0.0,1.0,0.0,1.0,0.0,1.0,0
1.0,1.5074360165246077,-1.3778999595639785,0.0,0.0,0.0,0.0,0.0,0.0,0.0,0.0,0.0,0.0,0
1.0,-0.27251092796929227,0.30954738769754103,1.0,0.0,0.0,0.0,0.0,0.0,1.0,0.0,0.0,1.0,0
1.0,0.9988797466692078,0.09676077206045784,1.0,0.0,0.0,1.0,0.0,0.0,0.0,1.0,1.0,0.0,0
1.0,-0.44202968458775893,-0.24963604409293302,1.0,0.0,1.0,0.0,0.0,0.0,0.0,1.0,0.0,1.0,1
0.0,-1.1624844002162422,-0.02200385062070463,1.0,0.0,1.0,0.0,1.0,0.0,0.0,1.0,1.0,0.0,0
0.0,-0.6539281303608423,0.7664612832903477,0.0,1.0,1.0,0.0,1.0,0.0,0.0,1.0,0.0,1.0,0
0.0,-1.3743828459893257,-1.5379022984538782,0.0,0.0,1.0,0.0,0.0,1.0,0.0,0.0,0.0,0.0,0
1.0,0.6174625442776578,1.137600729168981,0.0,1.0,0.0,1.0,0.0,1.0,1.0,0.0,0.0,1.0,0
0.0,-0.4844093737423756,0.9215150962351986,0.0,1.0,1.0,0.0,0.0,1.0,1.0,0.0,0.0,1.0,0
0.0,0.10890627442225775,-1.5214072119703834,0.0,0.0,0.0,1.0,0.0,0.0,0.0,0.0,0.0,0.0,0
0.0,0.06652658526764109,0.8258435946309289,0.0,1.0,1.0,0.0,1.0,0.0,0.0,1.0,1.0,0.0,0
0.0,0.7022219225868911,1.470801476135576,0.0,1.0,1.0,0.0,0.0,1.0,1.0,0.0,0.0,1.0,0
0.0,0.829360990050741,-0.6966528877956426,1.0,0.0,0.0,1.0,1.0,0.0,1.0,0.0,1.0,0.0,0
0.0,-1.1624844002162422,0.6905838854662711,0.0,1.0,1.0,0.0,0.0,1.0,1.0,0.0,0.0,1.0,0
1.0,0.23604534188610776,0.936360674070344,0.0,1.0,1.0,0.0,0.0,1.0,1.0,0.0,0.0,1.0,0
1.0,-1.3743828459893257,-1.0249051088171892,1.0,0.0,1.0,0.0,0.0,0.0,0.0,1.0,1.0,0.0,0
1.0,-1.2048640893708589,0.1709886612361845,1.0,0.0,1.0,0.0,0.0,0.0,0.0,1.0,1.0,0.0,0
0.0,-0.7386875086700756,-0.28097670841157324,1.0,0.0,1.0,0.0,0.0,0.0,0.0,1.0,1.0,0.0,0
0.0,-1.2048640893708589,0.42336348443365535,0.0,1.0,1.0,0.0,0.0,1.0,1.0,0.0,0.0,1.0,1
1.0,-0.3996499954331423,0.8126475254441329,0.0,1.0,1.0,0.0,0.0,1.0,1.0,0.0,0.0,1.0,1
0.0,-1.4167625351439423,-0.6702607494220508,1.0,0.0,1.0,0.0,0.0,0.0,1.0,0.0,1.0,0.0,0
1.0,1.465056327369991,1.6324533236738255,0.0,1.0,0.0,1.0,0.0,0.0,0.0,1.0,0.0,1.0,1
1.0,0.2784250310407244,-1.554397384937373,0.0,0.0,0.0,1.0,0.0,1.0,0.0,0.0,0.0,0.0,0
0.0,1.2955375707515244,0.8571842589495692,0.0,1.0,0.0,1.0,1.0,0.0,1.0,0.0,0.0,1.0,0
1.0,1.5498157056792243,1.5202867355860605,0.0,1.0,0.0,0.0,1.0,0.0,1.0,0.0,0.0,1.0,0
1.0,0.4055640985045744,1.4378113031685864,0.0,1.0,0.0,0.0,1.0,0.0,1.0,0.0,0.0,1.0,0
1.0,0.36318440934995777,-1.5362527898055285,0.0,0.0,1.0,0.0,0.0,0.0,0.0,0.0,0.0,0.0,0
1.0,0.5750828551230411,0.7994514562573373,0.0,1.0,1.0,0.0,0.0,0.0,1.0,0.0,0.0,1.0,0
1.0,0.10890627442225775,1.2019315664546104,0.0,1.0,1.0,0.0,0.0,1.0,1.0,0.0,0.0,1.0,0
1.0,1.465056327369991,-1.3531573298387363,0.0,0.0,0.0,0.0,1.0,0.0,0.0,0.0,0.0,0.0,0
0.0,-1.1201047110616256,1.0980125216085934,0.0,1.0,1.0,0.0,0.0,0.0,1.0,0.0,0.0,1.0,1
1.0,-1.4167625351439423,0.10335880665385587,0.0,1.0,1.0,0.0,0.0,1.0,1.0,0.0,1.0,0.0,0
1.0,1.5074360165246077,0.3755277336315203,1.0,0.0,0.0,0.0,0.0,0.0,0.0,1.0,0.0,1.0,0
0.0,-1.1624844002162422,-0.003859255488860427,1.0,0.0,1.0,0.0,1.0,0.0,0.0,1.0,1.0,0.0,0
1.0,1.1260188141330578,-0.37664821001584314,1.0,0.0,0.0,1.0,0.0,0.0,0.0,1.0,1.0,0.0,0
0.0,-0.9082062652885423,-1.5362527898055285,0.0,0.0,1.0,0.0,0.0,0.0,0.0,0.0,0.0,0.0,0
0.0,0.7869813008961244,1.2464682999600467,0.0,1.0,0.0,1.0,1.0,0.0,0.0,1.0,0.0,1.0,1
0.0,-0.9082062652885423,0.4580031660489944,0.0,1.0,1.0,0.0,0.0,0.0,1.0,0.0,1.0,0.0,0
0.0,-0.8234468869793089,-0.35850361488399896,1.0,0.0,1.0,0.0,0.0,1.0,1.0,0.0,1.0,0.0,0
0.0,-1.332003156834709,-1.5329537725088296,0.0,0.0,0.0,1.0,0.0,0.0,0.0,0.0,0.0,0.0,0
1.0,0.9565000575145911,-1.3531573298387363,0.0,0.0,0.0,0.0,0.0,0.0,0.0,0.0,0.0,0.0,0
1.0,0.4479437876591911,-0.017055324675655997,1.0,0.0,0.0,0.0,0.0,0.0,0.0,1.0,1.0,0.0,0
0.0,-0.27251092796929227,0.3243929655326865,0.0,1.0,1.0,0.0,0.0,0.0,1.0,0.0,1.0,0.0,0
0.0,1.5498157056792243,1.6885366177177075,0.0,1.0,0.0,0.0,0.0,0.0,0.0,1.0,0.0,1.0,0
0.0,-1.077725021907009,-0.31066786408186386,1.0,0.0,1.0,0.0,1.0,0.0,1.0,0.0,1.0,0.0,0
0.0,-1.1201047110616256,1.0930639956635446,0.0,1.0,1.0,0.0,0.0,0.0,1.0,0.0,0.0,1.0,0
1.0,-0.950585954443159,-1.5082111427835874,0.0,0.0,1.0,0.0,0.0,0.0,0.0,0.0,0.0,0.0,0
1.0,0.5750828551230411,0.9132675529934512,0.0,1.0,1.0,0.0,1.0,0.0,0.0,1.0,0.0,1.0,0
0.0,1.2955375707515244,0.08521421152201167,1.0,0.0,0.0,0.0,1.0,0.0,0.0,1.0,1.0,0.0,0
0.0,-1.1624844002162422,-1.5214072119703834,0.0,0.0,1.0,0.0,0.0,0.0,0.0,0.0,0.0,0.0,0
0.0,0.5750828551230411,1.135951220520631,0.0,1.0,0.0,1.0,1.0,0.0,1.0,0.0,0.0,1.0,1
0.0,-0.8234468869793089,-0.031900902510801424,1.0,0.0,1.0,0.0,0.0,0.0,1.0,0.0,1.0,0.0,1
0.0,1.2955375707515244,-0.15891306843371153,1.0,0.0,0.0,0.0,1.0,0.0,0.0,1.0,0.0,1.0,0
1.0,-0.950585954443159,0.5899638579169528,0.0,1.0,1.0,0.0,0.0,1.0,0.0,1.0,1.0,0.0,1
1.0,-0.8658265761339256,-1.544500333047276,0.0,0.0,0.0,0.0,0.0,0.0,0.0,0.0,0.0,0.0,0
0.0,-0.3996499954331423,-1.1997530255422344,1.0,0.0,1.0,0.0,0.0,0.0,1.0,0.0,1.0,0.0,0
0.0,0.1512859635768744,1.1079095734986901,0.0,1.0,1.0,0.0,0.0,1.0,1.0,0.0,0.0,1.0,0
1.0,-0.9929656435977756,-0.49211381540030685,1.0,0.0,1.0,0.0,0.0,1.0,1.0,0.0,1.0,0.0,0
0.0,-1.1201047110616256,-0.38324624460924117,1.0,0.0,1.0,0.0,0.0,1.0,0.0,1.0,1.0,0.0,1
1.0,0.4903234768138078,1.4312132685751884,0.0,1.0,1.0,0.0,0.0,1.0,1.0,0.0,0.0,1.0,1
1.0,0.1512859635768744,1.3025515940039292,0.0,1.0,1.0,0.0,0.0,1.0,1.0,0.0,0.0,1.0,1
0.0,-1.1201047110616256,-1.038101178003985,1.0,0.0,1.0,0.0,0.0,0.0,1.0,0.0,0.0,1.0,1
1.0,-0.3148906171239089,0.8011009649056867,0.0,1.0,0.0,1.0,0.0,1.0,1.0,0.0,1.0,0.0,0
0.0,-1.1624844002162422,1.1441987637623785,0.0,1.0,1.0,0.0,0.0,1.0,1.0,0.0,0.0,1.0,1
1.0,1.2531578815969078,-1.325115682816795,0.0,0.0,0.0,0.0,0.0,0.0,0.0,0.0,0.0,0.0,0
0.0,-1.0353453327523923,0.29965033580744427,0.0,1.0,1.0,0.0,0.0,1.0,1.0,0.0,1.0,0.0,0
1.0,1.1260188141330578,1.2580148604984929,0.0,1.0,0.0,1.0,0.0,1.0,0.0,1.0,0.0,1.0,0
1.0,0.7446016117415077,-0.20180029329079818,1.0,0.0,0.0,1.0,0.0,1.0,0.0,1.0,1.0,0.0,1
1.0,1.3802969490607577,1.2398702653666487,0.0,1.0,0.0,0.0,0.0,0.0,1.0,0.0,0.0,1.0,0
1.0,1.5074360165246077,0.78955440436724,1.0,0.0,0.0,0.0,0.0,1.0,0.0,1.0,0.0,1.0,0
1.0,0.4903234768138078,0.6938829027629704,0.0,1.0,1.0,0.0,0.0,1.0,1.0,0.0,0.0,1.0,0
0.0,-0.7386875086700756,-0.5234544797189471,1.0,0.0,1.0,0.0,0.0,1.0,1.0,0.0,1.0,0.0,0
0.0,-0.7386875086700756,0.31119689634589043,0.0,1.0,1.0,0.0,1.0,0.0,1.0,0.0,1.0,0.0,0
0.0,-1.332003156834709,-0.6653122234770024,1.0,0.0,1.0,0.0,0.0,0.0,1.0,0.0,1.0,0.0,1
1.0,1.5074360165246077,1.2514168259050948,0.0,1.0,0.0,1.0,0.0,0.0,0.0,1.0,0.0,1.0,0
1.0,1.5074360165246077,0.9759488816307316,0.0,1.0,0.0,0.0,0.0,0.0,1.0,0.0,1.0,0.0,0
1.0,1.5498157056792243,0.6180055049388944,1.0,0.0,0.0,0.0,1.0,0.0,0.0,1.0,0.0,1.0,0
0.0,-1.2896234676800922,0.5470766330598664,0.0,1.0,1.0,0.0,0.0,1.0,1.0,0.0,1.0,0.0,0
1.0,0.4479437876591911,-1.5362527898055285,0.0,0.0,1.0,0.0,0.0,1.0,0.0,0.0,0.0,0.0,0
1.0,1.0836391249784412,-0.5432485834991406,1.0,0.0,0.0,1.0,1.0,0.0,0.0,1.0,1.0,0.0,0
0.0,-1.2048640893708589,0.44480709686219877,0.0,1.0,1.0,0.0,0.0,0.0,0.0,1.0,1.0,0.0,1
1.0,1.0836391249784412,-1.3581058557837846,0.0,0.0,0.0,0.0,1.0,0.0,0.0,0.0,0.0,0.0,0
1.0,1.3802969490607577,0.6114074703454964,0.0,1.0,0.0,0.0,1.0,0.0,0.0,1.0,1.0,0.0,0
0.0,-1.4167625351439423,0.8109980167957834,0.0,1.0,1.0,0.0,0.0,0.0,0.0,1.0,1.0,0.0,0
1.0,-0.44202968458775893,-1.2987235444432033,0.0,0.0,0.0,1.0,0.0,0.0,0.0,0.0,0.0,0.0,0
0.0,1.2955375707515244,0.8175960513891815,0.0,1.0,0.0,0.0,0.0,0.0,0.0,1.0,1.0,0.0,0
1.0,-0.06061248219620892,-0.17540815491720635,1.0,0.0,1.0,0.0,1.0,0.0,0.0,1.0,1.0,0.0,0
0.0,1.5498157056792243,1.500492631805867,0.0,1.0,0.0,0.0,0.0,1.0,1.0,0.0,0.0,1.0,0
1.0,0.6174625442776578,-0.7164469915758362,1.0,0.0,0.0,1.0,1.0,0.0,0.0,1.0,0.0,1.0,0
0.0,-1.332003156834709,0.6559442038509321,0.0,1.0,1.0,0.0,0.0,1.0,1.0,0.0,1.0,0.0,0
1.0,-1.1624844002162422,-1.5181081946736843,0.0,0.0,0.0,0.0,0.0,0.0,0.0,0.0,0.0,0.0,0
1.0,0.4903234768138078,-1.5214072119703834,0.0,0.0,0.0,1.0,0.0,0.0,0.0,0.0,0.0,0.0,0
1.0,0.5750828551230411,-0.3568541062356493,1.0,0.0,0.0,1.0,0.0,1.0,0.0,1.0,1.0,0.0,0
0.0,-1.332003156834709,-1.5214072119703834,0.0,0.0,1.0,0.0,1.0,0.0,0.0,0.0,0.0,0.0,0
0.0,-1.0353453327523923,0.24191753311521239,0.0,1.0,1.0,0.0,0.0,1.0,0.0,1.0,1.0,0.0,1
0.0,-0.3572703062785256,-1.551098367640674,0.0,0.0,1.0,0.0,0.0,0.0,0.0,0.0,0.0,0.0,0
0.0,1.2107781924422911,1.6143087285419808,0.0,1.0,0.0,0.0,1.0,0.0,0.0,1.0,0.0,1.0,0
0.0,-1.077725021907009,-0.6801578013121478,1.0,0.0,1.0,0.0,0.0,1.0,1.0,0.0,1.0,0.0,1
1.0,1.5074360165246077,-1.3432602779486391,0.0,0.0,0.0,0.0,0.0,0.0,0.0,0.0,0.0,0.0,0
1.0,-0.5691687520516089,0.6246035395322919,0.0,1.0,1.0,0.0,0.0,1.0,1.0,0.0,1.0,0.0,1
1.0,-0.6539281303608423,0.8192455600375309,0.0,1.0,0.0,1.0,1.0,0.0,1.0,0.0,0.0,1.0,0
1.0,-0.3996499954331423,-1.325115682816795,0.0,0.0,0.0,1.0,0.0,0.0,0.0,0.0,0.0,0.0,0
0.0,-1.332003156834709,-0.020354341972355243,1.0,0.0,1.0,0.0,0.0,0.0,1.0,0.0,1.0,0.0,0
1.0,1.465056327369991,0.4365595536204514,1.0,0.0,0.0,1.0,1.0,0.0,0.0,1.0,0.0,1.0,0
0.0,-1.3743828459893257,-1.528005246563781,0.0,0.0,1.0,0.0,0.0,0.0,0.0,0.0,0.0,0.0,1
1.0,1.5498157056792243,0.6246035395322919,1.0,0.0,0.0,0.0,0.0,0.0,0.0,1.0,0.0,1.0,0
1.0,0.9988797466692078,1.152446307004126,0.0,1.0,1.0,0.0,0.0,1.0,1.0,0.0,0.0,1.0,1
0.0,-1.332003156834709,-0.5069593932354522,1.0,0.0,1.0,0.0,0.0,0.0,1.0,0.0,1.0,0.0,0
1.0,0.024146896113024417,1.264612895091891,0.0,1.0,1.0,0.0,0.0,0.0,0.0,1.0,0.0,1.0,0
0.0,-0.5267890628969922,0.428312010378704,0.0,1.0,1.0,0.0,0.0,1.0,1.0,0.0,1.0,0.0,1
1.0,1.1683985032876745,1.1343017118722818,0.0,1.0,1.0,0.0,0.0,1.0,0.0,1.0,0.0,1.0,1
0.0,1.5074360165246077,1.5499778912563513,0.0,1.0,0.0,0.0,0.0,0.0,0.0,1.0,0.0,1.0,0
1.0,1.5498157056792243,1.4213162166850917,0.0,1.0,0.0,1.0,0.0,1.0,1.0,0.0,0.0,1.0,1
1.0,1.3802969490607577,1.5037916491025656,0.0,1.0,0.0,0.0,0.0,0.0,0.0,1.0,0.0,1.0,0
0.0,0.1512859635768744,-0.6966528877956426,1.0,0.0,0.0,1.0,1.0,0.0,0.0,1.0,0.0,1.0,0
1.0,-0.8234468869793089,-0.5350010402573933,1.0,0.0,1.0,0.0,0.0,1.0,1.0,0.0,0.0,1.0,1
1.0,-1.2472437785254755,0.11985389313735068,0.0,1.0,1.0,0.0,0.0,1.0,1.0,0.0,1.0,0.0,0
0.0,-1.4167625351439423,-1.528005246563781,0.0,0.0,1.0,0.0,0.0,0.0,0.0,0.0,0.0,0.0,0
1.0,1.465056327369991,0.31284640499424027,0.0,1.0,0.0,0.0,0.0,0.0,1.0,0.0,1.0,0.0,0
1.0,-1.077725021907009,0.1363489796208455,0.0,1.0,1.0,0.0,0.0,1.0,1.0,0.0,1.0,0.0,1
0.0,1.1260188141330578,0.1066578239505551,1.0,0.0,0.0,0.0,1.0,0.0,0.0,1.0,1.0,0.0,0
0.0,-0.10299217135082558,-0.2232439057193414,1.0,0.0,0.0,1.0,0.0,1.0,0.0,1.0,1.0,0.0,0
0.0,-1.2896234676800922,1.0006915113559738,0.0,1.0,1.0,0.0,1.0,0.0,1.0,0.0,0.0,1.0,1
0.0,0.7022219225868911,0.2584126195987072,1.0,0.0,0.0,1.0,0.0,0.0,0.0,1.0,0.0,1.0,0
0.0,-0.4844093737423756,0.984196424872479,0.0,1.0,1.0,0.0,0.0,1.0,1.0,0.0,0.0,1.0,1
1.0,1.2531578815969078,1.2596643691468423,0.0,1.0,1.0,0.0,0.0,1.0,1.0,0.0,0.0,1.0,0
1.0,1.5498157056792243,1.5945146247617872,0.0,1.0,0.0,0.0,0.0,0.0,0.0,1.0,0.0,1.0,0
0.0,0.5750828551230411,-1.1865569563554383,1.0,0.0,1.0,0.0,1.0,0.0,1.0,0.0,1.0,0.0,0
1.0,-0.44202968458775893,0.733471110323358,0.0,1.0,1.0,0.0,1.0,0.0,1.0,0.0,1.0,0.0,0
1.0,1.5074360165246077,0.7186255324882126,1.0,0.0,0.0,0.0,1.0,0.0,0.0,1.0,0.0,1.0,0
1.0,0.8717406792053578,0.35243461255462744,0.0,1.0,1.0,0.0,1.0,0.0,1.0,0.0,1.0,0.0,0
0.0,1.3802969490607577,0.35408412120297733,1.0,0.0,0.0,1.0,0.0,0.0,0.0,1.0,1.0,0.0,0
0.0,0.7446016117415077,-1.5313042638604801,0.0,0.0,0.0,0.0,1.0,0.0,0.0,0.0,0.0,0.0,1
1.0,-0.8658265761339256,1.2926545421138318,0.0,1.0,1.0,0.0,1.0,0.0,1.0,0.0,0.0,1.0,0
0.0,-0.7810671978246922,0.9248141135318978,0.0,1.0,1.0,0.0,0.0,1.0,1.0,0.0,0.0,1.0,0
1.0,1.337917259906141,-1.3152186309266982,0.0,0.0,0.0,0.0,0.0,0.0,0.0,0.0,0.0,0.0,0
1.0,-0.5267890628969922,0.9545052692021881,0.0,1.0,1.0,0.0,0.0,1.0,0.0,1.0,0.0,1.0,0
0.0,-1.3743828459893257,-0.6867558359055456,1.0,0.0,1.0,0.0,0.0,1.0,1.0,0.0,1.0,0.0,1
0.0,0.1512859635768744,-1.5263557379154318,0.0,0.0,0.0,1.0,0.0,0.0,0.0,0.0,0.0,0.0,0
0.0,-0.950585954443159,-0.37499870136749375,1.0,0.0,1.0,0.0,0.0,1.0,1.0,0.0,1.0,0.0,0
0.0,-0.696307819515459,-1.5263557379154318,0.0,0.0,1.0,0.0,0.0,0.0,0.0,0.0,0.0,0.0,0
1.0,-0.14537186050544226,0.6575937124992816,0.0,1.0,1.0,0.0,0.0,1.0,1.0,0.0,0.0,1.0,0
1.0,0.4479437876591911,0.4893438303676346,1.0,0.0,0.0,0.0,0.0,0.0,0.0,1.0,0.0,1.0,0
1.0,1.465056327369991,0.261711636895406,1.0,0.0,0.0,1.0,0.0,0.0,0.0,1.0,1.0,0.0,0
0.0,0.5750828551230411,1.0732698918833512,0.0,1.0,1.0,0.0,0.0,1.0,1.0,0.0,0.0,1.0,0
1.0,-1.2048640893708589,1.1804879540260673,0.0,1.0,1.0,0.0,0.0,1.0,1.0,0.0,0.0,1.0,1
0.0,-1.4167625351439423,0.8241940859825795,0.0,1.0,1.0,0.0,0.0,1.0,0.0,1.0,0.0,1.0,0
0.0,-0.9082062652885423,0.8011009649056867,0.0,1.0,1.0,0.0,0.0,0.0,1.0,0.0,0.0,1.0,1
0.0,-1.2472437785254755,-1.5379022984538782,0.0,0.0,1.0,0.0,0.0,0.0,0.0,0.0,0.0,0.0,0
0.0,-1.077725021907009,0.4794467784775378,0.0,1.0,1.0,0.0,1.0,0.0,1.0,0.0,1.0,0.0,1
1.0,-0.27251092796929227,1.0666718572899532,0.0,1.0,1.0,0.0,0.0,1.0,1.0,0.0,0.0,1.0,1
1.0,0.23604534188610776,0.6608927297959808,0.0,1.0,0.0,1.0,1.0,0.0,1.0,0.0,1.0,0.0,0
1.0,0.5327031659684244,0.12975094502744747,1.0,0.0,0.0,0.0,0.0,0.0,0.0,1.0,1.0,0.0,0
1.0,1.2531578815969078,-1.528005246563781,0.0,0.0,0.0,0.0,0.0,0.0,0.0,0.0,0.0,0.0,0
0.0,-1.2896234676800922,-1.528005246563781,0.0,0.0,1.0,0.0,0.0,0.0,0.0,0.0,0.0,0.0,1
1.0,-0.4844093737423756,-1.486767530355044,0.0,0.0,0.0,0.0,0.0,0.0,0.0,0.0,0.0,0.0,0
1.0,1.465056327369991,0.47614776118083857,1.0,0.0,0.0,0.0,1.0,0.0,0.0,1.0,0.0,1.0,0
0.0,-0.3996499954331423,-0.3337609851587567,1.0,0.0,0.0,1.0,0.0,0.0,1.0,0.0,1.0,0.0,0
0.0,0.5327031659684244,1.360284396696161,0.0,1.0,1.0,0.0,1.0,0.0,1.0,0.0,0.0,1.0,1
0.0,-1.2896234676800922,0.832441629224327,0.0,1.0,1.0,0.0,0.0,1.0,1.0,0.0,0.0,1.0,1
0.0,-0.01823279304159225,0.9677013383889842,0.0,1.0,1.0,0.0,0.0,1.0,1.0,0.0,0.0,1.0,0
1.0,0.7869813008961244,0.4547041487522956,0.0,1.0,0.0,0.0,1.0,0.0,1.0,0.0,1.0,0.0,0
0.0,-0.950585954443159,0.23696900717016375,1.0,0.0,1.0,0.0,0.0,0.0,1.0,0.0,0.0,1.0,0
1.0,1.5074360165246077,-0.21334685382924437,1.0,0.0,0.0,0.0,1.0,0.0,0.0,1.0,0.0,1.0,0
0.0,-1.2472437785254755,0.78955440436724,0.0,1.0,1.0,0.0,0.0,1.0,1.0,0.0,0.0,1.0,1
1.0,1.4226766382153744,1.2811079815753856,0.0,1.0,0.0,0.0,0.0,1.0,1.0,0.0,0.0,1.0,0
0.0,-0.44202968458775893,0.1182043844890013,0.0,1.0,1.0,0.0,0.0,1.0,1.0,0.0,1.0,0.0,0
1.0,1.3802969490607577,0.8423386811144237,1.0,0.0,0.0,0.0,0.0,1.0,0.0,1.0,0.0,1.0,0
1.0,-1.3743828459893257,0.2782067233789008,0.0,1.0,1.0,0.0,1.0,0.0,1.0,0.0,1.0,0.0,0
0.0,0.19366565273149108,0.6180055049388944,0.0,1.0,1.0,0.0,0.0,1.0,1.0,0.0,0.0,1.0,0
1.0,1.465056327369991,-1.5412013157505768,0.0,0.0,0.0,0.0,1.0,0.0,0.0,0.0,0.0,0.0,0
1.0,1.5074360165246077,-1.3383117520035908,0.0,0.0,0.0,0.0,0.0,0.0,0.0,0.0,0.0,0.0,0
0.0,1.5074360165246077,0.7813068611254926,1.0,0.0,0.0,0.0,0.0,0.0,0.0,1.0,0.0,1.0,0
0.0,0.23604534188610776,0.26666016284045463,0.0,1.0,1.0,0.0,0.0,1.0,1.0,0.0,1.0,0.0,0
0.0,-0.7810671978246922,1.1755394280810187,0.0,1.0,1.0,0.0,0.0,1.0,1.0,0.0,0.0,1.0,0
1.0,-1.332003156834709,0.46790021793909115,0.0,1.0,1.0,0.0,0.0,1.0,1.0,0.0,0.0,1.0,1
0.0,-1.1624844002162422,-1.2145986033773797,1.0,0.0,1.0,0.0,0.0,0.0,0.0,1.0,1.0,0.0,0
1.0,0.5327031659684244,0.8208950686858802,0.0,1.0,1.0,0.0,0.0,0.0,1.0,0.0,1.0,0.0,0
0.0,-0.950585954443159,-1.5098606514319368,0.0,0.0,1.0,0.0,0.0,1.0,0.0,0.0,0.0,0.0,0
1.0,-1.3743828459893257,-0.8533562093888434,1.0,0.0,1.0,0.0,0.0,0.0,1.0,0.0,1.0,0.0,0
1.0,1.0836391249784412,1.0600738226965551,0.0,1.0,0.0,1.0,0.0,0.0,1.0,0.0,0.0,1.0,0
1.0,0.1512859635768744,-1.3515078211903866,0.0,0.0,0.0,0.0,0.0,0.0,0.0,0.0,0.0,0.0,0
0.0,-0.9929656435977756,0.03572895207152722,1.0,0.0,1.0,0.0,0.0,1.0,0.0,1.0,1.0,0.0,0
1.0,1.5498157056792243,1.3965735869598495,0.0,1.0,0.0,1.0,1.0,0.0,1.0,0.0,0.0,1.0,0
1.0,1.2107781924422911,-1.5296547552121307,0.0,0.0,0.0,1.0,1.0,0.0,0.0,0.0,0.0,0.0,0
0.0,-0.696307819515459,0.4134664325435586,0.0,1.0,1.0,0.0,1.0,0.0,1.0,0.0,0.0,1.0,0
0.0,0.06652658526764109,1.152446307004126,0.0,1.0,1.0,0.0,0.0,1.0,1.0,0.0,0.0,1.0,1
1.0,1.3802969490607577,0.6097579616971469,0.0,1.0,1.0,0.0,0.0,1.0,1.0,0.0,1.0,0.0,0
1.0,-1.4167625351439423,0.1379984882691949,0.0,1.0,1.0,0.0,0.0,1.0,1.0,0.0,1.0,0.0,0
1.0,1.5498157056792243,-1.3861475028057257,0.0,0.0,0.0,0.0,0.0,0.0,0.0,0.0,0.0,0.0,0
0.0,-0.3572703062785256,-0.41953543487292955,1.0,0.0,1.0,0.0,0.0,0.0,0.0,1.0,1.0,0.0,0
0.0,-1.4167625351439423,0.2815057406756,0.0,1.0,1.0,0.0,0.0,1.0,1.0,0.0,1.0,0.0,1
1.0,-0.950585954443159,-0.3865452619059399,1.0,0.0,1.0,0.0,0.0,1.0,0.0,1.0,0.0,1.0,1
0.0,-1.1201047110616256,-1.5329537725088296,0.0,0.0,1.0,0.0,0.0,0.0,0.0,0.0,0.0,0.0,0
1.0,1.4226766382153744,-1.3597553644321339,0.0,0.0,0.0,0.0,0.0,0.0,0.0,0.0,0.0,0.0,0
1.0,-0.7386875086700756,-0.15396454248866315,1.0,0.0,0.0,1.0,0.0,0.0,0.0,1.0,1.0,0.0,0
1.0,-1.2048640893708589,0.971000355685683,0.0,1.0,1.0,0.0,1.0,0.0,1.0,0.0,0.0,1.0,1
1.0,0.8717406792053578,-1.3811989768606774,0.0,0.0,0.0,1.0,0.0,1.0,0.0,0.0,0.0,0.0,0
1.0,1.5498157056792243,1.429563759926839,0.0,1.0,0.0,0.0,0.0,0.0,0.0,1.0,0.0,1.0,0
1.0,-0.4844093737423756,0.4184149584886067,0.0,1.0,1.0,0.0,0.0,1.0,0.0,1.0,1.0,0.0,1
1.0,0.36318440934995777,0.9874954421691778,0.0,1.0,1.0,0.0,0.0,1.0,1.0,0.0,0.0,1.0,1
0.0,1.0412594358238245,-0.15726355978536216,1.0,0.0,0.0,0.0,0.0,1.0,0.0,1.0,1.0,0.0,0
1.0,1.5074360165246077,1.436161794520237,0.0,1.0,0.0,0.0,1.0,0.0,0.0,1.0,0.0,1.0,0
0.0,-1.332003156834709,-0.058293040884393035,1.0,0.0,1.0,0.0,0.0,0.0,1.0,0.0,0.0,1.0,0
0.0,-1.4167625351439423,-0.3865452619059399,1.0,0.0,1.0,0.0,0.0,0.0,0.0,1.0,1.0,0.0,0
0.0,-0.9929656435977756,0.6262530481806418,0.0,1.0,0.0,1.0,0.0,0.0,0.0,1.0,0.0,1.0,0
0.0,-0.3148906171239089,0.8192455600375309,0.0,1.0,1.0,0.0,0.0,1.0,1.0,0.0,1.0,0.0,0
0.0,-1.1201047110616256,0.14294701421424352,0.0,1.0,1.0,0.0,0.0,1.0,1.0,0.0,1.0,0.0,0
0.0,-0.5691687520516089,0.5124369514445274,0.0,1.0,1.0,0.0,0.0,1.0,0.0,1.0,1.0,0.0,0
1.0,0.36318440934995777,-0.39149378785098854,1.0,0.0,0.0,1.0,0.0,1.0,1.0,0.0,0.0,1.0,0
1.0,1.1260188141330578,-1.4026425892892207,0.0,0.0,0.0,0.0,1.0,0.0,0.0,0.0,0.0,0.0,0
0.0,0.2784250310407244,-0.38324624460924117,1.0,0.0,1.0,0.0,0.0,0.0,0.0,1.0,1.0,0.0,0
0.0,-0.3572703062785256,-1.5032626168385388,0.0,0.0,0.0,0.0,0.0,0.0,0.0,0.0,0.0,0.0,0
0.0,0.9141203683599745,1.5433798566629533,0.0,1.0,0.0,0.0,1.0,0.0,0.0,1.0,0.0,1.0,1
0.0,-0.9929656435977756,0.34418706931288007,0.0,1.0,1.0,0.0,0.0,1.0,1.0,0.0,1.0,0.0,0
0.0,0.6598422334322744,-1.5527478762890232,0.0,0.0,0.0,1.0,0.0,1.0,0.0,0.0,0.0,0.0,0
0.0,0.36318440934995777,0.7582137400486003,0.0,1.0,0.0,1.0,0.0,0.0,1.0,0.0,1.0,0.0,0
1.0,0.6598422334322744,-1.5428508243989265,0.0,0.0,0.0,1.0,0.0,0.0,0.0,0.0,0.0,0.0,0
1.0,0.9565000575145911,-0.211697345180895,1.0,0.0,0.0,0.0,0.0,0.0,0.0,1.0,0.0,1.0,0
1.0,-0.3148906171239089,-1.3350127347068916,0.0,0.0,1.0,0.0,0.0,0.0,0.0,0.0,0.0,0.0,0
1.0,-0.27251092796929227,0.4596526746973438,1.0,0.0,1.0,0.0,0.0,0.0,1.0,0.0,0.0,1.0,0
0.0,-1.1201047110616256,0.2765572147305514,0.0,1.0,1.0,0.0,0.0,1.0,1.0,0.0,1.0,0.0,1
0.0,-1.0353453327523923,-0.38159673596089155,1.0,0.0,0.0,1.0,0.0,0.0,0.0,1.0,1.0,0.0,0
0.0,-0.9929656435977756,0.984196424872479,0.0,1.0,1.0,0.0,0.0,1.0,1.0,0.0,0.0,1.0,1
1.0,1.1260188141330578,0.7796573524771433,0.0,1.0,1.0,0.0,1.0,0.0,1.0,0.0,1.0,0.0,0
0.0,1.465056327369991,-0.6900548532022446,1.0,0.0,0.0,1.0,0.0,1.0,1.0,0.0,0.0,1.0,1
1.0,-1.4167625351439423,0.27160868878550326,0.0,1.0,1.0,0.0,0.0,1.0,0.0,1.0,1.0,0.0,1
0.0,1.1683985032876745,-0.2512855527412826,1.0,0.0,0.0,1.0,0.0,0.0,1.0,0.0,1.0,0.0,0
0.0,-1.4167625351439423,-0.3881947705542895,1.0,0.0,1.0,0.0,0.0,0.0,1.0,0.0,1.0,0.0,1
0.0,-1.3743828459893257,0.3260424741810359,0.0,1.0,1.0,0.0,0.0,1.0,1.0,0.0,1.0,0.0,1
1.0,1.337917259906141,-1.3383117520035908,0.0,0.0,0.0,0.0,0.0,0.0,0.0,0.0,0.0,0.0,0
1.0,0.9565000575145911,1.4163676907400429,0.0,1.0,0.0,0.0,0.0,0.0,0.0,1.0,0.0,1.0,0
0.0,1.5498157056792243,-1.5461498416956256,0.0,0.0,0.0,0.0,1.0,0.0,0.0,0.0,0.0,0.0,0
0.0,0.7022219225868911,1.216777144289756,0.0,1.0,1.0,0.0,0.0,1.0,1.0,0.0,0.0,1.0,0
0.0,1.337917259906141,1.6472989015089703,0.0,1.0,0.0,0.0,0.0,0.0,0.0,1.0,0.0,1.0,0
0.0,-1.2048640893708589,-1.5214072119703834,0.0,0.0,0.0,1.0,0.0,0.0,0.0,0.0,0.0,0.0,0
0.0,-0.9082062652885423,-0.5300525143123449,1.0,0.0,1.0,0.0,1.0,0.0,0.0,1.0,1.0,0.0,0
0.0,0.7022219225868911,-1.4900665476517432,0.0,0.0,0.0,0.0,1.0,0.0,0.0,0.0,0.0,0.0,0
0.0,-0.2301312388146756,-0.7147974829274868,1.0,0.0,1.0,0.0,0.0,1.0,1.0,0.0,0.0,1.0,0
0.0,-1.1201047110616256,-1.5181081946736843,0.0,0.0,1.0,0.0,1.0,0.0,0.0,0.0,0.0,0.0,0
0.0,-0.44202968458775893,0.9413092000153926,0.0,1.0,1.0,0.0,1.0,0.0,1.0,0.0,0.0,1.0,1
0.0,-1.3743828459893257,0.46790021793909115,0.0,1.0,1.0,0.0,0.0,1.0,1.0,0.0,1.0,0.0,0
1.0,1.2107781924422911,0.8060494908507349,1.0,0.0,0.0,0.0,0.0,0.0,0.0,1.0,0.0,1.0,0
1.0,1.2107781924422911,1.0138875805427698,0.0,1.0,0.0,1.0,0.0,0.0,0.0,1.0,0.0,1.0,0
1.0,0.9988797466692078,0.796152438960638,1.0,0.0,0.0,0.0,0.0,0.0,0.0,1.0,0.0,1.0,0
1.0,1.1683985032876745,1.2745099469819876,0.0,1.0,0.0,0.0,1.0,0.0,1.0,0.0,0.0,1.0,0
1.0,1.4226766382153744,1.3256447150808215,0.0,1.0,0.0,0.0,0.0,0.0,0.0,1.0,0.0,1.0,0
1.0,1.2531578815969078,-1.5098606514319368,0.0,0.0,0.0,0.0,0.0,0.0,0.0,0.0,0.0,0.0,0
1.0,0.9141203683599745,1.035331192971313,0.0,1.0,0.0,1.0,0.0,0.0,1.0,0.0,0.0,1.0,0
0.0,-0.01823279304159225,1.0848164524217974,0.0,1.0,1.0,0.0,0.0,1.0,1.0,0.0,0.0,1.0,1
0.0,-0.8234468869793089,0.8918239405649082,0.0,1.0,1.0,0.0,0.0,0.0,1.0,0.0,1.0,0.0,1
0.0,-0.01823279304159225,0.19573129096142672,1.0,0.0,0.0,1.0,0.0,0.0,1.0,0.0,0.0,1.0,0
1.0,1.5498157056792243,1.4675024588388772,0.0,1.0,0.0,0.0,0.0,0.0,0.0,1.0,0.0,1.0,0
1.0,1.1683985032876745,1.2283237048282025,0.0,1.0,1.0,0.0,0.0,1.0,1.0,0.0,0.0,1.0,1
1.0,1.5498157056792243,1.5961641334101366,0.0,1.0,0.0,0.0,1.0,0.0,0.0,1.0,0.0,1.0,0
1.0,-0.4844093737423756,-0.2578835873346804,1.0,0.0,0.0,1.0,0.0,1.0,0.0,1.0,1.0,0.0,0
1.0,-0.8234468869793089,1.5433798566629533,0.0,1.0,1.0,0.0,0.0,1.0,0.0,1.0,0.0,1.0,0
1.0,1.5074360165246077,0.4794467784775378,0.0,1.0,0.0,0.0,0.0,0.0,0.0,1.0,1.0,0.0,0
1.0,-0.3572703062785256,-1.5049121254868885,0.0,0.0,0.0,1.0,0.0,0.0,0.0,0.0,0.0,0.0,0
0.0,-1.2472437785254755,-1.4999635995418399,0.0,0.0,1.0,0.0,0.0,0.0,0.0,0.0,0.0,0.0,0
0.0,-0.8658265761339256,-1.5296547552121307,0.0,0.0,1.0,0.0,0.0,0.0,0.0,0.0,0.0,0.0,0
1.0,0.7022219225868911,-1.5494488589923243,0.0,0.0,0.0,0.0,0.0,0.0,0.0,0.0,0.0,0.0,0
0.0,1.0836391249784412,-1.5412013157505768,0.0,0.0,0.0,1.0,1.0,0.0,0.0,0.0,0.0,0.0,0
0.0,0.1512859635768744,-0.5399495662024418,1.0,0.0,0.0,0.0,1.0,0.0,1.0,0.0,1.0,0.0,0
1.0,0.7869813008961244,1.6308038150254756,0.0,1.0,0.0,1.0,1.0,0.0,0.0,1.0,0.0,1.0,0
0.0,-0.10299217135082558,-1.0595447904325286,1.0,0.0,0.0,1.0,0.0,0.0,0.0,1.0,1.0,0.0,0
0.0,0.5750828551230411,1.2151276356414065,0.0,1.0,0.0,1.0,1.0,0.0,0.0,1.0,1.0,0.0,0
0.0,-1.1201047110616256,-1.5576964022340718,0.0,0.0,1.0,0.0,0.0,0.0,0.0,0.0,0.0,0.0,1
0.0,-0.9929656435977756,-1.544500333047276,0.0,0.0,0.0,0.0,1.0,0.0,0.0,0.0,0.0,0.0,0
1.0,0.6598422334322744,0.9066695184000536,0.0,1.0,0.0,1.0,1.0,0.0,0.0,1.0,1.0,0.0,0
1.0,1.2531578815969078,0.8011009649056867,1.0,0.0,0.0,0.0,0.0,0.0,0.0,1.0,0.0,1.0,0
0.0,0.19366565273149108,0.2848047579722988,0.0,1.0,1.0,0.0,0.0,0.0,1.0,0.0,1.0,0.0,0
0.0,-0.4844093737423756,0.7714098092353958,0.0,1.0,1.0,0.0,0.0,1.0,1.0,0.0,1.0,0.0,0
1.0,0.9565000575145911,-1.3746009422672794,0.0,0.0,0.0,1.0,0.0,0.0,0.0,0.0,0.0,0.0,0
0.0,0.36318440934995777,-1.5098606514319368,0.0,0.0,0.0,0.0,0.0,0.0,0.0,0.0,0.0,0.0,0
1.0,1.4226766382153744,0.9627528124439356,0.0,1.0,1.0,0.0,1.0,0.0,1.0,0.0,1.0,0.0,0
1.0,-1.2896234676800922,-1.328414700113494,0.0,0.0,1.0,0.0,1.0,0.0,0.0,0.0,0.0,0.0,1
0.0,-1.4167625351439423,0.30624837040084224,0.0,1.0,1.0,0.0,0.0,0.0,1.0,0.0,1.0,0.0,1
0.0,-1.2896234676800922,0.17428767853288374,0.0,1.0,1.0,0.0,0.0,0.0,1.0,0.0,1.0,0.0,0
1.0,1.5074360165246077,-1.3762504509156288,0.0,0.0,0.0,0.0,0.0,0.0,0.0,0.0,0.0,0.0,0
1.0,1.0836391249784412,0.5272825292796729,0.0,1.0,1.0,0.0,0.0,1.0,1.0,0.0,1.0,0.0,0
0.0,-0.7810671978246922,0.1264519277307487,0.0,1.0,1.0,0.0,0.0,1.0,1.0,0.0,1.0,0.0,1
1.0,1.4226766382153744,1.4048211302015967,0.0,1.0,0.0,1.0,1.0,0.0,1.0,0.0,0.0,1.0,0
1.0,0.2784250310407244,1.1293531859272337,0.0,1.0,0.0,0.0,0.0,1.0,1.0,0.0,0.0,1.0,0
0.0,-0.5691687520516089,0.8918239405649082,0.0,1.0,1.0,0.0,0.0,0.0,1.0,0.0,0.0,1.0,0
1.0,-0.06061248219620892,-0.06489107547779105,1.0,0.0,0.0,1.0,1.0,0.0,1.0,0.0,0.0,1.0,0
0.0,-0.8658265761339256,0.8192455600375309,0.0,1.0,1.0,0.0,0.0,1.0,1.0,0.0,0.0,1.0,0
1.0,0.9988797466692078,-0.02200385062070463,1.0,0.0,0.0,1.0,0.0,0.0,0.0,1.0,1.0,0.0,0
1.0,1.5498157056792243,0.462951691994043,1.0,0.0,0.0,0.0,1.0,0.0,0.0,1.0,0.0,1.0,0
0.0,-1.077725021907009,0.43161102767540277,0.0,1.0,1.0,0.0,0.0,1.0,1.0,0.0,1.0,0.0,1
1.0,-0.5267890628969922,0.5173854773895756,0.0,1.0,0.0,1.0,0.0,0.0,0.0,1.0,1.0,0.0,0
0.0,-1.2048640893708589,-1.3795494682123277,1.0,0.0,0.0,1.0,0.0,0.0,1.0,0.0,1.0,0.0,0
0.0,-1.332003156834709,0.7598632486969497,0.0,1.0,1.0,0.0,0.0,1.0,1.0,0.0,0.0,1.0,1
1.0,0.6598422334322744,-1.5379022984538782,0.0,0.0,0.0,0.0,0.0,0.0,0.0,0.0,0.0,0.0,0
0.0,-1.077725021907009,0.45140513145559635,0.0,1.0,1.0,0.0,0.0,1.0,1.0,0.0,1.0,0.0,0
1.0,0.6174625442776578,1.096363012960244,0.0,1.0,0.0,1.0,0.0,1.0,1.0,0.0,0.0,1.0,0
1.0,1.2531578815969078,-0.3634521408290473,1.0,0.0,1.0,0.0,0.0,0.0,0.0,1.0,1.0,0.0,0
1.0,1.1260188141330578,0.7565642314002504,0.0,1.0,0.0,0.0,0.0,0.0,1.0,0.0,0.0,1.0,0
1.0,1.1683985032876745,1.3635834139928598,0.0,1.0,0.0,1.0,0.0,1.0,1.0,0.0,0.0,1.0,1
1.0,1.3802969490607577,0.2237729379833682,1.0,0.0,0.0,0.0,1.0,0.0,1.0,0.0,0.0,1.0,0
1.0,1.0836391249784412,-0.13252093006011992,1.0,0.0,0.0,0.0,0.0,0.0,0.0,1.0,0.0,1.0,0
0.0,1.2107781924422911,1.1178066253887868,0.0,1.0,0.0,1.0,0.0,0.0,1.0,0.0,0.0,1.0,1
1.0,1.5074360165246077,0.23696900717016375,1.0,0.0,0.0,0.0,0.0,0.0,1.0,0.0,0.0,1.0,0
1.0,-0.44202968458775893,-1.5214072119703834,0.0,0.0,0.0,1.0,0.0,0.0,0.0,0.0,0.0,0.0,0
1.0,-1.0353453327523923,-1.5032626168385388,0.0,0.0,0.0,1.0,0.0,0.0,0.0,0.0,0.0,0.0,0
1.0,1.2531578815969078,-1.3482088038936877,0.0,0.0,0.0,0.0,1.0,0.0,0.0,0.0,0.0,0.0,0
1.0,-0.01823279304159225,-0.653765662938556,1.0,0.0,0.0,0.0,0.0,0.0,0.0,1.0,0.0,1.0,0
1.0,0.829360990050741,0.31614542229093906,1.0,0.0,0.0,1.0,1.0,0.0,0.0,1.0,1.0,0.0,0
0.0,-0.7386875086700756,-1.0743903682676736,1.0,0.0,1.0,0.0,0.0,0.0,0.0,1.0,1.0,0.0,0
0.0,-0.44202968458775893,-1.5181081946736843,0.0,0.0,1.0,0.0,0.0,0.0,0.0,0.0,0.0,0.0,0
1.0,-1.3743828459893257,-1.02325560016884,1.0,0.0,1.0,0.0,0.0,1.0,1.0,0.0,1.0,0.0,1
0.0,0.32080472019534106,-0.3535550889389503,1.0,0.0,0.0,1.0,0.0,1.0,1.0,0.0,1.0,0.0,0
0.0,0.7869813008961244,0.9215150962351986,0.0,1.0,0.0,1.0,0.0,0.0,1.0,0.0,0.0,1.0,0
0.0,-1.2048640893708589,0.44645660551054817,0.0,1.0,1.0,0.0,0.0,1.0,1.0,0.0,0.0,1.0,1
1.0,-0.2301312388146756,-0.5201554624222481,1.0,0.0,1.0,0.0,1.0,0.0,1.0,0.0,1.0,0.0,1
0.0,-1.1201047110616256,-0.5300525143123449,1.0,0.0,1.0,0.0,0.0,1.0,1.0,0.0,1.0,0.0,0
0.0,-0.9929656435977756,1.2910050334654826,0.0,1.0,1.0,0.0,0.0,1.0,1.0,0.0,0.0,1.0,0
0.0,-0.9929656435977756,1.1145076080920882,0.0,1.0,1.0,0.0,0.0,0.0,1.0,0.0,0.0,1.0,1
1.0,1.5074360165246077,0.9677013383889842,0.0,1.0,0.0,0.0,0.0,0.0,1.0,0.0,1.0,0.0,0
1.0,1.465056327369991,0.4613021833456936,1.0,0.0,0.0,0.0,0.0,0.0,0.0,1.0,0.0,1.0,0
1.0,1.5498157056792243,1.2811079815753856,0.0,1.0,0.0,1.0,0.0,0.0,1.0,0.0,0.0,1.0,0
1.0,0.23604534188610776,1.5648234690914964,0.0,1.0,1.0,0.0,1.0,0.0,0.0,1.0,0.0,1.0,1
1.0,1.5498157056792243,0.4299615190270534,1.0,0.0,0.0,0.0,0.0,0.0,0.0,1.0,0.0,1.0,0
0.0,1.5074360165246077,1.1046105562019914,0.0,1.0,0.0,1.0,0.0,0.0,0.0,1.0,0.0,1.0,0
0.0,-0.6539281303608423,0.6295520654773406,0.0,1.0,1.0,0.0,0.0,1.0,1.0,0.0,0.0,1.0,1
0.0,-0.5267890628969922,0.2501650763569598,1.0,0.0,0.0,1.0,0.0,0.0,1.0,0.0,0.0,1.0,0
0.0,-0.5691687520516089,-1.513159668728636,0.0,0.0,0.0,1.0,0.0,0.0,0.0,0.0,0.0,0.0,0
0.0,-0.44202968458775893,-1.4983140908934904,0.0,0.0,0.0,0.0,0.0,0.0,0.0,0.0,0.0,0.0,0
1.0,0.4055640985045744,0.4893438303676346,1.0,0.0,0.0,0.0,0.0,0.0,0.0,1.0,0.0,1.0,0
0.0,-1.332003156834709,0.28810377526899805,0.0,1.0,1.0,0.0,0.0,1.0,1.0,0.0,1.0,0.0,1
0.0,-1.3743828459893257,-1.5148091773769854,0.0,0.0,1.0,0.0,0.0,1.0,0.0,0.0,0.0,0.0,0
1.0,-0.3572703062785256,-0.5762387564661303,1.0,0.0,0.0,1.0,0.0,0.0,0.0,1.0,1.0,0.0,0
0.0,-0.8234468869793089,-1.5461498416956256,0.0,0.0,0.0,1.0,1.0,0.0,0.0,0.0,0.0,0.0,0
0.0,-0.7810671978246922,-1.506561634135238,0.0,0.0,0.0,1.0,0.0,0.0,0.0,0.0,0.0,0.0,0
1.0,-1.4167625351439423,-0.7114984656307878,1.0,0.0,1.0,0.0,0.0,1.0,1.0,0.0,0.0,1.0,1
1.0,0.7446016117415077,0.9264636221802471,0.0,1.0,0.0,1.0,1.0,0.0,1.0,0.0,0.0,1.0,1
1.0,1.5074360165246077,-1.528005246563781,0.0,0.0,0.0,0.0,0.0,0.0,0.0,0.0,0.0,0.0,0
0.0,-1.4167625351439423,-1.5016131081901896,0.0,0.0,1.0,0.0,0.0,0.0,0.0,0.0,0.0,0.0,1
1.0,1.1260188141330578,1.629154306377126,0.0,1.0,0.0,0.0,1.0,0.0,0.0,1.0,0.0,1.0,0
0.0,-1.1624844002162422,-1.5148091773769854,0.0,0.0,0.0,0.0,0.0,0.0,0.0,0.0,0.0,0.0,0
1.0,0.9565000575145911,-0.5333515316090439,1.0,0.0,0.0,1.0,0.0,0.0,0.0,1.0,0.0,1.0,0
0.0,1.465056327369991,-0.005508764137209815,1.0,0.0,0.0,0.0,0.0,1.0,0.0,1.0,1.0,0.0,0
0.0,-0.44202968458775893,-1.5395518071022276,0.0,0.0,0.0,1.0,1.0,0.0,0.0,0.0,0.0,0.0,0
1.0,0.4055640985045744,0.4167654498402573,1.0,0.0,0.0,1.0,1.0,0.0,0.0,1.0,0.0,1.0,0
1.0,0.7022219225868911,1.4163676907400429,0.0,1.0,1.0,0.0,0.0,1.0,0.0,1.0,0.0,1.0,0
0.0,0.7446016117415077,0.8126475254441329,0.0,1.0,1.0,0.0,0.0,1.0,0.0,1.0,1.0,0.0,0
0.0,-0.8658265761339256,0.4365595536204514,0.0,1.0,1.0,0.0,0.0,1.0,1.0,0.0,1.0,0.0,1
0.0,0.9565000575145911,0.9611033037955862,0.0,1.0,1.0,0.0,0.0,1.0,1.0,0.0,0.0,1.0,0
0.0,0.6174625442776578,-1.0150080569270925,1.0,0.0,0.0,1.0,0.0,0.0,0.0,1.0,1.0,0.0,0
1.0,-0.5691687520516089,-1.5148091773769854,0.0,0.0,0.0,1.0,1.0,0.0,0.0,0.0,0.0,0.0,0
1.0,-0.5267890628969922,-1.5362527898055285,0.0,0.0,0.0,0.0,0.0,0.0,0.0,0.0,0.0,0.0,0
0.0,0.829360990050741,-0.2298419403127392,1.0,0.0,0.0,0.0,0.0,1.0,0.0,1.0,1.0,0.0,0
1.0,-0.44202968458775893,-1.565943945475819,0.0,0.0,0.0,0.0,0.0,0.0,0.0,0.0,0.0,0.0,0
0.0,-1.3743828459893257,1.2811079815753856,0.0,1.0,1.0,0.0,0.0,1.0,1.0,0.0,0.0,1.0,1
0.0,-0.8658265761339256,-0.5712902305210819,1.0,0.0,1.0,0.0,0.0,1.0,1.0,0.0,1.0,0.0,0
0.0,-1.3743828459893257,1.2926545421138318,0.0,1.0,1.0,0.0,1.0,0.0,1.0,0.0,0.0,1.0,1
1.0,1.2531578815969078,0.029130917478129202,1.0,0.0,0.0,1.0,0.0,0.0,0.0,1.0,1.0,0.0,0
1.0,0.6174625442776578,-1.5049121254868885,0.0,0.0,0.0,0.0,0.0,0.0,0.0,0.0,0.0,0.0,0
0.0,-1.2048640893708589,0.302949353104143,0.0,1.0,1.0,0.0,0.0,1.0,1.0,0.0,1.0,0.0,0
1.0,1.5074360165246077,0.9726498643340329,0.0,1.0,0.0,1.0,0.0,0.0,0.0,1.0,0.0,1.0,0
0.0,0.1512859635768744,0.9693508470373337,0.0,1.0,0.0,1.0,0.0,1.0,0.0,1.0,0.0,1.0,1
0.0,-1.2896234676800922,-1.5148091773769854,0.0,0.0,1.0,0.0,0.0,0.0,0.0,0.0,0.0,0.0,0
1.0,-1.2048640893708589,-1.0397506866523347,1.0,0.0,1.0,0.0,0.0,0.0,0.0,1.0,1.0,0.0,0
1.0,-0.4844093737423756,-0.3634521408290473,1.0,0.0,1.0,0.0,0.0,1.0,0.0,1.0,1.0,0.0,0
1.0,-0.5267890628969922,-1.4983140908934904,0.0,0.0,0.0,1.0,0.0,1.0,0.0,0.0,0.0,0.0,0
0.0,-0.01823279304159225,0.6262530481806418,0.0,1.0,0.0,1.0,0.0,1.0,1.0,0.0,0.0,1.0,1
1.0,-0.4844093737423756,-1.3877970114540752,0.0,0.0,0.0,0.0,1.0,0.0,0.0,0.0,0.0,0.0,0
1.0,0.9565000575145911,0.8373901551693751,0.0,1.0,1.0,0.0,0.0,1.0,1.0,0.0,0.0,1.0,0
1.0,1.337917259906141,-0.5020108672904037,1.0,0.0,0.0,0.0,1.0,0.0,0.0,1.0,1.0,0.0,0
0.0,-1.2048640893708589,0.6279025568289911,0.0,1.0,1.0,0.0,0.0,0.0,1.0,0.0,1.0,0.0,1
0.0,-0.18775154966005891,-1.493365564948442,0.0,0.0,0.0,0.0,0.0,0.0,0.0,0.0,0.0,0.0,0
0.0,-0.3996499954331423,0.8274931032792783,0.0,1.0,1.0,0.0,0.0,1.0,1.0,0.0,0.0,1.0,1
1.0,-0.9929656435977756,0.6081084530487971,0.0,1.0,1.0,0.0,0.0,1.0,0.0,1.0,1.0,0.0,0
0.0,-0.5691687520516089,0.5932628752136522,0.0,1.0,1.0,0.0,1.0,0.0,1.0,0.0,0.0,1.0,0
0.0,-0.5267890628969922,-0.5514961267408881,1.0,0.0,0.0,1.0,0.0,1.0,1.0,0.0,1.0,0.0,0
1.0,-0.06061248219620892,-0.17705766356555597,1.0,0.0,0.0,1.0,0.0,0.0,0.0,1.0,1.0,0.0,0
0.0,1.2107781924422911,1.0914144870151954,0.0,1.0,0.0,0.0,0.0,0.0,0.0,1.0,1.0,0.0,0
1.0,1.2531578815969078,0.5949123838620015,1.0,0.0,0.0,0.0,1.0,0.0,1.0,0.0,0.0,1.0,0
0.0,-1.4167625351439423,-0.39644231379603695,1.0,0.0,1.0,0.0,0.0,0.0,1.0,0.0,1.0,0.0,0
0.0,-0.7386875086700756,0.3837752768732677,0.0,1.0,1.0,0.0,0.0,1.0,1.0,0.0,1.0,0.0,0
1.0,0.8717406792053578,1.639051358267223,0.0,1.0,0.0,0.0,0.0,0.0,0.0,1.0,0.0,1.0,0
1.0,-0.27251092796929227,0.78955440436724,0.0,1.0,0.0,1.0,1.0,0.0,0.0,1.0,1.0,0.0,0
0.0,-0.950585954443159,1.01223807189442,0.0,1.0,1.0,0.0,0.0,1.0,1.0,0.0,0.0,1.0,0
0.0,-1.0353453327523923,0.2534640936536586,0.0,1.0,1.0,0.0,0.0,1.0,1.0,0.0,1.0,0.0,1
0.0,-0.696307819515459,-1.534603281157179,0.0,0.0,0.0,0.0,0.0,0.0,0.0,0.0,0.0,0.0,0
1.0,-0.14537186050544226,0.9017209924550049,0.0,1.0,1.0,0.0,0.0,1.0,1.0,0.0,1.0,0.0,0
1.0,1.2107781924422911,1.556575925849749,0.0,1.0,0.0,1.0,0.0,1.0,0.0,1.0,0.0,1.0,0
0.0,-1.2048640893708589,-1.3564563471354352,1.0,0.0,1.0,0.0,1.0,0.0,1.0,0.0,1.0,0.0,0
1.0,1.5498157056792243,-0.3535550889389503,1.0,0.0,0.0,0.0,0.0,0.0,0.0,1.0,1.0,0.0,0
0.0,-0.8234468869793089,-0.1028297743898293,1.0,0.0,1.0,0.0,1.0,0.0,1.0,0.0,1.0,0.0,0
0.0,-1.3743828459893257,0.6476966606091847,0.0,1.0,1.0,0.0,0.0,1.0,1.0,0.0,1.0,0.0,1
0.0,1.1260188141330578,1.470801476135576,0.0,1.0,0.0,1.0,1.0,0.0,1.0,0.0,0.0,1.0,0
1.0,-1.2048640893708589,0.09346175476375906,0.0,1.0,1.0,0.0,0.0,1.0,1.0,0.0,1.0,0.0,1
0.0,-0.5691687520516089,0.4349100449721015,0.0,1.0,1.0,0.0,0.0,1.0,1.0,0.0,1.0,0.0,1
0.0,-0.5267890628969922,-1.5082111427835874,0.0,0.0,0.0,1.0,0.0,0.0,0.0,0.0,0.0,0.0,0
0.0,0.9565000575145911,1.2695614210369395,0.0,1.0,0.0,1.0,0.0,1.0,1.0,0.0,0.0,1.0,1
0.0,0.9988797466692078,-1.544500333047276,0.0,0.0,0.0,0.0,0.0,0.0,0.0,0.0,0.0,0.0,1
0.0,-1.4167625351439423,-0.17540815491720635,1.0,0.0,1.0,0.0,0.0,1.0,1.0,0.0,1.0,0.0,0
0.0,-1.332003156834709,0.4646012006423924,0.0,1.0,1.0,0.0,0.0,1.0,0.0,1.0,1.0,0.0,0
1.0,-0.9929656435977756,-1.391096028750774,0.0,0.0,0.0,0.0,1.0,0.0,0.0,0.0,0.0,0.0,0
0.0,-1.2048640893708589,-0.8599542439822412,1.0,0.0,1.0,0.0,0.0,0.0,1.0,0.0,1.0,0.0,1
1.0,-0.6115484412062256,-1.2426402503993208,1.0,0.0,1.0,0.0,0.0,1.0,0.0,1.0,1.0,0.0,0
1.0,-1.0353453327523923,1.2497673172567454,0.0,1.0,1.0,0.0,1.0,0.0,1.0,0.0,0.0,1.0,1
1.0,-0.27251092796929227,0.09511126341210846,1.0,0.0,0.0,1.0,1.0,0.0,0.0,1.0,0.0,1.0,0
1.0,1.5498157056792243,1.401522112904898,0.0,1.0,0.0,0.0,1.0,0.0,0.0,1.0,0.0,1.0,0
1.0,0.2784250310407244,-1.3498583125420371,0.0,0.0,0.0,0.0,0.0,1.0,0.0,0.0,0.0,0.0,0
0.0,-1.4167625351439423,0.1363489796208455,1.0,0.0,1.0,0.0,0.0,1.0,1.0,0.0,0.0,1.0,0
1.0,0.4479437876591911,1.149147289707427,0.0,1.0,1.0,0.0,0.0,1.0,1.0,0.0,0.0,1.0,1
0.0,0.7869813008961244,1.3800785004763545,0.0,1.0,0.0,0.0,0.0,0.0,0.0,1.0,0.0,1.0,0
0.0,-0.8658265761339256,-0.3684006667740957,1.0,0.0,1.0,0.0,0.0,0.0,1.0,0.0,1.0,0.0,1
0.0,-1.1201047110616256,-0.8385106315536979,1.0,0.0,1.0,0.0,0.0,1.0,1.0,0.0,1.0,0.0,0
0.0,-0.7810671978246922,-0.013756307378957222,1.0,0.0,1.0,0.0,1.0,0.0,0.0,1.0,1.0,0.0,0
1.0,1.2107781924422911,0.22707195528006696,1.0,0.0,0.0,1.0,0.0,0.0,0.0,1.0,0.0,1.0,0
0.0,1.5498157056792243,-1.5148091773769854,0.0,0.0,0.0,0.0,0.0,0.0,0.0,0.0,0.0,0.0,0
1.0,1.5498157056792243,1.2976030680588806,0.0,1.0,0.0,0.0,0.0,1.0,0.0,1.0,0.0,1.0,0
1.0,-0.8234468869793089,0.768110791938697,0.0,1.0,1.0,0.0,0.0,0.0,1.0,0.0,0.0,1.0,1
0.0,-0.3996499954331423,0.4167654498402573,0.0,1.0,1.0,0.0,0.0,1.0,1.0,0.0,1.0,0.0,0
1.0,-1.2472437785254755,1.2910050334654826,0.0,1.0,1.0,0.0,0.0,1.0,1.0,0.0,0.0,1.0,1
0.0,1.0836391249784412,-1.5313042638604801,0.0,0.0,0.0,0.0,0.0,0.0,0.0,0.0,0.0,0.0,0
0.0,-1.2472437785254755,0.44645660551054817,0.0,1.0,1.0,0.0,0.0,1.0,1.0,0.0,0.0,1.0,0
1.0,1.0836391249784412,0.2518145850053092,1.0,0.0,0.0,0.0,1.0,0.0,1.0,0.0,0.0,1.0,0
1.0,0.4055640985045744,-1.369652416322231,0.0,0.0,0.0,0.0,0.0,0.0,0.0,0.0,0.0,0.0,0
0.0,-0.3996499954331423,0.9512062519054894,0.0,1.0,1.0,0.0,0.0,1.0,0.0,1.0,1.0,0.0,1
0.0,-0.01823279304159225,0.4580031660489944,0.0,1.0,1.0,0.0,0.0,0.0,1.0,0.0,1.0,0.0,0
0.0,-1.3743828459893257,0.29470180986239564,0.0,1.0,1.0,0.0,0.0,0.0,1.0,0.0,1.0,0.0,1
1.0,-0.3996499954331423,0.650995677905884,0.0,1.0,1.0,0.0,0.0,0.0,1.0,0.0,1.0,0.0,0
0.0,-0.18775154966005891,0.2551136023020084,0.0,1.0,1.0,0.0,0.0,1.0,1.0,0.0,1.0,0.0,1
1.0,0.7022219225868911,-1.5098606514319368,0.0,0.0,0.0,1.0,0.0,1.0,0.0,0.0,0.0,0.0,0
0.0,1.2955375707515244,-1.544500333047276,0.0,0.0,0.0,0.0,1.0,0.0,0.0,0.0,0.0,0.0,0
0.0,0.4903234768138078,0.6377996087190879,0.0,1.0,1.0,0.0,0.0,0.0,0.0,1.0,1.0,0.0,1
0.0,0.7446016117415077,1.0996620302569426,0.0,1.0,0.0,0.0,0.0,0.0,0.0,1.0,1.0,0.0,0
0.0,-0.696307819515459,0.956154777850538,0.0,1.0,1.0,0.0,0.0,1.0,0.0,1.0,1.0,0.0,1
0.0,-0.9082062652885423,-0.3453075456972029,1.0,0.0,0.0,1.0,0.0,0.0,0.0,1.0,1.0,0.0,0
1.0,1.5498157056792243,1.5483283826080014,0.0,1.0,0.0,0.0,1.0,0.0,0.0,1.0,0.0,1.0,0
1.0,-1.2472437785254755,-1.5329537725088296,0.0,0.0,1.0,0.0,0.0,0.0,0.0,0.0,0.0,0.0,0
1.0,-0.44202968458775893,0.9742993729823822,0.0,1.0,1.0,0.0,0.0,0.0,1.0,0.0,0.0,1.0,0
1.0,1.3802969490607577,1.2893555248171331,0.0,1.0,0.0,0.0,1.0,0.0,0.0,1.0,0.0,1.0,0
1.0,0.1512859635768744,-0.2100478365325456,1.0,0.0,0.0,1.0,0.0,1.0,0.0,1.0,1.0,0.0,0
0.0,0.6174625442776578,0.78955440436724,0.0,1.0,0.0,1.0,0.0,0.0,0.0,1.0,1.0,0.0,0
1.0,1.5074360165246077,0.5223340033346242,1.0,0.0,0.0,0.0,0.0,0.0,0.0,1.0,0.0,1.0,0
0.0,-1.3743828459893257,-0.05499402358769426,1.0,0.0,1.0,0.0,1.0,0.0,0.0,1.0,1.0,0.0,0
1.0,-0.44202968458775893,0.754914722751901,0.0,1.0,0.0,1.0,0.0,1.0,0.0,1.0,1.0,0.0,1
1.0,1.2107781924422911,0.07036863368686623,1.0,0.0,0.0,0.0,0.0,0.0,1.0,0.0,1.0,0.0,0
1.0,1.5074360165246077,-1.5329537725088296,0.0,0.0,0.0,0.0,0.0,0.0,0.0,0.0,0.0,0.0,0
1.0,1.4226766382153744,0.5206844946862749,1.0,0.0,0.0,0.0,1.0,0.0,1.0,0.0,0.0,1.0,0
0.0,-1.2472437785254755,0.6262530481806418,0.0,1.0,1.0,0.0,1.0,0.0,0.0,1.0,0.0,1.0,1
1.0,1.2107781924422911,-0.38159673596089155,1.0,0.0,0.0,0.0,0.0,1.0,1.0,0.0,0.0,1.0,0
0.0,0.6598422334322744,-1.528005246563781,0.0,0.0,0.0,1.0,1.0,0.0,0.0,0.0,0.0,0.0,0
1.0,0.5327031659684244,-1.5164586860253346,0.0,0.0,0.0,0.0,1.0,0.0,0.0,0.0,0.0,0.0,0
0.0,-0.7810671978246922,0.484395304422586,1.0,0.0,0.0,1.0,0.0,1.0,1.0,0.0,0.0,1.0,0
0.0,-0.5267890628969922,-0.8599542439822412,1.0,0.0,0.0,0.0,0.0,0.0,0.0,1.0,1.0,0.0,0
1.0,1.5074360165246077,0.8208950686858802,1.0,0.0,0.0,0.0,0.0,0.0,0.0,1.0,0.0,1.0,0
1.0,-0.27251092796929227,0.4613021833456936,0.0,1.0,1.0,0.0,1.0,0.0,1.0,0.0,1.0,0.0,1
0.0,-0.5267890628969922,-1.4950150735967915,0.0,0.0,1.0,0.0,0.0,1.0,0.0,0.0,0.0,0.0,0
0.0,-0.6539281303608423,-1.5329537725088296,0.0,0.0,0.0,1.0,0.0,0.0,0.0,0.0,0.0,0.0,0
1.0,1.2107781924422911,-1.3614048730804835,0.0,0.0,0.0,1.0,0.0,0.0,0.0,0.0,0.0,0.0,0
0.0,-0.9929656435977756,-1.5329537725088296,0.0,0.0,0.0,1.0,0.0,0.0,0.0,0.0,0.0,0.0,0
0.0,-0.5691687520516089,-1.4950150735967915,0.0,0.0,0.0,1.0,1.0,0.0,0.0,0.0,0.0,0.0,0
1.0,1.5498157056792243,1.4312132685751884,0.0,1.0,0.0,0.0,0.0,0.0,0.0,1.0,0.0,1.0,0
1.0,0.8717406792053578,0.48604481307093583,0.0,1.0,0.0,1.0,0.0,1.0,1.0,0.0,1.0,0.0,0
0.0,-0.14537186050544226,0.9907944594658771,0.0,1.0,1.0,0.0,0.0,1.0,1.0,0.0,0.0,1.0,1
0.0,-0.9929656435977756,1.0798679264767492,0.0,1.0,1.0,0.0,1.0,0.0,0.0,1.0,0.0,1.0,1
0.0,-0.696307819515459,0.11325585854395266,1.0,0.0,1.0,0.0,0.0,0.0,1.0,0.0,0.0,1.0,0
1.0,-0.6539281303608423,0.9281131308285966,0.0,1.0,0.0,1.0,0.0,0.0,0.0,1.0,1.0,0.0,0
1.0,1.2531578815969078,0.6460471519608353,0.0,1.0,1.0,0.0,0.0,1.0,0.0,1.0,1.0,0.0,0
1.0,-1.332003156834709,-1.524706229267082,0.0,0.0,1.0,0.0,0.0,1.0,0.0,0.0,0.0,0.0,0
1.0,1.465056327369991,1.2580148604984929,0.0,1.0,0.0,0.0,1.0,0.0,1.0,0.0,0.0,1.0,0
1.0,-0.7810671978246922,0.2765572147305514,1.0,0.0,1.0,0.0,0.0,0.0,0.0,1.0,0.0,1.0,0
1.0,-0.9929656435977756,0.26336114554375584,1.0,0.0,1.0,0.0,0.0,1.0,1.0,0.0,0.0,1.0,0
1.0,0.36318440934995777,-0.39149378785098854,1.0,0.0,0.0,0.0,1.0,0.0,1.0,0.0,0.0,1.0,0
1.0,1.2531578815969078,1.381728009124704,0.0,1.0,0.0,1.0,0.0,0.0,1.0,0.0,0.0,1.0,0
1.0,-0.27251092796929227,-1.5379022984538782,0.0,0.0,0.0,0.0,0.0,0.0,0.0,0.0,0.0,0.0,0
1.0,-0.4844093737423756,0.27160868878550326,1.0,0.0,0.0,1.0,1.0,0.0,0.0,1.0,0.0,1.0,0
1.0,1.2531578815969078,0.5388290898181191,1.0,0.0,0.0,0.0,1.0,0.0,0.0,1.0,0.0,1.0,0
0.0,-1.0353453327523923,-1.5148091773769854,0.0,0.0,1.0,0.0,0.0,0.0,0.0,0.0,0.0,0.0,0
0.0,1.465056327369991,-0.8616037526305907,1.0,0.0,0.0,0.0,0.0,0.0,1.0,0.0,1.0,0.0,0
1.0,-1.1201047110616256,0.7978019476089875,0.0,1.0,0.0,1.0,0.0,1.0,1.0,0.0,0.0,1.0,0
1.0,-0.14537186050544226,-0.15726355978536216,1.0,0.0,1.0,0.0,1.0,0.0,0.0,1.0,1.0,0.0,0
1.0,-1.077725021907009,1.1854364799711157,0.0,1.0,1.0,0.0,0.0,0.0,1.0,0.0,0.0,1.0,1
0.0,0.7446016117415077,-0.37169968407079473,1.0,0.0,0.0,1.0,0.0,0.0,1.0,0.0,0.0,1.0,0
1.0,0.9988797466692078,-1.5395518071022276,0.0,0.0,0.0,0.0,0.0,0.0,0.0,0.0,0.0,0.0,0
1.0,0.10890627442225775,1.4691519674872267,0.0,1.0,0.0,1.0,0.0,1.0,0.0,1.0,0.0,1.0,0
1.0,0.5327031659684244,-1.5214072119703834,0.0,0.0,0.0,0.0,0.0,0.0,0.0,0.0,0.0,0.0,0
1.0,1.5074360165246077,-1.3746009422672794,0.0,0.0,0.0,0.0,0.0,1.0,0.0,0.0,0.0,0.0,0
0.0,-1.2896234676800922,0.30954738769754103,0.0,1.0,1.0,0.0,0.0,0.0,1.0,0.0,1.0,0.0,1
0.0,0.1512859635768744,1.1343017118722818,0.0,1.0,0.0,0.0,0.0,0.0,1.0,0.0,0.0,1.0,0
1.0,1.1683985032876745,0.44645660551054817,1.0,0.0,0.0,1.0,0.0,0.0,0.0,1.0,0.0,1.0,0
1.0,1.337917259906141,-1.363054381728833,0.0,0.0,0.0,0.0,0.0,0.0,0.0,0.0,0.0,0.0,0
0.0,-1.2048640893708589,0.6806868335761743,0.0,1.0,1.0,0.0,0.0,1.0,1.0,0.0,1.0,0.0,1
1.0,1.5498157056792243,0.08521421152201167,1.0,0.0,0.0,0.0,0.0,0.0,0.0,1.0,1.0,0.0,0
0.0,-0.44202968458775893,0.4019198720051119,1.0,0.0,1.0,0.0,1.0,0.0,0.0,1.0,0.0,1.0,0
1.0,-0.4844093737423756,-1.5148091773769854,0.0,0.0,0.0,1.0,0.0,0.0,0.0,0.0,0.0,0.0,0
1.0,1.337917259906141,0.8901744319165588,0.0,1.0,0.0,0.0,0.0,1.0,1.0,0.0,1.0,0.0,0
1.0,-0.6539281303608423,0.11985389313735068,0.0,1.0,1.0,0.0,1.0,0.0,1.0,0.0,1.0,0.0,0
1.0,-0.01823279304159225,0.774708826532095,0.0,1.0,1.0,0.0,1.0,0.0,1.0,0.0,0.0,1.0,0
0.0,0.5327031659684244,0.9644023210922854,0.0,1.0,1.0,0.0,0.0,1.0,0.0,1.0,1.0,0.0,0
0.0,-1.1624844002162422,0.16439062664278695,1.0,0.0,1.0,0.0,0.0,1.0,0.0,1.0,1.0,0.0,1
1.0,0.6598422334322744,-0.3304619678620577,1.0,0.0,0.0,1.0,0.0,1.0,1.0,0.0,0.0,1.0,0
1.0,-1.2472437785254755,-1.3449097865969888,0.0,0.0,0.0,0.0,0.0,0.0,0.0,0.0,0.0,0.0,0
0.0,-1.077725021907009,0.26336114554375584,0.0,1.0,1.0,0.0,0.0,0.0,1.0,0.0,1.0,0.0,1
1.0,-0.6115484412062256,1.317397171839074,0.0,1.0,1.0,0.0,0.0,1.0,1.0,0.0,0.0,1.0,1
0.0,-1.332003156834709,-0.07973665331293647,1.0,0.0,1.0,0.0,1.0,0.0,1.0,0.0,0.0,1.0,0
0.0,-1.0353453327523923,0.43985857091715014,0.0,1.0,1.0,0.0,1.0,0.0,0.0,1.0,1.0,0.0,0
0.0,1.2531578815969078,1.0864659610701466,0.0,1.0,1.0,0.0,1.0,0.0,1.0,0.0,0.0,1.0,0
0.0,0.7446016117415077,-1.565943945475819,0.0,0.0,0.0,0.0,0.0,0.0,0.0,0.0,0.0,0.0,0
0.0,-0.01823279304159225,1.193684023212863,0.0,1.0,0.0,1.0,1.0,0.0,1.0,0.0,0.0,1.0,1
0.0,-1.1201047110616256,0.44150807956549953,0.0,1.0,1.0,0.0,0.0,1.0,1.0,0.0,1.0,0.0,0
0.0,-1.4167625351439423,-0.48716528945525844,1.0,0.0,1.0,0.0,0.0,1.0,1.0,0.0,0.0,1.0,0
0.0,-1.4167625351439423,-0.6653122234770024,1.0,0.0,1.0,0.0,0.0,0.0,1.0,0.0,1.0,0.0,1
1.0,-0.6539281303608423,-1.5214072119703834,0.0,0.0,1.0,0.0,0.0,0.0,0.0,0.0,0.0,0.0,0
0.0,-1.4167625351439423,-1.5428508243989265,0.0,0.0,1.0,0.0,0.0,0.0,0.0,0.0,0.0,0.0,0
0.0,-0.6115484412062256,-1.3680029076738813,0.0,0.0,1.0,0.0,0.0,0.0,0.0,0.0,0.0,0.0,0
0.0,1.1260188141330578,0.8093485081474341,0.0,1.0,1.0,0.0,1.0,0.0,0.0,1.0,1.0,0.0,0
1.0,1.5498157056792243,-1.3581058557837846,0.0,0.0,0.0,0.0,0.0,0.0,0.0,0.0,0.0,0.0,0
0.0,-0.3572703062785256,0.43985857091715014,0.0,1.0,1.0,0.0,0.0,1.0,1.0,0.0,1.0,0.0,1
1.0,0.4903234768138078,0.6312015741256899,1.0,0.0,0.0,0.0,0.0,0.0,0.0,1.0,0.0,1.0,0
0.0,-1.332003156834709,0.4893438303676346,0.0,1.0,1.0,0.0,0.0,1.0,1.0,0.0,0.0,1.0,1
0.0,0.10890627442225775,-1.5461498416956256,0.0,0.0,0.0,1.0,0.0,0.0,0.0,0.0,0.0,0.0,0
0.0,0.024146896113024417,0.6130569789938457,0.0,1.0,1.0,0.0,0.0,1.0,1.0,0.0,1.0,0.0,1
1.0,1.5074360165246077,1.3140981545423753,0.0,1.0,0.0,0.0,1.0,0.0,1.0,0.0,0.0,1.0,1
1.0,0.9988797466692078,1.1178066253887868,0.0,1.0,0.0,0.0,0.0,0.0,1.0,0.0,0.0,1.0,0
0.0,0.829360990050741,1.1458482724107284,0.0,1.0,0.0,1.0,0.0,0.0,0.0,1.0,0.0,1.0,0
0.0,0.10890627442225775,-1.3828484855090268,0.0,0.0,0.0,1.0,0.0,1.0,0.0,0.0,0.0,0.0,0
0.0,0.06652658526764109,-0.15561405113701252,1.0,0.0,0.0,0.0,0.0,0.0,0.0,1.0,1.0,0.0,0
1.0,1.465056327369991,1.6621444793441158,0.0,1.0,0.0,0.0,0.0,0.0,0.0,1.0,0.0,1.0,0
1.0,0.024146896113024417,-0.8418096488503969,1.0,0.0,0.0,0.0,0.0,0.0,0.0,1.0,1.0,0.0,0
0.0,0.32080472019534106,0.7945029303122887,0.0,1.0,1.0,0.0,0.0,1.0,1.0,0.0,0.0,1.0,0
1.0,0.4055640985045744,0.5025398995544307,0.0,1.0,1.0,0.0,1.0,0.0,1.0,0.0,1.0,0.0,0
1.0,0.9988797466692078,-1.5461498416956256,0.0,0.0,0.0,0.0,0.0,0.0,0.0,0.0,0.0,0.0,0
1.0,-0.3148906171239089,0.6361501000707386,0.0,1.0,1.0,0.0,0.0,1.0,1.0,0.0,0.0,1.0,0
0.0,-0.8658265761339256,-0.050045497642645626,1.0,0.0,1.0,0.0,1.0,0.0,0.0,1.0,1.0,0.0,1
1.0,-0.06061248219620892,1.1178066253887868,0.0,1.0,1.0,0.0,0.0,1.0,1.0,0.0,0.0,1.0,1
1.0,-1.3743828459893257,-1.5263557379154318,0.0,0.0,1.0,0.0,0.0,0.0,0.0,0.0,0.0,0.0,0
1.0,-0.5267890628969922,-0.29582228624671847,1.0,0.0,0.0,1.0,0.0,0.0,0.0,1.0,1.0,0.0,0
1.0,1.5074360165246077,0.46954972658744104,1.0,0.0,0.0,0.0,0.0,0.0,0.0,1.0,1.0,0.0,0
0.0,-1.4167625351439423,-1.5642944368274698,0.0,0.0,1.0,0.0,1.0,0.0,0.0,0.0,0.0,0.0,0
0.0,1.1260188141330578,-1.5494488589923243,0.0,0.0,0.0,0.0,0.0,0.0,0.0,0.0,0.0,0.0,0
0.0,-0.3996499954331423,0.4728487438841398,0.0,1.0,1.0,0.0,0.0,1.0,1.0,0.0,1.0,0.0,1
0.0,-1.4167625351439423,0.1264519277307487,0.0,1.0,1.0,0.0,1.0,0.0,1.0,0.0,1.0,0.0,1
0.0,-1.3743828459893257,-1.5412013157505768,0.0,0.0,0.0,1.0,0.0,0.0,0.0,0.0,0.0,0.0,0
1.0,-1.4167625351439423,0.18088571312628177,0.0,1.0,1.0,0.0,0.0,1.0,1.0,0.0,1.0,0.0,0
0.0,-1.3743828459893257,-1.4983140908934904,0.0,0.0,1.0,0.0,0.0,0.0,0.0,0.0,0.0,0.0,0
0.0,0.1512859635768744,-0.24963604409293302,1.0,0.0,0.0,1.0,0.0,0.0,1.0,0.0,0.0,1.0,0
1.0,-0.18775154966005891,-0.20509931058749697,1.0,0.0,0.0,1.0,0.0,1.0,0.0,1.0,0.0,1.0,0
1.0,1.2531578815969078,1.2893555248171331,0.0,1.0,1.0,0.0,1.0,0.0,0.0,1.0,0.0,1.0,1
1.0,0.9988797466692078,0.9198655875868491,0.0,1.0,0.0,1.0,0.0,1.0,0.0,1.0,1.0,0.0,0
0.0,-0.7810671978246922,-1.3647038903771826,0.0,0.0,1.0,0.0,0.0,0.0,0.0,0.0,0.0,0.0,0
0.0,-0.8658265761339256,-1.5197577033220337,0.0,0.0,0.0,1.0,0.0,0.0,0.0,0.0,0.0,0.0,0
0.0,-0.7386875086700756,0.1627411179944371,0.0,1.0,1.0,0.0,0.0,1.0,1.0,0.0,1.0,0.0,0
0.0,-0.10299217135082558,1.3652329226412092,0.0,1.0,1.0,0.0,0.0,1.0,1.0,0.0,0.0,1.0,0
0.0,-1.077725021907009,0.6559442038509321,0.0,1.0,1.0,0.0,1.0,0.0,1.0,0.0,0.0,1.0,1
1.0,-1.2896234676800922,0.484395304422586,0.0,1.0,1.0,0.0,0.0,1.0,1.0,0.0,0.0,1.0,0
0.0,-0.950585954443159,0.484395304422586,0.0,1.0,1.0,0.0,0.0,1.0,1.0,0.0,1.0,0.0,1
0.0,-0.950585954443159,-1.524706229267082,0.0,0.0,0.0,1.0,0.0,0.0,0.0,0.0,0.0,0.0,0
1.0,1.5498157056792243,-1.3581058557837846,0.0,0.0,0.0,0.0,1.0,0.0,0.0,0.0,0.0,0.0,0
0.0,0.9988797466692078,0.45140513145559635,1.0,0.0,0.0,1.0,0.0,0.0,0.0,1.0,1.0,0.0,0
0.0,1.4226766382153744,-1.3927455373991235,0.0,0.0,0.0,0.0,1.0,0.0,0.0,0.0,0.0,0.0,0
0.0,0.5327031659684244,-0.35190558029060093,1.0,0.0,0.0,0.0,0.0,0.0,0.0,1.0,1.0,0.0,0
0.0,-1.1201047110616256,-1.5395518071022276,0.0,0.0,1.0,0.0,0.0,1.0,0.0,0.0,0.0,0.0,0
1.0,0.36318440934995777,0.8076989994990847,0.0,1.0,0.0,1.0,1.0,0.0,1.0,0.0,0.0,1.0,0
0.0,0.06652658526764109,1.178838445377718,0.0,1.0,1.0,0.0,1.0,0.0,1.0,0.0,0.0,1.0,1
1.0,0.23604534188610776,1.1689413934876207,0.0,1.0,0.0,1.0,1.0,0.0,0.0,1.0,1.0,0.0,0
1.0,-0.14537186050544226,0.6526451865542333,0.0,1.0,1.0,0.0,0.0,0.0,1.0,0.0,0.0,1.0,1
0.0,-1.1624844002162422,0.672439290334427,0.0,1.0,1.0,0.0,0.0,1.0,1.0,0.0,1.0,0.0,1
0.0,-1.2048640893708589,0.29470180986239564,0.0,1.0,1.0,0.0,1.0,0.0,1.0,0.0,1.0,0.0,1
1.0,-0.7810671978246922,0.42006446713695655,0.0,1.0,1.0,0.0,0.0,1.0,0.0,1.0,1.0,0.0,0
0.0,-1.332003156834709,-1.4917160563000924,0.0,0.0,1.0,0.0,1.0,0.0,0.0,0.0,0.0,0.0,1
0.0,-0.7386875086700756,0.2815057406756,0.0,1.0,1.0,0.0,0.0,1.0,1.0,0.0,1.0,0.0,0
0.0,0.6174625442776578,0.5685202454884098,0.0,1.0,1.0,0.0,0.0,1.0,0.0,1.0,1.0,0.0,0
0.0,-1.077725021907009,-1.528005246563781,0.0,0.0,1.0,0.0,0.0,0.0,0.0,0.0,0.0,0.0,0
1.0,1.4226766382153744,1.464203441542178,0.0,1.0,0.0,1.0,0.0,0.0,0.0,1.0,0.0,1.0,0
0.0,-0.8234468869793089,0.4893438303676346,0.0,1.0,1.0,0.0,0.0,1.0,1.0,0.0,0.0,1.0,1
1.0,-0.01823279304159225,1.1837869713227662,0.0,1.0,1.0,0.0,1.0,0.0,1.0,0.0,0.0,1.0,0
0.0,-0.5267890628969922,-0.8418096488503969,1.0,0.0,0.0,1.0,1.0,0.0,0.0,1.0,1.0,0.0,0
1.0,1.5074360165246077,0.5404785984664684,1.0,0.0,0.0,0.0,0.0,1.0,0.0,1.0,0.0,1.0,0
0.0,-1.332003156834709,1.1095590821470396,0.0,1.0,1.0,0.0,0.0,0.0,1.0,0.0,0.0,1.0,1
1.0,1.5074360165246077,-0.5547951440375871,1.0,0.0,0.0,0.0,0.0,1.0,1.0,0.0,0.0,1.0,1
0.0,-0.06061248219620892,1.652247427454019,0.0,1.0,0.0,1.0,0.0,0.0,0.0,1.0,0.0,1.0,0
0.0,-1.332003156834709,-0.7840768461581651,1.0,0.0,1.0,0.0,0.0,0.0,0.0,1.0,1.0,0.0,0
1.0,-1.2472437785254755,0.8109980167957834,0.0,1.0,1.0,0.0,0.0,1.0,1.0,0.0,1.0,0.0,0
1.0,0.36318440934995777,0.9545052692021881,0.0,1.0,1.0,0.0,0.0,0.0,0.0,1.0,1.0,0.0,0
0.0,-0.9929656435977756,0.50418940820278,0.0,1.0,1.0,0.0,0.0,1.0,1.0,0.0,0.0,1.0,0
0.0,-1.3743828459893257,0.10500831530220525,1.0,0.0,1.0,0.0,0.0,1.0,1.0,0.0,0.0,1.0,1
1.0,0.9988797466692078,1.319046680487424,0.0,1.0,0.0,1.0,0.0,1.0,1.0,0.0,0.0,1.0,0
0.0,0.5750828551230411,1.137600729168981,0.0,1.0,0.0,0.0,0.0,0.0,1.0,0.0,0.0,1.0,0
1.0,-0.3148906171239089,0.8819268886748114,0.0,1.0,0.0,1.0,1.0,0.0,1.0,0.0,0.0,1.0,0
0.0,0.8717406792053578,-0.44427806459817176,1.0,0.0,0.0,1.0,0.0,0.0,0.0,1.0,1.0,0.0,0
1.0,1.0836391249784412,0.44975562280724696,1.0,0.0,0.0,1.0,0.0,1.0,1.0,0.0,0.0,1.0,0
0.0,-1.4167625351439423,-1.534603281157179,0.0,0.0,1.0,0.0,0.0,0.0,0.0,0.0,0.0,0.0,0
1.0,1.5498157056792243,-0.35850361488399896,1.0,0.0,0.0,0.0,1.0,0.0,0.0,1.0,1.0,0.0,0
1.0,0.8717406792053578,-1.5214072119703834,0.0,0.0,0.0,0.0,0.0,0.0,0.0,0.0,0.0,0.0,0
1.0,0.6174625442776578,-1.5115101600802863,0.0,0.0,0.0,1.0,0.0,0.0,0.0,0.0,0.0,0.0,0
1.0,-0.3572703062785256,0.6279025568289911,0.0,1.0,1.0,0.0,0.0,0.0,1.0,0.0,1.0,0.0,0
0.0,-1.4167625351439423,-0.5020108672904037,1.0,0.0,1.0,0.0,0.0,0.0,0.0,1.0,1.0,0.0,0
1.0,-0.8234468869793089,-1.506561634135238,0.0,0.0,0.0,0.0,0.0,0.0,0.0,0.0,0.0,0.0,0
0.0,-1.332003156834709,-0.7131479742791375,1.0,0.0,1.0,0.0,0.0,0.0,1.0,0.0,1.0,0.0,0
1.0,-1.1201047110616256,0.1281014363790981,1.0,0.0,1.0,0.0,0.0,0.0,1.0,0.0,0.0,1.0,0
1.0,-1.0353453327523923,1.101311538905292,0.0,1.0,1.0,0.0,0.0,1.0,1.0,0.0,0.0,1.0,1
1.0,0.9141203683599745,-1.5263557379154318,0.0,0.0,0.0,0.0,1.0,0.0,0.0,0.0,0.0,0.0,0
0.0,0.7869813008961244,-1.5197577033220337,0.0,0.0,0.0,0.0,0.0,0.0,0.0,0.0,0.0,0.0,0
1.0,-0.18775154966005891,0.768110791938697,0.0,1.0,1.0,0.0,0.0,1.0,0.0,1.0,0.0,1.0,0
1.0,1.5498157056792243,1.6275047977287769,0.0,1.0,0.0,0.0,1.0,0.0,0.0,1.0,0.0,1.0,0
1.0,1.465056327369991,0.428312010378704,1.0,0.0,0.0,0.0,0.0,0.0,0.0,1.0,0.0,1.0,0
1.0,-0.8234468869793089,-1.0117090396303934,1.0,0.0,1.0,0.0,0.0,0.0,1.0,0.0,1.0,0.0,0
0.0,-1.2048640893708589,0.28810377526899805,0.0,1.0,1.0,0.0,0.0,1.0,1.0,0.0,1.0,0.0,1
0.0,0.23604534188610776,0.08026568557696304,1.0,0.0,0.0,1.0,0.0,1.0,1.0,0.0,1.0,0.0,0
1.0,-0.8658265761339256,0.6410986260157867,0.0,1.0,1.0,0.0,1.0,0.0,1.0,0.0,1.0,0.0,1
0.0,-0.7386875086700756,1.2349217394216,0.0,1.0,1.0,0.0,0.0,0.0,1.0,0.0,0.0,1.0,0
1.0,-1.2472437785254755,-1.3548068384870855,0.0,0.0,0.0,1.0,0.0,0.0,0.0,0.0,0.0,0.0,0
1.0,0.9141203683599745,-0.7032509223890404,1.0,0.0,1.0,0.0,0.0,1.0,1.0,0.0,0.0,1.0,1
0.0,0.36318440934995777,0.3755277336315203,1.0,0.0,0.0,1.0,0.0,0.0,1.0,0.0,0.0,1.0,0
1.0,0.4055640985045744,-0.37994722731254216,1.0,0.0,0.0,0.0,1.0,0.0,0.0,1.0,1.0,0.0,0
1.0,0.7446016117415077,1.505441157750915,0.0,1.0,0.0,1.0,1.0,0.0,1.0,0.0,0.0,1.0,0
1.0,-0.6539281303608423,0.7928534216639392,0.0,1.0,1.0,0.0,0.0,1.0,1.0,0.0,0.0,1.0,1
0.0,-1.332003156834709,-1.4999635995418399,0.0,0.0,1.0,0.0,0.0,0.0,0.0,0.0,0.0,0.0,0
0.0,1.2955375707515244,0.7499661968068528,0.0,1.0,0.0,1.0,1.0,0.0,1.0,0.0,0.0,1.0,0
0.0,0.06652658526764109,1.1178066253887868,0.0,1.0,1.0,0.0,0.0,1.0,1.0,0.0,0.0,1.0,0
1.0,1.2955375707515244,-0.6801578013121478,1.0,0.0,0.0,1.0,1.0,0.0,1.0,0.0,0.0,1.0,0
0.0,-0.6539281303608423,-0.5333515316090439,1.0,0.0,1.0,0.0,0.0,0.0,1.0,0.0,1.0,0.0,0
0.0,0.4479437876591911,-0.3469570543455525,1.0,0.0,0.0,1.0,0.0,0.0,1.0,0.0,1.0,0.0,0
0.0,-1.1201047110616256,0.49429235631268326,0.0,1.0,1.0,0.0,0.0,1.0,0.0,1.0,1.0,0.0,0
1.0,-1.1624844002162422,-1.5263557379154318,0.0,0.0,0.0,1.0,0.0,0.0,0.0,0.0,0.0,0.0,0
0.0,0.6598422334322744,1.4955441058608183,0.0,1.0,0.0,1.0,0.0,1.0,1.0,0.0,0.0,1.0,0
0.0,-0.18775154966005891,1.1145076080920882,0.0,1.0,1.0,0.0,0.0,1.0,1.0,0.0,0.0,1.0,1
0.0,0.19366565273149108,1.2035810751029603,0.0,1.0,1.0,0.0,0.0,0.0,1.0,0.0,0.0,1.0,0
1.0,1.465056327369991,0.8588337675979185,1.0,0.0,0.0,0.0,1.0,0.0,0.0,1.0,0.0,1.0,0
1.0,-1.3743828459893257,0.7301720930266588,0.0,1.0,1.0,0.0,0.0,0.0,0.0,1.0,0.0,1.0,1
0.0,0.1512859635768744,-0.8434591574987463,1.0,0.0,1.0,0.0,0.0,1.0,1.0,0.0,1.0,0.0,0
1.0,1.1683985032876745,-1.5329537725088296,0.0,0.0,0.0,0.0,0.0,0.0,0.0,0.0,0.0,0.0,0
1.0,-1.077725021907009,0.6526451865542333,0.0,1.0,1.0,0.0,0.0,1.0,1.0,0.0,1.0,0.0,0
0.0,-1.4167625351439423,1.1227551513338356,0.0,1.0,1.0,0.0,0.0,1.0,0.0,1.0,0.0,1.0,0
0.0,-1.1201047110616256,-0.6851063272571962,1.0,0.0,1.0,0.0,0.0,1.0,1.0,0.0,0.0,1.0,1
1.0,1.5074360165246077,-0.3848957532575905,1.0,0.0,0.0,0.0,1.0,0.0,0.0,1.0,1.0,0.0,0
0.0,-1.332003156834709,-0.70490043103739,1.0,0.0,1.0,0.0,0.0,0.0,1.0,0.0,1.0,0.0,0
0.0,-1.077725021907009,-1.524706229267082,0.0,0.0,0.0,1.0,1.0,0.0,0.0,0.0,0.0,0.0,0
0.0,-0.44202968458775893,0.15779259204938895,0.0,1.0,1.0,0.0,0.0,0.0,1.0,0.0,1.0,0.0,1
0.0,-1.332003156834709,1.0534757881031571,0.0,1.0,1.0,0.0,1.0,0.0,1.0,0.0,0.0,1.0,1
1.0,0.6174625442776578,-0.8813978564107844,1.0,0.0,1.0,0.0,0.0,0.0,0.0,1.0,0.0,1.0,0
1.0,1.5498157056792243,0.4893438303676346,1.0,0.0,0.0,0.0,0.0,0.0,0.0,1.0,1.0,0.0,0
1.0,0.7869813008961244,0.6608927297959808,1.0,0.0,1.0,0.0,0.0,1.0,1.0,0.0,0.0,1.0,0
1.0,0.9988797466692078,0.7450176708618043,0.0,1.0,1.0,0.0,0.0,0.0,1.0,0.0,1.0,0.0,0
0.0,-1.2896234676800922,-1.5082111427835874,0.0,0.0,0.0,0.0,0.0,0.0,0.0,0.0,0.0,0.0,0
1.0,-0.7386875086700756,0.23037097257676623,0.0,1.0,1.0,0.0,0.0,1.0,1.0,0.0,1.0,0.0,0
0.0,0.36318440934995777,-0.5646921959276842,1.0,0.0,0.0,1.0,0.0,1.0,1.0,0.0,0.0,1.0,0
1.0,0.23604534188610776,0.2815057406756,1.0,0.0,0.0,1.0,0.0,0.0,0.0,1.0,0.0,1.0,0
0.0,1.2107781924422911,1.1260541686305343,0.0,1.0,0.0,1.0,0.0,0.0,0.0,1.0,0.0,1.0,0
0.0,0.36318440934995777,-0.40304034838943475,1.0,0.0,0.0,1.0,0.0,0.0,1.0,0.0,0.0,1.0,1
1.0,-1.332003156834709,-0.5036603759387532,1.0,0.0,1.0,0.0,0.0,1.0,1.0,0.0,1.0,0.0,1
1.0,-1.1201047110616256,0.09181224611540968,1.0,0.0,1.0,0.0,0.0,0.0,0.0,1.0,0.0,1.0,0
1.0,1.5074360165246077,0.9957429854109252,0.0,1.0,0.0,0.0,0.0,0.0,0.0,1.0,1.0,0.0,0
1.0,0.6598422334322744,-1.2112995860806806,1.0,0.0,1.0,0.0,0.0,0.0,1.0,0.0,1.0,0.0,0
1.0,1.5498157056792243,1.4378113031685864,0.0,1.0,0.0,0.0,0.0,0.0,1.0,0.0,0.0,1.0,0
1.0,1.0412594358238245,-1.3861475028057257,0.0,0.0,0.0,1.0,1.0,0.0,0.0,0.0,0.0,0.0,0
0.0,-0.950585954443159,0.007687305049586224,1.0,0.0,1.0,0.0,0.0,0.0,1.0,0.0,0.0,1.0,0
0.0,0.4903234768138078,0.2600621282470566,1.0,0.0,0.0,0.0,0.0,0.0,0.0,1.0,1.0,0.0,0
0.0,-0.3572703062785256,-1.5148091773769854,0.0,0.0,0.0,0.0,1.0,0.0,0.0,0.0,0.0,0.0,0
1.0,1.5498157056792243,-1.5296547552121307,0.0,0.0,0.0,0.0,0.0,0.0,0.0,0.0,0.0,0.0,0
0.0,-0.8234468869793089,0.27325819743385266,0.0,1.0,1.0,0.0,1.0,0.0,1.0,0.0,1.0,0.0,0
1.0,0.8717406792053578,1.3009020853555793,0.0,1.0,0.0,1.0,0.0,0.0,0.0,1.0,0.0,1.0,0
0.0,-0.2301312388146756,0.6262530481806418,0.0,1.0,1.0,0.0,0.0,1.0,1.0,0.0,0.0,1.0,1
1.0,0.5750828551230411,-0.5399495662024418,1.0,0.0,0.0,0.0,0.0,0.0,1.0,0.0,1.0,0.0,0
1.0,0.8717406792053578,-1.5296547552121307,0.0,0.0,0.0,0.0,0.0,0.0,0.0,0.0,0.0,0.0,0
0.0,-0.8658265761339256,-1.5313042638604801,0.0,0.0,1.0,0.0,1.0,0.0,0.0,0.0,0.0,0.0,1
1.0,1.5498157056792243,1.5813185555749911,0.0,1.0,0.0,0.0,0.0,0.0,0.0,1.0,0.0,1.0,0
1.0,-1.0353453327523923,-0.5152069364771996,1.0,0.0,1.0,0.0,0.0,1.0,0.0,1.0,0.0,1.0,0
0.0,1.1683985032876745,1.4262647426301402,0.0,1.0,1.0,0.0,1.0,0.0,0.0,1.0,0.0,1.0,0
1.0,-1.077725021907009,0.3012998444557936,0.0,1.0,1.0,0.0,0.0,1.0,0.0,1.0,1.0,0.0,0
0.0,-0.7810671978246922,0.9132675529934512,0.0,1.0,1.0,0.0,0.0,1.0,0.0,1.0,0.0,1.0,1
1.0,-1.2048640893708589,-0.5762387564661303,1.0,0.0,1.0,0.0,0.0,1.0,1.0,0.0,1.0,0.0,1
1.0,-1.1201047110616256,0.31614542229093906,0.0,1.0,1.0,0.0,1.0,0.0,1.0,0.0,1.0,0.0,1
1.0,-0.7810671978246922,1.254715843201794,0.0,1.0,1.0,0.0,0.0,1.0,0.0,1.0,0.0,1.0,1
0.0,0.4903234768138078,0.9528557605538388,0.0,1.0,1.0,0.0,0.0,1.0,1.0,0.0,0.0,1.0,1
0.0,-1.3743828459893257,0.11325585854395266,0.0,1.0,1.0,0.0,0.0,0.0,1.0,0.0,1.0,0.0,0
1.0,1.2955375707515244,0.9611033037955862,0.0,1.0,0.0,1.0,0.0,1.0,1.0,0.0,1.0,0.0,0
1.0,1.1683985032876745,0.31449591364258966,1.0,0.0,0.0,0.0,0.0,0.0,0.0,1.0,1.0,0.0,0
1.0,1.0836391249784412,0.7235740584332607,1.0,0.0,0.0,0.0,0.0,0.0,0.0,1.0,0.0,1.0,0
1.0,-0.01823279304159225,0.20067981690647535,1.0,0.0,1.0,0.0,0.0,1.0,0.0,1.0,0.0,1.0,1
0.0,1.465056327369991,0.7780078438287938,1.0,0.0,0.0,0.0,0.0,0.0,0.0,1.0,0.0,1.0,0
0.0,-0.3148906171239089,0.47614776118083857,0.0,1.0,1.0,0.0,0.0,1.0,1.0,0.0,1.0,0.0,0
1.0,-0.06061248219620892,0.7912039130155899,0.0,1.0,0.0,1.0,0.0,0.0,0.0,1.0,0.0,1.0,0
0.0,-1.3743828459893257,-1.5214072119703834,0.0,0.0,1.0,0.0,0.0,0.0,0.0,0.0,0.0,0.0,0
0.0,1.5498157056792243,0.8307921205759771,1.0,0.0,0.0,0.0,1.0,0.0,0.0,1.0,0.0,1.0,0
1.0,1.5498157056792243,0.7565642314002504,1.0,0.0,0.0,0.0,0.0,0.0,0.0,1.0,0.0,1.0,0
1.0,-0.9929656435977756,-1.3498583125420371,0.0,0.0,0.0,0.0,0.0,0.0,0.0,0.0,0.0,0.0,0
0.0,-0.5691687520516089,-1.5214072119703834,0.0,0.0,1.0,0.0,0.0,0.0,0.0,0.0,0.0,0.0,0
0.0,-1.2472437785254755,0.4118169238952092,1.0,0.0,1.0,0.0,0.0,0.0,0.0,1.0,0.0,1.0,0
0.0,-0.8658265761339256,-0.3618026321806977,1.0,0.0,0.0,1.0,0.0,0.0,1.0,0.0,1.0,0.0,0
0.0,0.23604534188610776,1.5516273999047008,0.0,1.0,1.0,0.0,0.0,1.0,0.0,1.0,0.0,1.0,1
1.0,1.5074360165246077,-1.3564563471354352,0.0,0.0,0.0,0.0,0.0,0.0,0.0,0.0,0.0,0.0,0
1.0,-0.9082062652885423,0.48604481307093583,0.0,1.0,1.0,0.0,1.0,0.0,1.0,0.0,1.0,0.0,0
0.0,1.5498157056792243,0.11490536719230252,1.0,0.0,0.0,0.0,1.0,0.0,0.0,1.0,1.0,0.0,0
0.0,-1.2048640893708589,0.8011009649056867,0.0,1.0,1.0,0.0,0.0,1.0,1.0,0.0,0.0,1.0,1
0.0,-0.8234468869793089,0.9891449508175276,0.0,1.0,1.0,0.0,0.0,1.0,1.0,0.0,0.0,1.0,1
0.0,0.1512859635768744,-0.8533562093888434,1.0,0.0,0.0,1.0,1.0,0.0,0.0,1.0,1.0,0.0,0
0.0,1.4226766382153744,1.4543063896520811,0.0,1.0,0.0,0.0,0.0,0.0,0.0,1.0,0.0,1.0,0
0.0,-0.6539281303608423,0.428312010378704,0.0,1.0,1.0,0.0,0.0,1.0,0.0,1.0,1.0,0.0,1
1.0,1.5498157056792243,1.693485143662756,0.0,1.0,0.0,0.0,0.0,0.0,0.0,1.0,0.0,1.0,0
1.0,1.337917259906141,1.4856470539707214,0.0,1.0,0.0,0.0,1.0,0.0,1.0,0.0,0.0,1.0,0
0.0,-1.4167625351439423,-1.5461498416956256,0.0,0.0,0.0,1.0,0.0,0.0,0.0,0.0,0.0,0.0,1
1.0,1.4226766382153744,0.6345005914223891,0.0,1.0,1.0,0.0,1.0,0.0,1.0,0.0,1.0,0.0,0
0.0,0.024146896113024417,-1.5379022984538782,0.0,0.0,0.0,1.0,0.0,0.0,0.0,0.0,0.0,0.0,0
1.0,0.1512859635768744,-1.3976940633441721,0.0,0.0,0.0,0.0,0.0,0.0,0.0,0.0,0.0,0.0,0
1.0,1.3802969490607577,0.46790021793909115,0.0,1.0,1.0,0.0,0.0,0.0,1.0,0.0,1.0,0.0,0
1.0,-0.18775154966005891,-0.5597436699826355,1.0,0.0,1.0,0.0,0.0,0.0,1.0,0.0,1.0,0.0,0
0.0,0.7869813008961244,1.1178066253887868,0.0,1.0,0.0,1.0,0.0,0.0,0.0,1.0,0.0,1.0,0
0.0,-1.077725021907009,0.4646012006423924,0.0,1.0,1.0,0.0,1.0,0.0,1.0,0.0,1.0,0.0,1
1.0,0.9141203683599745,-1.4983140908934904,0.0,0.0,0.0,0.0,0.0,0.0,0.0,0.0,0.0,0.0,0
0.0,0.2784250310407244,-1.5296547552121307,0.0,0.0,0.0,1.0,1.0,0.0,0.0,0.0,0.0,0.0,0
0.0,-1.2472437785254755,-1.5329537725088296,0.0,0.0,1.0,0.0,0.0,0.0,0.0,0.0,0.0,0.0,0
1.0,-0.10299217135082558,1.2382207567182992,0.0,1.0,0.0,1.0,0.0,0.0,0.0,1.0,0.0,1.0,1
1.0,-1.332003156834709,-1.1964540082455355,1.0,0.0,1.0,0.0,0.0,1.0,1.0,0.0,1.0,0.0,0
0.0,0.6598422334322744,-1.5016131081901896,0.0,0.0,0.0,0.0,1.0,0.0,0.0,0.0,0.0,0.0,0
0.0,-1.2048640893708589,0.43326053632375217,0.0,1.0,1.0,0.0,0.0,1.0,1.0,0.0,1.0,0.0,1
0.0,-1.4167625351439423,0.16933915258783513,0.0,1.0,1.0,0.0,0.0,0.0,1.0,0.0,1.0,0.0,0
1.0,-0.9082062652885423,0.014285339642983775,1.0,0.0,1.0,0.0,0.0,0.0,1.0,0.0,0.0,1.0,0
1.0,0.7869813008961244,-0.09293272249973228,1.0,0.0,0.0,0.0,0.0,0.0,1.0,0.0,1.0,0.0,0
1.0,1.337917259906141,-1.4966645822451412,0.0,0.0,0.0,0.0,0.0,0.0,0.0,0.0,0.0,0.0,0
0.0,0.4903234768138078,0.6279025568289911,0.0,1.0,1.0,0.0,1.0,0.0,1.0,0.0,1.0,0.0,1
0.0,-1.1201047110616256,0.06871912503851685,1.0,0.0,1.0,0.0,1.0,0.0,0.0,1.0,1.0,0.0,0
1.0,-0.2301312388146756,1.165642376190922,0.0,1.0,1.0,0.0,0.0,1.0,1.0,0.0,0.0,1.0,0
1.0,-0.7386875086700756,-0.8945939255975804,1.0,0.0,1.0,0.0,0.0,1.0,1.0,0.0,0.0,1.0,1
1.0,0.5327031659684244,-0.883047365059134,1.0,0.0,0.0,0.0,0.0,0.0,0.0,1.0,1.0,0.0,0
1.0,1.5498157056792243,1.2514168259050948,0.0,1.0,0.0,0.0,0.0,0.0,0.0,1.0,0.0,1.0,0
0.0,-0.44202968458775893,0.6147064876421952,0.0,1.0,1.0,0.0,0.0,1.0,1.0,0.0,1.0,0.0,1
1.0,0.9141203683599745,0.1627411179944371,1.0,0.0,0.0,1.0,0.0,0.0,1.0,0.0,0.0,1.0,0
0.0,-1.0353453327523923,-1.513159668728636,0.0,0.0,1.0,0.0,1.0,0.0,0.0,0.0,0.0,0.0,0
1.0,1.5074360165246077,0.24191753311521239,1.0,0.0,0.0,0.0,0.0,0.0,0.0,1.0,0.0,1.0,0
0.0,-1.4167625351439423,-0.5531456353892377,1.0,0.0,1.0,0.0,0.0,1.0,1.0,0.0,1.0,0.0,1
0.0,0.9141203683599745,0.268309671488804,1.0,0.0,0.0,0.0,0.0,0.0,0.0,1.0,0.0,1.0,0
1.0,-1.332003156834709,0.28975328391734745,0.0,1.0,1.0,0.0,0.0,1.0,1.0,0.0,1.0,0.0,1
0.0,-1.0353453327523923,0.3408880520161813,0.0,1.0,1.0,0.0,0.0,1.0,1.0,0.0,1.0,0.0,1
1.0,-0.2301312388146756,0.9215150962351986,0.0,1.0,1.0,0.0,0.0,0.0,1.0,0.0,0.0,1.0,1
0.0,-1.0353453327523923,0.3210939482359877,0.0,1.0,1.0,0.0,0.0,0.0,1.0,0.0,1.0,0.0,0
0.0,0.06652658526764109,0.4580031660489944,0.0,1.0,0.0,1.0,0.0,1.0,1.0,0.0,1.0,0.0,0
0.0,-1.4167625351439423,0.45140513145559635,0.0,1.0,1.0,0.0,0.0,1.0,1.0,0.0,1.0,0.0,1
1.0,0.024146896113024417,1.0006915113559738,0.0,1.0,1.0,0.0,0.0,1.0,1.0,0.0,0.0,1.0,1
0.0,-0.6539281303608423,-0.7197460088725353,1.0,0.0,1.0,0.0,0.0,1.0,1.0,0.0,1.0,0.0,0
1.0,0.4903234768138078,1.1062600648503407,0.0,1.0,1.0,0.0,0.0,1.0,1.0,0.0,0.0,1.0,0
0.0,0.9141203683599745,-0.37994722731254216,1.0,0.0,0.0,1.0,0.0,0.0,1.0,0.0,1.0,0.0,0
1.0,0.9565000575145911,-0.2067488192358466,1.0,0.0,0.0,0.0,0.0,0.0,1.0,0.0,1.0,0.0,0
0.0,-0.27251092796929227,-0.5679912132243828,1.0,0.0,1.0,0.0,1.0,0.0,1.0,0.0,1.0,0.0,0
0.0,0.2784250310407244,-0.1985012759940992,1.0,0.0,0.0,1.0,1.0,0.0,0.0,1.0,1.0,0.0,0
1.0,-0.7810671978246922,-1.5263557379154318,0.0,0.0,0.0,1.0,1.0,0.0,0.0,0.0,0.0,0.0,0
0.0,0.9141203683599745,0.9413092000153926,0.0,1.0,0.0,1.0,0.0,1.0,1.0,0.0,1.0,0.0,0
1.0,0.6598422334322744,0.3375890347194825,1.0,0.0,0.0,1.0,1.0,0.0,0.0,1.0,0.0,1.0,0
1.0,1.5498157056792243,-0.045096971697597465,1.0,0.0,0.0,0.0,0.0,0.0,0.0,1.0,0.0,1.0,0
1.0,-0.3996499954331423,0.5800668060268561,0.0,1.0,1.0,0.0,0.0,1.0,1.0,0.0,0.0,1.0,1
1.0,-1.2472437785254755,0.4728487438841398,0.0,1.0,1.0,0.0,0.0,1.0,1.0,0.0,1.0,0.0,1
1.0,-0.5267890628969922,0.10995684124725388,1.0,0.0,1.0,0.0,0.0,0.0,1.0,0.0,0.0,1.0,0
1.0,-0.4844093737423756,0.9033705011033544,0.0,1.0,1.0,0.0,0.0,1.0,1.0,0.0,0.0,1.0,1
0.0,1.2955375707515244,-1.3531573298387363,0.0,0.0,0.0,0.0,0.0,0.0,0.0,0.0,0.0,0.0,0
0.0,0.06652658526764109,1.1260541686305343,0.0,1.0,1.0,0.0,0.0,0.0,1.0,0.0,0.0,1.0,0
0.0,1.1260188141330578,0.6048094357520983,1.0,0.0,0.0,0.0,1.0,0.0,1.0,0.0,0.0,1.0,0
1.0,0.8717406792053578,1.2662624037402403,0.0,1.0,0.0,1.0,1.0,0.0,0.0,1.0,0.0,1.0,1
0.0,1.5498157056792243,0.6559442038509321,1.0,0.0,0.0,0.0,0.0,0.0,0.0,1.0,0.0,1.0,0
0.0,-0.6115484412062256,1.0105885632460707,0.0,1.0,1.0,0.0,1.0,0.0,1.0,0.0,0.0,1.0,1
0.0,-1.4167625351439423,0.462951691994043,0.0,1.0,1.0,0.0,0.0,1.0,1.0,0.0,1.0,0.0,1
0.0,1.2955375707515244,1.1953335318612128,0.0,1.0,0.0,0.0,1.0,0.0,0.0,1.0,0.0,1.0,0
0.0,0.4903234768138078,1.1408997464656798,0.0,1.0,1.0,0.0,0.0,0.0,0.0,1.0,0.0,1.0,0
1.0,1.4226766382153744,-0.15561405113701252,1.0,0.0,0.0,0.0,0.0,0.0,1.0,0.0,1.0,0.0,0
0.0,-1.3743828459893257,-1.0348021607072864,1.0,0.0,1.0,0.0,0.0,0.0,1.0,0.0,0.0,1.0,0
0.0,-1.2472437785254755,-1.5576964022340718,0.0,0.0,1.0,0.0,0.0,0.0,0.0,0.0,0.0,0.0,0
1.0,1.5074360165246077,0.2221234293350188,1.0,0.0,0.0,1.0,1.0,0.0,1.0,0.0,1.0,0.0,0
0.0,-0.9929656435977756,-0.3139668813785629,1.0,0.0,1.0,0.0,0.0,0.0,0.0,1.0,1.0,0.0,1
1.0,1.3802969490607577,0.6213045222355931,1.0,0.0,0.0,0.0,0.0,0.0,0.0,1.0,0.0,1.0,0
1.0,-1.1201047110616256,-1.5362527898055285,0.0,0.0,0.0,0.0,0.0,0.0,0.0,0.0,0.0,0.0,0
0.0,-0.950585954443159,1.2530663345534447,0.0,1.0,0.0,1.0,0.0,0.0,1.0,0.0,0.0,1.0,0
0.0,1.2531578815969078,-1.3333632260585424,0.0,0.0,0.0,0.0,0.0,0.0,0.0,0.0,0.0,0.0,0
1.0,1.5498157056792243,1.0716203832350017,0.0,1.0,0.0,0.0,1.0,0.0,1.0,0.0,1.0,0.0,0
0.0,-0.950585954443159,0.43161102767540277,0.0,1.0,1.0,0.0,0.0,1.0,1.0,0.0,1.0,0.0,1
1.0,1.4226766382153744,-0.17705766356555597,1.0,0.0,0.0,1.0,0.0,0.0,1.0,0.0,0.0,1.0,0
1.0,1.2107781924422911,0.13140045367579734,1.0,0.0,0.0,1.0,0.0,0.0,1.0,0.0,1.0,0.0,0
1.0,0.5750828551230411,-0.46242265973001623,1.0,0.0,1.0,0.0,0.0,0.0,1.0,0.0,1.0,0.0,0
1.0,1.0412594358238245,0.8934734492132576,0.0,1.0,1.0,0.0,0.0,1.0,0.0,1.0,1.0,0.0,0
1.0,1.5498157056792243,0.8522357330045205,1.0,0.0,0.0,0.0,0.0,0.0,0.0,1.0,0.0,1.0,0
1.0,-1.3743828459893257,-0.246337026796234,1.0,0.0,1.0,0.0,0.0,0.0,1.0,0.0,0.0,1.0,0
0.0,-0.3572703062785256,0.7598632486969497,0.0,1.0,1.0,0.0,0.0,1.0,1.0,0.0,1.0,0.0,0
0.0,0.06652658526764109,0.8241940859825795,0.0,1.0,1.0,0.0,0.0,1.0,0.0,1.0,0.0,1.0,0
1.0,1.5498157056792243,-1.3811989768606774,0.0,0.0,0.0,0.0,1.0,0.0,0.0,0.0,0.0,0.0,0
0.0,-1.077725021907009,1.4493578637070326,0.0,1.0,1.0,0.0,0.0,1.0,0.0,1.0,0.0,1.0,1
0.0,0.7869813008961244,0.5371795811697697,1.0,0.0,0.0,1.0,1.0,0.0,0.0,1.0,0.0,1.0,1
0.0,-0.7810671978246922,0.14294701421424352,0.0,1.0,1.0,0.0,1.0,0.0,1.0,0.0,1.0,0.0,0
1.0,0.829360990050741,-0.30901835543351447,1.0,0.0,0.0,0.0,0.0,0.0,0.0,1.0,1.0,0.0,0
1.0,0.4479437876591911,-0.8500571920921444,1.0,0.0,0.0,0.0,0.0,0.0,0.0,1.0,1.0,0.0,0
1.0,1.2531578815969078,1.3619339053445103,0.0,1.0,0.0,1.0,0.0,1.0,1.0,0.0,0.0,1.0,0
1.0,-0.10299217135082558,0.428312010378704,1.0,0.0,0.0,1.0,0.0,1.0,1.0,0.0,0.0,1.0,0
1.0,0.6598422334322744,1.4971936145091675,0.0,1.0,0.0,1.0,0.0,1.0,0.0,1.0,0.0,1.0,0
1.0,-0.6539281303608423,-0.5465476007958396,1.0,0.0,1.0,0.0,0.0,1.0,1.0,0.0,1.0,0.0,0
1.0,-0.9929656435977756,-0.6686112407737014,1.0,0.0,1.0,0.0,1.0,0.0,1.0,0.0,1.0,0.0,0
0.0,-1.3743828459893257,0.4596526746973438,0.0,1.0,1.0,0.0,0.0,0.0,1.0,0.0,1.0,0.0,1
0.0,-0.5267890628969922,1.3272942237291714,0.0,1.0,1.0,0.0,0.0,1.0,1.0,0.0,0.0,1.0,1
0.0,-0.01823279304159225,-1.5477993503439749,0.0,0.0,0.0,0.0,0.0,0.0,0.0,0.0,0.0,0.0,0
1.0,-0.7810671978246922,0.1379984882691949,1.0,0.0,0.0,1.0,1.0,0.0,0.0,1.0,0.0,1.0,0
1.0,-1.2048640893708589,0.10500831530220525,0.0,1.0,1.0,0.0,0.0,1.0,1.0,0.0,1.0,0.0,1
0.0,0.8717406792053578,-1.5329537725088296,0.0,0.0,0.0,0.0,1.0,0.0,0.0,0.0,0.0,0.0,0
1.0,-1.4167625351439423,-1.5164586860253346,0.0,0.0,0.0,1.0,0.0,0.0,0.0,0.0,0.0,0.0,0
1.0,-0.06061248219620892,0.6279025568289911,0.0,1.0,1.0,0.0,0.0,0.0,1.0,0.0,0.0,1.0,0
1.0,-1.2048640893708589,-1.5082111427835874,0.0,0.0,1.0,0.0,0.0,0.0,0.0,0.0,0.0,0.0,0
1.0,0.1512859635768744,0.456353657400645,1.0,0.0,0.0,1.0,0.0,0.0,0.0,1.0,0.0,1.0,1
0.0,-0.4844093737423756,-1.4983140908934904,0.0,0.0,0.0,0.0,0.0,0.0,0.0,0.0,0.0,0.0,0
1.0,0.23604534188610776,-1.5230567206187327,0.0,0.0,0.0,0.0,0.0,0.0,0.0,0.0,0.0,0.0,0
1.0,0.2784250310407244,1.2877060161687837,0.0,1.0,0.0,1.0,1.0,0.0,0.0,1.0,0.0,1.0,0
1.0,0.10890627442225775,-1.5164586860253346,0.0,0.0,0.0,0.0,0.0,0.0,0.0,0.0,0.0,0.0,0
1.0,-0.14537186050544226,0.8126475254441329,0.0,1.0,0.0,1.0,0.0,1.0,0.0,1.0,1.0,0.0,0
0.0,0.5327031659684244,-1.524706229267082,0.0,0.0,0.0,1.0,1.0,0.0,0.0,0.0,0.0,0.0,0
1.0,1.1683985032876745,-1.369652416322231,0.0,0.0,0.0,0.0,0.0,0.0,0.0,0.0,0.0,0.0,0
0.0,-1.332003156834709,-1.528005246563781,0.0,0.0,1.0,0.0,0.0,1.0,0.0,0.0,0.0,0.0,0
1.0,-1.0353453327523923,0.006037796401236368,1.0,0.0,1.0,0.0,0.0,1.0,1.0,0.0,1.0,0.0,1
0.0,0.8717406792053578,0.233669989873465,1.0,0.0,0.0,0.0,1.0,0.0,0.0,1.0,1.0,0.0,0
1.0,1.3802969490607577,1.6077106939485832,0.0,1.0,0.0,0.0,1.0,0.0,0.0,1.0,0.0,1.0,0
1.0,-0.27251092796929227,1.2464682999600467,0.0,1.0,1.0,0.0,0.0,1.0,1.0,0.0,0.0,1.0,0
1.0,-0.44202968458775893,0.10995684124725388,1.0,0.0,1.0,0.0,0.0,0.0,0.0,1.0,0.0,1.0,0
0.0,-1.4167625351439423,-0.6933538704989436,1.0,0.0,1.0,0.0,0.0,1.0,1.0,0.0,1.0,0.0,1
0.0,-0.9929656435977756,-0.5531456353892377,1.0,0.0,1.0,0.0,0.0,1.0,1.0,0.0,1.0,0.0,0
1.0,0.4479437876591911,1.220076161586455,0.0,1.0,0.0,1.0,0.0,1.0,1.0,0.0,0.0,1.0,0
1.0,1.5074360165246077,0.4794467784775378,1.0,0.0,0.0,0.0,0.0,0.0,1.0,0.0,0.0,1.0,0
1.0,-0.01823279304159225,-1.528005246563781,0.0,0.0,0.0,0.0,0.0,0.0,0.0,0.0,0.0,0.0,0
1.0,-0.950585954443159,1.0501767708064582,0.0,1.0,1.0,0.0,0.0,1.0,1.0,0.0,0.0,1.0,1
1.0,0.9988797466692078,-0.06983960142283968,1.0,0.0,0.0,0.0,0.0,0.0,0.0,1.0,0.0,1.0,0
0.0,-1.2048640893708589,1.0518262794548077,0.0,1.0,1.0,0.0,1.0,0.0,1.0,0.0,0.0,1.0,1
1.0,-0.7386875086700756,0.7169760238398633,0.0,1.0,1.0,0.0,0.0,0.0,0.0,1.0,0.0,1.0,0
1.0,0.8717406792053578,0.07531715963191486,1.0,0.0,0.0,1.0,0.0,0.0,0.0,1.0,1.0,0.0,0
1.0,0.32080472019534106,1.4312132685751884,0.0,1.0,0.0,1.0,0.0,0.0,0.0,1.0,0.0,1.0,1
0.0,1.337917259906141,-0.7345915867076807,1.0,0.0,0.0,0.0,0.0,1.0,0.0,1.0,0.0,1.0,0
1.0,1.0412594358238245,-0.208398327884196,1.0,0.0,0.0,0.0,0.0,0.0,0.0,1.0,0.0,1.0,0
0.0,-1.3743828459893257,-0.5284030056639955,1.0,0.0,1.0,0.0,0.0,0.0,0.0,1.0,1.0,0.0,0
0.0,-0.3996499954331423,-1.493365564948442,0.0,0.0,1.0,0.0,0.0,0.0,0.0,0.0,0.0,0.0,0
1.0,-0.5267890628969922,-1.534603281157179,0.0,0.0,0.0,1.0,0.0,0.0,0.0,0.0,0.0,0.0,0
1.0,-0.10299217135082558,0.9512062519054894,0.0,1.0,1.0,0.0,0.0,0.0,1.0,0.0,1.0,0.0,0
1.0,1.1260188141330578,0.50418940820278,0.0,1.0,0.0,1.0,0.0,0.0,0.0,1.0,1.0,0.0,0
0.0,-0.27251092796929227,-1.0084100223336945,1.0,0.0,0.0,1.0,0.0,0.0,0.0,1.0,1.0,0.0,0
0.0,0.9565000575145911,-0.041797954400898216,1.0,0.0,0.0,0.0,0.0,0.0,0.0,1.0,1.0,0.0,0
1.0,1.3802969490607577,-1.5395518071022276,0.0,0.0,0.0,1.0,1.0,0.0,0.0,0.0,0.0,0.0,0
1.0,0.829360990050741,-1.4900665476517432,0.0,0.0,0.0,0.0,0.0,0.0,0.0,0.0,0.0,0.0,0
1.0,-0.18775154966005891,0.7631622659936484,0.0,1.0,1.0,0.0,0.0,1.0,0.0,1.0,1.0,0.0,0
0.0,-0.3996499954331423,0.7582137400486003,0.0,1.0,1.0,0.0,0.0,1.0,1.0,0.0,0.0,1.0,1
1.0,-1.3743828459893257,-1.3581058557837846,1.0,0.0,1.0,0.0,0.0,0.0,1.0,0.0,1.0,0.0,0
0.0,-1.332003156834709,0.7351206189717074,0.0,1.0,1.0,0.0,0.0,1.0,1.0,0.0,0.0,1.0,1
0.0,-1.077725021907009,-1.5263557379154318,0.0,0.0,1.0,0.0,0.0,0.0,0.0,0.0,0.0,0.0,0
1.0,0.36318440934995777,-0.14076847330186734,1.0,0.0,1.0,0.0,0.0,0.0,1.0,0.0,1.0,0.0,0
0.0,-1.077725021907009,-0.478917746213511,1.0,0.0,1.0,0.0,0.0,0.0,0.0,1.0,1.0,0.0,0
0.0,-0.8234468869793089,0.2831552493239494,0.0,1.0,1.0,0.0,0.0,0.0,1.0,0.0,1.0,0.0,0
1.0,0.829360990050741,-0.3601531235323483,1.0,0.0,0.0,0.0,0.0,0.0,1.0,0.0,1.0,0.0,0
1.0,1.0836391249784412,0.9215150962351986,0.0,1.0,0.0,0.0,0.0,1.0,1.0,0.0,0.0,1.0,1
1.0,-1.2048640893708589,0.7697603005870465,0.0,1.0,1.0,0.0,0.0,1.0,1.0,0.0,0.0,1.0,1
1.0,-0.696307819515459,0.7648117746419978,0.0,1.0,0.0,1.0,1.0,0.0,1.0,0.0,1.0,0.0,0
1.0,-0.950585954443159,-1.3581058557837846,0.0,0.0,0.0,0.0,1.0,0.0,0.0,0.0,0.0,0.0,0
0.0,-1.332003156834709,0.9660518297406349,0.0,1.0,1.0,0.0,0.0,1.0,1.0,0.0,0.0,1.0,1
0.0,-1.3743828459893257,0.532231055224721,0.0,1.0,1.0,0.0,0.0,0.0,0.0,1.0,1.0,0.0,0
1.0,-1.3743828459893257,-1.2030520428389333,1.0,0.0,1.0,0.0,0.0,0.0,0.0,1.0,1.0,0.0,1
1.0,-0.5267890628969922,0.5800668060268561,0.0,1.0,1.0,0.0,0.0,1.0,1.0,0.0,0.0,1.0,0
1.0,1.0412594358238245,-1.506561634135238,0.0,0.0,0.0,0.0,1.0,0.0,0.0,0.0,0.0,0.0,0
1.0,-0.3572703062785256,-1.5379022984538782,0.0,0.0,0.0,0.0,1.0,0.0,0.0,0.0,0.0,0.0,0
1.0,-1.2048640893708589,0.7780078438287938,0.0,1.0,1.0,0.0,0.0,1.0,1.0,0.0,0.0,1.0,1
1.0,-0.06061248219620892,0.7021304460047179,0.0,1.0,1.0,0.0,0.0,1.0,1.0,0.0,0.0,1.0,1
1.0,-1.2048640893708589,0.10005978935715709,0.0,1.0,1.0,0.0,1.0,0.0,1.0,0.0,1.0,0.0,0
1.0,0.9565000575145911,1.2877060161687837,0.0,1.0,0.0,1.0,0.0,0.0,1.0,0.0,0.0,1.0,0
0.0,-0.14537186050544226,1.4312132685751884,0.0,1.0,0.0,1.0,1.0,0.0,0.0,1.0,0.0,1.0,0
0.0,-0.7810671978246922,-1.3366622433552413,1.0,0.0,1.0,0.0,0.0,0.0,1.0,0.0,1.0,0.0,0
0.0,-0.9929656435977756,-0.5646921959276842,1.0,0.0,1.0,0.0,1.0,0.0,1.0,0.0,1.0,0.0,0
0.0,-0.9929656435977756,-1.2145986033773797,1.0,0.0,1.0,0.0,0.0,0.0,1.0,0.0,1.0,0.0,0
1.0,0.9565000575145911,0.8984219751583061,0.0,1.0,1.0,0.0,1.0,0.0,0.0,1.0,1.0,0.0,1
0.0,-0.8658265761339256,-1.5362527898055285,0.0,0.0,0.0,0.0,0.0,0.0,0.0,0.0,0.0,0.0,0
0.0,-0.3148906171239089,-1.0034614963886461,1.0,0.0,1.0,0.0,0.0,0.0,1.0,0.0,1.0,0.0,0
0.0,0.8717406792053578,1.1128580994437387,0.0,1.0,0.0,0.0,1.0,0.0,1.0,0.0,0.0,1.0,0
1.0,1.5498157056792243,1.277808964278687,0.0,1.0,0.0,0.0,0.0,0.0,0.0,1.0,0.0,1.0,0
1.0,0.4479437876591911,-1.0265546174655389,1.0,0.0,1.0,0.0,1.0,0.0,0.0,1.0,1.0,0.0,0
1.0,-0.950585954443159,-1.5313042638604801,0.0,0.0,0.0,0.0,1.0,0.0,0.0,0.0,0.0,0.0,0
0.0,-1.332003156834709,-0.5580941613342861,1.0,0.0,1.0,0.0,0.0,0.0,1.0,0.0,1.0,0.0,0
1.0,0.7022219225868911,-1.3333632260585424,0.0,0.0,0.0,0.0,0.0,0.0,0.0,0.0,0.0,0.0,0
1.0,1.5498157056792243,1.0402797189163615,0.0,1.0,0.0,0.0,0.0,0.0,1.0,0.0,0.0,1.0,0
1.0,-0.950585954443159,-1.5230567206187327,0.0,0.0,0.0,1.0,0.0,0.0,0.0,0.0,0.0,0.0,0
1.0,-0.5691687520516089,-1.524706229267082,0.0,0.0,0.0,1.0,0.0,0.0,0.0,0.0,0.0,0.0,0
1.0,0.4055640985045744,-1.5494488589923243,0.0,0.0,0.0,0.0,0.0,1.0,0.0,0.0,0.0,0.0,0
1.0,-0.9082062652885423,0.6262530481806418,0.0,1.0,1.0,0.0,0.0,1.0,1.0,0.0,1.0,0.0,1
1.0,-0.2301312388146756,0.047275512609973404,1.0,0.0,1.0,0.0,0.0,1.0,0.0,1.0,1.0,0.0,0
1.0,1.1260188141330578,1.048527262158109,0.0,1.0,0.0,1.0,0.0,0.0,1.0,0.0,0.0,1.0,0
1.0,-0.7810671978246922,-0.3568541062356493,1.0,0.0,1.0,0.0,0.0,0.0,0.0,1.0,1.0,0.0,0
1.0,-0.18775154966005891,0.5833658233235549,0.0,1.0,1.0,0.0,1.0,0.0,1.0,0.0,1.0,0.0,0
0.0,0.4479437876591911,0.4299615190270534,1.0,0.0,0.0,0.0,0.0,0.0,0.0,1.0,0.0,1.0,0
1.0,1.0836391249784412,-1.0743903682676736,1.0,0.0,1.0,0.0,1.0,0.0,0.0,1.0,1.0,0.0,0
1.0,-1.077725021907009,-1.5181081946736843,0.0,0.0,0.0,0.0,0.0,0.0,0.0,0.0,0.0,0.0,0
1.0,1.0412594358238245,1.319046680487424,0.0,1.0,1.0,0.0,0.0,1.0,1.0,0.0,0.0,1.0,0
0.0,0.7446016117415077,1.0089390545977213,0.0,1.0,0.0,1.0,0.0,0.0,0.0,1.0,1.0,0.0,0
0.0,-0.950585954443159,-0.7312925694109816,1.0,0.0,1.0,0.0,0.0,0.0,1.0,0.0,1.0,0.0,0
0.0,-1.2472437785254755,-1.551098367640674,0.0,0.0,0.0,1.0,0.0,0.0,0.0,0.0,0.0,0.0,0
0.0,-0.18775154966005891,0.4299615190270534,1.0,0.0,0.0,0.0,0.0,0.0,1.0,0.0,0.0,1.0,0
1.0,-0.7810671978246922,0.9446082173120914,0.0,1.0,1.0,0.0,0.0,1.0,1.0,0.0,0.0,1.0,0
0.0,-0.10299217135082558,-1.5115101600802863,0.0,0.0,0.0,0.0,0.0,0.0,0.0,0.0,0.0,0.0,0
1.0,-0.3996499954331423,0.5206844946862749,0.0,1.0,1.0,0.0,0.0,1.0,0.0,1.0,1.0,0.0,0
0.0,-1.4167625351439423,0.40851790659850995,0.0,1.0,1.0,0.0,0.0,1.0,1.0,0.0,1.0,0.0,1
1.0,-0.6539281303608423,0.3243929655326865,1.0,0.0,0.0,1.0,1.0,0.0,0.0,1.0,0.0,1.0,0
0.0,1.5498157056792243,1.5367818220695553,0.0,1.0,0.0,0.0,0.0,0.0,0.0,1.0,0.0,1.0,0
0.0,-0.7810671978246922,1.3355417669709189,0.0,1.0,1.0,0.0,1.0,0.0,0.0,1.0,0.0,1.0,0
0.0,-1.2896234676800922,-0.5597436699826355,1.0,0.0,1.0,0.0,0.0,1.0,1.0,0.0,1.0,0.0,1
1.0,1.0412594358238245,1.2398702653666487,0.0,1.0,1.0,0.0,1.0,0.0,1.0,0.0,0.0,1.0,0
1.0,0.5327031659684244,1.2233751788831537,0.0,1.0,0.0,1.0,0.0,0.0,0.0,1.0,0.0,1.0,1
1.0,1.5074360165246077,1.3635834139928598,0.0,1.0,1.0,0.0,0.0,1.0,0.0,1.0,0.0,1.0,0
0.0,0.9565000575145911,0.44975562280724696,0.0,1.0,1.0,0.0,1.0,0.0,0.0,1.0,1.0,0.0,0
1.0,-0.9082062652885423,-1.5098606514319368,0.0,0.0,0.0,0.0,0.0,0.0,0.0,0.0,0.0,0.0,0
0.0,0.4055640985045744,0.7631622659936484,0.0,1.0,1.0,0.0,0.0,0.0,1.0,0.0,1.0,0.0,0
0.0,-0.9929656435977756,0.936360674070344,0.0,1.0,1.0,0.0,0.0,1.0,1.0,0.0,0.0,1.0,0
0.0,-1.4167625351439423,-0.41953543487292955,1.0,0.0,1.0,0.0,0.0,1.0,0.0,1.0,1.0,0.0,0
1.0,0.5750828551230411,1.3784289918280053,0.0,1.0,0.0,0.0,1.0,0.0,1.0,0.0,0.0,1.0,1
0.0,0.1512859635768744,0.5025398995544307,0.0,1.0,0.0,1.0,0.0,0.0,1.0,0.0,1.0,0.0,0
1.0,0.19366565273149108,0.49594186496103265,0.0,1.0,1.0,0.0,0.0,1.0,1.0,0.0,1.0,0.0,0
1.0,1.5074360165246077,-1.5412013157505768,0.0,0.0,0.0,0.0,0.0,0.0,0.0,0.0,0.0,0.0,0
0.0,-1.3743828459893257,-1.0529467558391306,1.0,0.0,1.0,0.0,0.0,0.0,0.0,1.0,1.0,0.0,1
1.0,0.5750828551230411,0.7879048957188907,0.0,1.0,1.0,0.0,0.0,0.0,1.0,0.0,1.0,0.0,1
0.0,-1.4167625351439423,-1.1981035168938847,1.0,0.0,1.0,0.0,1.0,0.0,1.0,0.0,1.0,0.0,1
1.0,1.2531578815969078,0.7780078438287938,0.0,1.0,0.0,1.0,0.0,1.0,0.0,1.0,1.0,0.0,1
1.0,-0.44202968458775893,0.7565642314002504,0.0,1.0,1.0,0.0,0.0,1.0,1.0,0.0,1.0,0.0,1
1.0,0.5750828551230411,1.048527262158109,0.0,1.0,0.0,1.0,0.0,1.0,1.0,0.0,0.0,1.0,0
0.0,-1.3743828459893257,-0.37994722731254216,1.0,0.0,1.0,0.0,0.0,0.0,1.0,0.0,1.0,0.0,0
1.0,0.9141203683599745,0.8076989994990847,0.0,1.0,0.0,1.0,0.0,1.0,1.0,0.0,0.0,1.0,0
0.0,-0.3148906171239089,-1.5807895233109646,0.0,0.0,0.0,1.0,0.0,0.0,0.0,0.0,0.0,0.0,0
0.0,-1.1201047110616256,-0.040148445752548834,1.0,0.0,1.0,0.0,0.0,0.0,0.0,1.0,1.0,0.0,0
0.0,-0.06061248219620892,1.2844069988720845,0.0,1.0,1.0,0.0,0.0,1.0,1.0,0.0,0.0,1.0,0
1.0,1.0412594358238245,0.9759488816307316,0.0,1.0,1.0,0.0,0.0,1.0,1.0,0.0,0.0,1.0,1
1.0,0.8717406792053578,0.6410986260157867,0.0,1.0,1.0,0.0,1.0,0.0,1.0,0.0,0.0,1.0,0
0.0,-0.3996499954331423,0.09511126341210846,0.0,1.0,1.0,0.0,0.0,0.0,1.0,0.0,1.0,0.0,0
0.0,-1.332003156834709,0.14789554015929215,0.0,1.0,1.0,0.0,0.0,1.0,1.0,0.0,1.0,0.0,0
1.0,1.2955375707515244,1.1969830405095623,0.0,1.0,0.0,1.0,0.0,0.0,1.0,0.0,0.0,1.0,1
1.0,0.4903234768138078,-1.2954245271465044,0.0,0.0,0.0,1.0,0.0,1.0,0.0,0.0,0.0,0.0,0
1.0,-0.06061248219620892,0.4002703633567625,0.0,1.0,1.0,0.0,0.0,1.0,1.0,0.0,0.0,1.0,1
0.0,-1.3743828459893257,-0.7543856904878745,1.0,0.0,1.0,0.0,0.0,1.0,1.0,0.0,1.0,0.0,1
1.0,0.2784250310407244,0.5982114011587003,0.0,1.0,1.0,0.0,0.0,1.0,1.0,0.0,1.0,0.0,1
0.0,-0.3996499954331423,-0.2215943970709918,1.0,0.0,0.0,1.0,0.0,0.0,1.0,0.0,0.0,1.0,0
0.0,-1.077725021907009,-0.214996362477594,1.0,0.0,1.0,0.0,0.0,0.0,1.0,0.0,0.0,1.0,0
0.0,-1.0353453327523923,1.4922450885641194,0.0,1.0,1.0,0.0,0.0,1.0,1.0,0.0,0.0,1.0,0
1.0,-0.9082062652885423,0.29470180986239564,0.0,1.0,1.0,0.0,0.0,1.0,1.0,0.0,1.0,0.0,0
1.0,-1.1201047110616256,-0.018704833324005854,1.0,0.0,0.0,1.0,0.0,0.0,1.0,0.0,0.0,1.0,0
1.0,1.465056327369991,1.5466788739596522,0.0,1.0,0.0,0.0,0.0,0.0,0.0,1.0,0.0,1.0,0
1.0,1.1260188141330578,1.1540958156524759,0.0,1.0,0.0,0.0,1.0,0.0,0.0,1.0,0.0,1.0,0
0.0,1.465056327369991,1.5978136420584859,0.0,1.0,0.0,0.0,0.0,1.0,0.0,1.0,0.0,1.0,0
0.0,1.465056327369991,-0.7114984656307878,1.0,0.0,0.0,0.0,1.0,0.0,0.0,1.0,1.0,0.0,0
1.0,1.3802969490607577,1.7297743339264444,0.0,1.0,0.0,0.0,0.0,0.0,0.0,1.0,0.0,1.0,0
0.0,1.5074360165246077,0.35408412120297733,1.0,0.0,0.0,0.0,0.0,0.0,0.0,1.0,0.0,1.0,0
1.0,0.19366565273149108,-0.07478812736788808,1.0,0.0,0.0,1.0,1.0,0.0,1.0,0.0,0.0,1.0,0
1.0,0.4479437876591911,0.46954972658744104,0.0,1.0,1.0,0.0,0.0,1.0,1.0,0.0,1.0,0.0,1
1.0,1.5074360165246077,0.5652212281917106,1.0,0.0,0.0,0.0,0.0,0.0,1.0,0.0,0.0,1.0,0
0.0,0.10890627442225775,0.4711992352357904,0.0,1.0,1.0,0.0,0.0,0.0,0.0,1.0,1.0,0.0,0
1.0,-0.7810671978246922,1.0699708745866519,0.0,1.0,0.0,1.0,1.0,0.0,1.0,0.0,0.0,1.0,1
0.0,-0.950585954443159,-0.4640721683783656,1.0,0.0,1.0,0.0,0.0,0.0,0.0,1.0,1.0,0.0,0
0.0,0.19366565273149108,1.264612895091891,0.0,1.0,1.0,0.0,0.0,0.0,1.0,0.0,0.0,1.0,1
1.0,1.5074360165246077,1.2530663345534447,0.0,1.0,0.0,0.0,0.0,0.0,1.0,0.0,0.0,1.0,0
0.0,0.024146896113024417,0.4299615190270534,1.0,0.0,1.0,0.0,0.0,0.0,0.0,1.0,0.0,1.0,0
1.0,-0.14537186050544226,0.1182043844890013,0.0,1.0,1.0,0.0,1.0,0.0,1.0,0.0,1.0,0.0,1
1.0,0.36318440934995777,0.15779259204938895,1.0,0.0,0.0,1.0,0.0,1.0,1.0,0.0,0.0,1.0,0
1.0,-0.10299217135082558,-1.5214072119703834,0.0,0.0,1.0,0.0,0.0,0.0,0.0,0.0,0.0,0.0,0
0.0,0.9141203683599745,0.2699591801371534,1.0,0.0,0.0,0.0,1.0,0.0,0.0,1.0,0.0,1.0,0
1.0,1.5074360165246077,0.6147064876421952,1.0,0.0,0.0,1.0,1.0,0.0,0.0,1.0,0.0,1.0,0
1.0,1.5074360165246077,1.2860565075204342,0.0,1.0,0.0,0.0,1.0,0.0,1.0,0.0,0.0,1.0,0
1.0,0.36318440934995777,0.7598632486969497,0.0,1.0,1.0,0.0,0.0,1.0,1.0,0.0,0.0,1.0,0
1.0,0.2784250310407244,1.083166943773448,0.0,1.0,0.0,0.0,0.0,0.0,1.0,0.0,0.0,1.0,0
0.0,-1.1201047110616256,-1.5098606514319368,0.0,0.0,1.0,0.0,0.0,0.0,0.0,0.0,0.0,0.0,0
0.0,-1.4167625351439423,-1.5461498416956256,0.0,0.0,1.0,0.0,0.0,0.0,0.0,0.0,0.0,0.0,0
1.0,0.5750828551230411,-1.3498583125420371,0.0,0.0,0.0,0.0,0.0,0.0,0.0,0.0,0.0,0.0,0
0.0,-1.4167625351439423,0.1182043844890013,0.0,1.0,1.0,0.0,1.0,0.0,1.0,0.0,1.0,0.0,1
0.0,0.024146896113024417,-1.0331526520589367,1.0,0.0,1.0,0.0,1.0,0.0,1.0,0.0,1.0,0.0,0
1.0,1.465056327369991,0.720275041136562,0.0,1.0,0.0,0.0,0.0,0.0,0.0,1.0,1.0,0.0,0
0.0,-0.5691687520516089,-0.23479046625778782,1.0,0.0,1.0,0.0,0.0,0.0,0.0,1.0,1.0,0.0,0
0.0,-0.01823279304159225,-1.486767530355044,0.0,0.0,0.0,1.0,0.0,0.0,0.0,0.0,0.0,0.0,0
1.0,-0.06061248219620892,-0.5267534970156459,1.0,0.0,1.0,0.0,1.0,0.0,1.0,0.0,1.0,0.0,0
0.0,-0.950585954443159,0.5619222108950119,0.0,1.0,1.0,0.0,0.0,1.0,1.0,0.0,0.0,1.0,1
0.0,-0.01823279304159225,1.4724509847839253,0.0,1.0,0.0,1.0,1.0,0.0,0.0,1.0,0.0,1.0,0
0.0,1.5498157056792243,1.7165782647396488,0.0,1.0,0.0,0.0,0.0,1.0,0.0,1.0,0.0,1.0,0
1.0,-0.7386875086700756,-0.30901835543351447,1.0,0.0,1.0,0.0,0.0,0.0,1.0,0.0,1.0,0.0,0
1.0,-1.1201047110616256,-0.37499870136749375,1.0,0.0,1.0,0.0,0.0,0.0,1.0,0.0,1.0,0.0,0
0.0,0.19366565273149108,-1.5098606514319368,0.0,0.0,0.0,1.0,1.0,0.0,0.0,0.0,0.0,0.0,0
1.0,-1.2896234676800922,-1.1766599044653416,1.0,0.0,1.0,0.0,0.0,1.0,1.0,0.0,1.0,0.0,0
0.0,-1.4167625351439423,-0.17210913762050734,1.0,0.0,1.0,0.0,1.0,0.0,0.0,1.0,1.0,0.0,0
0.0,0.829360990050741,-0.06489107547779105,1.0,0.0,0.0,1.0,0.0,1.0,1.0,0.0,1.0,0.0,0
1.0,-1.1201047110616256,0.9462577259604408,0.0,1.0,1.0,0.0,0.0,0.0,1.0,0.0,0.0,1.0,1
0.0,-0.5267890628969922,-1.5395518071022276,0.0,0.0,1.0,0.0,0.0,0.0,0.0,0.0,0.0,0.0,0
1.0,-1.1201047110616256,-1.1948044995971858,1.0,0.0,1.0,0.0,0.0,1.0,1.0,0.0,1.0,0.0,1
0.0,-1.1201047110616256,0.37882675092821955,0.0,1.0,1.0,0.0,1.0,0.0,1.0,0.0,0.0,1.0,1
1.0,0.32080472019534106,-1.5230567206187327,0.0,0.0,0.0,1.0,0.0,0.0,0.0,0.0,0.0,0.0,0
1.0,1.5498157056792243,0.7912039130155899,1.0,0.0,0.0,0.0,1.0,0.0,0.0,1.0,0.0,1.0,0
0.0,0.19366565273149108,-0.4970623413453552,1.0,0.0,1.0,0.0,0.0,1.0,1.0,0.0,1.0,0.0,0
1.0,1.5498157056792243,1.3058506113006279,0.0,1.0,0.0,1.0,0.0,0.0,1.0,0.0,0.0,1.0,0
0.0,-0.10299217135082558,0.7516157054552023,0.0,1.0,0.0,0.0,0.0,1.0,0.0,1.0,0.0,1.0,0
1.0,-1.332003156834709,-0.5811872824111789,1.0,0.0,1.0,0.0,0.0,1.0,1.0,0.0,0.0,1.0,1
0.0,1.3802969490607577,1.3949240783115,0.0,1.0,0.0,1.0,0.0,1.0,1.0,0.0,0.0,1.0,1
0.0,-0.7386875086700756,-1.534603281157179,0.0,0.0,1.0,0.0,0.0,0.0,0.0,0.0,0.0,0.0,0
0.0,0.4055640985045744,0.6955324114113198,0.0,1.0,1.0,0.0,0.0,1.0,1.0,0.0,1.0,0.0,1
0.0,0.9988797466692078,-0.4772682375651614,1.0,0.0,1.0,0.0,0.0,1.0,1.0,0.0,0.0,1.0,0
0.0,-1.3743828459893257,0.4728487438841398,0.0,1.0,1.0,0.0,0.0,1.0,1.0,0.0,0.0,1.0,0
1.0,1.5498157056792243,1.6819385831243099,0.0,1.0,0.0,0.0,0.0,0.0,0.0,1.0,0.0,1.0,0
1.0,0.829360990050741,0.4365595536204514,0.0,1.0,1.0,0.0,0.0,1.0,1.0,0.0,1.0,0.0,0
0.0,-1.1201047110616256,-0.6999519050923414,1.0,0.0,1.0,0.0,0.0,0.0,1.0,0.0,1.0,0.0,1
0.0,-1.4167625351439423,-0.7213955175208848,1.0,0.0,1.0,0.0,0.0,1.0,1.0,0.0,1.0,0.0,0
0.0,-0.18775154966005891,0.3260424741810359,0.0,1.0,1.0,0.0,0.0,1.0,1.0,0.0,1.0,0.0,0
1.0,1.5498157056792243,-0.045096971697597465,1.0,0.0,0.0,0.0,1.0,0.0,0.0,1.0,0.0,1.0,0
0.0,-1.077725021907009,0.9627528124439356,0.0,1.0,1.0,0.0,0.0,1.0,1.0,0.0,0.0,1.0,1
1.0,0.7869813008961244,0.2584126195987072,0.0,1.0,1.0,0.0,1.0,0.0,1.0,0.0,1.0,0.0,0
0.0,-1.0353453327523923,-1.4191376757727154,0.0,0.0,1.0,0.0,0.0,0.0,0.0,0.0,0.0,0.0,1
1.0,-0.3572703062785256,0.1445965228625929,0.0,1.0,1.0,0.0,0.0,1.0,1.0,0.0,1.0,0.0,0
0.0,-0.5267890628969922,-0.35850361488399896,1.0,0.0,1.0,0.0,1.0,0.0,1.0,0.0,1.0,0.0,0
1.0,0.32080472019534106,0.5965618925103509,0.0,1.0,0.0,1.0,1.0,0.0,0.0,1.0,1.0,0.0,0
0.0,-1.2896234676800922,-1.3432602779486391,0.0,0.0,1.0,0.0,0.0,0.0,0.0,0.0,0.0,0.0,0
0.0,0.7022219225868911,0.768110791938697,0.0,1.0,0.0,0.0,0.0,0.0,1.0,0.0,1.0,0.0,0
0.0,-1.4167625351439423,-1.4983140908934904,0.0,0.0,1.0,0.0,0.0,0.0,0.0,0.0,0.0,0.0,0
0.0,1.2955375707515244,0.4711992352357904,0.0,1.0,1.0,0.0,0.0,0.0,1.0,0.0,1.0,0.0,1
1.0,-1.332003156834709,0.11160634989560327,0.0,1.0,1.0,0.0,0.0,0.0,1.0,0.0,1.0,0.0,0
1.0,0.829360990050741,-1.5428508243989265,0.0,0.0,0.0,0.0,0.0,0.0,0.0,0.0,0.0,0.0,0
0.0,-1.4167625351439423,0.6427481346641366,0.0,1.0,1.0,0.0,0.0,1.0,1.0,0.0,0.0,1.0,1
1.0,-0.3996499954331423,-1.5148091773769854,0.0,0.0,1.0,0.0,0.0,0.0,0.0,0.0,0.0,0.0,0
1.0,1.1260188141330578,-0.5762387564661303,1.0,0.0,0.0,0.0,1.0,0.0,0.0,1.0,0.0,1.0,0
0.0,-1.4167625351439423,-1.1634638352785458,1.0,0.0,1.0,0.0,0.0,1.0,1.0,0.0,1.0,0.0,1
1.0,-1.2472437785254755,0.9759488816307316,0.0,1.0,1.0,0.0,0.0,1.0,1.0,0.0,0.0,1.0,1
0.0,0.4479437876591911,-0.920986063971172,1.0,0.0,0.0,0.0,0.0,0.0,0.0,1.0,1.0,0.0,0
0.0,0.19366565273149108,0.4299615190270534,0.0,1.0,1.0,0.0,0.0,0.0,0.0,1.0,1.0,0.0,1
0.0,-1.2048640893708589,0.3392385433678319,0.0,1.0,1.0,0.0,1.0,0.0,0.0,1.0,1.0,0.0,1
0.0,1.2955375707515244,1.2563653518501434,0.0,1.0,0.0,1.0,0.0,1.0,1.0,0.0,0.0,1.0,0
1.0,1.5498157056792243,1.6703920225858633,0.0,1.0,0.0,0.0,0.0,0.0,0.0,1.0,0.0,1.0,0
0.0,0.06652658526764109,0.33264050877443385,0.0,1.0,1.0,0.0,0.0,1.0,1.0,0.0,1.0,0.0,1
1.0,1.5498157056792243,1.0171865978394687,0.0,1.0,0.0,0.0,1.0,0.0,0.0,1.0,1.0,0.0,0
0.0,-1.077725021907009,0.6691402730377282,0.0,1.0,1.0,0.0,0.0,1.0,1.0,0.0,1.0,0.0,1
