Gender,Age,Under 30,Senior Citizen,Married,Number of Dependents,Latitude,Longitude,Population,Referred a Friend,Tenure in Months,Phone Service,Internet Service,Online Security,Device Protection Plan,Streaming Music,Unlimited Data,Satisfaction Score,Offer_No Offer,Offer_Offer B,Offer_Offer C,Offer_Offer D,Internet Type_Cable,Internet Type_DSL,Internet Type_No Internet Service,Contract_Month-to-Month,Churn
1.0,-1.661560197500818,1.0,0.0,1.0,-0.5064419972567069,-0.8654368548384337,0.6903093237124505,2.449203549517763,1.0,-0.11920223325716231,1.0,1.0,1.0,0.0,0.0,1.0,-2.0005886812701847,1.0,0.0,0.0,0.0,1.0,0.0,0.0,1.0,1
0.0,-1.541848073565934,1.0,0.0,0.0,-0.5064419972567069,-0.9831787767405445,0.8692642972333418,0.05917857286415711,0.0,-0.9003339184723,1.0,1.0,0.0,0.0,0.0,1.0,-0.2806524287733598,1.0,0.0,0.0,0.0,0.0,0.0,0.0,1.0,0
0.0,-0.8235753299566294,0.0,0.0,1.0,0.5329961123703084,0.40581320830664463,0.35017833155476596,-1.0068083361908722,1.0,0.8355142708946727,1.0,1.0,1.0,0.0,1.0,1.0,-0.2806524287733598,0.0,1.0,0.0,0.0,0.0,1.0,0.0,0.0,0
0.0,0.37354590939221144,0.0,0.0,0.0,-0.5064419972567069,1.1372149724942204,-0.4849596421008482,-0.7668311678496778,0.0,-0.5965604853330798,1.0,1.0,0.0,0.0,1.0,1.0,-0.2806524287733598,1.0,0.0,0.0,0.0,0.0,0.0,0.0,1.0,0
0.0,1.3910989628387262,0.0,1.0,1.0,-0.5064419972567069,-0.25391395191405913,-0.5869758250306306,-0.7284121101420575,1.0,1.5298535466414618,0.0,1.0,1.0,1.0,0.0,0.0,-0.2806524287733598,0.0,0.0,0.0,0.0,0.0,1.0,0.0,0.0,0
1.0,-0.16515864831476695,0.0,0.0,1.0,0.5329961123703084,-1.1463103419574194,1.23988826165521,-0.9505518588332853,1.0,1.4864573419072875,0.0,1.0,1.0,0.0,1.0,1.0,0.5793156974750526,0.0,0.0,0.0,0.0,1.0,0.0,0.0,0.0,0
0.0,-0.5242950201194192,0.0,0.0,0.0,-0.5064419972567069,-1.04064526108408,0.8477251637504184,1.899555528102216,0.0,0.8355142708946727,1.0,0.0,0.0,0.0,0.0,0.0,0.5793156974750526,0.0,1.0,0.0,0.0,0.0,0.0,1.0,0.0,0
0.0,0.49325803332709556,0.0,0.0,1.0,2.611872331624339,-0.8232661659709029,1.1710963709043376,1.5005556344465987,1.0,-1.0739187374089973,1.0,0.0,0.0,0.0,0.0,0.0,-0.2806524287733598,0.0,0.0,0.0,1.0,0.0,0.0,1.0,0.0,0
1.0,-0.04544652437988287,0.0,0.0,1.0,1.5724342219973237,-0.23518166682028602,-0.0613868265483261,-0.9188040907029735,1.0,0.27136360935040654,0.0,1.0,1.0,1.0,1.0,0.0,-0.2806524287733598,1.0,0.0,0.0,0.0,0.0,1.0,0.0,0.0,0
0.0,0.9122504670991899,0.0,0.0,0.0,-0.5064419972567069,-0.26803230795401856,0.6990246333727789,-0.9456311913436394,0.0,0.44494842828710385,1.0,0.0,0.0,0.0,0.0,0.0,1.439283823723465,0.0,1.0,0.0,0.0,0.0,0.0,1.0,0.0,0
0.0,-1.3622798876636077,1.0,0.0,0.0,-0.5064419972567069,0.13555931917813513,-0.997588712136425,-0.8968503434414763,0.0,-0.46637187113055684,1.0,1.0,1.0,0.0,1.0,1.0,-0.2806524287733598,1.0,0.0,0.0,0.0,0.0,1.0,0.0,0.0,0
0.0,0.9721065290666319,0.0,0.0,1.0,1.5724342219973237,0.9702923110711794,-0.8108776205266004,0.4495199843024168,1.0,-0.075806028522988,1.0,0.0,0.0,0.0,0.0,0.0,-0.2806524287733598,1.0,0.0,0.0,0.0,0.0,0.0,1.0,0.0,0
0.0,-1.1228556397938396,1.0,0.0,1.0,-0.5064419972567069,-0.8794755558066552,0.7265579067766639,1.596697906936604,1.0,1.269476318236416,1.0,1.0,1.0,1.0,1.0,1.0,-0.2806524287733598,1.0,0.0,0.0,0.0,0.0,0.0,0.0,0.0,0
1.0,1.3910989628387262,0.0,1.0,0.0,-0.5064419972567069,-0.8119794062120643,0.7056171722682981,-0.6810506855542153,0.0,-0.9437301232064743,1.0,1.0,0.0,0.0,0.0,1.0,-0.2806524287733598,1.0,0.0,0.0,0.0,0.0,0.0,0.0,1.0,1
0.0,-0.7038632060217453,0.0,0.0,1.0,-0.5064419972567069,1.7540112837719253,-1.9938851723077433,-0.9803597484340252,1.0,1.00909908983137,1.0,1.0,1.0,1.0,0.0,1.0,-0.2806524287733598,0.0,1.0,0.0,0.0,0.0,1.0,0.0,0.0,0
1.0,1.6903792726759364,0.0,1.0,0.0,-0.5064419972567069,1.3061961312280108,-1.004109277061223,-1.0228478196426987,0.0,0.05438258567953497,1.0,1.0,0.0,0.0,0.0,1.0,-2.0005886812701847,0.0,0.0,1.0,0.0,0.0,0.0,0.0,1.0,1
1.0,0.3136898474247694,0.0,0.0,0.0,-0.5064419972567069,-1.0434865615363755,1.477397289962838,-0.966212829401293,0.0,-1.030522532674823,1.0,0.0,0.0,0.0,0.0,0.0,1.439283823723465,1.0,0.0,0.0,0.0,0.0,0.0,1.0,0.0,0
1.0,0.07426559955500123,0.0,0.0,1.0,0.5329961123703084,2.2693783848946962,-1.7197455452451271,-0.9759595361596303,1.0,-0.5965604853330798,1.0,0.0,0.0,0.0,0.0,0.0,0.5793156974750526,0.0,0.0,0.0,1.0,0.0,0.0,1.0,0.0,0
0.0,-0.46443895815197717,0.0,0.0,1.0,-0.5064419972567069,-0.09282268868697538,-0.5978997205747036,-1.011729003680518,1.0,1.00909908983137,1.0,1.0,1.0,0.0,0.0,1.0,-0.2806524287733598,0.0,1.0,0.0,0.0,0.0,1.0,0.0,0.0,0
0.0,0.19397772348988532,0.0,0.0,1.0,-0.5064419972567069,-1.0126822874994212,0.8706424142241009,1.9262880005219272,1.0,0.8355142708946727,1.0,1.0,0.0,0.0,1.0,0.0,-1.1406205550217723,1.0,0.0,0.0,0.0,0.0,0.0,0.0,0.0,1
1.0,-1.601704135533376,1.0,0.0,1.0,0.5329961123703084,0.9180272624780849,-1.1580865145106036,1.9884114275787073,1.0,0.6619294519579755,1.0,1.0,0.0,1.0,1.0,1.0,1.439283823723465,0.0,1.0,0.0,0.0,0.0,0.0,0.0,0.0,0
0.0,1.8100913966108205,0.0,1.0,1.0,-0.5064419972567069,0.43314904982903957,0.25084179491969405,-1.0347236613725173,1.0,0.5751370424896268,1.0,1.0,1.0,1.0,1.0,1.0,0.5793156974750526,1.0,0.0,0.0,0.0,0.0,0.0,0.0,0.0,0
0.0,0.07426559955500123,0.0,0.0,1.0,1.5724342219973237,1.8860442150928394,-1.226437795376582,-0.9787037545673174,1.0,1.139287704033893,1.0,0.0,0.0,0.0,0.0,0.0,1.439283823723465,0.0,1.0,0.0,0.0,0.0,0.0,1.0,0.0,0
0.0,-0.40458289618453513,0.0,0.0,1.0,1.5724342219973237,-1.0416872464641214,0.8992682155938777,0.9056280093042136,1.0,0.4015522235529295,1.0,0.0,0.0,0.0,0.0,0.0,1.439283823723465,0.0,1.0,0.0,0.0,0.0,0.0,1.0,0.0,0
1.0,-0.04544652437988287,0.0,0.0,1.0,0.5329961123703084,-0.9229195128005955,0.646008421987471,0.3197846933734825,1.0,1.5298535466414618,1.0,1.0,1.0,1.0,1.0,1.0,0.5793156974750526,0.0,0.0,0.0,0.0,0.0,1.0,0.0,0.0,0
1.0,-0.225014710282209,0.0,0.0,1.0,0.5329961123703084,1.1181624497516343,-0.7313011684570302,-0.9795080944454326,1.0,1.2260801135022417,1.0,1.0,1.0,1.0,1.0,1.0,-0.2806524287733598,1.0,0.0,0.0,0.0,1.0,0.0,0.0,0.0,0
0.0,-1.481992011598492,1.0,0.0,1.0,2.611872331624339,-0.6992561581699054,-0.1528205289233731,1.327338675988966,0.0,-1.290899761079869,1.0,0.0,0.0,0.0,0.0,0.0,1.439283823723465,0.0,0.0,0.0,0.0,0.0,0.0,1.0,1.0,0
1.0,-1.541848073565934,1.0,0.0,1.0,-0.5064419972567069,-0.5975956652686065,0.6361876659562486,1.295827478411041,1.0,-0.5097680758647312,1.0,0.0,0.0,0.0,0.0,0.0,-0.2806524287733598,1.0,0.0,0.0,0.0,0.0,0.0,1.0,0.0,0
0.0,-1.661560197500818,1.0,0.0,1.0,1.5724342219973237,-0.890220499341493,0.7194804663219577,1.2096211691212826,1.0,-0.5531642805989055,1.0,0.0,0.0,0.0,0.0,0.0,1.439283823723465,0.0,0.0,1.0,0.0,0.0,0.0,1.0,0.0,0
0.0,-0.225014710282209,0.0,0.0,1.0,2.611872331624339,0.1640637046463328,-0.952063330165895,0.7722968459789995,1.0,0.7053256566921497,1.0,1.0,0.0,1.0,1.0,1.0,0.5793156974750526,1.0,0.0,0.0,0.0,0.0,1.0,0.0,0.0,0
0.0,-0.8834313919240715,0.0,0.0,0.0,-0.5064419972567069,-0.897994349134551,0.8241283128993032,1.5029213399704668,0.0,1.3128725229705902,1.0,0.0,0.0,0.0,0.0,0.0,1.439283823723465,0.0,0.0,0.0,0.0,0.0,0.0,1.0,0.0,0
0.0,-0.28487077224965107,0.0,0.0,0.0,-0.5064419972567069,0.6144985790673523,-1.1144832066557386,0.44810056098809586,0.0,1.3996649324389387,1.0,1.0,1.0,1.0,1.0,1.0,-0.2806524287733598,1.0,0.0,0.0,0.0,0.0,1.0,0.0,0.0,0
0.0,1.1516747149689581,0.0,1.0,1.0,-0.5064419972567069,0.10467619875037788,0.11010407711101043,-0.3706228067122248,1.0,0.878910475628847,1.0,1.0,0.0,1.0,0.0,1.0,0.5793156974750526,1.0,0.0,0.0,0.0,0.0,0.0,0.0,0.0,0
1.0,0.37354590939221144,0.0,0.0,1.0,2.611872331624339,-0.6353800687644984,1.1363850780353648,-0.9941754686934157,1.0,0.7921180661604984,1.0,0.0,0.0,0.0,0.0,0.0,-0.2806524287733598,0.0,1.0,0.0,0.0,0.0,0.0,1.0,0.0,0
1.0,0.9122504670991899,0.0,0.0,1.0,-0.5064419972567069,0.4572792801395695,-0.9655769045412819,1.4092394012252847,0.0,0.010986380945360646,1.0,1.0,0.0,1.0,0.0,1.0,-0.2806524287733598,1.0,0.0,0.0,0.0,0.0,0.0,0.0,1.0,1
1.0,1.271386838903842,0.0,1.0,0.0,-0.5064419972567069,-0.9204659748548825,0.9386010678523388,2.1212221356886705,0.0,-1.030522532674823,1.0,1.0,0.0,1.0,0.0,1.0,0.5793156974750526,1.0,0.0,0.0,0.0,0.0,1.0,0.0,0.0,0
0.0,1.3312429008712843,0.0,1.0,0.0,-0.5064419972567069,-0.8355625638725329,0.5877685612652558,-0.4159970386600177,0.0,-1.3342959658140432,1.0,1.0,0.0,0.0,0.0,1.0,1.439283823723465,0.0,0.0,0.0,0.0,0.0,0.0,0.0,1.0,0
0.0,-0.6440071440543034,0.0,0.0,0.0,2.611872331624339,-0.16555181258832768,0.2918535784568208,-0.8973234845462499,0.0,1.4864573419072875,1.0,0.0,0.0,0.0,0.0,0.0,0.5793156974750526,1.0,0.0,0.0,0.0,0.0,0.0,1.0,0.0,0
1.0,-1.661560197500818,1.0,0.0,0.0,-0.5064419972567069,-0.5665338263550185,-0.3039372624080118,0.7306604287589185,0.0,-0.2927870521938596,1.0,1.0,0.0,1.0,1.0,1.0,0.5793156974750526,1.0,0.0,0.0,0.0,0.0,0.0,0.0,0.0,0
1.0,-0.16515864831476695,0.0,0.0,1.0,-0.5064419972567069,0.34753683001036506,-1.0751669637751349,-0.734042489288864,1.0,0.9223066803630213,1.0,0.0,0.0,0.0,0.0,0.0,0.5793156974750526,1.0,0.0,0.0,0.0,0.0,0.0,1.0,0.0,0
0.0,0.07426559955500123,0.0,0.0,0.0,-0.5064419972567069,-1.396615689871409,1.2168445953611544,0.5281087218053198,0.0,0.31475981408458087,1.0,1.0,1.0,1.0,1.0,1.0,0.5793156974750526,0.0,1.0,0.0,0.0,0.0,0.0,0.0,1.0,0
1.0,-0.7637192679891874,0.0,0.0,1.0,-0.5064419972567069,1.2961535270820521,-1.0516005634500978,-1.0137635104310447,1.0,1.00909908983137,1.0,1.0,0.0,1.0,1.0,1.0,1.439283823723465,0.0,1.0,0.0,0.0,0.0,0.0,0.0,0.0,0
1.0,-0.7038632060217453,0.0,0.0,0.0,-0.5064419972567069,0.6807517860704603,0.042663543797673946,-0.8630680685606378,0.0,-0.5097680758647312,1.0,1.0,0.0,1.0,1.0,1.0,-0.2806524287733598,1.0,0.0,0.0,0.0,0.0,0.0,0.0,1.0,1
0.0,0.2538337854573274,0.0,0.0,1.0,-0.5064419972567069,-0.997440673645818,0.7147929307926336,0.7809553281963573,1.0,0.6185332472238011,0.0,1.0,1.0,1.0,1.0,1.0,-2.0005886812701847,1.0,0.0,0.0,0.0,0.0,1.0,0.0,0.0,1
0.0,0.2538337854573274,0.0,0.0,1.0,2.611872331624339,0.94492277723336,-0.8008497086437427,-0.02877835851326407,0.0,-1.2475035563456947,1.0,0.0,0.0,0.0,0.0,0.0,-0.2806524287733598,0.0,0.0,0.0,0.0,0.0,0.0,1.0,1.0,0
0.0,-0.7038632060217453,0.0,0.0,1.0,-0.5064419972567069,-0.9308777418460038,0.6267553848183056,-0.27821834894993136,1.0,1.5298535466414618,1.0,1.0,1.0,1.0,1.0,1.0,-0.2806524287733598,0.0,0.0,0.0,0.0,0.0,1.0,0.0,0.0,0
0.0,1.8100913966108205,0.0,1.0,1.0,-0.5064419972567069,1.295380832452148,-0.5649296441513709,-1.0104515226976292,1.0,1.1826839087680672,1.0,1.0,1.0,1.0,0.0,1.0,-0.2806524287733598,1.0,0.0,0.0,0.0,0.0,0.0,0.0,0.0,0
0.0,1.091818653001516,0.0,1.0,0.0,-0.5064419972567069,1.892031284368082,-1.743864207384005,-1.0059566822022794,0.0,-0.46637187113055684,1.0,1.0,0.0,0.0,1.0,1.0,1.439283823723465,0.0,0.0,1.0,0.0,0.0,0.0,0.0,0.0,0
0.0,-0.7637192679891874,0.0,0.0,0.0,-0.5064419972567069,-0.627351484478065,1.0260129939272797,-0.13916217825695618,0.0,-1.160711146877346,1.0,1.0,0.0,0.0,0.0,1.0,-0.2806524287733598,1.0,0.0,0.0,0.0,1.0,0.0,0.0,1.0,0
0.0,-1.1228556397938396,1.0,0.0,1.0,-0.5064419972567069,0.0403626129611094,0.9997747906248483,-1.034155892046789,1.0,1.4430611371731132,1.0,1.0,1.0,1.0,1.0,1.0,-0.2806524287733598,0.0,0.0,0.0,0.0,0.0,1.0,0.0,0.0,0
0.0,1.8100913966108205,0.0,1.0,1.0,-0.5064419972567069,0.5863576956777977,-0.3999856035984431,-0.6440983652713934,1.0,1.0524952945655444,1.0,1.0,0.0,1.0,0.0,1.0,-0.2806524287733598,1.0,0.0,0.0,0.0,0.0,0.0,0.0,0.0,0
0.0,0.8523944051317478,0.0,0.0,0.0,-0.5064419972567069,1.0456743127678247,-0.17202466070217232,-1.036001142355406,0.0,-0.42297566639638257,1.0,1.0,0.0,0.0,0.0,1.0,-0.2806524287733598,1.0,0.0,0.0,0.0,1.0,0.0,0.0,1.0,0
0.0,-0.7637192679891874,0.0,0.0,1.0,-0.5064419972567069,1.0449667169528936,-0.5923014374927378,-0.9816845435273913,1.0,-1.160711146877346,1.0,1.0,1.0,0.0,0.0,1.0,-0.2806524287733598,0.0,0.0,0.0,1.0,0.0,1.0,0.0,1.0,0
1.0,-0.04544652437988287,0.0,0.0,1.0,-0.5064419972567069,-0.8764276373764015,0.6349267373537283,0.2781009620429241,1.0,-0.42297566639638257,1.0,1.0,1.0,1.0,0.0,1.0,-0.2806524287733598,1.0,0.0,0.0,0.0,0.0,1.0,0.0,0.0,0
1.0,-1.1827117017612818,1.0,0.0,1.0,-0.5064419972567069,1.4774654526570543,-1.8369320879918127,-1.0219961656541061,1.0,-0.37957946166220824,1.0,0.0,0.0,0.0,0.0,0.0,0.5793156974750526,1.0,0.0,0.0,0.0,0.0,0.0,1.0,1.0,0
1.0,-1.541848073565934,1.0,0.0,1.0,0.5329961123703084,-0.14295969340922776,0.4901727797042179,-1.0264910061494559,1.0,-0.9437301232064743,1.0,0.0,0.0,0.0,0.0,0.0,-0.2806524287733598,1.0,0.0,0.0,0.0,0.0,0.0,1.0,1.0,0
1.0,0.37354590939221144,0.0,0.0,1.0,-0.5064419972567069,-0.9253035041862128,1.1064738953678812,0.9701171418848619,1.0,1.4864573419072875,1.0,1.0,1.0,0.0,0.0,1.0,-0.2806524287733598,0.0,0.0,0.0,0.0,0.0,0.0,0.0,0.0,0
1.0,1.2115307769364,0.0,1.0,0.0,-0.5064419972567069,-0.8291695367697524,0.7854898249097013,-0.5376416166973226,0.0,0.8355142708946727,1.0,1.0,0.0,1.0,0.0,1.0,-0.2806524287733598,1.0,0.0,0.0,0.0,0.0,0.0,0.0,0.0,0
0.0,0.8523944051317478,0.0,0.0,1.0,0.5329961123703084,0.4839152083158819,-1.0940605924622808,0.12163319869427866,1.0,0.8355142708946727,0.0,1.0,0.0,1.0,0.0,0.0,-0.2806524287733598,1.0,0.0,0.0,0.0,0.0,1.0,0.0,0.0,0
1.0,-0.28487077224965107,0.0,0.0,0.0,-0.5064419972567069,-0.9628954416204438,0.8717713905469626,0.5903267770830545,0.0,-1.4644845800165662,1.0,1.0,0.0,0.0,0.0,1.0,1.439283823723465,0.0,0.0,0.0,0.0,0.0,0.0,0.0,1.0,0
0.0,0.07426559955500123,0.0,0.0,1.0,-0.5064419972567069,0.41756212921775165,-0.09126617457491329,-0.9911946797333417,1.0,0.27136360935040654,1.0,1.0,1.0,1.0,0.0,1.0,-0.2806524287733598,0.0,1.0,0.0,0.0,0.0,0.0,0.0,1.0,0
0.0,-1.0031435158589557,0.0,0.0,0.0,-0.5064419972567069,-1.3594442665214779,1.176608838867368,0.6141730887636463,0.0,-1.3776921705482175,1.0,1.0,0.0,0.0,0.0,0.0,-1.1406205550217723,0.0,0.0,0.0,0.0,0.0,0.0,0.0,1.0,1
0.0,-0.225014710282209,0.0,0.0,0.0,-0.5064419972567069,0.6221697263821296,-1.2340702658747718,0.4100127020538172,0.0,-0.5531642805989055,1.0,1.0,1.0,0.0,0.0,0.0,-2.0005886812701847,1.0,0.0,0.0,0.0,0.0,1.0,0.0,1.0,1
1.0,-0.5242950201194192,0.0,0.0,1.0,2.611872331624339,1.902098553282448,-1.0611168142205587,-1.0154668184082298,0.0,-1.3342959658140432,1.0,0.0,0.0,0.0,0.0,0.0,1.439283823723465,1.0,0.0,0.0,0.0,0.0,0.0,1.0,0.0,0
0.0,-0.8235753299566294,0.0,0.0,1.0,-0.5064419972567069,-1.0831285051315753,1.2230615777684033,0.17665950917945394,1.0,-0.16259843799133664,1.0,1.0,0.0,1.0,1.0,1.0,-2.0005886812701847,0.0,0.0,1.0,0.0,0.0,1.0,0.0,0.0,1
0.0,0.8523944051317478,0.0,0.0,0.0,0.5329961123703084,-1.3370300571472737,1.4416146922219109,-0.9620965017897624,0.0,-0.2927870521938596,0.0,1.0,0.0,0.0,1.0,1.0,0.5793156974750526,0.0,0.0,1.0,0.0,0.0,1.0,0.0,1.0,0
1.0,1.031962591034074,0.0,0.0,0.0,-0.5064419972567069,-0.8875081834977466,0.8587477928184356,0.45898280639788974,0.0,-0.6399566900672541,1.0,1.0,0.0,0.0,0.0,1.0,0.5793156974750526,0.0,0.0,0.0,1.0,0.0,0.0,0.0,0.0,0
0.0,-0.225014710282209,0.0,0.0,1.0,-0.5064419972567069,0.5402454959508702,-1.0705191062040362,0.5659600101872116,1.0,-1.3776921705482175,1.0,1.0,0.0,1.0,1.0,1.0,-2.0005886812701847,1.0,0.0,0.0,0.0,0.0,0.0,0.0,1.0,1
0.0,0.43340197135965347,0.0,0.0,1.0,1.5724342219973237,1.5415813159586071,-1.1146774441023783,-0.8783505262448266,1.0,0.9223066803630213,1.0,1.0,0.0,0.0,1.0,1.0,0.5793156974750526,1.0,0.0,0.0,0.0,0.0,1.0,0.0,0.0,0
1.0,0.7925383431643057,0.0,0.0,0.0,-0.5064419972567069,-0.37014606651734056,-0.22909494440009495,-0.910050980264661,0.0,1.00909908983137,1.0,0.0,0.0,0.0,0.0,0.0,-0.2806524287733598,0.0,1.0,0.0,0.0,0.0,0.0,1.0,0.0,0
1.0,0.7326822811968637,0.0,0.0,0.0,-0.5064419972567069,0.2666024250390775,-0.002069201751652164,1.096067303975607,0.0,-1.030522532674823,0.0,1.0,1.0,0.0,0.0,1.0,-0.2806524287733598,1.0,0.0,0.0,0.0,1.0,0.0,0.0,1.0,0
0.0,-0.9432874538915136,0.0,0.0,0.0,-0.5064419972567069,0.5606456854655489,-0.4334747230798957,-0.9872676085637204,0.0,-1.290899761079869,1.0,1.0,0.0,1.0,0.0,1.0,-1.1406205550217723,0.0,0.0,0.0,0.0,0.0,0.0,0.0,1.0,1
0.0,0.19397772348988532,0.0,0.0,1.0,-0.5064419972567069,1.7297383212770163,-1.9240833391086722,-0.9864632686856052,1.0,-0.5531642805989055,1.0,1.0,1.0,0.0,0.0,1.0,-0.2806524287733598,1.0,0.0,0.0,0.0,1.0,0.0,0.0,0.0,0
0.0,-1.3024238256961658,1.0,0.0,1.0,0.5329961123703084,0.47512161186839014,-0.16943728872890168,-0.9905322821866586,0.0,1.4864573419072875,1.0,1.0,1.0,1.0,1.0,1.0,0.5793156974750526,1.0,0.0,0.0,0.0,0.0,0.0,0.0,0.0,0
1.0,0.5531140952945376,0.0,0.0,0.0,-0.5064419972567069,-0.5322356463541711,0.6222814643431278,-0.3307370115798063,0.0,-1.160711146877346,1.0,0.0,0.0,0.0,0.0,0.0,0.5793156974750526,1.0,0.0,0.0,0.0,0.0,0.0,1.0,1.0,0
1.0,1.9896595825131467,0.0,1.0,0.0,-0.5064419972567069,-0.8023916850899873,0.7410948033768576,-0.08143896347457111,0.0,-0.9437301232064743,1.0,1.0,0.0,0.0,0.0,1.0,-0.2806524287733598,1.0,0.0,0.0,0.0,0.0,0.0,0.0,0.0,0
0.0,-0.5841510820868613,0.0,0.0,1.0,2.611872331624339,-0.7981958440776828,0.976959964647965,0.05477836058976218,1.0,-0.37957946166220824,1.0,1.0,0.0,0.0,1.0,1.0,0.5793156974750526,1.0,0.0,0.0,0.0,0.0,0.0,0.0,0.0,0
1.0,-1.0629995778263976,1.0,0.0,1.0,1.5724342219973237,1.2623195299357994,-0.4737603077072606,-1.0303234490981223,1.0,1.3996649324389387,1.0,0.0,0.0,0.0,0.0,0.0,1.439283823723465,0.0,0.0,0.0,0.0,0.0,0.0,1.0,0.0,0
1.0,1.031962591034074,0.0,0.0,1.0,-0.5064419972567069,-0.9964237573746484,1.392520600869559,-0.8674209667245554,1.0,-1.3342959658140432,1.0,1.0,0.0,0.0,0.0,1.0,-0.2806524287733598,1.0,0.0,0.0,0.0,0.0,0.0,0.0,1.0,1
0.0,-0.7637192679891874,0.0,0.0,0.0,-0.5064419972567069,0.93118409689067,-1.485295872064961,-1.0230843901950857,0.0,1.00909908983137,1.0,1.0,0.0,1.0,0.0,1.0,1.439283823723465,1.0,0.0,0.0,0.0,0.0,0.0,0.0,0.0,0
1.0,0.7925383431643057,0.0,0.0,0.0,-0.5064419972567069,-1.0416872464641214,0.8992682155938777,0.9056280093042136,0.0,-0.46637187113055684,1.0,1.0,0.0,1.0,1.0,1.0,-0.2806524287733598,0.0,0.0,1.0,0.0,0.0,0.0,0.0,1.0,0
1.0,-1.541848073565934,1.0,0.0,1.0,-0.5064419972567069,0.98702917596685,-0.7318764988512327,-0.043918873866020815,1.0,0.7053256566921497,1.0,1.0,0.0,0.0,1.0,0.0,1.439283823723465,0.0,1.0,0.0,0.0,0.0,0.0,0.0,0.0,0
0.0,0.014409537587559178,0.0,0.0,1.0,-0.5064419972567069,1.064419941096963,-0.145880577207618,-1.033919321494402,1.0,-1.2041073516115204,1.0,1.0,1.0,0.0,0.0,1.0,-0.2806524287733598,0.0,0.0,0.0,0.0,0.0,1.0,0.0,1.0,0
1.0,1.271386838903842,0.0,1.0,1.0,-0.5064419972567069,1.0167344526180975,-0.3199154839091513,-0.6313708695529823,1.0,1.2260801135022417,1.0,1.0,1.0,1.0,0.0,1.0,-0.2806524287733598,0.0,1.0,0.0,0.0,0.0,0.0,0.0,0.0,0
0.0,-0.8834313919240715,0.0,0.0,0.0,-0.5064419972567069,0.8150142507191034,-1.2906025902786804,0.638634483880444,0.0,-1.160711146877346,1.0,1.0,1.0,0.0,0.0,1.0,-0.2806524287733598,0.0,0.0,0.0,1.0,0.0,1.0,0.0,1.0,0
0.0,-0.9432874538915136,0.0,0.0,0.0,-0.5064419972567069,0.8755145015765923,-0.839090032936312,-0.9701399005709144,0.0,0.748721861426324,1.0,1.0,1.0,0.0,1.0,1.0,-2.0005886812701847,0.0,1.0,0.0,0.0,0.0,0.0,0.0,0.0,1
1.0,1.3910989628387262,0.0,1.0,1.0,-0.5064419972567069,0.9700084640642771,-1.4525855478564913,-0.18652360284479835,1.0,1.5298535466414618,1.0,1.0,0.0,1.0,1.0,0.0,1.439283823723465,0.0,0.0,0.0,0.0,0.0,0.0,0.0,0.0,0
1.0,-0.40458289618453513,0.0,0.0,1.0,-0.5064419972567069,-0.8772233794128482,0.6558651650040571,2.1574647443143316,1.0,1.1826839087680672,1.0,0.0,0.0,0.0,0.0,0.0,0.5793156974750526,1.0,0.0,0.0,0.0,0.0,0.0,1.0,0.0,0
1.0,0.43340197135965347,0.0,0.0,1.0,-0.5064419972567069,0.2321898166864458,-0.000514840806941748,0.8150688018505373,1.0,-1.0739187374089973,0.0,1.0,1.0,0.0,0.0,1.0,-0.2806524287733598,1.0,0.0,0.0,0.0,0.0,1.0,0.0,0.0,0
1.0,-0.5841510820868613,0.0,0.0,1.0,-0.5064419972567069,0.6945454567164812,-1.279085370847723,-0.7167255248541484,1.0,1.5298535466414618,1.0,0.0,0.0,0.0,0.0,0.0,1.439283823723465,1.0,0.0,0.0,0.0,0.0,0.0,1.0,0.0,0
1.0,-1.0629995778263976,1.0,0.0,1.0,-0.5064419972567069,1.2628480029244378,-0.6873596752140767,-0.9653138613022232,1.0,0.9223066803630213,1.0,1.0,1.0,1.0,1.0,1.0,0.5793156974750526,1.0,0.0,0.0,0.0,0.0,1.0,0.0,0.0,0
0.0,-0.40458289618453513,0.0,0.0,1.0,-0.5064419972567069,-0.3651577181923123,0.1649200991360713,-1.0260178650446823,1.0,1.1826839087680672,1.0,1.0,1.0,0.0,0.0,1.0,-0.2806524287733598,0.0,1.0,0.0,0.0,0.0,1.0,0.0,0.0,0
0.0,-0.28487077224965107,0.0,0.0,1.0,-0.5064419972567069,-0.31113055384980653,0.4238035512628423,1.4932219473226072,1.0,-0.8135415090039514,1.0,1.0,0.0,0.0,1.0,1.0,0.5793156974750526,1.0,0.0,0.0,0.0,0.0,0.0,0.0,1.0,0
0.0,-1.481992011598492,1.0,0.0,0.0,-0.5064419972567069,0.12386781461315545,-0.5500042726579043,-0.9987176232992427,0.0,-0.9003339184723,1.0,0.0,0.0,0.0,0.0,0.0,-0.2806524287733598,0.0,0.0,0.0,1.0,0.0,0.0,1.0,1.0,0
0.0,0.6728262192294217,0.0,0.0,0.0,-0.5064419972567069,-0.9805857413341726,0.6656028741459803,-0.04051225791165054,0.0,0.878910475628847,1.0,0.0,0.0,0.0,0.0,0.0,-0.2806524287733598,1.0,0.0,0.0,0.0,0.0,0.0,1.0,0.0,0
1.0,1.031962591034074,0.0,0.0,0.0,-0.5064419972567069,0.698400843056691,-1.2934810877361043,-0.4689415282841889,0.0,-0.6399566900672541,1.0,1.0,1.0,0.0,0.0,1.0,-0.2806524287733598,0.0,0.0,0.0,1.0,1.0,0.0,0.0,1.0,0
0.0,-0.8834313919240715,0.0,0.0,0.0,-0.5064419972567069,-0.8995288212017876,1.1015326054545924,-0.13826321015788626,0.0,-1.0739187374089973,1.0,1.0,0.0,0.0,0.0,1.0,-0.2806524287733598,1.0,0.0,0.0,0.0,0.0,0.0,0.0,1.0,0
0.0,0.9721065290666319,0.0,0.0,0.0,-0.5064419972567069,0.7164514101253341,-1.1326349497984776,0.0263898943033433,0.0,0.6185332472238011,1.0,0.0,0.0,0.0,0.0,0.0,-0.2806524287733598,0.0,1.0,0.0,0.0,0.0,0.0,1.0,0.0,0
0.0,-1.3622798876636077,1.0,0.0,0.0,-0.5064419972567069,-0.7896642602519504,0.599908170994351,-0.22754493662867364,0.0,0.7053256566921497,1.0,0.0,0.0,0.0,0.0,0.0,1.439283823723465,1.0,0.0,0.0,0.0,0.0,0.0,1.0,0.0,0
0.0,1.5706671487410524,0.0,1.0,1.0,-0.5064419972567069,0.6221430399113935,-1.0974475214308592,0.9904148952796513,1.0,-0.16259843799133664,1.0,1.0,1.0,0.0,0.0,1.0,0.5793156974750526,1.0,0.0,0.0,0.0,0.0,0.0,0.0,0.0,0
0.0,-0.16515864831476695,0.0,0.0,1.0,0.5329961123703084,-1.01090642417418,0.778065894377978,-0.9848072748188974,1.0,-1.421088375282392,1.0,1.0,0.0,0.0,1.0,1.0,-1.1406205550217723,1.0,0.0,0.0,0.0,0.0,1.0,0.0,1.0,1
0.0,-1.3622798876636077,1.0,0.0,0.0,-0.5064419972567069,-0.8039520349470249,0.6559357548599601,1.169498803436477,0.0,1.0524952945655444,1.0,1.0,1.0,1.0,1.0,1.0,-0.2806524287733598,0.0,1.0,0.0,0.0,0.0,0.0,0.0,0.0,0
0.0,1.5706671487410524,0.0,1.0,0.0,-0.5064419972567069,-0.4260493706205772,-0.41330909287165796,-0.631985952989188,0.0,-1.3342959658140432,1.0,1.0,1.0,0.0,0.0,1.0,-1.1406205550217723,0.0,0.0,0.0,0.0,0.0,0.0,0.0,1.0,1
1.0,0.9122504670991899,0.0,0.0,1.0,2.611872331624339,1.4300274205431802,-1.6603314937825457,-1.0328784110639,1.0,-1.2475035563456947,1.0,1.0,0.0,0.0,0.0,1.0,0.5793156974750526,0.0,0.0,0.0,0.0,0.0,1.0,0.0,1.0,0
0.0,-1.601704135533376,1.0,0.0,1.0,-0.5064419972567069,1.4267878447321953,-1.1728776268663748,-0.3886967969145782,1.0,0.8355142708946727,0.0,1.0,0.0,1.0,1.0,0.0,0.5793156974750526,1.0,0.0,0.0,0.0,0.0,1.0,0.0,0.0,0
1.0,1.9896595825131467,0.0,1.0,0.0,-0.5064419972567069,0.4853570864164772,-1.0625073882447076,0.27918918658390346,0.0,0.3581560188187552,1.0,1.0,1.0,0.0,1.0,1.0,-0.2806524287733598,0.0,1.0,0.0,0.0,1.0,0.0,0.0,0.0,0
1.0,-0.5841510820868613,0.0,0.0,0.0,-0.5064419972567069,1.868295690352054,-1.9579420172475035,-0.11001668620289945,0.0,-0.5097680758647312,0.0,1.0,0.0,1.0,1.0,1.0,-0.2806524287733598,0.0,0.0,1.0,0.0,1.0,0.0,0.0,0.0,0
1.0,1.091818653001516,0.0,1.0,1.0,2.611872331624339,-0.8774938831843854,0.7589531141774065,0.23712694236952617,1.0,1.2260801135022417,1.0,1.0,0.0,1.0,1.0,1.0,0.5793156974750526,0.0,1.0,0.0,0.0,0.0,0.0,0.0,0.0,0
1.0,1.8699474585782625,0.0,1.0,0.0,-0.5064419972567069,1.7100667532814824,-1.1749482626395622,-0.023810376913140766,0.0,0.010986380945360646,1.0,1.0,0.0,0.0,0.0,1.0,-0.2806524287733598,0.0,0.0,1.0,0.0,0.0,0.0,0.0,1.0,1
1.0,-0.3447268342170931,0.0,0.0,1.0,-0.5064419972567069,0.8274994756182007,-1.005534453955911,-0.5650838007741942,1.0,1.3128725229705902,1.0,1.0,1.0,0.0,1.0,1.0,-2.0005886812701847,0.0,0.0,0.0,0.0,0.0,0.0,0.0,0.0,1
1.0,0.07426559955500123,0.0,0.0,1.0,-0.5064419972567069,-1.1764308762669178,1.355013396060849,-1.026112493265637,1.0,1.3562687277047645,1.0,1.0,0.0,1.0,0.0,0.0,1.439283823723465,0.0,0.0,0.0,0.0,0.0,0.0,0.0,0.0,0
0.0,-1.2425677637287238,1.0,0.0,1.0,2.611872331624339,0.07878910911649453,-0.7384630399158603,-0.42195861658016565,1.0,0.878910475628847,1.0,1.0,0.0,1.0,1.0,1.0,0.5793156974750526,1.0,0.0,0.0,0.0,0.0,0.0,0.0,0.0,0
0.0,0.014409537587559178,0.0,0.0,0.0,-0.5064419972567069,0.7240663541153839,-1.351554393308115,-0.9886870318780413,0.0,0.9657028850971957,1.0,0.0,0.0,0.0,0.0,0.0,0.5793156974750526,1.0,0.0,0.0,0.0,0.0,0.0,1.0,0.0,0
0.0,1.5706671487410524,0.0,1.0,0.0,-0.5064419972567069,1.0884608121645774,-1.776083632202396,-0.973215317751943,0.0,0.7053256566921497,0.0,1.0,0.0,1.0,0.0,1.0,-1.1406205550217723,1.0,0.0,0.0,0.0,0.0,1.0,0.0,1.0,1
0.0,-0.8834313919240715,0.0,0.0,1.0,-0.5064419972567069,0.45581799369662196,-0.9919507510962338,-0.17620912676073283,1.0,0.1411749951478836,1.0,1.0,0.0,0.0,0.0,1.0,0.5793156974750526,1.0,0.0,0.0,0.0,0.0,1.0,0.0,1.0,0
1.0,1.1516747149689581,0.0,1.0,1.0,-0.5064419972567069,-1.3594442665214779,1.176608838867368,0.6141730887636463,1.0,0.7921180661604984,1.0,1.0,0.0,1.0,0.0,0.0,-2.0005886812701847,0.0,1.0,0.0,0.0,0.0,0.0,0.0,1.0,1
1.0,-0.8235753299566294,0.0,0.0,1.0,-0.5064419972567069,-1.004553426777501,1.2530253567991079,0.17850475948807115,1.0,0.878910475628847,1.0,1.0,1.0,1.0,1.0,1.0,-0.2806524287733598,0.0,1.0,0.0,0.0,0.0,1.0,0.0,0.0,0
0.0,1.7502353346433785,0.0,1.0,1.0,-0.5064419972567069,-0.9850989896120318,0.743461178350272,1.0194184450022759,1.0,0.6185332472238011,1.0,1.0,1.0,1.0,0.0,1.0,0.5793156974750526,0.0,1.0,0.0,0.0,0.0,0.0,0.0,0.0,0
0.0,1.7502353346433785,0.0,1.0,0.0,-0.5064419972567069,0.7691539551022901,-0.1725067940317163,-0.9767165619272681,0.0,1.3128725229705902,1.0,1.0,0.0,1.0,0.0,1.0,0.5793156974750526,1.0,0.0,0.0,0.0,0.0,0.0,0.0,0.0,0
1.0,-0.8235753299566294,0.0,0.0,0.0,-0.5064419972567069,-0.9418349641253193,1.0631995454689642,2.354196815679215,0.0,-0.9437301232064743,1.0,1.0,0.0,0.0,0.0,1.0,-2.0005886812701847,1.0,0.0,0.0,0.0,0.0,1.0,0.0,1.0,1
0.0,0.9122504670991899,0.0,0.0,0.0,-0.5064419972567069,0.7223466941148705,-1.3278920276887767,-0.9686258490356386,0.0,-0.6399566900672541,0.0,1.0,0.0,1.0,1.0,1.0,0.5793156974750526,1.0,0.0,0.0,0.0,0.0,1.0,0.0,0.0,0
0.0,1.3312429008712843,0.0,1.0,1.0,-0.5064419972567069,0.8903982741180747,-1.2018882121565693,-0.9012505557158712,1.0,-0.5965604853330798,1.0,0.0,0.0,0.0,0.0,0.0,1.439283823723465,1.0,0.0,0.0,0.0,0.0,0.0,1.0,0.0,0
1.0,0.7326822811968637,0.0,0.0,1.0,0.5329961123703084,-0.9257559611673037,1.38385419659959,-0.9257592649431462,1.0,-0.20599464272551093,1.0,1.0,0.0,0.0,1.0,1.0,0.5793156974750526,1.0,0.0,0.0,0.0,0.0,0.0,0.0,1.0,0
1.0,-0.40458289618453513,0.0,0.0,0.0,2.611872331624339,-0.7845784658746935,1.3777433296620023,-0.568821615501906,0.0,0.5751370424896268,1.0,0.0,0.0,0.0,0.0,0.0,-0.2806524287733598,1.0,0.0,0.0,0.0,0.0,0.0,1.0,0.0,0
0.0,1.9896595825131467,0.0,1.0,1.0,-0.5064419972567069,-0.9131894638346041,0.7971546832549691,0.7693160570189256,1.0,-0.5965604853330798,1.0,1.0,0.0,1.0,1.0,0.0,1.439283823723465,1.0,0.0,0.0,0.0,0.0,0.0,0.0,1.0,0
0.0,-1.0629995778263976,1.0,0.0,0.0,-0.5064419972567069,-0.9791992578773757,0.7582158423490732,0.8034295306731056,0.0,0.010986380945360646,1.0,1.0,1.0,0.0,0.0,0.0,-0.2806524287733598,0.0,0.0,1.0,0.0,0.0,0.0,0.0,1.0,0
0.0,-0.7038632060217453,0.0,0.0,0.0,-0.5064419972567069,1.4060544786738,-0.8693919973551116,0.3026569853806764,0.0,-0.6399566900672541,1.0,1.0,0.0,0.0,1.0,1.0,0.5793156974750526,0.0,0.0,0.0,1.0,0.0,0.0,0.0,1.0,0
0.0,0.13412166152244326,0.0,0.0,1.0,2.611872331624339,-0.9789453320649325,0.673500171946713,0.12958196925447596,1.0,-1.2475035563456947,1.0,1.0,0.0,0.0,0.0,1.0,0.5793156974750526,0.0,0.0,0.0,0.0,0.0,1.0,0.0,1.0,0
1.0,-1.1228556397938396,1.0,0.0,0.0,-0.5064419972567069,0.9969868686150161,-0.8229457176565806,-0.9967777447696707,0.0,-1.4644845800165662,1.0,1.0,0.0,0.0,0.0,1.0,-2.0005886812701847,0.0,0.0,0.0,0.0,0.0,0.0,0.0,1.0,1
1.0,-0.225014710282209,0.0,0.0,1.0,1.5724342219973237,0.6265349860495522,-1.215947589143293,-0.2152432679045588,1.0,1.4864573419072875,1.0,1.0,1.0,1.0,0.0,1.0,-0.2806524287733598,0.0,0.0,0.0,0.0,0.0,0.0,0.0,0.0,0
0.0,0.014409537587559178,0.0,0.0,1.0,-0.5064419972567069,0.6786431505419674,-1.1623685043971852,-0.47466653565195005,1.0,-0.24939084745968526,1.0,1.0,1.0,0.0,0.0,1.0,0.5793156974750526,0.0,0.0,1.0,0.0,0.0,0.0,0.0,1.0,0
1.0,-0.16515864831476695,0.0,0.0,1.0,-0.5064419972567069,1.4938032335131033,-1.1672558138324347,-0.3823567061106113,1.0,0.7053256566921497,1.0,1.0,1.0,1.0,1.0,1.0,-0.2806524287733598,1.0,0.0,0.0,0.0,0.0,0.0,0.0,0.0,1
0.0,-1.0031435158589557,0.0,0.0,0.0,-0.5064419972567069,0.6475659466906851,-1.2040460471635237,-0.9682000220413424,0.0,-1.1173149421431716,1.0,1.0,1.0,0.0,0.0,1.0,-2.0005886812701847,1.0,0.0,0.0,0.0,0.0,0.0,0.0,1.0,1
1.0,-1.0031435158589557,0.0,0.0,0.0,-0.5064419972567069,0.4687047286781347,-1.0429032472824515,1.9913922165387812,0.0,-0.8135415090039514,1.0,1.0,0.0,1.0,0.0,0.0,1.439283823723465,1.0,0.0,0.0,0.0,0.0,1.0,0.0,1.0,0
0.0,1.031962591034074,0.0,0.0,1.0,-0.5064419972567069,-1.3474373763932725,1.203189379902349,2.4750370538384043,1.0,-1.3776921705482175,1.0,1.0,1.0,1.0,0.0,1.0,-2.0005886812701847,0.0,0.0,0.0,0.0,0.0,0.0,0.0,1.0,1
1.0,-0.5242950201194192,0.0,0.0,1.0,-0.5064419972567069,-0.8268215316855811,0.8716855754280205,1.6963887377124116,1.0,0.18457119988205792,1.0,1.0,1.0,0.0,1.0,1.0,0.5793156974750526,0.0,1.0,0.0,0.0,0.0,1.0,0.0,0.0,0
1.0,-0.5242950201194192,0.0,0.0,0.0,-0.5064419972567069,-0.8378778173789867,0.5982375444046205,0.007748134775261562,0.0,1.3562687277047645,0.0,1.0,1.0,1.0,1.0,0.0,-0.2806524287733598,0.0,0.0,0.0,0.0,0.0,1.0,0.0,0.0,0
1.0,1.9896595825131467,0.0,1.0,0.0,-0.5064419972567069,-1.2445974223535996,1.2885159063126697,1.2665400440255523,0.0,0.9657028850971957,1.0,1.0,1.0,1.0,0.0,1.0,-0.2806524287733598,0.0,1.0,0.0,0.0,0.0,0.0,0.0,0.0,0
1.0,0.014409537587559178,0.0,0.0,0.0,-0.5064419972567069,-1.015652572560266,1.1811155167266605,-0.17791243473791796,0.0,-0.5965604853330798,1.0,1.0,0.0,0.0,0.0,1.0,-2.0005886812701847,0.0,0.0,0.0,1.0,0.0,0.0,0.0,1.0,1
1.0,-0.8235753299566294,0.0,0.0,1.0,0.5329961123703084,-1.419827662984389,1.2479618034099005,2.125196520968769,1.0,-0.37957946166220824,1.0,1.0,0.0,0.0,0.0,1.0,1.439283823723465,0.0,0.0,1.0,0.0,0.0,1.0,0.0,1.0,0
1.0,0.6129701572619797,0.0,0.0,0.0,-0.5064419972567069,1.7337772781886387,-0.2667710112170397,-1.0189680625835549,0.0,1.4864573419072875,1.0,1.0,1.0,1.0,1.0,1.0,-0.2806524287733598,0.0,0.0,0.0,0.0,0.0,0.0,0.0,0.0,0
1.0,1.2115307769364,0.0,1.0,1.0,-0.5064419972567069,-0.6925263154592178,0.48950009990089577,0.012101032939179125,1.0,0.5751370424896268,1.0,1.0,0.0,1.0,0.0,0.0,-0.2806524287733598,0.0,1.0,0.0,0.0,0.0,0.0,0.0,1.0,1
0.0,0.7326822811968637,0.0,0.0,1.0,0.5329961123703084,0.8895459244164328,-0.3273569465619505,-0.9331875802880925,1.0,-0.7701453042697771,1.0,1.0,1.0,0.0,0.0,1.0,-0.2806524287733598,0.0,0.0,0.0,1.0,1.0,0.0,0.0,0.0,0
1.0,0.13412166152244326,0.0,0.0,0.0,-0.5064419972567069,1.5861865387699663,-1.888353337730966,-0.949605576623738,0.0,-0.075806028522988,1.0,1.0,1.0,1.0,1.0,1.0,0.5793156974750526,1.0,0.0,0.0,0.0,0.0,0.0,0.0,0.0,0
1.0,-1.2425677637287238,1.0,0.0,0.0,-0.5064419972567069,0.5403093817444464,-0.5313330250854394,-0.9364049398005533,0.0,-1.0739187374089973,1.0,0.0,0.0,0.0,0.0,0.0,-0.2806524287733598,1.0,0.0,0.0,0.0,0.0,0.0,1.0,1.0,0
1.0,-1.541848073565934,1.0,0.0,1.0,-0.5064419972567069,-0.7708397855320035,0.4160861883889224,0.5234246248680606,1.0,-0.5531642805989055,1.0,1.0,1.0,1.0,0.0,1.0,-0.2806524287733598,1.0,0.0,0.0,0.0,0.0,1.0,0.0,1.0,0
0.0,-0.6440071440543034,0.0,0.0,0.0,2.611872331624339,1.022560190047538,-0.42238427238561177,-0.8087041556221456,0.0,-0.5965604853330798,0.0,1.0,1.0,1.0,0.0,1.0,0.5793156974750526,1.0,0.0,0.0,0.0,0.0,1.0,0.0,0.0,0
1.0,-1.2425677637287238,1.0,0.0,0.0,2.611872331624339,1.5935172314126462,-0.49616497432532103,-0.9395276710920594,0.0,-0.11920223325716231,1.0,1.0,1.0,1.0,1.0,1.0,0.5793156974750526,1.0,0.0,0.0,0.0,0.0,0.0,0.0,0.0,0
0.0,-1.3024238256961658,1.0,0.0,0.0,-0.5064419972567069,-1.0267525270239661,1.655556858832889,0.05908394464320238,0.0,-0.46637187113055684,0.0,1.0,0.0,1.0,0.0,1.0,1.439283823723465,0.0,0.0,1.0,0.0,1.0,0.0,0.0,1.0,0
0.0,-0.40458289618453513,0.0,0.0,0.0,-0.5064419972567069,-0.9093676377530466,0.7329566695971561,3.944282126492014,0.0,1.3562687277047645,1.0,1.0,1.0,1.0,1.0,1.0,0.5793156974750526,0.0,0.0,0.0,0.0,0.0,1.0,0.0,0.0,0
1.0,-1.2425677637287238,1.0,0.0,0.0,-0.5064419972567069,-0.8295277824223406,1.3359868923508322,-1.0229424478636535,0.0,-1.2475035563456947,1.0,0.0,0.0,0.0,0.0,0.0,0.5793156974750526,1.0,0.0,0.0,0.0,0.0,0.0,1.0,0.0,0
1.0,0.13412166152244326,0.0,0.0,1.0,-0.5064419972567069,-0.9188134353716711,1.2836941116456433,-0.19873064334795848,1.0,0.18457119988205792,1.0,1.0,0.0,0.0,1.0,1.0,-0.2806524287733598,1.0,0.0,0.0,0.0,0.0,1.0,0.0,0.0,1
1.0,-0.3447268342170931,0.0,0.0,1.0,-0.5064419972567069,0.35167646769794186,-1.062168741485013,-0.6242264388709002,0.0,0.6619294519579755,1.0,0.0,0.0,0.0,0.0,0.0,-0.2806524287733598,1.0,0.0,0.0,0.0,0.0,0.0,1.0,0.0,0
1.0,1.091818653001516,0.0,1.0,0.0,-0.5064419972567069,0.20208262561231558,0.25713997872981775,-0.8883338035555506,0.0,-1.421088375282392,1.0,1.0,0.0,0.0,0.0,1.0,-0.2806524287733598,1.0,0.0,0.0,0.0,0.0,0.0,0.0,1.0,1
1.0,0.2538337854573274,0.0,0.0,1.0,1.5724342219973237,1.224058409030877,-0.12422794630931733,-0.809792380163125,1.0,0.1411749951478836,1.0,1.0,0.0,1.0,0.0,1.0,1.439283823723465,1.0,0.0,0.0,0.0,0.0,0.0,0.0,1.0,0
1.0,-0.8834313919240715,0.0,0.0,0.0,-0.5064419972567069,-0.8699084560483301,0.9111383843043567,0.6688208863650027,0.0,0.1411749951478836,1.0,1.0,1.0,0.0,0.0,1.0,-0.2806524287733598,1.0,0.0,0.0,0.0,0.0,1.0,0.0,1.0,0
1.0,-1.3024238256961658,1.0,0.0,1.0,2.611872331624339,0.4815202997376902,-0.7198882190093028,-0.3021119747410006,1.0,1.0958914992997186,1.0,1.0,0.0,0.0,1.0,1.0,1.439283823723465,1.0,0.0,0.0,0.0,0.0,1.0,0.0,1.0,0
1.0,-1.2425677637287238,1.0,0.0,1.0,-0.5064419972567069,1.308525536650762,-1.8104055274348707,-0.3550564643651718,1.0,-1.0739187374089973,1.0,1.0,0.0,0.0,0.0,1.0,-0.2806524287733598,0.0,0.0,0.0,1.0,1.0,0.0,0.0,1.0,0
1.0,-0.16515864831476695,0.0,0.0,0.0,-0.5064419972567069,-0.9851361889348748,0.7998149519421861,-0.28593054895774184,0.0,0.4883446330212782,1.0,0.0,0.0,0.0,0.0,0.0,0.5793156974750526,0.0,1.0,0.0,0.0,0.0,0.0,1.0,0.0,0
1.0,-1.3024238256961658,1.0,0.0,0.0,-0.5064419972567069,-0.9006989825094489,0.5909183452277267,0.43054702600099354,0.0,1.5298535466414618,1.0,1.0,1.0,1.0,1.0,0.0,0.5793156974750526,0.0,0.0,0.0,0.0,0.0,0.0,0.0,0.0,0
0.0,0.3136898474247694,0.0,0.0,1.0,1.5724342219973237,-0.9092390574849621,1.1557248530666908,1.149390306483597,1.0,1.4430611371731132,1.0,1.0,1.0,1.0,0.0,1.0,-0.2806524287733598,1.0,0.0,0.0,0.0,0.0,0.0,0.0,0.0,0
0.0,0.19397772348988532,0.0,0.0,0.0,-0.5064419972567069,-0.9834339155743846,0.8434454807218738,1.358849873566891,0.0,-1.421088375282392,0.0,1.0,1.0,0.0,0.0,1.0,0.5793156974750526,1.0,0.0,0.0,0.0,0.0,1.0,0.0,1.0,0
1.0,-1.3622798876636077,1.0,0.0,0.0,-0.5064419972567069,0.28801023099421874,-0.9192219764209721,2.8019302431265176,0.0,1.3996649324389387,1.0,0.0,0.0,0.0,0.0,0.0,1.439283823723465,0.0,0.0,0.0,0.0,0.0,0.0,1.0,0.0,0
0.0,-0.40458289618453513,0.0,0.0,0.0,-0.5064419972567069,-0.7123737715573215,0.059490689056093386,-0.43435491352523525,0.0,-1.160711146877346,1.0,0.0,0.0,0.0,0.0,0.0,1.439283823723465,1.0,0.0,0.0,0.0,0.0,0.0,1.0,0.0,0
1.0,0.7925383431643057,0.0,0.0,1.0,-0.5064419972567069,-1.4485762700938523,1.2480222430904442,2.46524303296959,1.0,-1.0739187374089973,1.0,0.0,0.0,0.0,0.0,0.0,0.5793156974750526,0.0,0.0,0.0,1.0,0.0,0.0,1.0,0.0,0
0.0,-1.601704135533376,1.0,0.0,1.0,0.5329961123703084,1.9663539140446598,-0.6621604807711037,-1.0258286086027728,1.0,-0.24939084745968526,1.0,1.0,0.0,1.0,0.0,1.0,-0.2806524287733598,1.0,0.0,0.0,0.0,0.0,1.0,0.0,1.0,0
0.0,0.19397772348988532,0.0,0.0,0.0,2.611872331624339,1.7298022070705925,-0.9538899003588646,-0.8369979936876097,0.0,-0.5965604853330798,1.0,0.0,0.0,0.0,0.0,0.0,-0.2806524287733598,0.0,0.0,0.0,1.0,0.0,0.0,1.0,0.0,0
1.0,0.7326822811968637,0.0,0.0,1.0,1.5724342219973237,-0.8527191341715714,0.739605495828758,0.09759763057177734,1.0,-0.9003339184723,1.0,0.0,0.0,0.0,0.0,0.0,0.5793156974750526,0.0,0.0,0.0,1.0,0.0,0.0,1.0,1.0,0
0.0,0.13412166152244326,0.0,0.0,1.0,-0.5064419972567069,-0.14295969340922776,0.4901727797042179,-1.0264910061494559,1.0,-1.290899761079869,1.0,1.0,0.0,0.0,0.0,1.0,-1.1406205550217723,1.0,0.0,0.0,0.0,0.0,0.0,0.0,1.0,1
0.0,1.031962591034074,0.0,0.0,1.0,1.5724342219973237,-0.8846276620202819,0.5854155660684497,0.0774891336188973,1.0,-0.37957946166220824,1.0,1.0,0.0,1.0,0.0,1.0,-0.2806524287733598,1.0,0.0,0.0,0.0,0.0,0.0,0.0,1.0,0
0.0,0.3136898474247694,0.0,0.0,1.0,2.611872331624339,0.41958625758891926,-0.997956886678979,1.104110702756759,1.0,-0.9871263279406487,1.0,1.0,1.0,0.0,1.0,1.0,-0.2806524287733598,0.0,0.0,0.0,1.0,0.0,1.0,0.0,1.0,0
0.0,-1.0629995778263976,1.0,0.0,1.0,-0.5064419972567069,-1.3724413864501228,1.1813840350020648,1.3859135447599438,0.0,1.2260801135022417,1.0,1.0,0.0,0.0,1.0,1.0,-0.2806524287733598,1.0,0.0,0.0,0.0,0.0,0.0,0.0,1.0,1
0.0,1.091818653001516,0.0,1.0,0.0,-0.5064419972567069,0.7424517150896078,-0.3212451568811505,-1.0154195042977525,0.0,-0.7701453042697771,1.0,1.0,0.0,1.0,1.0,1.0,-2.0005886812701847,0.0,0.0,0.0,1.0,0.0,0.0,0.0,1.0,1
0.0,0.6728262192294217,0.0,0.0,0.0,-0.5064419972567069,0.9738917498966171,-0.8458195991991828,-0.13585019052354064,0.0,1.269476318236416,1.0,0.0,0.0,0.0,0.0,0.0,-0.2806524287733598,1.0,0.0,0.0,0.0,0.0,0.0,1.0,0.0,0
1.0,-0.9432874538915136,0.0,0.0,0.0,-0.5064419972567069,0.6052282652108301,-0.584013819312295,0.19558515337039986,0.0,-1.0739187374089973,1.0,1.0,0.0,0.0,1.0,1.0,1.439283823723465,1.0,0.0,0.0,0.0,0.0,0.0,0.0,1.0,0
1.0,1.091818653001516,0.0,1.0,0.0,-0.5064419972567069,0.6895947120547633,-1.16686872305398,0.0577118354393588,0.0,0.4015522235529295,1.0,1.0,0.0,1.0,1.0,1.0,-0.2806524287733598,0.0,1.0,0.0,0.0,0.0,0.0,0.0,0.0,0
0.0,1.5706671487410524,0.0,1.0,1.0,-0.5064419972567069,-1.3701099593250425,1.5296379356764052,-1.0333515521686738,1.0,0.27136360935040654,1.0,1.0,0.0,1.0,0.0,1.0,-2.0005886812701847,0.0,1.0,0.0,0.0,0.0,0.0,0.0,1.0,1
1.0,0.13412166152244326,0.0,0.0,1.0,-0.5064419972567069,-0.29462375867910706,0.21831278975286184,-0.31909774040237454,1.0,0.44494842828710385,1.0,1.0,1.0,1.0,0.0,0.0,0.5793156974750526,1.0,0.0,0.0,0.0,0.0,1.0,0.0,0.0,0
1.0,-0.10530258634732491,0.0,0.0,1.0,-0.5064419972567069,-0.42177630057932564,-0.33367681483761114,0.12196439746762021,1.0,-0.7267490995356027,1.0,1.0,0.0,1.0,0.0,1.0,-0.2806524287733598,0.0,0.0,0.0,1.0,0.0,0.0,0.0,1.0,0
1.0,0.7925383431643057,0.0,0.0,0.0,-0.5064419972567069,0.7258313002480534,-1.086722477049493,1.171296739634617,0.0,-0.16259843799133664,1.0,0.0,0.0,0.0,0.0,0.0,0.5793156974750526,1.0,0.0,0.0,0.0,0.0,0.0,1.0,0.0,0
0.0,-0.7038632060217453,0.0,0.0,1.0,-0.5064419972567069,-1.0831285051315753,1.2230615777684033,0.17665950917945394,1.0,0.7053256566921497,1.0,0.0,0.0,0.0,0.0,0.0,-0.2806524287733598,0.0,1.0,0.0,0.0,0.0,0.0,1.0,0.0,0
0.0,1.5108110867736102,0.0,1.0,1.0,-0.5064419972567069,1.5526784400390463,-1.0756721656850405,-0.8594721961643581,1.0,1.5298535466414618,1.0,1.0,0.0,1.0,1.0,0.0,0.5793156974750526,1.0,0.0,0.0,0.0,0.0,0.0,0.0,0.0,0
1.0,0.9122504670991899,0.0,0.0,0.0,-0.5064419972567069,1.4938032335131033,-1.1672558138324347,-0.3823567061106113,0.0,-1.3776921705482175,1.0,0.0,0.0,0.0,0.0,0.0,-0.2806524287733598,1.0,0.0,0.0,0.0,0.0,0.0,1.0,1.0,0
0.0,0.49325803332709556,0.0,0.0,1.0,1.5724342219973237,-0.33779438151824903,0.3412244927735055,-0.4238511809992602,1.0,1.5298535466414618,1.0,1.0,1.0,1.0,0.0,1.0,-0.2806524287733598,1.0,0.0,0.0,0.0,0.0,1.0,0.0,0.0,0
0.0,0.5531140952945376,0.0,0.0,1.0,2.611872331624339,0.03133369036259445,0.8740897828732229,-1.0221381079855383,1.0,-1.421088375282392,0.0,1.0,1.0,0.0,0.0,1.0,0.5793156974750526,1.0,0.0,0.0,0.0,0.0,1.0,0.0,1.0,0
0.0,-0.28487077224965107,0.0,0.0,0.0,-0.5064419972567069,0.12177899176747949,-0.1651894403412533,-1.029992250324781,0.0,-0.6399566900672541,1.0,0.0,0.0,0.0,0.0,0.0,1.439283823723465,0.0,0.0,0.0,1.0,0.0,0.0,1.0,0.0,0
0.0,-0.225014710282209,0.0,0.0,1.0,2.611872331624339,0.9636910486285765,-0.7012377331591627,1.3156994048115345,1.0,0.7921180661604984,1.0,1.0,0.0,0.0,0.0,1.0,0.5793156974750526,1.0,0.0,0.0,0.0,0.0,0.0,0.0,1.0,0
0.0,0.49325803332709556,0.0,0.0,1.0,-0.5064419972567069,-0.22930781287543092,0.14469310650407127,0.03968515934748281,1.0,-0.24939084745968526,1.0,1.0,1.0,0.0,1.0,1.0,-0.2806524287733598,1.0,0.0,0.0,0.0,0.0,1.0,0.0,0.0,0
1.0,-1.0629995778263976,1.0,0.0,0.0,-0.5064419972567069,0.09415202510979834,-0.0856928055597333,-0.7661214561925173,0.0,0.09777879041370928,1.0,1.0,1.0,1.0,1.0,1.0,-2.0005886812701847,0.0,0.0,1.0,0.0,0.0,0.0,0.0,0.0,1
0.0,-0.7637192679891874,0.0,0.0,1.0,-0.5064419972567069,0.8603687164133533,-1.3554206873765946,0.9757475210316682,1.0,-1.3342959658140432,1.0,1.0,0.0,0.0,0.0,1.0,-2.0005886812701847,1.0,0.0,0.0,0.0,0.0,0.0,0.0,1.0,1
1.0,-1.481992011598492,1.0,0.0,1.0,2.611872331624339,1.743475384257842,-1.10181255820674,-0.9979132834211275,1.0,1.0958914992997186,1.0,1.0,1.0,1.0,0.0,1.0,0.5793156974750526,0.0,1.0,0.0,0.0,0.0,1.0,0.0,0.0,0
1.0,0.6728262192294217,0.0,0.0,1.0,-0.5064419972567069,-0.9186828334012576,0.6090908500927904,-0.504237854700303,1.0,0.748721861426324,1.0,0.0,0.0,0.0,0.0,0.0,1.439283823723465,0.0,1.0,0.0,0.0,0.0,0.0,1.0,0.0,0
1.0,0.7925383431643057,0.0,0.0,1.0,-0.5064419972567069,0.5587541807671239,-1.2194438631827809,-0.07434184690296639,1.0,-1.1173149421431716,1.0,1.0,1.0,0.0,0.0,1.0,-2.0005886812701847,1.0,0.0,0.0,0.0,0.0,0.0,0.0,1.0,1
0.0,-1.0629995778263976,1.0,0.0,1.0,2.611872331624339,0.4815202997376902,-0.7198882190093028,-0.3021119747410006,1.0,-0.20599464272551093,1.0,1.0,1.0,0.0,1.0,1.0,-0.2806524287733598,1.0,0.0,0.0,0.0,0.0,0.0,0.0,0.0,0
0.0,0.19397772348988532,0.0,0.0,1.0,-0.5064419972567069,-0.5158404491519977,2.063306473744292,-1.0317428724124433,1.0,1.3996649324389387,1.0,1.0,0.0,1.0,1.0,1.0,0.5793156974750526,0.0,0.0,0.0,0.0,0.0,0.0,0.0,0.0,0
0.0,-0.225014710282209,0.0,0.0,1.0,0.5329961123703084,-0.6543452539664981,-0.287389246971962,1.410706138650083,1.0,1.5298535466414618,1.0,1.0,1.0,1.0,1.0,1.0,-0.2806524287733598,1.0,0.0,0.0,0.0,0.0,0.0,0.0,0.0,0
0.0,-1.541848073565934,1.0,0.0,0.0,-0.5064419972567069,-0.8779625137841027,0.6763994311264616,1.933385117093532,0.0,-0.075806028522988,1.0,0.0,0.0,0.0,0.0,0.0,0.5793156974750526,1.0,0.0,0.0,0.0,0.0,0.0,1.0,1.0,0
1.0,0.19397772348988532,0.0,0.0,0.0,-0.5064419972567069,1.3232803245836953,-1.6682287915832783,-0.39976829876628156,0.0,-1.3776921705482175,1.0,1.0,0.0,0.0,0.0,0.0,-0.2806524287733598,1.0,0.0,0.0,0.0,0.0,0.0,0.0,1.0,0
0.0,-1.42213594963105,1.0,0.0,1.0,-0.5064419972567069,0.6297038022790447,-1.2622047064828639,0.9725301615192075,1.0,1.00909908983137,1.0,0.0,0.0,0.0,0.0,0.0,-0.2806524287733598,0.0,1.0,0.0,0.0,0.0,0.0,1.0,0.0,0
0.0,-0.5242950201194192,0.0,0.0,1.0,-0.5064419972567069,1.4258853568128098,-0.37872467719467073,-1.0330203533953322,1.0,1.3562687277047645,1.0,1.0,1.0,1.0,1.0,1.0,0.5793156974750526,0.0,0.0,0.0,0.0,0.0,1.0,0.0,0.0,0
1.0,0.9122504670991899,0.0,0.0,0.0,-0.5064419972567069,-0.845505700263937,0.7899988096270374,0.4263833842789854,0.0,-1.3776921705482175,1.0,1.0,0.0,0.0,0.0,1.0,1.439283823723465,1.0,0.0,0.0,0.0,0.0,0.0,0.0,1.0,0
0.0,1.5706671487410524,0.0,1.0,1.0,-0.5064419972567069,-0.9619092552246654,0.6488274025075699,0.9490150486119571,1.0,0.878910475628847,1.0,1.0,0.0,1.0,0.0,1.0,-2.0005886812701847,0.0,1.0,0.0,0.0,0.0,0.0,0.0,1.0,1
0.0,0.7326822811968637,0.0,0.0,0.0,-0.5064419972567069,1.8706327782436507,-0.25938491315710444,-1.034297834378221,0.0,0.1411749951478836,1.0,1.0,0.0,0.0,0.0,1.0,0.5793156974750526,1.0,0.0,0.0,0.0,0.0,0.0,0.0,1.0,0
0.0,-0.28487077224965107,0.0,0.0,1.0,1.5724342219973237,-1.3885830621803177,1.3367629193941724,0.9024579639022301,1.0,-1.3776921705482175,1.0,1.0,1.0,0.0,0.0,1.0,-0.2806524287733598,1.0,0.0,0.0,0.0,0.0,1.0,0.0,1.0,0
0.0,-0.7038632060217453,0.0,0.0,1.0,-0.5064419972567069,1.2212943376075256,-1.7557113075141224,-1.019630460130238,1.0,-0.7267490995356027,1.0,1.0,0.0,0.0,1.0,1.0,-1.1406205550217723,0.0,0.0,0.0,1.0,0.0,0.0,0.0,1.0,1
0.0,-0.9432874538915136,0.0,0.0,0.0,-0.5064419972567069,0.9836420158858928,-0.6894713730603077,0.8908660068352757,0.0,-1.3776921705482175,1.0,0.0,0.0,0.0,0.0,0.0,1.439283823723465,1.0,0.0,0.0,0.0,0.0,0.0,1.0,1.0,0
0.0,1.7502353346433785,0.0,1.0,1.0,-0.5064419972567069,0.5342244620765106,-1.2685776324933582,-0.9261850919374425,1.0,-0.075806028522988,1.0,1.0,0.0,1.0,0.0,1.0,-0.2806524287733598,1.0,0.0,0.0,0.0,0.0,0.0,0.0,0.0,0
1.0,1.5706671487410524,0.0,1.0,0.0,-0.5064419972567069,-0.9415086613695192,0.6745474854950936,1.2224432930606484,0.0,0.8355142708946727,1.0,1.0,1.0,1.0,0.0,1.0,0.5793156974750526,1.0,0.0,0.0,0.0,0.0,0.0,0.0,0.0,0
0.0,-0.7038632060217453,0.0,0.0,0.0,-0.5064419972567069,-0.8867282107394616,0.593228432865065,-0.09208463833197819,0.0,-1.3776921705482175,0.0,1.0,0.0,0.0,0.0,1.0,-0.2806524287733598,0.0,0.0,0.0,0.0,0.0,1.0,0.0,1.0,0
1.0,0.13412166152244326,0.0,0.0,1.0,0.5329961123703084,0.6043144557584056,-1.000442756898669,0.36501698298984325,1.0,1.1826839087680672,1.0,1.0,1.0,0.0,1.0,1.0,-0.2806524287733598,0.0,1.0,0.0,0.0,0.0,0.0,0.0,0.0,0
0.0,-1.0031435158589557,0.0,0.0,1.0,-0.5064419972567069,1.7011902670385268,-0.964453926049312,-1.0088901570518762,1.0,0.22796740461623224,1.0,1.0,1.0,0.0,1.0,1.0,-0.2806524287733598,0.0,1.0,0.0,0.0,1.0,0.0,0.0,0.0,0
0.0,1.271386838903842,0.0,1.0,0.0,-0.5064419972567069,0.15240131259488002,-0.7761464886785215,-0.9832459091731444,0.0,-1.2041073516115204,1.0,1.0,0.0,0.0,0.0,0.0,-0.2806524287733598,0.0,0.0,0.0,0.0,0.0,0.0,0.0,1.0,1
0.0,1.8100913966108205,0.0,1.0,1.0,-0.5064419972567069,1.8134408410763105,-1.4043616033553503,-0.9498894612866022,1.0,-1.0739187374089973,1.0,1.0,0.0,0.0,0.0,1.0,-1.1406205550217723,0.0,0.0,0.0,1.0,0.0,0.0,0.0,1.0,1
0.0,0.2538337854573274,0.0,0.0,1.0,-0.5064419972567069,0.4583414825428953,-1.076373911899616,-0.02011987629590631,1.0,1.3996649324389387,1.0,1.0,1.0,1.0,1.0,1.0,0.5793156974750526,0.0,0.0,0.0,0.0,0.0,0.0,0.0,0.0,0
1.0,1.2115307769364,0.0,1.0,0.0,-0.5064419972567069,-1.1551128338951566,1.1351453725267753,0.9613167173360719,0.0,-1.290899761079869,1.0,1.0,0.0,1.0,0.0,1.0,0.5793156974750526,1.0,0.0,0.0,0.0,1.0,0.0,0.0,0.0,0
1.0,0.6129701572619797,0.0,0.0,0.0,-0.5064419972567069,-0.8355625638725329,0.5877685612652558,-0.4159970386600177,0.0,-1.160711146877346,1.0,0.0,0.0,0.0,0.0,0.0,-0.2806524287733598,1.0,0.0,0.0,0.0,0.0,0.0,1.0,0.0,0
0.0,-1.0031435158589557,0.0,0.0,1.0,1.5724342219973237,-0.8038448847236216,0.9679498385306284,-1.034960231924904,1.0,-0.9003339184723,1.0,0.0,0.0,0.0,0.0,0.0,-0.2806524287733598,0.0,0.0,0.0,1.0,0.0,0.0,1.0,0.0,0
1.0,1.6903792726759364,0.0,1.0,1.0,-0.5064419972567069,-0.0006039499996429782,-0.14768592430665672,-0.7098649788349305,1.0,-1.290899761079869,1.0,1.0,0.0,0.0,0.0,1.0,-2.0005886812701847,0.0,0.0,0.0,0.0,0.0,0.0,0.0,1.0,1
0.0,-1.481992011598492,1.0,0.0,1.0,1.5724342219973237,0.9585607768000984,-0.7623888487229167,0.4160689081949199,1.0,1.5298535466414618,1.0,0.0,0.0,0.0,0.0,0.0,0.5793156974750526,0.0,0.0,0.0,0.0,0.0,0.0,1.0,0.0,0
1.0,-0.7038632060217453,0.0,0.0,1.0,-0.5064419972567069,-0.42177630057932564,-0.33367681483761114,0.12196439746762021,1.0,-1.421088375282392,1.0,0.0,0.0,0.0,0.0,0.0,-0.2806524287733598,1.0,0.0,0.0,0.0,0.0,0.0,1.0,1.0,0
1.0,-0.7038632060217453,0.0,0.0,1.0,1.5724342219973237,-0.7936627831170039,1.1841864061443,-0.5738369112125067,1.0,0.878910475628847,1.0,1.0,0.0,0.0,1.0,1.0,1.439283823723465,0.0,1.0,0.0,0.0,0.0,0.0,0.0,0.0,0
0.0,1.3910989628387262,0.0,1.0,0.0,-0.5064419972567069,-0.8569950345960813,0.6612249189650974,0.40911373395474726,0.0,0.6185332472238011,1.0,1.0,0.0,1.0,0.0,1.0,-1.1406205550217723,0.0,1.0,0.0,0.0,0.0,0.0,0.0,1.0,1
1.0,-1.42213594963105,1.0,0.0,0.0,-0.5064419972567069,-1.387503068796501,1.1661809178010467,1.1433341003424944,0.0,-1.2041073516115204,1.0,1.0,0.0,0.0,1.0,1.0,1.439283823723465,0.0,0.0,0.0,0.0,0.0,0.0,0.0,1.0,0
0.0,1.1516747149689581,0.0,1.0,0.0,-0.5064419972567069,-1.1463103419574194,1.23988826165521,-0.9505518588332853,0.0,1.3562687277047645,1.0,0.0,0.0,0.0,0.0,0.0,1.439283823723465,0.0,0.0,0.0,0.0,0.0,0.0,1.0,0.0,0
0.0,-1.42213594963105,1.0,0.0,1.0,-0.5064419972567069,-0.9791992578773757,0.7582158423490732,0.8034295306731056,1.0,0.4015522235529295,1.0,1.0,1.0,1.0,0.0,1.0,0.5793156974750526,1.0,0.0,0.0,0.0,1.0,0.0,0.0,0.0,0
0.0,-1.1228556397938396,1.0,0.0,0.0,-0.5064419972567069,0.642762381958469,-1.1579153456443256,-0.4835142743112173,0.0,0.1411749951478836,1.0,1.0,1.0,1.0,1.0,1.0,-0.2806524287733598,1.0,0.0,0.0,0.0,0.0,1.0,0.0,1.0,0
0.0,-0.28487077224965107,0.0,0.0,0.0,-0.5064419972567069,0.9659885111545395,-0.7796842861626592,0.1624652760362445,0.0,-1.1173149421431716,1.0,0.0,0.0,0.0,0.0,0.0,-2.0005886812701847,1.0,0.0,0.0,0.0,0.0,0.0,1.0,1.0,1
0.0,0.9122504670991899,0.0,0.0,1.0,1.5724342219973237,0.6255948944668591,-1.0227542264520708,1.0483273665039459,1.0,1.269476318236416,1.0,0.0,0.0,0.0,0.0,0.0,0.5793156974750526,1.0,0.0,0.0,0.0,0.0,0.0,1.0,0.0,0
0.0,0.37354590939221144,0.0,0.0,1.0,-0.5064419972567069,-0.9830121884686878,0.6251862599821623,0.14467517049675532,1.0,-0.6399566900672541,1.0,1.0,1.0,0.0,1.0,1.0,-0.2806524287733598,0.0,0.0,0.0,1.0,0.0,0.0,0.0,1.0,0
1.0,0.3136898474247694,0.0,0.0,1.0,-0.5064419972567069,0.6406877110290933,-1.1296231159465637,0.33019379767850277,1.0,0.9657028850971957,1.0,1.0,1.0,1.0,1.0,1.0,0.5793156974750526,0.0,1.0,0.0,0.0,0.0,0.0,0.0,0.0,0
1.0,-0.40458289618453513,0.0,0.0,0.0,-0.5064419972567069,-0.9789453320649325,0.673500171946713,0.12958196925447596,0.0,0.18457119988205792,1.0,1.0,0.0,0.0,0.0,1.0,1.439283823723465,0.0,1.0,0.0,0.0,0.0,1.0,0.0,0.0,0
1.0,-1.481992011598492,1.0,0.0,1.0,-0.5064419972567069,0.9738917498966171,-0.8458195991991828,-0.13585019052354064,1.0,1.00909908983137,1.0,1.0,0.0,0.0,1.0,1.0,0.5793156974750526,1.0,0.0,0.0,0.0,0.0,0.0,0.0,1.0,0
1.0,0.6129701572619797,0.0,0.0,0.0,1.5724342219973237,-0.21382440342335576,0.5569821566588818,-0.9181890072667678,0.0,-1.421088375282392,1.0,0.0,0.0,0.0,0.0,0.0,1.439283823723465,1.0,0.0,0.0,0.0,0.0,0.0,1.0,1.0,0
1.0,-1.2425677637287238,1.0,0.0,1.0,-0.5064419972567069,-1.0163185213072343,1.1265823154968309,-0.8220940488872398,1.0,-0.5097680758647312,1.0,1.0,0.0,1.0,0.0,1.0,1.439283823723465,1.0,0.0,0.0,0.0,0.0,0.0,0.0,1.0,0
1.0,0.2538337854573274,0.0,0.0,0.0,-0.5064419972567069,-1.4234376146619334,1.7870579170650875,-1.0148990490825014,0.0,1.269476318236416,1.0,0.0,0.0,0.0,0.0,0.0,1.439283823723465,0.0,0.0,0.0,0.0,0.0,0.0,1.0,0.0,0
1.0,0.43340197135965347,0.0,0.0,1.0,-0.5064419972567069,-0.33429198440457825,0.2374560204795114,0.8949350203363291,1.0,0.7921180661604984,1.0,0.0,0.0,0.0,0.0,0.0,-0.2806524287733598,0.0,1.0,0.0,0.0,0.0,0.0,1.0,0.0,0
0.0,0.6728262192294217,0.0,0.0,0.0,-0.5064419972567069,-0.19120195870932635,-0.6751434777981865,-1.0148990490825014,0.0,-1.3776921705482175,1.0,1.0,0.0,0.0,0.0,1.0,-0.2806524287733598,1.0,0.0,0.0,0.0,0.0,0.0,0.0,1.0,0
0.0,0.014409537587559178,0.0,0.0,0.0,-0.5064419972567069,0.2898596842842135,-0.9345284408620081,-0.8123000280184254,0.0,1.1826839087680672,1.0,1.0,0.0,1.0,1.0,1.0,0.5793156974750526,1.0,0.0,0.0,0.0,0.0,0.0,0.0,0.0,0
1.0,0.8523944051317478,0.0,0.0,1.0,1.5724342219973237,0.5877284098564329,-0.5474538104132096,1.2155827470414304,1.0,1.269476318236416,1.0,1.0,1.0,1.0,1.0,0.0,-0.2806524287733598,1.0,0.0,0.0,0.0,0.0,0.0,0.0,0.0,0
1.0,-0.7038632060217453,0.0,0.0,0.0,-0.5064419972567069,-1.3945559795392628,1.9150913062974453,1.0310104020692303,0.0,0.4883446330212782,1.0,1.0,0.0,1.0,1.0,1.0,1.439283823723465,1.0,0.0,0.0,0.0,0.0,0.0,0.0,1.0,0
1.0,-0.9432874538915136,0.0,0.0,1.0,2.611872331624339,1.0891004787812741,-0.6102797049111618,0.14301917663004757,1.0,0.22796740461623224,1.0,0.0,0.0,0.0,0.0,0.0,0.5793156974750526,1.0,0.0,0.0,0.0,0.0,0.0,1.0,0.0,0
0.0,-0.6440071440543034,0.0,0.0,0.0,-0.5064419972567069,0.9330493194588265,-1.360622190876359,0.6215067758876379,0.0,-0.8569377137381258,1.0,1.0,0.0,0.0,0.0,1.0,-2.0005886812701847,0.0,0.0,0.0,1.0,1.0,0.0,0.0,1.0,1
0.0,-0.3447268342170931,0.0,0.0,0.0,-0.5064419972567069,0.842983693751211,-0.38405305788642075,-0.9085842428398627,0.0,-0.5097680758647312,1.0,0.0,0.0,0.0,0.0,0.0,-0.2806524287733598,0.0,0.0,1.0,0.0,0.0,0.0,1.0,0.0,0
1.0,0.014409537587559178,0.0,0.0,1.0,0.5329961123703084,0.9996304465795961,-0.8499705595493111,-1.024693069951316,1.0,1.3996649324389387,1.0,1.0,0.0,1.0,0.0,1.0,0.5793156974750526,0.0,0.0,0.0,0.0,0.0,1.0,0.0,0.0,0
1.0,-1.601704135533376,1.0,0.0,1.0,1.5724342219973237,-0.9369832828776887,0.8078866482104458,1.213453612069949,1.0,-1.290899761079869,1.0,1.0,1.0,0.0,0.0,1.0,-0.2806524287733598,1.0,0.0,0.0,0.0,0.0,1.0,0.0,1.0,0
1.0,-0.8235753299566294,0.0,0.0,1.0,0.5329961123703084,-0.9942326363911564,0.7521695674364965,0.4462079965690013,1.0,-1.2475035563456947,1.0,1.0,0.0,0.0,1.0,1.0,-0.2806524287733598,1.0,0.0,0.0,0.0,1.0,0.0,0.0,1.0,0
0.0,-0.8235753299566294,0.0,0.0,1.0,0.5329961123703084,-0.8278008442934432,0.37544257939435627,0.750295784607025,1.0,-1.3776921705482175,1.0,1.0,1.0,1.0,1.0,1.0,0.5793156974750526,1.0,0.0,0.0,0.0,0.0,0.0,0.0,1.0,0
0.0,0.9122504670991899,0.0,0.0,1.0,-0.5064419972567069,0.5246047980576455,-0.9869208778343534,1.1826521261491845,1.0,-0.8569377137381258,1.0,1.0,1.0,1.0,0.0,1.0,-2.0005886812701847,0.0,0.0,0.0,1.0,0.0,0.0,0.0,1.0,1
0.0,-0.8235753299566294,0.0,0.0,0.0,-0.5064419972567069,-1.0585830171628003,0.857095159721387,-0.8364775384723587,0.0,0.44494842828710385,1.0,1.0,1.0,1.0,1.0,1.0,0.5793156974750526,0.0,1.0,0.0,0.0,0.0,1.0,0.0,0.0,0
0.0,1.2115307769364,0.0,1.0,1.0,-0.5064419972567069,-0.7122573215032082,1.6703618123368744,-0.369865780944587,1.0,0.7921180661604984,1.0,1.0,1.0,0.0,0.0,1.0,0.5793156974750526,1.0,0.0,0.0,0.0,1.0,0.0,0.0,0.0,0
0.0,0.37354590939221144,0.0,0.0,1.0,-0.5064419972567069,-0.9318360287496522,0.6514253860278059,3.3779322240779575,1.0,1.5298535466414618,1.0,1.0,0.0,1.0,1.0,1.0,-0.2806524287733598,1.0,0.0,0.0,0.0,0.0,0.0,0.0,0.0,0
0.0,1.031962591034074,0.0,0.0,0.0,-0.5064419972567069,-1.4346758535648927,1.2723222242709595,-0.2144389280264436,0.0,-1.4644845800165662,1.0,1.0,0.0,0.0,1.0,1.0,1.439283823723465,1.0,0.0,0.0,0.0,0.0,1.0,0.0,1.0,0
1.0,1.6305232107084944,0.0,1.0,1.0,-0.5064419972567069,1.023025181583062,-0.6570766270311776,-0.05896476099782282,0.0,-0.03240982378881367,1.0,1.0,0.0,0.0,0.0,1.0,1.439283823723465,0.0,0.0,1.0,0.0,0.0,0.0,0.0,1.0,0
0.0,-1.3024238256961658,1.0,0.0,1.0,1.5724342219973237,1.2203732500267201,-0.44300020128249723,-1.0284308846790278,1.0,1.5298535466414618,1.0,1.0,1.0,1.0,1.0,0.0,-0.2806524287733598,1.0,0.0,0.0,0.0,0.0,1.0,0.0,0.0,0
0.0,0.9122504670991899,0.0,0.0,0.0,-0.5064419972567069,0.6043144557584056,-1.000442756898669,0.36501698298984325,0.0,-0.6399566900672541,1.0,1.0,1.0,0.0,0.0,1.0,-2.0005886812701847,0.0,0.0,0.0,1.0,0.0,1.0,0.0,1.0,1
1.0,-0.8235753299566294,0.0,0.0,0.0,-0.5064419972567069,-0.8998057944207736,0.6288380162532833,0.4751169180706712,0.0,-1.030522532674823,0.0,1.0,0.0,0.0,0.0,1.0,0.5793156974750526,1.0,0.0,0.0,0.0,0.0,1.0,0.0,1.0,0
1.0,-1.661560197500818,1.0,0.0,0.0,-0.5064419972567069,-0.5909737814622517,1.1165401010941463,-0.8030737764753392,0.0,0.4015522235529295,1.0,1.0,0.0,0.0,0.0,1.0,1.439283823723465,1.0,0.0,0.0,0.0,1.0,0.0,0.0,1.0,0
0.0,1.031962591034074,0.0,0.0,0.0,-0.5064419972567069,0.8690838708105041,-1.2745976092243243,-0.8431488280496672,0.0,-0.46637187113055684,1.0,0.0,0.0,0.0,0.0,0.0,0.5793156974750526,0.0,0.0,1.0,0.0,0.0,0.0,1.0,0.0,0
0.0,1.6903792726759364,0.0,1.0,0.0,-0.5064419972567069,-0.8135583557305219,0.6274622061205609,1.6666281622221493,0.0,-1.3776921705482175,1.0,1.0,0.0,0.0,0.0,1.0,-2.0005886812701847,1.0,0.0,0.0,0.0,0.0,0.0,0.0,1.0,1
1.0,-0.7637192679891874,0.0,0.0,0.0,-0.5064419972567069,0.4316182168259964,-0.906070117385648,-0.289715677795931,0.0,-1.421088375282392,1.0,1.0,0.0,1.0,1.0,1.0,-2.0005886812701847,0.0,0.0,0.0,0.0,0.0,0.0,0.0,1.0,1
1.0,1.5706671487410524,0.0,1.0,1.0,-0.5064419972567069,-0.46889854278950927,-0.38973254237126154,-0.6854035837181329,1.0,0.9223066803630213,1.0,1.0,1.0,0.0,1.0,1.0,-2.0005886812701847,1.0,0.0,0.0,0.0,0.0,0.0,0.0,0.0,1
1.0,-1.601704135533376,1.0,0.0,1.0,-0.5064419972567069,0.4348958006407537,-0.9849120658565278,1.1480181972797534,1.0,0.7921180661604984,1.0,1.0,1.0,1.0,1.0,1.0,-0.2806524287733598,0.0,1.0,0.0,0.0,0.0,1.0,0.0,0.0,0
0.0,0.8523944051317478,0.0,0.0,1.0,1.5724342219973237,-0.11932316280728697,1.6477181552262694,-1.0330676675058095,1.0,0.18457119988205792,1.0,1.0,1.0,1.0,0.0,1.0,-0.2806524287733598,0.0,1.0,0.0,0.0,1.0,0.0,0.0,1.0,0
1.0,-1.481992011598492,1.0,0.0,1.0,0.5329961123703084,0.577919514499633,0.24386631759018113,-0.6340204597397148,1.0,1.4864573419072875,1.0,1.0,1.0,1.0,1.0,0.0,-0.2806524287733598,1.0,0.0,0.0,0.0,0.0,0.0,0.0,0.0,0
0.0,-0.04544652437988287,0.0,0.0,1.0,-0.5064419972567069,0.577919514499633,0.24386631759018113,-0.6340204597397148,1.0,1.139287704033893,1.0,1.0,1.0,1.0,1.0,1.0,-0.2806524287733598,0.0,1.0,0.0,0.0,0.0,0.0,0.0,0.0,0
0.0,-0.9432874538915136,0.0,0.0,1.0,-0.5064419972567069,-0.5975956652686065,0.6361876659562486,1.295827478411041,1.0,-1.4644845800165662,1.0,1.0,0.0,0.0,0.0,1.0,-2.0005886812701847,1.0,0.0,0.0,0.0,0.0,0.0,0.0,1.0,1
0.0,0.07426559955500123,0.0,0.0,1.0,-0.5064419972567069,-1.0577852534240246,0.8942185033528848,-0.7723669187755294,1.0,1.0524952945655444,1.0,1.0,0.0,1.0,1.0,1.0,0.5793156974750526,0.0,1.0,0.0,0.0,0.0,0.0,0.0,1.0,0
1.0,-0.28487077224965107,0.0,0.0,1.0,2.611872331624339,0.6315581076546268,-1.246398576591221,0.805937178528406,1.0,0.22796740461623224,1.0,1.0,0.0,1.0,1.0,1.0,1.439283823723465,1.0,0.0,0.0,0.0,0.0,0.0,0.0,0.0,0
0.0,0.7925383431643057,0.0,0.0,0.0,-0.5064419972567069,0.8467250560800954,-0.6292513053999207,-0.9546208723343387,0.0,-0.5531642805989055,1.0,1.0,0.0,0.0,1.0,0.0,-0.2806524287733598,0.0,0.0,1.0,0.0,0.0,0.0,0.0,1.0,0
0.0,0.07426559955500123,0.0,0.0,1.0,-0.5064419972567069,1.6685478612446167,-0.14817959192637825,-1.0295191092200071,1.0,1.5298535466414618,1.0,1.0,1.0,1.0,1.0,1.0,-0.2806524287733598,1.0,0.0,0.0,0.0,1.0,0.0,0.0,0.0,0
1.0,-0.7038632060217453,0.0,0.0,0.0,-0.5064419972567069,-0.864580057391669,0.8794112429908625,0.14888612632924078,0.0,-1.0739187374089973,1.0,0.0,0.0,0.0,0.0,0.0,1.439283823723465,0.0,0.0,0.0,1.0,0.0,0.0,1.0,0.0,0
0.0,1.091818653001516,0.0,1.0,0.0,-0.5064419972567069,0.6308286774545498,-1.2268876326936236,0.3348305805052845,0.0,-1.2041073516115204,1.0,1.0,0.0,1.0,1.0,1.0,-2.0005886812701847,1.0,0.0,0.0,0.0,0.0,0.0,0.0,1.0,1
0.0,0.13412166152244326,0.0,0.0,0.0,-0.5064419972567069,-0.9403077701864666,1.0281985112306629,1.0860367125544057,0.0,-0.7701453042697771,1.0,1.0,0.0,1.0,0.0,1.0,1.439283823723465,0.0,0.0,0.0,1.0,0.0,0.0,0.0,1.0,0
0.0,-0.8235753299566294,0.0,0.0,0.0,-0.5064419972567069,-0.9142981653914829,0.6697150792811019,1.1916418071398838,0.0,-0.03240982378881367,1.0,0.0,0.0,0.0,0.0,0.0,-0.2806524287733598,0.0,0.0,1.0,0.0,0.0,0.0,1.0,0.0,0
1.0,0.3136898474247694,0.0,0.0,1.0,-0.5064419972567069,0.9590051469718734,-0.6466445536203954,-1.0230370760846081,1.0,-1.421088375282392,1.0,0.0,0.0,0.0,0.0,0.0,1.439283823723465,1.0,0.0,0.0,0.0,0.0,0.0,1.0,0.0,0
0.0,-1.1228556397938396,1.0,0.0,1.0,-0.5064419972567069,0.9986466862266113,-0.6728735294906797,0.47876010457742824,1.0,0.5751370424896268,1.0,1.0,0.0,0.0,1.0,1.0,-2.0005886812701847,0.0,1.0,0.0,0.0,0.0,0.0,0.0,1.0,1
0.0,-0.7038632060217453,0.0,0.0,1.0,-0.5064419972567069,-0.8944029971184294,0.7964806193368288,0.4792332456822019,1.0,1.139287704033893,1.0,1.0,1.0,1.0,1.0,1.0,-0.2806524287733598,0.0,1.0,0.0,0.0,0.0,1.0,0.0,0.0,0
1.0,-0.7038632060217453,0.0,0.0,1.0,0.5329961123703084,0.7170421515456843,-1.298766099496774,-0.2399885476842206,1.0,1.5298535466414618,1.0,1.0,1.0,1.0,1.0,1.0,0.5793156974750526,1.0,0.0,0.0,0.0,0.0,1.0,0.0,0.0,0
1.0,-1.1827117017612818,1.0,0.0,1.0,-0.5064419972567069,0.9914174830408152,-0.751221810341838,0.48642499047476134,1.0,0.4883446330212782,1.0,1.0,0.0,1.0,1.0,1.0,-0.2806524287733598,0.0,1.0,0.0,0.0,0.0,1.0,0.0,0.0,0
1.0,-1.3024238256961658,1.0,0.0,1.0,0.5329961123703084,-1.0072463342788922,0.7726641556006821,-1.028951339894279,1.0,0.8355142708946727,1.0,1.0,1.0,0.0,1.0,0.0,-0.2806524287733598,1.0,0.0,0.0,0.0,0.0,1.0,0.0,0.0,0
0.0,-0.40458289618453513,0.0,0.0,0.0,-0.5064419972567069,-0.8760099536753598,0.689990515931862,-0.05816042111970762,0.0,-0.9871263279406487,1.0,0.0,0.0,0.0,0.0,0.0,0.5793156974750526,1.0,0.0,0.0,0.0,0.0,0.0,1.0,0.0,0
1.0,0.8523944051317478,0.0,0.0,0.0,-0.5064419972567069,-1.3474373763932725,1.203189379902349,2.4750370538384043,0.0,-1.3776921705482175,1.0,1.0,0.0,0.0,0.0,0.0,-1.1406205550217723,0.0,0.0,0.0,0.0,0.0,0.0,0.0,1.0,1
0.0,1.4509550248061682,0.0,1.0,1.0,-0.5064419972567069,-0.9351835634649728,1.472013544678224,-1.0025500662479092,1.0,0.4015522235529295,1.0,1.0,0.0,0.0,0.0,0.0,-0.2806524287733598,0.0,1.0,0.0,0.0,0.0,0.0,0.0,1.0,1
0.0,0.43340197135965347,0.0,0.0,0.0,-0.5064419972567069,0.15398713590125404,-0.18149339019708519,-0.832881666076079,0.0,-1.4644845800165662,1.0,1.0,1.0,0.0,1.0,1.0,0.5793156974750526,0.0,0.0,0.0,0.0,0.0,0.0,0.0,1.0,0
0.0,1.091818653001516,0.0,1.0,0.0,-0.5064419972567069,1.4206135658213468,-1.0529805259272877,-0.9458204477855489,0.0,-1.4644845800165662,1.0,1.0,0.0,0.0,1.0,1.0,0.5793156974750526,0.0,0.0,0.0,0.0,0.0,0.0,0.0,0.0,0
0.0,-1.481992011598492,1.0,0.0,0.0,-0.5064419972567069,0.13555931917813513,-0.997588712136425,-0.8968503434414763,0.0,1.5298535466414618,1.0,1.0,1.0,0.0,1.0,0.0,0.5793156974750526,1.0,0.0,0.0,0.0,0.0,1.0,0.0,0.0,0
1.0,1.6903792726759364,0.0,1.0,0.0,-0.5064419972567069,-0.9583251813369248,1.5581613125493827,-0.7418493175176292,0.0,-1.3342959658140432,0.0,1.0,0.0,0.0,1.0,1.0,1.439283823723465,1.0,0.0,0.0,0.0,0.0,1.0,0.0,1.0,0
1.0,0.6728262192294217,0.0,0.0,0.0,-0.5064419972567069,-1.3080263112039705,1.2671853127962063,1.2324265703713724,0.0,0.5317408377554524,1.0,1.0,0.0,1.0,1.0,1.0,1.439283823723465,0.0,1.0,0.0,0.0,0.0,1.0,0.0,0.0,0
0.0,1.2115307769364,0.0,1.0,0.0,-0.5064419972567069,-0.8422620810482967,0.6918982875277,-0.23213440534497803,0.0,1.4864573419072875,1.0,1.0,0.0,0.0,0.0,1.0,-0.2806524287733598,1.0,0.0,0.0,0.0,0.0,0.0,0.0,0.0,0
0.0,-1.601704135533376,1.0,0.0,1.0,0.5329961123703084,0.9245800040648059,-1.581122293512324,-1.0164604147282545,1.0,-1.3776921705482175,1.0,0.0,0.0,0.0,0.0,0.0,-0.2806524287733598,1.0,0.0,0.0,0.0,0.0,0.0,1.0,1.0,0
1.0,0.6728262192294217,0.0,0.0,0.0,-0.5064419972567069,0.5890801200331834,-1.0945579510548573,0.20433826380871234,0.0,-0.5531642805989055,1.0,0.0,0.0,0.0,0.0,0.0,1.439283823723465,0.0,0.0,1.0,0.0,0.0,0.0,1.0,0.0,0
0.0,-1.3622798876636077,1.0,0.0,0.0,-0.5064419972567069,0.26291281828979796,0.7247105748613695,-1.0024554380269546,0.0,-1.160711146877346,1.0,0.0,0.0,0.0,0.0,0.0,0.5793156974750526,1.0,0.0,0.0,0.0,0.0,0.0,1.0,0.0,0
0.0,-1.0629995778263976,1.0,0.0,1.0,-0.5064419972567069,-0.2860808533203327,-0.5345903086323893,-0.8848325593802256,1.0,1.3996649324389387,1.0,1.0,1.0,1.0,1.0,1.0,0.5793156974750526,0.0,0.0,0.0,0.0,0.0,0.0,0.0,0.0,0
0.0,0.3136898474247694,0.0,0.0,0.0,-0.5064419972567069,-1.424192113970882,1.2196026748290971,1.20697157893455,0.0,-1.421088375282392,1.0,1.0,0.0,0.0,0.0,1.0,-2.0005886812701847,1.0,0.0,0.0,0.0,0.0,0.0,0.0,1.0,1
1.0,-1.481992011598492,1.0,0.0,1.0,-0.5064419972567069,1.9667550197866075,-0.6218891986635592,-1.0090320993833082,1.0,-0.6399566900672541,1.0,1.0,0.0,0.0,1.0,1.0,-1.1406205550217723,1.0,0.0,0.0,0.0,0.0,1.0,0.0,0.0,1
1.0,-1.541848073565934,1.0,0.0,1.0,-0.5064419972567069,-0.997440673645818,0.7147929307926336,0.7809553281963573,1.0,1.4430611371731132,1.0,1.0,0.0,1.0,1.0,0.0,0.5793156974750526,0.0,0.0,0.0,0.0,0.0,0.0,0.0,0.0,0
0.0,1.091818653001516,0.0,1.0,0.0,-0.5064419972567069,1.8134408410763105,-1.4043616033553503,-0.9498894612866022,0.0,-1.2475035563456947,0.0,1.0,0.0,1.0,0.0,1.0,-2.0005886812701847,0.0,0.0,0.0,0.0,0.0,1.0,0.0,1.0,1
0.0,-1.3024238256961658,1.0,0.0,1.0,-0.5064419972567069,0.6506073956734871,-1.1331240037021255,0.6905853771845906,1.0,-1.290899761079869,1.0,1.0,0.0,0.0,0.0,1.0,-1.1406205550217723,1.0,0.0,0.0,0.0,0.0,0.0,0.0,1.0,1
1.0,-1.42213594963105,1.0,0.0,1.0,2.611872331624339,-1.428380272514338,1.1872951280337272,0.1027548686138101,0.0,-0.5531642805989055,1.0,1.0,1.0,1.0,0.0,1.0,0.5793156974750526,0.0,0.0,1.0,0.0,0.0,1.0,0.0,0.0,0
0.0,-0.225014710282209,0.0,0.0,1.0,-0.5064419972567069,-0.5104101566979882,0.9363837159080529,-0.9311530735375657,1.0,0.4883446330212782,1.0,0.0,0.0,0.0,0.0,0.0,0.5793156974750526,0.0,1.0,0.0,0.0,0.0,0.0,1.0,0.0,0
1.0,0.49325803332709556,0.0,0.0,0.0,1.5724342219973237,-0.9068061409029982,0.7816281445572955,0.48387002850898364,0.0,-0.6399566900672541,0.0,1.0,0.0,1.0,1.0,1.0,-0.2806524287733598,1.0,0.0,0.0,0.0,0.0,1.0,0.0,0.0,0
1.0,1.9298035205457047,0.0,1.0,1.0,-0.5064419972567069,0.5278112179504456,-0.46043128197476,-0.7763413040556281,1.0,0.748721861426324,1.0,1.0,1.0,1.0,0.0,1.0,-0.2806524287733598,0.0,1.0,0.0,0.0,0.0,0.0,0.0,0.0,0
0.0,0.19397772348988532,0.0,0.0,1.0,0.5329961123703084,1.1982865564297103,-1.7497776072737043,-1.0301815067666904,1.0,0.9657028850971957,1.0,0.0,0.0,0.0,0.0,0.0,-0.2806524287733598,1.0,0.0,0.0,0.0,0.0,0.0,1.0,0.0,0
1.0,1.8100913966108205,0.0,1.0,0.0,-0.5064419972567069,-1.3594442665214779,1.176608838867368,0.6141730887636463,0.0,-0.6833528948014285,0.0,1.0,1.0,0.0,0.0,1.0,-2.0005886812701847,1.0,0.0,0.0,0.0,1.0,0.0,0.0,1.0,1
1.0,1.4509550248061682,0.0,1.0,1.0,-0.5064419972567069,1.9661012012536132,-1.3566770022630479,-1.0024554380269546,1.0,-0.9871263279406487,1.0,1.0,0.0,0.0,0.0,1.0,-2.0005886812701847,1.0,0.0,0.0,0.0,0.0,0.0,0.0,1.0,1
0.0,0.3136898474247694,0.0,0.0,1.0,-0.5064419972567069,0.8559314841430415,-0.4655215949171839,-0.7437418819367237,1.0,-0.6399566900672541,1.0,1.0,0.0,1.0,1.0,1.0,-1.1406205550217723,1.0,0.0,0.0,0.0,0.0,0.0,0.0,1.0,1
1.0,-0.3447268342170931,0.0,0.0,1.0,-0.5064419972567069,-0.9436735002227397,1.1234657502900744,-0.22588894276196586,1.0,1.4430611371731132,1.0,0.0,0.0,0.0,0.0,0.0,0.5793156974750526,0.0,0.0,0.0,0.0,0.0,0.0,1.0,0.0,0
1.0,-0.04544652437988287,0.0,0.0,1.0,2.611872331624339,1.6674415857305316,-0.9483017674522516,-1.0166969852806413,1.0,1.0524952945655444,0.0,1.0,0.0,1.0,1.0,1.0,-0.2806524287733598,0.0,1.0,0.0,0.0,0.0,1.0,0.0,0.0,0
1.0,-0.7038632060217453,0.0,0.0,1.0,-0.5064419972567069,-0.8700026673768329,1.3177345701977181,-0.9918570772800248,1.0,1.1826839087680672,1.0,1.0,1.0,1.0,1.0,1.0,0.5793156974750526,0.0,1.0,0.0,0.0,0.0,0.0,0.0,0.0,0
0.0,1.6305232107084944,0.0,1.0,1.0,-0.5064419972567069,0.22850223163949246,-0.9222997864127219,-0.6311342990005955,1.0,0.4015522235529295,1.0,1.0,0.0,1.0,0.0,1.0,1.439283823723465,1.0,0.0,0.0,0.0,0.0,0.0,0.0,0.0,0
1.0,-0.46443895815197717,0.0,0.0,1.0,-0.5064419972567069,-0.8010589789151243,0.5581328174472804,0.18120166378528096,1.0,0.1411749951478836,1.0,0.0,0.0,0.0,0.0,0.0,-0.2806524287733598,1.0,0.0,0.0,0.0,0.0,0.0,1.0,0.0,0
1.0,1.1516747149689581,0.0,1.0,0.0,-0.5064419972567069,1.1426210045202905,-1.376348042108352,-1.0289040257838014,0.0,-1.421088375282392,1.0,1.0,1.0,0.0,0.0,0.0,0.5793156974750526,1.0,0.0,0.0,0.0,0.0,0.0,0.0,0.0,0
0.0,-0.16515864831476695,0.0,0.0,1.0,-0.5064419972567069,-1.0027411728103461,1.2880000928557986,0.36743000262418885,1.0,-0.11920223325716231,1.0,0.0,0.0,0.0,0.0,0.0,-0.2806524287733598,0.0,0.0,1.0,0.0,0.0,0.0,1.0,0.0,0
1.0,0.7925383431643057,0.0,0.0,1.0,-0.5064419972567069,-0.9118794007258163,0.6861666680512442,1.716402606444337,1.0,0.9657028850971957,1.0,1.0,1.0,0.0,0.0,1.0,-0.2806524287733598,0.0,1.0,0.0,0.0,0.0,0.0,0.0,1.0,0
0.0,-1.0031435158589557,0.0,0.0,1.0,1.5724342219973237,-0.8269339383350394,0.6524196418413594,0.3465171657931936,1.0,-0.5531642805989055,1.0,1.0,1.0,0.0,1.0,1.0,-0.2806524287733598,1.0,0.0,0.0,0.0,1.0,0.0,0.0,1.0,0
1.0,-1.0629995778263976,1.0,0.0,0.0,-0.5064419972567069,1.2218693097497142,-0.13598923132049265,-1.0051050282136869,0.0,-0.42297566639638257,1.0,1.0,0.0,0.0,0.0,1.0,-0.2806524287733598,1.0,0.0,0.0,0.0,1.0,0.0,0.0,1.0,0
0.0,0.7326822811968637,0.0,0.0,1.0,-0.5064419972567069,0.31883229601166097,-1.0639044214713609,-0.8212897090091247,1.0,0.4015522235529295,1.0,0.0,0.0,0.0,0.0,0.0,1.439283823723465,1.0,0.0,0.0,0.0,0.0,0.0,1.0,1.0,0
0.0,-0.5841510820868613,0.0,0.0,0.0,-0.5064419972567069,0.3172901414755759,-0.07843865977945678,1.2928940035614445,0.0,-0.03240982378881367,1.0,0.0,0.0,0.0,0.0,0.0,1.439283823723465,1.0,0.0,0.0,0.0,0.0,0.0,1.0,0.0,0
1.0,-1.601704135533376,1.0,0.0,1.0,-0.5064419972567069,0.5881715670068138,-1.068896923633059,1.8146266997953464,1.0,1.5298535466414618,1.0,1.0,1.0,1.0,1.0,0.0,-0.2806524287733598,1.0,0.0,0.0,0.0,0.0,1.0,0.0,0.0,0
1.0,-0.6440071440543034,0.0,0.0,0.0,-0.5064419972567069,1.358355242619102,-0.47095470696377656,-1.0180690944844848,0.0,-1.421088375282392,1.0,1.0,0.0,0.0,0.0,1.0,-2.0005886812701847,1.0,0.0,0.0,0.0,0.0,0.0,0.0,1.0,1
1.0,-0.04544652437988287,0.0,0.0,1.0,2.611872331624339,1.1518500756493146,-0.9562493547581751,-1.0004682453869052,1.0,-0.9871263279406487,1.0,1.0,0.0,0.0,0.0,1.0,-0.2806524287733598,0.0,0.0,0.0,1.0,0.0,0.0,0.0,1.0,0
1.0,-1.0031435158589557,0.0,0.0,0.0,-0.5064419972567069,-0.28116488193866135,0.6272730437616074,-0.9447322232445694,0.0,-1.2041073516115204,0.0,1.0,1.0,1.0,1.0,1.0,-2.0005886812701847,0.0,0.0,0.0,0.0,1.0,0.0,0.0,1.0,1
0.0,1.9896595825131467,0.0,1.0,0.0,-0.5064419972567069,0.7546939313688364,-0.2853744371632445,-0.9357425422538701,0.0,-0.6833528948014285,1.0,1.0,0.0,1.0,0.0,1.0,-2.0005886812701847,1.0,0.0,0.0,0.0,0.0,1.0,0.0,1.0,1
0.0,0.014409537587559178,0.0,0.0,0.0,-0.5064419972567069,-1.3043205308360617,1.1778328577413122,-0.9864632686856052,0.0,0.748721861426324,0.0,1.0,1.0,0.0,0.0,1.0,0.5793156974750526,1.0,0.0,0.0,0.0,1.0,0.0,0.0,0.0,0
1.0,-0.46443895815197717,0.0,0.0,0.0,-0.5064419972567069,1.6475565259691232,-0.34723145128603505,-0.8908414514108509,0.0,0.748721861426324,1.0,1.0,0.0,0.0,1.0,1.0,1.439283823723465,1.0,0.0,0.0,0.0,0.0,0.0,0.0,0.0,0
1.0,0.3136898474247694,0.0,0.0,1.0,-0.5064419972567069,-0.9164957558224236,0.6772723462073152,3.097264920726229,1.0,1.4430611371731132,1.0,1.0,1.0,0.0,0.0,0.0,-0.2806524287733598,1.0,0.0,0.0,0.0,0.0,1.0,0.0,0.0,0
0.0,0.8523944051317478,0.0,0.0,0.0,-0.5064419972567069,-0.8010775785765444,1.026878988434023,-0.9856116146970126,0.0,-1.290899761079869,1.0,1.0,0.0,0.0,1.0,0.0,-2.0005886812701847,1.0,0.0,0.0,0.0,0.0,0.0,0.0,1.0,1
0.0,0.7925383431643057,0.0,0.0,0.0,-0.5064419972567069,-0.9427932510289677,0.7532934686716719,2.411683459909213,0.0,1.3128725229705902,1.0,1.0,0.0,0.0,0.0,1.0,1.439283823723465,0.0,0.0,0.0,0.0,0.0,1.0,0.0,0.0,0
0.0,-0.5242950201194192,0.0,0.0,0.0,-0.5064419972567069,0.09415202510979834,-0.0856928055597333,-0.7661214561925173,0.0,-1.3776921705482175,1.0,1.0,0.0,1.0,0.0,1.0,0.5793156974750526,0.0,0.0,0.0,0.0,0.0,1.0,0.0,1.0,0
1.0,-0.10530258634732491,0.0,0.0,0.0,-0.5064419972567069,-1.4322793276248367,1.5940500257599706,-0.9657870024069968,0.0,-1.2041073516115204,0.0,1.0,0.0,0.0,1.0,0.0,0.5793156974750526,0.0,0.0,0.0,0.0,0.0,1.0,0.0,1.0,0
0.0,-0.5242950201194192,0.0,0.0,0.0,-0.5064419972567069,-1.3474373763932725,1.203189379902349,2.4750370538384043,0.0,0.7053256566921497,1.0,1.0,0.0,0.0,0.0,1.0,-2.0005886812701847,1.0,0.0,0.0,0.0,0.0,0.0,0.0,1.0,1
1.0,0.014409537587559178,0.0,0.0,0.0,1.5724342219973237,0.929149051326928,-0.7750138213828048,0.40968150328047565,0.0,0.27136360935040654,1.0,1.0,1.0,0.0,1.0,0.0,0.5793156974750526,1.0,0.0,0.0,0.0,0.0,0.0,0.0,0.0,0
0.0,0.5531140952945376,0.0,0.0,0.0,-0.5064419972567069,-1.1067262190488116,1.3531300771601906,-0.9220687643259117,0.0,-1.290899761079869,1.0,1.0,1.0,0.0,0.0,1.0,-2.0005886812701847,1.0,0.0,0.0,0.0,1.0,0.0,0.0,1.0,1
1.0,0.8523944051317478,0.0,0.0,1.0,2.611872331624339,-1.3474373763932725,1.203189379902349,2.4750370538384043,1.0,1.5298535466414618,1.0,1.0,1.0,1.0,1.0,0.0,0.5793156974750526,0.0,0.0,0.0,0.0,1.0,0.0,0.0,0.0,0
0.0,0.8523944051317478,0.0,0.0,0.0,-0.5064419972567069,1.07398906255762,-0.9254426498010824,-0.9523497950314251,0.0,-0.5965604853330798,1.0,1.0,0.0,1.0,0.0,1.0,0.5793156974750526,0.0,0.0,0.0,1.0,0.0,0.0,0.0,1.0,0
1.0,0.6728262192294217,0.0,0.0,0.0,-0.5064419972567069,0.8896166839979253,-1.2741099394354947,-0.9589737704982563,0.0,-1.160711146877346,1.0,1.0,0.0,0.0,1.0,1.0,-0.2806524287733598,1.0,0.0,0.0,0.0,1.0,0.0,0.0,1.0,0
0.0,1.9298035205457047,0.0,1.0,1.0,-0.5064419972567069,1.3661117057721366,-1.048343741274754,-0.9683892784832518,1.0,1.1826839087680672,1.0,1.0,0.0,1.0,0.0,1.0,-0.2806524287733598,0.0,1.0,0.0,0.0,0.0,0.0,0.0,0.0,0
1.0,-1.661560197500818,1.0,0.0,0.0,-0.5064419972567069,-0.9212791035313553,0.7526756920896076,0.8625721687698116,0.0,1.5298535466414618,1.0,1.0,1.0,1.0,1.0,1.0,0.5793156974750526,1.0,0.0,0.0,0.0,0.0,0.0,0.0,0.0,0
0.0,0.49325803332709556,0.0,0.0,1.0,-0.5064419972567069,1.0791820071582772,-1.6054033584569387,-1.021333768107423,1.0,1.5298535466414618,1.0,1.0,0.0,1.0,1.0,1.0,-0.2806524287733598,1.0,0.0,0.0,0.0,0.0,0.0,0.0,0.0,0
0.0,1.6903792726759364,0.0,1.0,1.0,-0.5064419972567069,-1.3885830621803177,1.3367629193941724,0.9024579639022301,1.0,0.010986380945360646,1.0,1.0,0.0,0.0,0.0,1.0,-0.2806524287733598,1.0,0.0,0.0,0.0,0.0,0.0,0.0,0.0,0
0.0,-0.28487077224965107,0.0,0.0,0.0,-0.5064419972567069,0.7627378805929669,-1.1194364922308242,1.4072995226957126,0.0,-0.5097680758647312,1.0,1.0,0.0,0.0,0.0,0.0,0.5793156974750526,0.0,0.0,1.0,0.0,0.0,0.0,0.0,1.0,0
1.0,1.6305232107084944,0.0,1.0,1.0,-0.5064419972567069,-0.8650555617793028,0.7904772519837199,0.392222596514328,1.0,-0.5531642805989055,0.0,1.0,0.0,1.0,0.0,1.0,-2.0005886812701847,0.0,0.0,1.0,0.0,1.0,0.0,0.0,1.0,1
1.0,-1.1827117017612818,1.0,0.0,1.0,-0.5064419972567069,-0.9231334089069374,1.3427935076721038,0.18631158771683637,1.0,0.1411749951478836,1.0,1.0,0.0,0.0,0.0,1.0,-0.2806524287733598,0.0,1.0,0.0,0.0,0.0,1.0,0.0,0.0,0
1.0,0.8523944051317478,0.0,0.0,1.0,-0.5064419972567069,0.929149051326928,-0.7750138213828048,0.40968150328047565,1.0,-0.9003339184723,1.0,1.0,0.0,0.0,1.0,1.0,-2.0005886812701847,1.0,0.0,0.0,0.0,1.0,0.0,0.0,1.0,1
0.0,-1.481992011598492,1.0,0.0,0.0,-0.5064419972567069,0.2516199934239724,-0.01711591397781867,-0.8830346231820857,0.0,-1.3776921705482175,1.0,1.0,0.0,0.0,1.0,1.0,0.5793156974750526,1.0,0.0,0.0,0.0,0.0,1.0,0.0,1.0,0
0.0,0.5531140952945376,0.0,0.0,1.0,0.5329961123703084,0.5407149352315198,-1.1800538008450252,0.06963499127965474,0.0,-1.0739187374089973,1.0,0.0,0.0,0.0,0.0,0.0,-0.2806524287733598,1.0,0.0,0.0,0.0,0.0,0.0,1.0,0.0,0
0.0,0.37354590939221144,0.0,0.0,0.0,-0.5064419972567069,0.4233567324313335,-1.154843072111868,-1.0301815067666904,0.0,-1.160711146877346,1.0,1.0,1.0,1.0,1.0,1.0,-2.0005886812701847,1.0,0.0,0.0,0.0,0.0,0.0,0.0,1.0,1
1.0,0.37354590939221144,0.0,0.0,1.0,2.611872331624339,-1.0849739150169149,1.6797585678610663,-0.23199246301354592,1.0,1.3128725229705902,1.0,1.0,0.0,0.0,0.0,1.0,0.5793156974750526,0.0,0.0,0.0,0.0,0.0,0.0,0.0,0.0,0
1.0,1.8699474585782625,0.0,1.0,0.0,-0.5064419972567069,-0.7501343189657383,0.5280084810972632,-0.5670236793037662,0.0,-1.1173149421431716,1.0,1.0,0.0,0.0,0.0,1.0,-1.1406205550217723,1.0,0.0,0.0,0.0,0.0,0.0,0.0,1.0,1
1.0,1.3910989628387262,0.0,1.0,1.0,-0.5064419972567069,1.0980279119229026,-1.398983855901628,-0.568679673170474,1.0,1.0958914992997186,1.0,1.0,1.0,1.0,1.0,1.0,-0.2806524287733598,0.0,1.0,0.0,0.0,0.0,0.0,0.0,0.0,0
1.0,0.13412166152244326,0.0,0.0,1.0,2.611872331624339,-0.8794755558066552,0.7265579067766639,1.596697906936604,1.0,1.5298535466414618,0.0,1.0,0.0,0.0,1.0,1.0,-0.2806524287733598,1.0,0.0,0.0,0.0,0.0,1.0,0.0,0.0,0
1.0,-1.3024238256961658,1.0,0.0,0.0,-0.5064419972567069,0.5867660795481293,-0.5156090193398771,-0.4058718190178616,0.0,-0.5531642805989055,1.0,0.0,0.0,0.0,0.0,0.0,0.5793156974750526,1.0,0.0,0.0,0.0,0.0,0.0,1.0,0.0,0
0.0,0.49325803332709556,0.0,0.0,0.0,-0.5064419972567069,0.6189091248669281,-1.2250273823733202,2.4943885250236466,0.0,1.5298535466414618,1.0,1.0,1.0,1.0,1.0,1.0,-0.2806524287733598,1.0,0.0,0.0,0.0,1.0,0.0,0.0,0.0,0
0.0,-0.46443895815197717,0.0,0.0,0.0,-0.5064419972567069,-0.9853824322784723,0.9803002950842207,-0.949227063739919,0.0,-1.421088375282392,1.0,1.0,0.0,0.0,0.0,1.0,-2.0005886812701847,1.0,0.0,0.0,0.0,0.0,1.0,0.0,1.0,1
1.0,-0.5841510820868613,0.0,0.0,0.0,-0.5064419972567069,1.1354091879745203,-0.8558290562177525,0.6172485059446751,0.0,-0.5531642805989055,1.0,1.0,1.0,0.0,1.0,1.0,-0.2806524287733598,1.0,0.0,0.0,0.0,0.0,0.0,0.0,1.0,0
0.0,-1.0629995778263976,1.0,0.0,0.0,-0.5064419972567069,-0.8951769047697303,0.5917128271353548,0.19766697423140392,0.0,-1.030522532674823,1.0,1.0,0.0,0.0,1.0,0.0,-0.2806524287733598,0.0,0.0,0.0,1.0,0.0,0.0,0.0,1.0,0
0.0,-0.8834313919240715,0.0,0.0,1.0,-0.5064419972567069,-0.9834339155743846,0.8434454807218738,1.358849873566891,1.0,1.5298535466414618,1.0,1.0,1.0,1.0,1.0,1.0,-0.2806524287733598,1.0,0.0,0.0,0.0,0.0,0.0,0.0,0.0,0
0.0,0.5531140952945376,0.0,0.0,1.0,2.611872331624339,0.9325717933688639,-1.5009949637437308,-0.804729770342047,1.0,1.0958914992997186,1.0,1.0,1.0,1.0,1.0,1.0,-0.2806524287733598,1.0,0.0,0.0,0.0,0.0,0.0,0.0,0.0,0
0.0,1.5706671487410524,0.0,1.0,1.0,-0.5064419972567069,0.15240131259488002,-0.7761464886785215,-0.9832459091731444,1.0,-0.3361832569280339,1.0,1.0,1.0,1.0,1.0,1.0,-0.2806524287733598,1.0,0.0,0.0,0.0,0.0,0.0,0.0,0.0,0
0.0,1.1516747149689581,0.0,1.0,0.0,-0.5064419972567069,0.936340246508952,-0.7770092535840157,0.7149048299699561,0.0,-1.2041073516115204,1.0,1.0,0.0,0.0,0.0,1.0,1.439283823723465,0.0,0.0,0.0,0.0,0.0,0.0,0.0,0.0,0
0.0,-0.3447268342170931,0.0,0.0,0.0,-0.5064419972567069,-0.43178170540244437,0.8454256876600456,-0.6437198523875746,0.0,-0.9437301232064743,1.0,1.0,0.0,1.0,0.0,1.0,-0.2806524287733598,1.0,0.0,0.0,0.0,0.0,0.0,0.0,1.0,0
0.0,0.9122504670991899,0.0,0.0,0.0,-0.5064419972567069,-0.9805857413341726,0.6656028741459803,-0.04051225791165054,0.0,-0.3361832569280339,1.0,1.0,0.0,1.0,1.0,1.0,1.439283823723465,0.0,0.0,1.0,0.0,0.0,0.0,0.0,1.0,0
1.0,0.07426559955500123,0.0,0.0,1.0,-0.5064419972567069,-0.9660294845698871,0.855344254472,2.2181214339463136,1.0,-1.0739187374089973,1.0,0.0,0.0,0.0,0.0,0.0,-2.0005886812701847,0.0,0.0,0.0,1.0,0.0,0.0,1.0,1.0,1
0.0,-1.0629995778263976,1.0,0.0,0.0,-0.5064419972567069,0.7399832165466624,-0.6719946165789343,-0.7083036131891775,0.0,-0.9437301232064743,1.0,1.0,0.0,0.0,0.0,1.0,-1.1406205550217723,0.0,0.0,0.0,1.0,0.0,1.0,0.0,1.0,1
0.0,1.4509550248061682,0.0,1.0,0.0,2.611872331624339,-0.8533705266617747,0.7060370204308677,1.2118449323137186,0.0,-0.8135415090039514,1.0,1.0,0.0,0.0,1.0,1.0,-1.1406205550217723,0.0,0.0,0.0,1.0,0.0,0.0,0.0,1.0,1
1.0,0.3136898474247694,0.0,0.0,1.0,1.5724342219973237,1.7251150923924927,-2.031520177051651,-0.8818044563096743,1.0,0.7921180661604984,1.0,1.0,0.0,0.0,0.0,1.0,-0.2806524287733598,0.0,1.0,0.0,0.0,0.0,0.0,0.0,0.0,0
0.0,0.9122504670991899,0.0,0.0,0.0,-0.5064419972567069,1.5611522031781895,-0.5526262475017141,-1.0287620834523694,0.0,1.00909908983137,1.0,1.0,1.0,1.0,1.0,1.0,-0.2806524287733598,1.0,0.0,0.0,0.0,0.0,1.0,0.0,0.0,0
0.0,-0.9432874538915136,0.0,0.0,1.0,0.5329961123703084,0.4506347532671393,-0.983243746124834,-1.0106407791395386,1.0,-0.2927870521938596,1.0,1.0,1.0,1.0,0.0,1.0,-0.2806524287733598,0.0,0.0,1.0,0.0,1.0,0.0,0.0,1.0,0
0.0,1.031962591034074,0.0,0.0,1.0,-0.5064419972567069,-0.8816137081891424,0.8160017134097858,0.4201852358064506,1.0,0.31475981408458087,1.0,0.0,0.0,0.0,0.0,0.0,-0.2806524287733598,1.0,0.0,0.0,0.0,0.0,0.0,1.0,0.0,0
1.0,0.49325803332709556,0.0,0.0,0.0,1.5724342219973237,-0.8388668341580263,0.9179985187320681,0.6438863501434314,0.0,0.7053256566921497,1.0,1.0,0.0,1.0,1.0,1.0,1.439283823723465,1.0,0.0,0.0,0.0,1.0,0.0,0.0,0.0,0
0.0,0.19397772348988532,0.0,0.0,0.0,-0.5064419972567069,-0.8160600101916523,1.4609604650841221,-1.0204348000083532,0.0,0.44494842828710385,1.0,1.0,1.0,0.0,0.0,1.0,-0.2806524287733598,1.0,0.0,0.0,0.0,0.0,0.0,0.0,1.0,0
1.0,0.6129701572619797,0.0,0.0,0.0,-0.5064419972567069,-0.9972732766930291,1.6286233685183864,-0.9074013900779286,0.0,0.05438258567953497,1.0,1.0,1.0,1.0,1.0,1.0,-0.2806524287733598,1.0,0.0,0.0,0.0,0.0,1.0,0.0,0.0,0
1.0,-1.541848073565934,1.0,0.0,1.0,-0.5064419972567069,-1.387503068796501,1.1661809178010467,1.1433341003424944,1.0,-1.4644845800165662,1.0,1.0,0.0,0.0,1.0,0.0,-2.0005886812701847,1.0,0.0,0.0,0.0,0.0,0.0,0.0,1.0,1
0.0,1.8100913966108205,0.0,1.0,1.0,-0.5064419972567069,-0.727875376330352,0.023071859868814028,0.4639507879980131,1.0,0.27136360935040654,1.0,1.0,0.0,1.0,0.0,1.0,-1.1406205550217723,0.0,1.0,0.0,0.0,0.0,0.0,0.0,1.0,1
0.0,-1.1827117017612818,1.0,0.0,1.0,-0.5064419972567069,-0.9020086412777691,0.6578855112720604,1.080784846291418,1.0,0.09777879041370928,0.0,1.0,0.0,0.0,0.0,1.0,-0.2806524287733598,1.0,0.0,0.0,0.0,0.0,1.0,0.0,0.0,0
1.0,0.8523944051317478,0.0,0.0,1.0,2.611872331624339,-1.428380272514338,1.1872951280337272,0.1027548686138101,1.0,0.9223066803630213,1.0,1.0,0.0,1.0,1.0,1.0,0.5793156974750526,1.0,0.0,0.0,0.0,0.0,0.0,0.0,0.0,0
0.0,1.5706671487410524,0.0,1.0,0.0,-0.5064419972567069,-0.7125904980469218,0.5473201124605479,-0.19281637953828787,0.0,0.7921180661604984,1.0,1.0,1.0,0.0,1.0,1.0,-1.1406205550217723,0.0,1.0,0.0,0.0,0.0,0.0,0.0,1.0,1
1.0,1.3312429008712843,0.0,1.0,1.0,-0.5064419972567069,-0.877079029866602,0.7146965041267195,1.3015997998892797,1.0,1.4864573419072875,1.0,1.0,1.0,1.0,0.0,1.0,0.5793156974750526,1.0,0.0,0.0,0.0,0.0,0.0,0.0,0.0,0
1.0,1.5706671487410524,0.0,1.0,1.0,-0.5064419972567069,0.9180272624780849,-1.1580865145106036,1.9884114275787073,1.0,-0.46637187113055684,1.0,1.0,0.0,1.0,0.0,1.0,-1.1406205550217723,0.0,0.0,1.0,0.0,0.0,0.0,0.0,1.0,1
0.0,0.7326822811968637,0.0,0.0,0.0,-0.5064419972567069,-0.7962630966517568,1.0916357231081748,1.298003927493,0.0,-1.3342959658140432,1.0,1.0,0.0,0.0,0.0,1.0,0.5793156974750526,0.0,0.0,0.0,0.0,0.0,0.0,0.0,1.0,0
1.0,-0.40458289618453513,0.0,0.0,0.0,-0.5064419972567069,0.6801060543467764,-1.2973810619319108,0.32200845656591864,0.0,-0.5965604853330798,1.0,1.0,0.0,0.0,1.0,1.0,1.439283823723465,1.0,0.0,0.0,0.0,0.0,0.0,0.0,1.0,0
1.0,0.9122504670991899,0.0,0.0,1.0,-0.5064419972567069,0.5669259015784067,-0.5777663863789682,1.2119395605346734,1.0,-1.1173149421431716,1.0,1.0,0.0,0.0,1.0,1.0,-2.0005886812701847,0.0,0.0,0.0,1.0,0.0,1.0,0.0,1.0,1
0.0,-1.1827117017612818,1.0,0.0,0.0,-0.5064419972567069,0.9174781681256975,-1.3808039690908478,0.8681552338061407,0.0,1.3996649324389387,1.0,1.0,1.0,1.0,1.0,1.0,-0.2806524287733598,0.0,0.0,0.0,0.0,0.0,0.0,0.0,0.0,0
0.0,-0.04544652437988287,0.0,0.0,0.0,-0.5064419972567069,0.9330493194588265,-1.360622190876359,0.6215067758876379,0.0,-0.6399566900672541,1.0,1.0,1.0,0.0,0.0,1.0,-0.2806524287733598,0.0,0.0,0.0,1.0,1.0,0.0,0.0,1.0,1
0.0,1.031962591034074,0.0,0.0,1.0,-0.5064419972567069,-0.8381442777458658,0.8813120940125967,0.14439128583389113,1.0,-1.290899761079869,1.0,0.0,0.0,0.0,0.0,0.0,1.439283823723465,1.0,0.0,0.0,0.0,0.0,0.0,1.0,0.0,0
0.0,0.19397772348988532,0.0,0.0,1.0,-0.5064419972567069,2.096843073467624,-1.4987896074612352,-0.9351747729281418,1.0,1.4864573419072875,1.0,1.0,0.0,1.0,1.0,1.0,-0.2806524287733598,1.0,0.0,0.0,0.0,0.0,0.0,0.0,0.0,0
1.0,1.031962591034074,0.0,0.0,1.0,-0.5064419972567069,-0.9509136206011102,0.7748173768915627,-0.2613272115095121,1.0,1.139287704033893,1.0,1.0,0.0,1.0,1.0,1.0,0.5793156974750526,1.0,0.0,0.0,0.0,0.0,0.0,0.0,0.0,0
0.0,0.6728262192294217,0.0,0.0,0.0,-0.5064419972567069,0.936340246508952,-0.7770092535840157,0.7149048299699561,0.0,1.3996649324389387,1.0,1.0,0.0,1.0,1.0,1.0,-0.2806524287733598,0.0,0.0,0.0,0.0,0.0,0.0,0.0,0.0,1
1.0,0.5531140952945376,0.0,0.0,1.0,-0.5064419972567069,0.8587885538734988,-1.48353343252539,-1.0095525545985593,1.0,0.22796740461623224,1.0,1.0,1.0,0.0,0.0,1.0,-0.2806524287733598,1.0,0.0,0.0,0.0,0.0,1.0,0.0,1.0,0
0.0,-1.1228556397938396,1.0,0.0,0.0,-0.5064419972567069,-1.0266429507577692,0.8889334915922151,0.027336176512890595,0.0,-0.6833528948014285,1.0,1.0,1.0,1.0,0.0,1.0,-0.2806524287733598,1.0,0.0,0.0,0.0,0.0,1.0,0.0,1.0,0
1.0,1.271386838903842,0.0,1.0,0.0,-0.5064419972567069,-0.8742251948598705,0.965345395807888,1.5297957547216101,0.0,0.3581560188187552,1.0,1.0,0.0,1.0,0.0,1.0,0.5793156974750526,0.0,1.0,0.0,0.0,0.0,0.0,0.0,0.0,0
0.0,1.6903792726759364,0.0,1.0,0.0,-0.5064419972567069,0.24065589735674064,0.02221370867939342,0.5646825292043227,0.0,-1.290899761079869,1.0,1.0,0.0,0.0,0.0,0.0,-0.2806524287733598,1.0,0.0,0.0,0.0,0.0,0.0,0.0,1.0,1
0.0,0.43340197135965347,0.0,0.0,1.0,-0.5064419972567069,-1.1551128338951566,1.1351453725267753,0.9613167173360719,1.0,0.44494842828710385,1.0,1.0,0.0,1.0,1.0,0.0,-1.1406205550217723,0.0,1.0,0.0,0.0,0.0,0.0,0.0,1.0,1
1.0,-0.9432874538915136,0.0,0.0,1.0,2.611872331624339,1.8834964658186237,-0.9808155473560513,-1.016791613501596,0.0,1.139287704033893,1.0,0.0,0.0,0.0,0.0,0.0,0.5793156974750526,0.0,1.0,0.0,0.0,0.0,0.0,1.0,0.0,0
1.0,-0.225014710282209,0.0,0.0,1.0,0.5329961123703084,0.22451503030747508,-0.8787739889878704,0.017542155644076077,1.0,-0.11920223325716231,1.0,0.0,0.0,0.0,0.0,0.0,1.439283823723465,0.0,0.0,1.0,0.0,0.0,0.0,1.0,0.0,0
0.0,1.5706671487410524,0.0,1.0,0.0,-0.5064419972567069,0.03133369036259445,0.8740897828732229,-1.0221381079855383,0.0,-1.2041073516115204,1.0,1.0,0.0,0.0,0.0,0.0,1.439283823723465,0.0,0.0,0.0,0.0,0.0,0.0,0.0,0.0,0
1.0,-1.3622798876636077,1.0,0.0,1.0,2.611872331624339,-0.4360487103367089,0.32695888267835216,0.15163034473692796,1.0,-0.5965604853330798,1.0,0.0,0.0,0.0,0.0,0.0,0.5793156974750526,0.0,0.0,0.0,1.0,0.0,0.0,1.0,0.0,0
1.0,0.07426559955500123,0.0,0.0,0.0,-0.5064419972567069,-0.7271495851944685,0.07319434853365243,-1.0099310674823783,0.0,-0.9003339184723,1.0,1.0,0.0,1.0,1.0,1.0,-2.0005886812701847,1.0,0.0,0.0,0.0,0.0,1.0,0.0,1.0,1
0.0,0.7326822811968637,0.0,0.0,1.0,-0.5064419972567069,0.9956048329033419,-1.0937062590679345,-1.0247876981722708,1.0,1.269476318236416,1.0,0.0,0.0,0.0,0.0,0.0,1.439283823723465,0.0,0.0,0.0,0.0,0.0,0.0,1.0,0.0,0
0.0,-1.0629995778263976,1.0,0.0,1.0,-0.5064419972567069,1.2067376765027755,-0.662448838025614,-0.5757767897420787,1.0,0.5317408377554524,1.0,1.0,1.0,0.0,0.0,1.0,-0.2806524287733598,1.0,0.0,0.0,0.0,1.0,0.0,0.0,0.0,0
0.0,-0.5242950201194192,0.0,0.0,1.0,2.611872331624339,0.24271358598655784,0.1474548769448689,0.33449938173194294,1.0,0.7053256566921497,1.0,0.0,0.0,0.0,0.0,0.0,0.5793156974750526,1.0,0.0,0.0,0.0,0.0,0.0,1.0,0.0,0
0.0,-1.1827117017612818,1.0,0.0,0.0,-0.5064419972567069,0.8947194606747378,-0.46629669921731187,-0.8190659458166885,0.0,-0.075806028522988,1.0,1.0,0.0,1.0,0.0,1.0,-0.2806524287733598,1.0,0.0,0.0,0.0,0.0,0.0,0.0,1.0,0
1.0,-1.0031435158589557,0.0,0.0,0.0,-0.5064419972567069,-1.3591547587480561,1.4755116642041428,-0.9995219631773579,0.0,-0.24939084745968526,1.0,1.0,0.0,0.0,0.0,1.0,1.439283823723465,1.0,0.0,0.0,0.0,0.0,0.0,0.0,1.0,0
0.0,-1.3622798876636077,1.0,0.0,1.0,-0.5064419972567069,0.14885362934905022,-1.008004637540956,-0.8194444587005074,0.0,0.9657028850971957,1.0,1.0,0.0,0.0,1.0,1.0,-0.2806524287733598,0.0,1.0,0.0,0.0,0.0,0.0,0.0,0.0,1
1.0,0.8523944051317478,0.0,0.0,0.0,-0.5064419972567069,-0.9131894638346041,0.7971546832549691,0.7693160570189256,0.0,-0.03240982378881367,0.0,1.0,1.0,0.0,0.0,1.0,0.5793156974750526,0.0,0.0,1.0,0.0,1.0,0.0,0.0,0.0,0
0.0,-0.5841510820868613,0.0,0.0,0.0,-0.5064419972567069,0.01186752732362461,-0.7504679291356474,-0.3651343698968505,0.0,-1.3342959658140432,1.0,1.0,0.0,0.0,1.0,1.0,-0.2806524287733598,1.0,0.0,0.0,0.0,0.0,0.0,0.0,1.0,0
1.0,-0.46443895815197717,0.0,0.0,0.0,-0.5064419972567069,1.7658479465640833,-1.4503963395802468,-0.9917624490590701,0.0,-0.9003339184723,1.0,1.0,0.0,1.0,1.0,1.0,-2.0005886812701847,0.0,0.0,0.0,1.0,0.0,0.0,0.0,1.0,1
1.0,-0.6440071440543034,0.0,0.0,1.0,2.611872331624339,1.0965985683767432,-1.0085887339956932,-1.0362850270182704,1.0,-0.42297566639638257,1.0,0.0,0.0,0.0,0.0,0.0,1.439283823723465,1.0,0.0,0.0,0.0,0.0,0.0,1.0,0.0,0
0.0,-0.3447268342170931,0.0,0.0,1.0,2.611872331624339,-0.9510494789975757,0.6594020397449828,0.4616323965846222,1.0,-0.075806028522988,1.0,1.0,0.0,0.0,0.0,0.0,-0.2806524287733598,1.0,0.0,0.0,0.0,0.0,0.0,0.0,1.0,0
0.0,0.7326822811968637,0.0,0.0,1.0,-0.5064419972567069,0.6221697263821296,-1.2340702658747718,0.4100127020538172,1.0,1.00909908983137,1.0,1.0,0.0,1.0,0.0,1.0,-1.1406205550217723,1.0,0.0,0.0,0.0,0.0,0.0,0.0,1.0,1
0.0,0.014409537587559178,0.0,0.0,1.0,-0.5064419972567069,0.9183179832729035,-0.7032022534626959,-1.0091740417147403,1.0,-0.24939084745968526,1.0,1.0,0.0,1.0,1.0,1.0,1.439283823723465,1.0,0.0,0.0,0.0,0.0,1.0,0.0,0.0,0
1.0,-0.46443895815197717,0.0,0.0,1.0,-0.5064419972567069,0.47047088783220103,-0.8646730885564973,-1.0353860589192003,1.0,1.5298535466414618,1.0,1.0,1.0,1.0,0.0,0.0,0.5793156974750526,1.0,0.0,0.0,0.0,0.0,0.0,0.0,0.0,0
0.0,-0.16515864831476695,0.0,0.0,1.0,2.611872331624339,-0.8741281531481094,0.6210320700307784,-0.9176212379410394,1.0,0.27136360935040654,0.0,1.0,0.0,0.0,0.0,1.0,-0.2806524287733598,0.0,1.0,0.0,0.0,1.0,0.0,0.0,1.0,0
0.0,0.07426559955500123,0.0,0.0,1.0,-0.5064419972567069,1.1171989064219339,-1.0554963853014434,-0.8102655212678986,1.0,1.4430611371731132,1.0,1.0,0.0,1.0,0.0,1.0,0.5793156974750526,1.0,0.0,0.0,0.0,0.0,0.0,0.0,0.0,0
1.0,0.19397772348988532,0.0,0.0,1.0,-0.5064419972567069,1.722143594310248,-2.09525312812939,-0.8968976575519536,1.0,0.09777879041370928,1.0,1.0,0.0,1.0,0.0,1.0,-1.1406205550217723,1.0,0.0,0.0,0.0,0.0,0.0,0.0,0.0,1
0.0,-0.16515864831476695,0.0,0.0,1.0,2.611872331624339,-0.8418524841565682,0.7982550545381834,0.38356411429697024,1.0,-1.0739187374089973,1.0,0.0,0.0,0.0,0.0,0.0,0.5793156974750526,0.0,0.0,0.0,1.0,0.0,0.0,1.0,0.0,0
0.0,1.271386838903842,0.0,1.0,0.0,-0.5064419972567069,-0.8705671266669145,0.6111033530434711,1.051733982458316,0.0,-0.9003339184723,1.0,1.0,0.0,0.0,1.0,1.0,0.5793156974750526,0.0,0.0,0.0,1.0,0.0,0.0,0.0,1.0,0
0.0,1.5706671487410524,0.0,1.0,1.0,1.5724342219973237,0.602050553491092,-1.071977501854445,0.9357197835678176,1.0,-0.37957946166220824,1.0,1.0,0.0,0.0,0.0,0.0,-0.2806524287733598,1.0,0.0,0.0,0.0,0.0,1.0,0.0,0.0,0
1.0,-0.10530258634732491,0.0,0.0,0.0,-0.5064419972567069,1.677449416596444,-1.465945485486676,-1.0270114613647068,0.0,-0.5531642805989055,1.0,1.0,1.0,0.0,0.0,1.0,0.5793156974750526,1.0,0.0,0.0,0.0,0.0,1.0,0.0,1.0,0
1.0,0.19397772348988532,0.0,0.0,1.0,-0.5064419972567069,-1.1067262190488116,1.3531300771601906,-0.9220687643259117,1.0,1.4430611371731132,1.0,1.0,1.0,0.0,1.0,1.0,-0.2806524287733598,0.0,0.0,0.0,0.0,0.0,1.0,0.0,0.0,0
0.0,1.8100913966108205,0.0,1.0,1.0,-0.5064419972567069,0.920066351446482,-0.816365635794451,0.9893739848491493,1.0,1.3996649324389387,1.0,1.0,1.0,0.0,0.0,1.0,-0.2806524287733598,1.0,0.0,0.0,0.0,0.0,0.0,0.0,1.0,0
1.0,1.2115307769364,0.0,1.0,0.0,-0.5064419972567069,0.49529941412694906,-1.1026693252813422,-0.2707900336049851,0.0,0.878910475628847,1.0,1.0,1.0,1.0,0.0,1.0,0.5793156974750526,0.0,1.0,0.0,0.0,0.0,1.0,0.0,0.0,0
0.0,0.9122504670991899,0.0,0.0,1.0,-0.5064419972567069,-0.6680916167780366,1.1062242933283777,-0.46548759821934127,1.0,-0.5965604853330798,1.0,0.0,0.0,0.0,0.0,0.0,1.439283823723465,0.0,0.0,0.0,1.0,0.0,0.0,1.0,0.0,0
1.0,0.8523944051317478,0.0,0.0,1.0,-0.5064419972567069,0.6297038022790447,-1.2622047064828639,0.9725301615192075,1.0,1.4864573419072875,1.0,0.0,0.0,0.0,0.0,0.0,0.5793156974750526,0.0,0.0,0.0,0.0,0.0,0.0,1.0,0.0,0
0.0,-0.04544652437988287,0.0,0.0,1.0,-0.5064419972567069,-0.5189134366911259,-0.3850791483408705,-0.7662633985239494,1.0,0.1411749951478836,1.0,1.0,0.0,1.0,0.0,1.0,-0.2806524287733598,0.0,1.0,0.0,0.0,0.0,0.0,0.0,0.0,0
1.0,-0.5841510820868613,0.0,0.0,0.0,-0.5064419972567069,0.6272029564988465,-1.2388316208612544,0.7965216705434103,0.0,-0.46637187113055684,1.0,1.0,0.0,1.0,0.0,1.0,-0.2806524287733598,0.0,0.0,1.0,0.0,0.0,0.0,0.0,1.0,0
1.0,-1.1827117017612818,1.0,0.0,1.0,0.5329961123703084,0.37516339232758156,-0.6275326961630361,-0.6647273174395245,1.0,0.6619294519579755,1.0,0.0,0.0,0.0,0.0,0.0,0.5793156974750526,0.0,1.0,0.0,0.0,0.0,0.0,1.0,0.0,0
0.0,0.014409537587559178,0.0,0.0,1.0,-0.5064419972567069,1.9114901692786708,-0.9040456187731771,-0.8218101642243757,1.0,0.748721861426324,1.0,1.0,0.0,1.0,1.0,1.0,-2.0005886812701847,1.0,0.0,0.0,0.0,0.0,0.0,0.0,1.0,1
0.0,1.031962591034074,0.0,0.0,0.0,-0.5064419972567069,0.47047088783220103,-0.8646730885564973,-1.0353860589192003,0.0,0.27136360935040654,1.0,1.0,0.0,0.0,1.0,1.0,1.439283823723465,1.0,0.0,0.0,0.0,0.0,1.0,0.0,0.0,0
0.0,1.3312429008712843,0.0,1.0,0.0,-0.5064419972567069,0.6466339419173053,-0.22929241144798354,-1.0292825386676203,0.0,-1.3342959658140432,1.0,1.0,0.0,0.0,0.0,1.0,-0.2806524287733598,0.0,0.0,0.0,0.0,0.0,1.0,0.0,1.0,0
0.0,0.19397772348988532,0.0,0.0,1.0,1.5724342219973237,-0.4460080203467393,0.4347832727713918,-0.27041152072116614,1.0,1.3562687277047645,1.0,0.0,0.0,0.0,0.0,0.0,0.5793156974750526,1.0,0.0,0.0,0.0,0.0,0.0,1.0,0.0,0
0.0,-1.0629995778263976,1.0,0.0,0.0,-0.5064419972567069,0.9331932646646053,-1.4071967318817002,0.0842077373066831,0.0,-1.421088375282392,1.0,0.0,0.0,0.0,0.0,0.0,-0.2806524287733598,1.0,0.0,0.0,0.0,0.0,0.0,1.0,1.0,0
1.0,0.014409537587559178,0.0,0.0,0.0,-0.5064419972567069,-0.4260493706205772,-0.41330909287165796,-0.631985952989188,0.0,-0.3361832569280339,0.0,1.0,1.0,0.0,0.0,1.0,-0.2806524287733598,1.0,0.0,0.0,0.0,1.0,0.0,0.0,0.0,0
1.0,-0.04544652437988287,0.0,0.0,1.0,-0.5064419972567069,0.6892615355110469,-1.2695465128685133,-0.6095590646229171,1.0,1.4864573419072875,1.0,1.0,1.0,1.0,1.0,1.0,0.5793156974750526,1.0,0.0,0.0,0.0,0.0,1.0,0.0,0.0,0
0.0,-0.7038632060217453,0.0,0.0,1.0,1.5724342219973237,1.3900700913847548,-0.746390788242671,-0.9766692478167907,1.0,0.6619294519579755,0.0,1.0,0.0,1.0,0.0,1.0,0.5793156974750526,1.0,0.0,0.0,0.0,0.0,1.0,0.0,0.0,0
0.0,0.9122504670991899,0.0,0.0,1.0,-0.5064419972567069,-1.3474373763932725,1.203189379902349,2.4750370538384043,1.0,-0.20599464272551093,1.0,1.0,0.0,1.0,0.0,1.0,-0.2806524287733598,0.0,0.0,1.0,0.0,0.0,0.0,0.0,1.0,1
0.0,-1.1228556397938396,1.0,0.0,0.0,-0.5064419972567069,-0.9020086412777691,0.6578855112720604,1.080784846291418,0.0,-1.160711146877346,1.0,1.0,0.0,0.0,1.0,1.0,-2.0005886812701847,0.0,0.0,0.0,1.0,0.0,0.0,0.0,1.0,1
1.0,0.49325803332709556,0.0,0.0,1.0,-0.5064419972567069,1.7100667532814824,-1.1749482626395622,-0.023810376913140766,1.0,-1.3776921705482175,1.0,1.0,0.0,0.0,0.0,1.0,-1.1406205550217723,0.0,0.0,0.0,0.0,0.0,0.0,0.0,1.0,1
1.0,-1.2425677637287238,1.0,0.0,1.0,-0.5064419972567069,1.0016731746121839,-1.6963922986026236,-1.001603784038362,1.0,1.269476318236416,1.0,1.0,1.0,0.0,0.0,1.0,-0.2806524287733598,1.0,0.0,0.0,0.0,1.0,0.0,0.0,0.0,0
1.0,-1.601704135533376,1.0,0.0,1.0,-0.5064419972567069,-0.7202972273226806,-0.0054879653611333646,-0.29165555632550294,1.0,1.2260801135022417,1.0,1.0,0.0,1.0,1.0,1.0,-2.0005886812701847,1.0,0.0,0.0,0.0,0.0,0.0,0.0,1.0,1
0.0,-1.2425677637287238,1.0,0.0,0.0,-0.5064419972567069,-1.3474373763932725,1.203189379902349,2.4750370538384043,0.0,-0.8135415090039514,1.0,1.0,0.0,1.0,1.0,1.0,-2.0005886812701847,1.0,0.0,0.0,0.0,0.0,0.0,0.0,1.0,1
1.0,-0.9432874538915136,0.0,0.0,1.0,1.5724342219973237,1.0884608121645774,-1.776083632202396,-0.973215317751943,1.0,0.09777879041370928,1.0,0.0,0.0,0.0,0.0,0.0,-0.2806524287733598,1.0,0.0,0.0,0.0,0.0,0.0,1.0,0.0,0
1.0,-0.28487077224965107,0.0,0.0,0.0,-0.5064419972567069,-0.8160600101916523,1.4609604650841221,-1.0204348000083532,0.0,0.22796740461623224,1.0,1.0,1.0,1.0,0.0,1.0,-0.2806524287733598,0.0,1.0,0.0,0.0,0.0,1.0,0.0,1.0,0
0.0,0.7925383431643057,0.0,0.0,1.0,1.5724342219973237,0.09917555105534052,0.30711990356802543,-0.6175078351831144,1.0,0.09777879041370928,1.0,1.0,1.0,1.0,0.0,0.0,-0.2806524287733598,1.0,0.0,0.0,0.0,0.0,1.0,0.0,0.0,0
1.0,0.2538337854573274,0.0,0.0,0.0,-0.5064419972567069,-0.9702326037105754,0.709404571791946,0.6498479280635794,0.0,-0.5965604853330798,1.0,1.0,0.0,0.0,0.0,1.0,-2.0005886812701847,0.0,0.0,0.0,1.0,0.0,0.0,0.0,1.0,1
0.0,0.13412166152244326,0.0,0.0,0.0,-0.5064419972567069,0.09838142638075525,0.35189924764968084,-1.0233209607474725,0.0,-0.5965604853330798,1.0,1.0,0.0,1.0,1.0,1.0,-2.0005886812701847,0.0,0.0,0.0,1.0,0.0,0.0,0.0,1.0,1
0.0,-0.8235753299566294,0.0,0.0,1.0,3.651310441251354,0.6358821245945511,-1.2220063210892658,-0.38789245703646297,1.0,1.269476318236416,0.0,1.0,0.0,0.0,1.0,0.0,0.5793156974750526,0.0,0.0,0.0,0.0,1.0,0.0,0.0,0.0,0
0.0,-0.9432874538915136,0.0,0.0,0.0,0.5329961123703084,0.17714331002997377,0.07599810379071224,-0.9442117680293184,0.0,1.1826839087680672,1.0,1.0,0.0,0.0,1.0,1.0,1.439283823723465,0.0,1.0,0.0,0.0,0.0,0.0,0.0,1.0,0
1.0,-0.6440071440543034,0.0,0.0,0.0,-0.5064419972567069,0.8724888218719491,-1.5123493189973454,-0.9527283079152441,0.0,0.5751370424896268,1.0,1.0,0.0,0.0,1.0,1.0,0.5793156974750526,1.0,0.0,0.0,0.0,0.0,0.0,0.0,0.0,0
1.0,-0.225014710282209,0.0,0.0,0.0,-0.5064419972567069,0.818879341230485,-1.4746603337753919,-1.0215703386598098,0.0,-1.290899761079869,1.0,0.0,0.0,0.0,0.0,0.0,1.439283823723465,0.0,0.0,0.0,0.0,0.0,0.0,1.0,1.0,0
1.0,-1.3622798876636077,1.0,0.0,1.0,-0.5064419972567069,-0.18078614831354983,0.2539048410200108,0.7266860434788198,1.0,0.4883446330212782,1.0,1.0,1.0,0.0,1.0,1.0,-2.0005886812701847,0.0,1.0,0.0,0.0,0.0,0.0,0.0,0.0,1
0.0,-1.3024238256961658,1.0,0.0,1.0,-0.5064419972567069,-0.9771670426968949,0.7289874896602713,1.3118196477523905,1.0,1.5298535466414618,1.0,1.0,1.0,1.0,0.0,1.0,-0.2806524287733598,0.0,0.0,0.0,0.0,1.0,0.0,0.0,0.0,0
0.0,-1.1827117017612818,1.0,0.0,0.0,-0.5064419972567069,-0.9334432821007075,1.0896961168714405,1.1652878476039916,0.0,-1.1173149421431716,1.0,1.0,0.0,1.0,0.0,1.0,-0.2806524287733598,0.0,0.0,0.0,1.0,0.0,0.0,0.0,1.0,0
0.0,0.7925383431643057,0.0,0.0,0.0,-0.5064419972567069,0.7874261007461266,-0.6376408867055566,-0.885542271037386,0.0,1.5298535466414618,1.0,1.0,1.0,1.0,1.0,1.0,-0.2806524287733598,1.0,0.0,0.0,0.0,0.0,0.0,0.0,0.0,0
1.0,-0.40458289618453513,0.0,0.0,1.0,1.5724342219973237,1.1785381637456995,-1.6028994947445667,0.4289856603552405,1.0,0.6185332472238011,1.0,1.0,0.0,0.0,0.0,1.0,0.5793156974750526,0.0,1.0,0.0,0.0,0.0,0.0,0.0,1.0,0
0.0,-1.0031435158589557,0.0,0.0,1.0,-0.5064419972567069,-0.9006989825094489,0.5909183452277267,0.43054702600099354,0.0,1.269476318236416,1.0,1.0,1.0,1.0,1.0,1.0,-1.1406205550217723,1.0,0.0,0.0,0.0,0.0,0.0,0.0,0.0,1
0.0,-0.6440071440543034,0.0,0.0,1.0,-0.5064419972567069,-0.7189010396947061,0.11389055389143965,-0.21349264581689628,1.0,1.0524952945655444,1.0,1.0,0.0,1.0,1.0,0.0,1.439283823723465,0.0,1.0,0.0,0.0,0.0,1.0,0.0,0.0,0
0.0,-1.42213594963105,1.0,0.0,0.0,-0.5064419972567069,0.44374317437017946,-0.5055423522420127,-0.9444483385817053,0.0,-1.0739187374089973,1.0,1.0,0.0,0.0,1.0,1.0,1.439283823723465,1.0,0.0,0.0,0.0,0.0,0.0,0.0,1.0,0
1.0,0.6728262192294217,0.0,0.0,0.0,-0.5064419972567069,-0.8010775785765444,1.026878988434023,-0.9856116146970126,0.0,1.4864573419072875,1.0,1.0,1.0,1.0,1.0,1.0,-0.2806524287733598,0.0,0.0,0.0,0.0,0.0,0.0,0.0,0.0,0
0.0,1.7502353346433785,0.0,1.0,1.0,-0.5064419972567069,1.1490827695022374,-0.19355964184063462,-0.9761014784910623,1.0,1.5298535466414618,1.0,1.0,0.0,1.0,1.0,1.0,0.5793156974750526,1.0,0.0,0.0,0.0,0.0,0.0,0.0,0.0,0
1.0,-1.1228556397938396,1.0,0.0,1.0,1.5724342219973237,0.5877284098564329,-0.5474538104132096,1.2155827470414304,1.0,1.3996649324389387,1.0,0.0,0.0,0.0,0.0,0.0,1.439283823723465,1.0,0.0,0.0,0.0,0.0,0.0,1.0,0.0,0
0.0,0.6129701572619797,0.0,0.0,0.0,-0.5064419972567069,1.603103335172859,-1.8387835722515746,-1.0294717951095298,0.0,1.3996649324389387,1.0,0.0,0.0,0.0,0.0,0.0,-0.2806524287733598,1.0,0.0,0.0,0.0,0.0,0.0,1.0,0.0,0
1.0,-0.3447268342170931,0.0,0.0,1.0,-0.5064419972567069,1.2142204011605502,-1.4881416121382764,-1.0258286086027728,1.0,-1.1173149421431716,1.0,1.0,0.0,0.0,0.0,1.0,-2.0005886812701847,0.0,0.0,0.0,1.0,0.0,1.0,0.0,1.0,1
0.0,-0.7038632060217453,0.0,0.0,1.0,2.611872331624339,0.13181310476366045,0.19445895491653312,-1.0227058773112667,1.0,-0.11920223325716231,0.0,1.0,0.0,1.0,0.0,1.0,0.5793156974750526,0.0,0.0,1.0,0.0,0.0,1.0,0.0,1.0,0
0.0,-0.7637192679891874,0.0,0.0,1.0,-0.5064419972567069,0.6880566009233363,-1.1911613222887725,0.8122772693323728,1.0,0.05438258567953497,1.0,1.0,0.0,1.0,1.0,1.0,0.5793156974750526,0.0,0.0,1.0,0.0,0.0,1.0,0.0,0.0,0
0.0,0.5531140952945376,0.0,0.0,1.0,-0.5064419972567069,1.0174950170340302,-0.04519821959429571,-0.9919043913905021,1.0,1.3562687277047645,1.0,1.0,1.0,1.0,1.0,1.0,-0.2806524287733598,1.0,0.0,0.0,0.0,0.0,1.0,0.0,0.0,0
0.0,0.014409537587559178,0.0,0.0,1.0,2.611872331624339,1.9499906597392744,-0.34421592646126625,-1.0331622957267643,1.0,-0.42297566639638257,1.0,1.0,1.0,0.0,0.0,1.0,-0.2806524287733598,1.0,0.0,0.0,0.0,0.0,0.0,0.0,0.0,0
1.0,0.5531140952945376,0.0,0.0,0.0,-0.5064419972567069,-0.8772921172920146,1.057057305262086,0.3750002603005672,0.0,0.6185332472238011,1.0,0.0,0.0,0.0,0.0,0.0,1.439283823723465,0.0,1.0,0.0,0.0,0.0,0.0,1.0,0.0,0
1.0,-0.28487077224965107,0.0,0.0,1.0,2.611872331624339,1.6395780799004305,-2.053512838824471,-1.0229897619741308,1.0,0.1411749951478836,1.0,0.0,0.0,0.0,0.0,0.0,1.439283823723465,1.0,0.0,0.0,0.0,0.0,0.0,1.0,0.0,0
0.0,1.7502353346433785,0.0,1.0,1.0,-0.5064419972567069,1.0109774530678233,-0.9699880784778793,0.7866330214536411,1.0,1.2260801135022417,1.0,1.0,0.0,1.0,0.0,1.0,1.439283823723465,0.0,1.0,0.0,0.0,0.0,0.0,0.0,1.0,0
1.0,0.7326822811968637,0.0,0.0,0.0,-0.5064419972567069,-1.1551128338951566,1.1351453725267753,0.9613167173360719,0.0,-0.075806028522988,0.0,1.0,0.0,1.0,0.0,0.0,1.439283823723465,0.0,0.0,1.0,0.0,1.0,0.0,0.0,1.0,0
1.0,-0.16515864831476695,0.0,0.0,0.0,-0.5064419972567069,-0.9348338089621625,1.2226546480108358,-0.4342602853042805,0.0,-1.4644845800165662,1.0,1.0,0.0,0.0,0.0,1.0,-0.2806524287733598,1.0,0.0,0.0,0.0,0.0,0.0,0.0,1.0,1
1.0,0.7925383431643057,0.0,0.0,1.0,0.5329961123703084,-1.4602325970383179,1.2459599120061853,2.328079426695709,1.0,1.4864573419072875,1.0,0.0,0.0,0.0,0.0,0.0,0.5793156974750526,1.0,0.0,0.0,0.0,0.0,0.0,1.0,0.0,0
0.0,0.49325803332709556,0.0,0.0,1.0,-0.5064419972567069,0.2304155707230634,0.28590142335211477,-1.0132430552157936,1.0,0.5751370424896268,1.0,0.0,0.0,0.0,0.0,0.0,0.5793156974750526,0.0,1.0,0.0,0.0,0.0,0.0,1.0,0.0,0
1.0,0.9721065290666319,0.0,0.0,0.0,-0.5064419972567069,-0.8774360624977934,1.1552934706139437,-0.1823126470123129,0.0,-1.3776921705482175,1.0,0.0,0.0,0.0,0.0,0.0,-0.2806524287733598,1.0,0.0,0.0,0.0,0.0,0.0,1.0,1.0,0
0.0,0.37354590939221144,0.0,0.0,0.0,-0.5064419972567069,0.2823486557938412,0.07670677057939825,1.17986059363102,0.0,1.5298535466414618,1.0,1.0,1.0,1.0,0.0,1.0,1.439283823723465,0.0,0.0,0.0,0.0,0.0,1.0,0.0,0.0,0
1.0,1.3312429008712843,0.0,1.0,1.0,-0.5064419972567069,-0.8945093386609034,0.6926729304562219,3.7517136968491394,1.0,1.2260801135022417,1.0,1.0,0.0,1.0,0.0,1.0,1.439283823723465,1.0,0.0,0.0,0.0,0.0,0.0,0.0,0.0,0
1.0,0.13412166152244326,0.0,0.0,1.0,3.651310441251354,-0.6097994692035954,2.3335064486528827,-0.7775241568175622,1.0,0.1411749951478836,1.0,0.0,0.0,0.0,0.0,0.0,-0.2806524287733598,1.0,0.0,0.0,0.0,0.0,0.0,1.0,1.0,0
1.0,-0.5242950201194192,0.0,0.0,0.0,-0.5064419972567069,0.7255757570737458,-1.0515253598781211,0.6749244066165827,0.0,-1.4644845800165662,1.0,0.0,0.0,0.0,0.0,0.0,-0.2806524287733598,0.0,0.0,0.0,0.0,0.0,0.0,1.0,1.0,1
0.0,-1.0629995778263976,1.0,0.0,0.0,-0.5064419972567069,-0.5906034055956951,-0.23798649801438107,-0.9743508564033998,0.0,-1.1173149421431716,1.0,1.0,0.0,0.0,0.0,1.0,-0.2806524287733598,0.0,0.0,0.0,1.0,1.0,0.0,0.0,0.0,0
0.0,-1.1827117017612818,1.0,0.0,0.0,-0.5064419972567069,0.4576553167726455,-1.0115119844990155,0.6826366066243932,0.0,0.09777879041370928,0.0,1.0,1.0,0.0,0.0,1.0,-2.0005886812701847,1.0,0.0,0.0,0.0,1.0,0.0,0.0,1.0,1
1.0,-1.1827117017612818,1.0,0.0,0.0,-0.5064419972567069,-0.8547210238171256,0.9684564245553522,1.2730220771609513,0.0,-0.46637187113055684,1.0,1.0,0.0,1.0,0.0,1.0,0.5793156974750526,1.0,0.0,0.0,0.0,1.0,0.0,0.0,1.0,0
0.0,-0.10530258634732491,0.0,0.0,0.0,1.5724342219973237,1.7068336469179461,-2.001764015244188,-0.9839556208303049,0.0,-0.6833528948014285,1.0,0.0,0.0,0.0,0.0,0.0,-0.2806524287733598,0.0,0.0,0.0,1.0,0.0,0.0,1.0,0.0,0
0.0,0.07426559955500123,0.0,0.0,1.0,0.5329961123703084,-0.8352156397529837,0.5382393964873018,0.19241510796841643,0.0,1.5298535466414618,1.0,0.0,0.0,0.0,0.0,0.0,0.5793156974750526,1.0,0.0,0.0,0.0,0.0,0.0,1.0,0.0,0
0.0,1.3312429008712843,0.0,1.0,0.0,-0.5064419972567069,1.2289476939418151,-0.9305657201276212,-0.6257878045166533,0.0,0.5751370424896268,1.0,1.0,1.0,0.0,0.0,0.0,-0.2806524287733598,0.0,1.0,0.0,0.0,0.0,1.0,0.0,1.0,0
1.0,-0.7637192679891874,0.0,0.0,0.0,2.611872331624339,-0.9064867119351144,0.6064914824577297,-0.18278578811708654,0.0,-1.0739187374089973,1.0,1.0,1.0,0.0,0.0,0.0,-2.0005886812701847,1.0,0.0,0.0,0.0,0.0,0.0,0.0,1.0,1
1.0,-1.1827117017612818,1.0,0.0,1.0,-0.5064419972567069,-0.8565498557433742,1.0063414927103695,1.421730326391309,1.0,0.6185332472238011,1.0,1.0,1.0,1.0,0.0,1.0,-0.2806524287733598,0.0,1.0,0.0,0.0,0.0,0.0,0.0,0.0,0
0.0,-0.7038632060217453,0.0,0.0,0.0,-0.5064419972567069,0.6308286774545498,-1.2268876326936236,0.3348305805052845,0.0,-1.4644845800165662,1.0,1.0,0.0,0.0,0.0,1.0,1.439283823723465,1.0,0.0,0.0,0.0,1.0,0.0,0.0,1.0,0
0.0,0.7326822811968637,0.0,0.0,1.0,2.611872331624339,0.929149051326928,-0.7750138213828048,0.40968150328047565,0.0,1.269476318236416,1.0,1.0,1.0,1.0,0.0,1.0,0.5793156974750526,0.0,0.0,0.0,0.0,0.0,1.0,0.0,0.0,0
0.0,1.031962591034074,0.0,0.0,1.0,0.5329961123703084,-0.8895630417443054,0.6312085435711652,-0.318246086413782,1.0,-0.5965604853330798,1.0,0.0,0.0,0.0,0.0,0.0,1.439283823723465,0.0,0.0,0.0,1.0,0.0,0.0,1.0,0.0,0
0.0,1.7502353346433785,0.0,1.0,1.0,-0.5064419972567069,0.7749344063995747,-1.2935327613561132,-0.2598604740847138,1.0,-0.24939084745968526,1.0,1.0,1.0,0.0,0.0,1.0,0.5793156974750526,0.0,0.0,1.0,0.0,0.0,0.0,0.0,0.0,0
0.0,0.2538337854573274,0.0,0.0,1.0,-0.5064419972567069,-0.9771670426968949,0.7289874896602713,1.3118196477523905,1.0,1.0958914992997186,1.0,1.0,1.0,1.0,1.0,1.0,0.5793156974750526,1.0,0.0,0.0,0.0,0.0,1.0,0.0,0.0,0
1.0,-1.3024238256961658,1.0,0.0,0.0,-0.5064419972567069,-0.8379554507483956,0.6126447955831859,0.3532357694809794,0.0,-0.9437301232064743,1.0,1.0,0.0,1.0,1.0,1.0,-2.0005886812701847,0.0,0.0,0.0,1.0,0.0,1.0,0.0,1.0,1
1.0,0.8523944051317478,0.0,0.0,0.0,-0.5064419972567069,1.1282806655646758,-0.562069601558235,-1.035717257692542,0.0,0.1411749951478836,1.0,1.0,0.0,1.0,0.0,1.0,1.439283823723465,1.0,0.0,0.0,0.0,1.0,0.0,0.0,0.0,0
0.0,0.07426559955500123,0.0,0.0,1.0,-0.5064419972567069,-0.7005290219558502,1.106249668766776,1.9547237809188236,1.0,0.22796740461623224,0.0,1.0,1.0,1.0,0.0,1.0,0.5793156974750526,0.0,1.0,0.0,0.0,1.0,0.0,0.0,0.0,0
1.0,-1.0031435158589557,0.0,0.0,0.0,-0.5064419972567069,-0.885632852417948,0.7015206537678217,-0.8946738943595175,0.0,-0.6833528948014285,1.0,1.0,0.0,1.0,1.0,0.0,-0.2806524287733598,0.0,0.0,0.0,1.0,0.0,0.0,0.0,1.0,0
1.0,1.2115307769364,0.0,1.0,0.0,-0.5064419972567069,0.45581799369662196,-0.9919507510962338,-0.17620912676073283,0.0,-1.160711146877346,0.0,1.0,0.0,0.0,0.0,1.0,-2.0005886812701847,0.0,0.0,0.0,1.0,0.0,1.0,0.0,1.0,1
0.0,1.3910989628387262,0.0,1.0,1.0,-0.5064419972567069,0.16290041712658496,0.11021665178317563,-0.4416412865387494,1.0,-0.42297566639638257,1.0,1.0,0.0,1.0,1.0,1.0,-2.0005886812701847,1.0,0.0,0.0,0.0,0.0,0.0,0.0,1.0,1
1.0,-1.0031435158589557,0.0,0.0,0.0,-0.5064419972567069,1.9188596786060552,-1.9632468679872859,-0.28389604220721515,0.0,1.4430611371731132,1.0,1.0,1.0,1.0,1.0,1.0,-2.0005886812701847,0.0,0.0,0.0,0.0,0.0,0.0,0.0,0.0,1
0.0,0.8523944051317478,0.0,0.0,1.0,-0.5064419972567069,-0.15222151611596935,-0.5743370112225281,-0.972694862536692,1.0,1.5298535466414618,1.0,0.0,0.0,0.0,0.0,0.0,-0.2806524287733598,0.0,0.0,0.0,0.0,0.0,0.0,1.0,0.0,0
0.0,1.2115307769364,0.0,1.0,1.0,-0.5064419972567069,1.0884608121645774,-1.776083632202396,-0.973215317751943,0.0,0.748721861426324,1.0,1.0,0.0,1.0,0.0,0.0,1.439283823723465,1.0,0.0,0.0,0.0,0.0,0.0,0.0,1.0,0
0.0,0.37354590939221144,0.0,0.0,0.0,-0.5064419972567069,-0.7774592432955618,0.699059236243318,0.2286104024836005,0.0,1.3128725229705902,1.0,1.0,1.0,1.0,1.0,1.0,-2.0005886812701847,1.0,0.0,0.0,0.0,0.0,0.0,0.0,0.0,1
0.0,0.9721065290666319,0.0,0.0,1.0,-0.5064419972567069,0.3498917088824526,-0.851877408401937,-0.7688656746002045,1.0,-0.5097680758647312,1.0,1.0,0.0,0.0,1.0,0.0,-0.2806524287733598,1.0,0.0,0.0,0.0,0.0,0.0,0.0,0.0,1
1.0,0.3136898474247694,0.0,0.0,1.0,-0.5064419972567069,-1.0269029416771966,0.8045490860038396,0.9813779001784746,1.0,-0.8569377137381258,1.0,1.0,0.0,1.0,0.0,1.0,1.439283823723465,1.0,0.0,0.0,0.0,0.0,1.0,0.0,0.0,0
0.0,-0.6440071440543034,0.0,0.0,1.0,-0.5064419972567069,-0.7830674455544672,0.6676444435079144,-0.14994979544579534,1.0,0.878910475628847,1.0,1.0,1.0,1.0,0.0,1.0,0.5793156974750526,1.0,0.0,0.0,0.0,0.0,0.0,0.0,1.0,0
1.0,0.9721065290666319,0.0,0.0,0.0,-0.5064419972567069,0.8894399872144263,-1.0448004073313306,0.5035526984675675,0.0,-1.160711146877346,1.0,0.0,0.0,0.0,0.0,0.0,-0.2806524287733598,1.0,0.0,0.0,0.0,0.0,0.0,1.0,1.0,0
0.0,-0.10530258634732491,0.0,0.0,0.0,-0.5064419972567069,0.9325717933688639,-1.5009949637437308,-0.804729770342047,0.0,-1.2041073516115204,1.0,1.0,0.0,0.0,1.0,1.0,-1.1406205550217723,1.0,0.0,0.0,0.0,0.0,0.0,0.0,1.0,1
1.0,-1.1827117017612818,1.0,0.0,1.0,1.5724342219973237,-1.0451116058679215,0.8697468919344917,0.32011589214682407,1.0,-0.5965604853330798,1.0,0.0,0.0,0.0,0.0,0.0,1.439283823723465,1.0,0.0,0.0,0.0,0.0,0.0,1.0,0.0,0
0.0,-0.10530258634732491,0.0,0.0,0.0,-0.5064419972567069,-0.8822772308933142,-0.018812377377560304,0.18214794599482825,0.0,-1.2041073516115204,1.0,1.0,1.0,1.0,1.0,1.0,-0.2806524287733598,0.0,0.0,0.0,0.0,1.0,0.0,0.0,1.0,0
0.0,0.7925383431643057,0.0,0.0,0.0,-0.5064419972567069,-0.9142981653914829,0.6697150792811019,1.1916418071398838,0.0,-1.3342959658140432,1.0,1.0,0.0,0.0,0.0,1.0,1.439283823723465,1.0,0.0,0.0,0.0,0.0,1.0,0.0,1.0,0
1.0,-0.40458289618453513,0.0,0.0,1.0,0.5329961123703084,-1.4038190152674013,1.1964002967021532,0.39179676952003173,1.0,0.010986380945360646,1.0,0.0,0.0,0.0,0.0,0.0,0.5793156974750526,1.0,0.0,0.0,0.0,0.0,0.0,1.0,0.0,0
1.0,-1.0031435158589557,0.0,0.0,0.0,-0.5064419972567069,0.7096742595801615,-0.7195334242433571,0.40476083579082967,0.0,-1.030522532674823,1.0,1.0,1.0,1.0,1.0,1.0,-0.2806524287733598,1.0,0.0,0.0,0.0,0.0,1.0,0.0,0.0,0
0.0,-0.28487077224965107,0.0,0.0,0.0,-0.5064419972567069,1.1982865564297103,-1.7497776072737043,-1.0301815067666904,0.0,0.1411749951478836,1.0,1.0,0.0,1.0,1.0,1.0,0.5793156974750526,1.0,0.0,0.0,0.0,0.0,0.0,0.0,1.0,0
1.0,-1.601704135533376,1.0,0.0,1.0,1.5724342219973237,0.2390502613675469,-0.8041738910737407,-0.8762213912733452,1.0,-1.290899761079869,0.0,1.0,0.0,0.0,1.0,1.0,-0.2806524287733598,1.0,0.0,0.0,0.0,0.0,1.0,0.0,1.0,0
0.0,0.19397772348988532,0.0,0.0,1.0,-0.5064419972567069,-1.1551128338951566,1.1351453725267753,0.9613167173360719,1.0,-1.421088375282392,1.0,1.0,0.0,0.0,0.0,1.0,-1.1406205550217723,1.0,0.0,0.0,0.0,1.0,0.0,0.0,1.0,1
1.0,0.9721065290666319,0.0,0.0,0.0,-0.5064419972567069,-0.8793267585152892,0.7011012669768582,-0.576723071951626,0.0,-1.2041073516115204,1.0,0.0,0.0,0.0,0.0,0.0,0.5793156974750526,0.0,0.0,0.0,0.0,0.0,0.0,1.0,1.0,0
0.0,1.271386838903842,0.0,1.0,1.0,-0.5064419972567069,-0.9750644722753862,0.8471858203415797,1.0960199898651295,1.0,-0.075806028522988,1.0,1.0,1.0,0.0,0.0,1.0,-0.2806524287733598,0.0,0.0,1.0,0.0,0.0,0.0,0.0,0.0,0
0.0,1.6305232107084944,0.0,1.0,1.0,-0.5064419972567069,0.636888528013614,-1.2282888182647378,1.6280198480726196,1.0,0.31475981408458087,1.0,0.0,0.0,0.0,0.0,0.0,1.439283823723465,1.0,0.0,0.0,0.0,0.0,0.0,1.0,0.0,0
1.0,0.13412166152244326,0.0,0.0,0.0,-0.5064419972567069,-0.9507086199850135,0.780923630113077,1.40214228465368,0.0,-1.030522532674823,1.0,1.0,0.0,0.0,1.0,1.0,1.439283823723465,1.0,0.0,0.0,0.0,0.0,0.0,0.0,1.0,0
0.0,-0.7038632060217453,0.0,0.0,0.0,-0.5064419972567069,-1.0563227539596802,0.942195152672559,1.2468100599564913,0.0,-0.9437301232064743,1.0,0.0,0.0,0.0,0.0,0.0,1.439283823723465,1.0,0.0,0.0,0.0,0.0,0.0,1.0,1.0,0
0.0,-0.40458289618453513,0.0,0.0,1.0,-0.5064419972567069,0.10864560910190453,-0.29881926716915264,-0.9536272760143141,1.0,1.5298535466414618,1.0,1.0,1.0,0.0,0.0,1.0,0.5793156974750526,0.0,0.0,0.0,0.0,0.0,1.0,0.0,0.0,0
1.0,-0.16515864831476695,0.0,0.0,1.0,-0.5064419972567069,0.765339002808652,-1.3261521953579611,0.1334144122031425,1.0,-0.5531642805989055,1.0,0.0,0.0,0.0,0.0,0.0,1.439283823723465,1.0,0.0,0.0,0.0,0.0,0.0,1.0,0.0,0
1.0,0.014409537587559178,0.0,0.0,0.0,-0.5064419972567069,-0.8287571094947656,0.6627451384108747,-0.16002770097747407,0.0,-0.3361832569280339,1.0,0.0,0.0,0.0,0.0,0.0,0.5793156974750526,1.0,0.0,0.0,0.0,0.0,0.0,1.0,1.0,0
1.0,-0.225014710282209,0.0,0.0,0.0,-0.5064419972567069,-0.8296632364783414,0.7357438154763521,0.28245386020684166,0.0,-0.8135415090039514,1.0,1.0,0.0,0.0,0.0,1.0,0.5793156974750526,0.0,0.0,0.0,1.0,0.0,0.0,0.0,1.0,0
1.0,0.6129701572619797,0.0,0.0,1.0,-0.5064419972567069,-0.9068061409029982,0.7816281445572955,0.48387002850898364,1.0,0.010986380945360646,1.0,0.0,0.0,0.0,0.0,0.0,0.5793156974750526,1.0,0.0,0.0,0.0,0.0,0.0,1.0,1.0,0
1.0,-0.8235753299566294,0.0,0.0,1.0,0.5329961123703084,-0.7476172995669138,0.5794352672957024,0.41734638917780875,0.0,0.9657028850971957,1.0,1.0,1.0,1.0,0.0,1.0,0.5793156974750526,1.0,0.0,0.0,0.0,0.0,1.0,0.0,0.0,0
0.0,0.37354590939221144,0.0,0.0,1.0,-0.5064419972567069,0.8042244253925769,-0.267559956665382,-1.0317428724124433,1.0,-1.2041073516115204,0.0,1.0,0.0,0.0,0.0,1.0,-1.1406205550217723,0.0,0.0,0.0,0.0,0.0,1.0,0.0,0.0,1
0.0,-1.541848073565934,1.0,0.0,0.0,-0.5064419972567069,0.4747750920893085,-1.0173700197958508,-0.42063382148679945,0.0,-0.5531642805989055,1.0,1.0,0.0,1.0,1.0,1.0,1.439283823723465,1.0,0.0,0.0,0.0,0.0,0.0,0.0,1.0,0
1.0,-1.601704135533376,1.0,0.0,0.0,-0.5064419972567069,-0.8388668341580263,0.9179985187320681,0.6438863501434314,0.0,-1.4644845800165662,1.0,1.0,0.0,0.0,0.0,1.0,1.439283823723465,1.0,0.0,0.0,0.0,1.0,0.0,0.0,1.0,0
0.0,-1.3622798876636077,1.0,0.0,1.0,2.611872331624339,-0.900442630654212,0.900662480590888,1.164436193615399,0.0,0.010986380945360646,1.0,0.0,0.0,0.0,0.0,0.0,-0.2806524287733598,1.0,0.0,0.0,0.0,0.0,0.0,1.0,0.0,0
1.0,0.19397772348988532,0.0,0.0,0.0,-0.5064419972567069,-0.8507993256405487,0.5305058856071307,-0.7792747789052247,0.0,1.2260801135022417,1.0,1.0,1.0,1.0,1.0,1.0,0.5793156974750526,1.0,0.0,0.0,0.0,0.0,0.0,0.0,1.0,0
1.0,0.37354590939221144,0.0,0.0,1.0,2.611872331624339,0.6399550461052905,-1.2230910057378348,0.23230090310083495,0.0,-0.2927870521938596,1.0,1.0,0.0,1.0,1.0,1.0,-0.2806524287733598,0.0,0.0,1.0,0.0,0.0,0.0,0.0,0.0,0
1.0,-0.5841510820868613,0.0,0.0,1.0,4.69074855087837,-0.8355928894074596,0.8117986180680359,0.9058645798566004,1.0,-0.42297566639638257,1.0,1.0,0.0,0.0,0.0,1.0,-0.2806524287733598,0.0,0.0,1.0,0.0,0.0,1.0,0.0,1.0,0
1.0,-1.481992011598492,1.0,0.0,1.0,1.5724342219973237,-0.8066514118958708,0.5201314836472494,1.2926574330090577,1.0,1.4864573419072875,1.0,0.0,0.0,0.0,0.0,0.0,-0.2806524287733598,1.0,0.0,0.0,0.0,0.0,0.0,1.0,0.0,0
0.0,-0.6440071440543034,0.0,0.0,1.0,-0.5064419972567069,0.6967567947232575,-1.260295089400595,-0.732102610759292,1.0,-0.5531642805989055,1.0,1.0,1.0,0.0,1.0,1.0,-0.2806524287733598,1.0,0.0,0.0,0.0,0.0,0.0,0.0,1.0,0
0.0,0.9721065290666319,0.0,0.0,0.0,-0.5064419972567069,0.12393938287558016,-0.7551287051117549,-0.6102687762800776,0.0,-0.46637187113055684,1.0,0.0,0.0,0.0,0.0,0.0,-0.2806524287733598,0.0,0.0,1.0,0.0,0.0,0.0,1.0,0.0,0
0.0,-0.8834313919240715,0.0,0.0,0.0,-0.5064419972567069,0.49529941412694906,-1.1026693252813422,-0.2707900336049851,0.0,-0.16259843799133664,1.0,1.0,0.0,0.0,0.0,1.0,0.5793156974750526,0.0,0.0,1.0,0.0,0.0,0.0,0.0,0.0,0
0.0,0.8523944051317478,0.0,0.0,0.0,1.5724342219973237,-0.9750644722753862,0.8471858203415797,1.0960199898651295,0.0,-0.6833528948014285,1.0,1.0,1.0,0.0,0.0,1.0,-0.2806524287733598,0.0,0.0,0.0,1.0,0.0,0.0,0.0,1.0,0
1.0,1.5706671487410524,0.0,1.0,1.0,-0.5064419972567069,-1.1551128338951566,1.1351453725267753,0.9613167173360719,1.0,-0.42297566639638257,1.0,1.0,1.0,0.0,0.0,1.0,-2.0005886812701847,0.0,0.0,1.0,0.0,0.0,0.0,0.0,1.0,1
1.0,0.19397772348988532,0.0,0.0,1.0,-0.5064419972567069,0.7978649585484459,-0.552643318251184,-1.0228005055322213,1.0,-0.9871263279406487,1.0,1.0,0.0,0.0,1.0,1.0,0.5793156974750526,1.0,0.0,0.0,0.0,0.0,0.0,0.0,1.0,0
1.0,1.7502353346433785,0.0,1.0,0.0,-0.5064419972567069,0.385081459610111,-1.0994235760245699,-0.5394395528954625,0.0,0.5317408377554524,1.0,1.0,0.0,1.0,0.0,1.0,-1.1406205550217723,0.0,1.0,0.0,0.0,0.0,0.0,0.0,1.0,1
0.0,-1.3024238256961658,1.0,0.0,1.0,1.5724342219973237,-0.8774360624977934,1.1552934706139437,-0.1823126470123129,1.0,0.3581560188187552,1.0,1.0,0.0,1.0,1.0,0.0,0.5793156974750526,1.0,0.0,0.0,0.0,0.0,0.0,0.0,0.0,0
1.0,0.9721065290666319,0.0,0.0,1.0,0.5329961123703084,1.9986295830362009,-1.9688414600964033,-0.925096867396463,1.0,1.1826839087680672,1.0,1.0,1.0,1.0,1.0,0.0,-0.2806524287733598,0.0,1.0,0.0,0.0,0.0,0.0,0.0,0.0,0
1.0,-0.5242950201194192,0.0,0.0,1.0,-0.5064419972567069,0.2390502613675469,-0.8041738910737407,-0.8762213912733452,1.0,-1.290899761079869,1.0,1.0,1.0,1.0,1.0,1.0,-0.2806524287733598,1.0,0.0,0.0,0.0,0.0,1.0,0.0,1.0,0
1.0,0.3136898474247694,0.0,0.0,0.0,-0.5064419972567069,-1.003093757696415,0.9111946716404393,-0.20947094642632028,0.0,-0.24939084745968526,1.0,0.0,0.0,0.0,0.0,0.0,1.439283823723465,1.0,0.0,0.0,0.0,0.0,0.0,1.0,0.0,0
1.0,-0.6440071440543034,0.0,0.0,0.0,-0.5064419972567069,0.9272381382861508,-0.8005576604163709,1.0769524033427516,0.0,0.5751370424896268,1.0,0.0,0.0,0.0,0.0,0.0,1.439283823723465,1.0,0.0,0.0,0.0,0.0,0.0,1.0,0.0,0
0.0,0.37354590939221144,0.0,0.0,1.0,-0.5064419972567069,-0.9853824322784723,0.9803002950842207,-0.949227063739919,1.0,0.8355142708946727,1.0,1.0,0.0,0.0,1.0,1.0,-0.2806524287733598,1.0,0.0,0.0,0.0,0.0,0.0,0.0,0.0,0
0.0,-1.42213594963105,1.0,0.0,1.0,-0.5064419972567069,-1.3174599786086236,1.2111457332688071,1.1971775580657356,1.0,-1.4644845800165662,1.0,1.0,0.0,1.0,0.0,1.0,-2.0005886812701847,1.0,0.0,0.0,0.0,1.0,0.0,0.0,1.0,1
0.0,1.031962591034074,0.0,0.0,0.0,-0.5064419972567069,0.2075626519436039,-0.010967214568442685,-0.7131769665683461,0.0,-0.8135415090039514,1.0,0.0,0.0,0.0,0.0,0.0,-0.2806524287733598,1.0,0.0,0.0,0.0,0.0,0.0,1.0,0.0,0
0.0,-1.1228556397938396,1.0,0.0,1.0,-0.5064419972567069,2.112779344241258,-1.7125559914898683,-1.0276265448009125,0.0,1.269476318236416,1.0,1.0,0.0,1.0,1.0,1.0,-2.0005886812701847,0.0,0.0,0.0,0.0,0.0,0.0,0.0,1.0,1
1.0,-0.9432874538915136,0.0,0.0,1.0,1.5724342219973237,0.8629726690122996,-0.7759970042777868,1.1896546144998346,1.0,0.6619294519579755,1.0,1.0,1.0,1.0,1.0,1.0,-0.2806524287733598,1.0,0.0,0.0,0.0,0.0,0.0,0.0,0.0,0
1.0,1.271386838903842,0.0,1.0,1.0,-0.5064419972567069,-0.8794755558066552,0.7265579067766639,1.596697906936604,1.0,0.7921180661604984,1.0,1.0,0.0,1.0,0.0,1.0,0.5793156974750526,1.0,0.0,0.0,0.0,0.0,0.0,0.0,0.0,0
0.0,0.6728262192294217,0.0,0.0,0.0,-0.5064419972567069,-1.39673254426599,1.181404335352777,0.10635074101008983,0.0,-1.421088375282392,1.0,1.0,0.0,0.0,0.0,1.0,1.439283823723465,0.0,0.0,0.0,0.0,0.0,1.0,0.0,1.0,0
1.0,1.3910989628387262,0.0,1.0,0.0,-0.5064419972567069,1.0010347210168837,-0.6974097329340839,1.0312942867320944,0.0,-0.20599464272551093,1.0,1.0,0.0,0.0,0.0,1.0,-2.0005886812701847,0.0,0.0,1.0,0.0,0.0,0.0,0.0,1.0,1
0.0,0.9721065290666319,0.0,0.0,1.0,-0.5064419972567069,-0.9510494789975757,0.6594020397449828,0.4616323965846222,1.0,0.31475981408458087,0.0,1.0,0.0,1.0,1.0,1.0,-0.2806524287733598,1.0,0.0,0.0,0.0,1.0,0.0,0.0,0.0,0
0.0,-0.5841510820868613,0.0,0.0,0.0,-0.5064419972567069,1.3998793910820195,-0.9583587457463693,0.516989905843139,0.0,-0.24939084745968526,1.0,1.0,0.0,0.0,1.0,1.0,-2.0005886812701847,1.0,0.0,0.0,0.0,0.0,1.0,0.0,0.0,1
0.0,0.7925383431643057,0.0,0.0,0.0,-0.5064419972567069,-1.0542824519698861,0.966180478416947,1.1568186218285434,0.0,0.9657028850971957,1.0,1.0,0.0,1.0,0.0,1.0,-0.2806524287733598,1.0,0.0,0.0,0.0,1.0,0.0,0.0,1.0,0
1.0,-1.1228556397938396,1.0,0.0,1.0,1.5724342219973237,-1.471889732663716,1.218485232796413,0.2243048184301603,1.0,-0.7267490995356027,1.0,1.0,0.0,1.0,1.0,1.0,-0.2806524287733598,1.0,0.0,0.0,0.0,0.0,0.0,0.0,1.0,0
0.0,1.6305232107084944,0.0,1.0,1.0,-0.5064419972567069,-1.416546440105441,1.2191989746727787,1.193203172785637,1.0,0.5317408377554524,1.0,1.0,0.0,0.0,0.0,1.0,-0.2806524287733598,1.0,0.0,0.0,0.0,0.0,1.0,0.0,0.0,0
0.0,0.9721065290666319,0.0,0.0,1.0,-0.5064419972567069,-1.387503068796501,1.1661809178010467,1.1433341003424944,1.0,0.6619294519579755,1.0,1.0,0.0,1.0,1.0,0.0,-0.2806524287733598,1.0,0.0,0.0,0.0,0.0,0.0,0.0,0.0,1
0.0,-0.3447268342170931,0.0,0.0,0.0,1.5724342219973237,-1.230981257172007,1.1613895736600985,1.8979941624564631,0.0,0.27136360935040654,0.0,1.0,1.0,1.0,0.0,1.0,-0.2806524287733598,1.0,0.0,0.0,0.0,0.0,1.0,0.0,1.0,0
1.0,0.37354590939221144,0.0,0.0,1.0,-0.5064419972567069,-0.6097994692035954,2.3335064486528827,-0.7775241568175622,0.0,1.5298535466414618,0.0,1.0,1.0,1.0,1.0,1.0,0.5793156974750526,0.0,0.0,0.0,0.0,0.0,1.0,0.0,0.0,0
0.0,-0.46443895815197717,0.0,0.0,0.0,-0.5064419972567069,-0.6424976739817685,-0.1257463202686639,-0.7670204242915872,0.0,-1.3776921705482175,1.0,1.0,0.0,0.0,0.0,1.0,1.439283823723465,0.0,0.0,0.0,0.0,0.0,1.0,0.0,1.0,0
1.0,0.8523944051317478,0.0,0.0,1.0,-0.5064419972567069,1.6864811695782174,-1.6850730075911675,-1.0246457558408386,1.0,0.27136360935040654,0.0,1.0,1.0,0.0,0.0,1.0,-0.2806524287733598,0.0,1.0,0.0,0.0,1.0,0.0,0.0,0.0,0
0.0,1.031962591034074,0.0,0.0,0.0,-0.5064419972567069,0.5531928820022363,-0.9701910819850535,-0.9998058478402221,0.0,-0.5531642805989055,1.0,1.0,0.0,0.0,1.0,1.0,-2.0005886812701847,1.0,0.0,0.0,0.0,0.0,0.0,0.0,1.0,1
1.0,0.37354590939221144,0.0,0.0,1.0,1.5724342219973237,-0.7773626059242654,0.4956571039992069,1.2824848992564244,1.0,1.3128725229705902,1.0,1.0,1.0,1.0,1.0,1.0,-0.2806524287733598,1.0,0.0,0.0,0.0,0.0,0.0,0.0,0.0,0
0.0,-1.1827117017612818,1.0,0.0,1.0,-0.5064419972567069,1.3134880071859862,-0.49891382636112297,-1.0316009300810112,1.0,-0.075806028522988,1.0,1.0,1.0,1.0,0.0,1.0,-0.2806524287733598,1.0,0.0,0.0,0.0,0.0,1.0,0.0,1.0,0
1.0,-1.3622798876636077,1.0,0.0,1.0,-0.5064419972567069,-0.8652516669051568,0.5590481787160023,0.029654567926281468,1.0,0.4883446330212782,1.0,0.0,0.0,0.0,0.0,0.0,1.439283823723465,1.0,0.0,0.0,0.0,0.0,0.0,1.0,0.0,0
1.0,0.9122504670991899,0.0,0.0,1.0,-0.5064419972567069,1.5415813159586071,-1.1146774441023783,-0.8783505262448266,1.0,-1.160711146877346,1.0,1.0,0.0,1.0,1.0,1.0,1.439283823723465,0.0,0.0,0.0,1.0,1.0,0.0,0.0,1.0,0
0.0,0.014409537587559178,0.0,0.0,0.0,-0.5064419972567069,-0.9204659748548825,0.9386010678523388,2.1212221356886705,0.0,1.4864573419072875,1.0,1.0,1.0,0.0,1.0,1.0,-0.2806524287733598,1.0,0.0,0.0,0.0,0.0,0.0,0.0,0.0,0
0.0,1.031962591034074,0.0,0.0,0.0,-0.5064419972567069,-0.9389208823892021,0.9078930964191904,0.8297361760985205,0.0,-0.075806028522988,1.0,1.0,1.0,0.0,0.0,1.0,-0.2806524287733598,1.0,0.0,0.0,0.0,0.0,1.0,0.0,0.0,0
1.0,0.2538337854573274,0.0,0.0,0.0,1.5724342219973237,-0.7501343189657383,0.5280084810972632,-0.5670236793037662,0.0,-0.46637187113055684,0.0,1.0,1.0,0.0,1.0,1.0,0.5793156974750526,1.0,0.0,0.0,0.0,0.0,1.0,0.0,1.0,0
1.0,-1.42213594963105,1.0,0.0,0.0,-0.5064419972567069,-0.9990131537168269,0.8553322588102099,2.2753241935134474,0.0,-1.1173149421431716,0.0,1.0,0.0,1.0,0.0,1.0,1.439283823723465,1.0,0.0,0.0,0.0,0.0,1.0,0.0,0.0,0
0.0,0.19397772348988532,0.0,0.0,1.0,2.611872331624339,0.31883229601166097,-1.0639044214713609,-0.8212897090091247,1.0,0.748721861426324,1.0,1.0,0.0,0.0,1.0,1.0,1.439283823723465,1.0,0.0,0.0,0.0,0.0,0.0,0.0,0.0,0
1.0,0.8523944051317478,0.0,0.0,0.0,-0.5064419972567069,-0.9583251813369248,1.5581613125493827,-0.7418493175176292,0.0,-1.290899761079869,1.0,1.0,0.0,0.0,0.0,1.0,-0.2806524287733598,1.0,0.0,0.0,0.0,0.0,0.0,0.0,1.0,0
0.0,-1.661560197500818,1.0,0.0,0.0,-0.5064419972567069,0.6453683562597415,-1.0229475411554985,0.5181727586050732,0.0,1.3996649324389387,1.0,0.0,0.0,0.0,0.0,0.0,-0.2806524287733598,0.0,0.0,0.0,0.0,0.0,0.0,1.0,0.0,0
1.0,-1.1827117017612818,1.0,0.0,0.0,-0.5064419972567069,0.6175659058399582,-1.2377760026239386,0.28316357186400215,0.0,-1.030522532674823,1.0,0.0,0.0,0.0,0.0,0.0,0.5793156974750526,0.0,0.0,0.0,1.0,0.0,0.0,1.0,1.0,0
0.0,0.13412166152244326,0.0,0.0,1.0,-0.5064419972567069,0.3363337687279196,-1.0593917457811763,-1.0335408086105833,1.0,1.0524952945655444,1.0,1.0,1.0,1.0,0.0,1.0,0.5793156974750526,1.0,0.0,0.0,0.0,0.0,0.0,0.0,1.0,0
1.0,0.43340197135965347,0.0,0.0,0.0,-0.5064419972567069,0.9753223064641733,-0.11771983841791538,-1.0310804748657603,0.0,-1.030522532674823,1.0,1.0,1.0,0.0,1.0,1.0,-2.0005886812701847,0.0,0.0,0.0,1.0,0.0,0.0,0.0,1.0,1
0.0,0.19397772348988532,0.0,0.0,1.0,1.5724342219973237,0.7943512399017332,-0.5254108591351989,-1.0359065141344515,1.0,-0.6399566900672541,1.0,1.0,1.0,0.0,0.0,1.0,-0.2806524287733598,0.0,0.0,0.0,1.0,0.0,0.0,0.0,1.0,0
0.0,-1.661560197500818,1.0,0.0,1.0,-0.5064419972567069,1.2425286815028909,-0.7200081756271846,-0.9673010539422725,1.0,1.4430611371731132,0.0,1.0,0.0,1.0,1.0,0.0,0.5793156974750526,1.0,0.0,0.0,0.0,0.0,1.0,0.0,0.0,0
1.0,0.7925383431643057,0.0,0.0,0.0,-0.5064419972567069,-1.296560832959301,1.1808336186746546,-0.6768870438322072,0.0,-0.8569377137381258,1.0,1.0,0.0,0.0,0.0,1.0,1.439283823723465,1.0,0.0,0.0,0.0,0.0,0.0,0.0,1.0,0
1.0,1.6903792726759364,0.0,1.0,0.0,-0.5064419972567069,0.6475659466906851,-1.2040460471635237,-0.9682000220413424,0.0,-1.4644845800165662,1.0,1.0,0.0,0.0,0.0,1.0,-2.0005886812701847,1.0,0.0,0.0,0.0,0.0,0.0,0.0,1.0,1
1.0,1.9298035205457047,0.0,1.0,0.0,-0.5064419972567069,0.7801766805370461,-0.9124458116257785,-0.7889741715530845,0.0,-1.3776921705482175,1.0,1.0,1.0,0.0,0.0,0.0,0.5793156974750526,1.0,0.0,0.0,0.0,0.0,1.0,0.0,0.0,0
0.0,-0.40458289618453513,0.0,0.0,1.0,-0.5064419972567069,-0.9328586057873415,0.7027806596271299,0.3739593498700652,1.0,1.5298535466414618,1.0,0.0,0.0,0.0,0.0,0.0,1.439283823723465,1.0,0.0,0.0,0.0,0.0,0.0,1.0,0.0,0
0.0,-0.7637192679891874,0.0,0.0,1.0,-0.5064419972567069,-0.8772921172920146,1.057057305262086,0.3750002603005672,1.0,1.00909908983137,0.0,1.0,0.0,1.0,1.0,1.0,1.439283823723465,0.0,1.0,0.0,0.0,0.0,1.0,0.0,1.0,0
1.0,-1.42213594963105,1.0,0.0,1.0,1.5724342219973237,-1.0209017204856539,1.5443510762305568,0.3510120062885433,0.0,1.2260801135022417,1.0,1.0,1.0,0.0,1.0,0.0,-0.2806524287733598,0.0,1.0,0.0,0.0,0.0,1.0,0.0,0.0,0
1.0,-1.0629995778263976,1.0,0.0,1.0,-0.5064419972567069,0.42788696300875123,-1.0272263014408245,-0.3993424717719853,1.0,-0.5965604853330798,1.0,1.0,1.0,1.0,0.0,1.0,0.5793156974750526,1.0,0.0,0.0,0.0,0.0,1.0,0.0,0.0,0
0.0,-0.46443895815197717,0.0,0.0,1.0,-0.5064419972567069,-1.3724413864501228,1.1813840350020648,1.3859135447599438,1.0,-1.1173149421431716,1.0,1.0,0.0,0.0,0.0,1.0,-2.0005886812701847,0.0,0.0,0.0,1.0,0.0,0.0,0.0,1.0,1
0.0,-0.04544652437988287,0.0,0.0,0.0,-0.5064419972567069,0.7399832165466624,-0.6719946165789343,-0.7083036131891775,0.0,-0.3361832569280339,0.0,1.0,1.0,0.0,0.0,1.0,0.5793156974750526,0.0,0.0,1.0,0.0,0.0,1.0,0.0,0.0,0
1.0,1.9298035205457047,0.0,1.0,0.0,-0.5064419972567069,-1.39673254426599,1.181404335352777,0.10635074101008983,0.0,-0.6399566900672541,1.0,1.0,0.0,0.0,0.0,0.0,-2.0005886812701847,1.0,0.0,0.0,0.0,0.0,0.0,0.0,1.0,1
1.0,1.5706671487410524,0.0,1.0,1.0,-0.5064419972567069,0.4316182168259964,-0.906070117385648,-0.289715677795931,1.0,-1.1173149421431716,1.0,1.0,0.0,1.0,0.0,1.0,-0.2806524287733598,1.0,0.0,0.0,0.0,0.0,0.0,0.0,1.0,1
1.0,-0.8235753299566294,0.0,0.0,0.0,-0.5064419972567069,1.5337916968873875,-0.15771614304755127,-0.981495287085482,0.0,0.6619294519579755,1.0,1.0,1.0,0.0,0.0,1.0,-0.2806524287733598,0.0,1.0,0.0,0.0,0.0,1.0,0.0,1.0,0
0.0,-0.16515864831476695,0.0,0.0,0.0,-0.5064419972567069,-0.28116488193866135,0.6272730437616074,-0.9447322232445694,0.0,-1.0739187374089973,1.0,1.0,0.0,1.0,1.0,1.0,-1.1406205550217723,1.0,0.0,0.0,0.0,0.0,0.0,0.0,1.0,1
1.0,0.9122504670991899,0.0,0.0,0.0,-0.5064419972567069,0.2075626519436039,-0.010967214568442685,-0.7131769665683461,0.0,-0.8569377137381258,1.0,1.0,0.0,1.0,0.0,1.0,1.439283823723465,0.0,0.0,0.0,1.0,0.0,0.0,0.0,1.0,0
1.0,-1.0629995778263976,1.0,0.0,0.0,-0.5064419972567069,-1.3594442665214779,1.176608838867368,0.6141730887636463,0.0,-1.290899761079869,1.0,1.0,0.0,0.0,1.0,1.0,-0.2806524287733598,1.0,0.0,0.0,0.0,0.0,0.0,0.0,1.0,1
1.0,0.2538337854573274,0.0,0.0,1.0,0.5329961123703084,1.9768012629967597,-0.7383546175881626,-0.9636578674355154,1.0,-0.5531642805989055,1.0,0.0,0.0,0.0,0.0,0.0,0.5793156974750526,1.0,0.0,0.0,0.0,0.0,0.0,1.0,0.0,0
1.0,-1.3024238256961658,1.0,0.0,1.0,-0.5064419972567069,0.7054274716691813,-1.1664770185594517,0.16454709689724856,1.0,1.4864573419072875,1.0,1.0,1.0,1.0,1.0,1.0,0.5793156974750526,0.0,0.0,0.0,0.0,0.0,1.0,0.0,0.0,0
1.0,-0.8834313919240715,0.0,0.0,0.0,-0.5064419972567069,-1.389660225180873,1.2659599098074372,0.098591226891802,0.0,1.5298535466414618,1.0,1.0,1.0,1.0,0.0,1.0,-0.2806524287733598,0.0,0.0,0.0,0.0,0.0,0.0,0.0,0.0,0
0.0,-1.2425677637287238,1.0,0.0,1.0,-0.5064419972567069,-1.3594442665214779,1.176608838867368,0.6141730887636463,1.0,-1.421088375282392,1.0,1.0,0.0,1.0,1.0,1.0,-0.2806524287733598,0.0,0.0,0.0,0.0,0.0,0.0,0.0,1.0,1
0.0,0.3136898474247694,0.0,0.0,0.0,-0.5064419972567069,-0.9143042304984671,0.6593508274965798,-0.3852428668497306,0.0,-1.2041073516115204,1.0,1.0,0.0,0.0,0.0,1.0,1.439283823723465,0.0,0.0,0.0,0.0,0.0,0.0,0.0,1.0,0
1.0,1.8100913966108205,0.0,1.0,1.0,-0.5064419972567069,-1.4060962607700798,1.161070304507904,0.2856712197193025,1.0,1.0524952945655444,1.0,1.0,1.0,1.0,0.0,1.0,-0.2806524287733598,1.0,0.0,0.0,0.0,0.0,0.0,0.0,1.0,0
1.0,-1.1228556397938396,1.0,0.0,0.0,1.5724342219973237,0.41894578229129026,-0.982639810690984,0.47336629598300867,0.0,0.4015522235529295,1.0,1.0,0.0,1.0,0.0,1.0,-0.2806524287733598,1.0,0.0,0.0,0.0,0.0,0.0,0.0,1.0,0
1.0,-0.3447268342170931,0.0,0.0,1.0,-0.5064419972567069,-0.8071095296434784,0.2675471380738076,2.7354539179058204,1.0,0.4883446330212782,1.0,1.0,0.0,0.0,1.0,1.0,-1.1406205550217723,0.0,1.0,0.0,0.0,0.0,0.0,0.0,0.0,1
0.0,0.37354590939221144,0.0,0.0,0.0,0.5329961123703084,-0.627351484478065,1.0260129939272797,-0.13916217825695618,0.0,-0.6833528948014285,1.0,0.0,0.0,0.0,0.0,0.0,0.5793156974750526,0.0,0.0,0.0,1.0,0.0,0.0,1.0,1.0,0
1.0,-0.16515864831476695,0.0,0.0,1.0,-0.5064419972567069,-0.9649822427637907,1.6189723972386174,-0.7755842782879903,1.0,1.4864573419072875,0.0,1.0,1.0,1.0,0.0,1.0,-0.2806524287733598,0.0,0.0,0.0,0.0,0.0,1.0,0.0,0.0,0
1.0,0.13412166152244326,0.0,0.0,1.0,1.5724342219973237,-0.9774884933671047,0.8142964839495095,0.3677612013975304,1.0,-0.6399566900672541,1.0,0.0,0.0,0.0,0.0,0.0,0.5793156974750526,1.0,0.0,0.0,0.0,0.0,0.0,1.0,0.0,0
1.0,0.49325803332709556,0.0,0.0,1.0,-0.5064419972567069,-1.0209017204856539,1.5443510762305568,0.3510120062885433,1.0,0.4015522235529295,1.0,0.0,0.0,0.0,0.0,0.0,0.5793156974750526,0.0,1.0,0.0,0.0,0.0,0.0,1.0,0.0,0
0.0,0.9721065290666319,0.0,0.0,1.0,1.5724342219973237,0.2304155707230634,0.28590142335211477,-1.0132430552157936,1.0,1.3996649324389387,1.0,0.0,0.0,0.0,0.0,0.0,-0.2806524287733598,1.0,0.0,0.0,0.0,0.0,0.0,1.0,0.0,0
1.0,-1.1827117017612818,1.0,0.0,1.0,-0.5064419972567069,-0.4460080203467393,0.4347832727713918,-0.27041152072116614,1.0,0.748721861426324,1.0,1.0,1.0,1.0,1.0,1.0,-0.2806524287733598,1.0,0.0,0.0,0.0,1.0,0.0,0.0,0.0,0
0.0,-0.28487077224965107,0.0,0.0,1.0,-0.5064419972567069,-1.4062389929544645,1.2146097112957928,1.21917861943771,1.0,0.27136360935040654,1.0,1.0,1.0,0.0,0.0,1.0,-0.2806524287733598,1.0,0.0,0.0,0.0,0.0,1.0,0.0,1.0,0
0.0,-1.601704135533376,1.0,0.0,0.0,-0.5064419972567069,-1.2445974223535996,1.2885159063126697,1.2665400440255523,0.0,0.9223066803630213,1.0,1.0,0.0,1.0,1.0,1.0,-2.0005886812701847,0.0,1.0,0.0,0.0,0.0,0.0,0.0,0.0,1
1.0,-0.9432874538915136,0.0,0.0,0.0,-0.5064419972567069,0.8755145015765923,-0.839090032936312,-0.9701399005709144,0.0,-1.1173149421431716,1.0,0.0,0.0,0.0,0.0,0.0,0.5793156974750526,0.0,0.0,0.0,1.0,0.0,0.0,1.0,0.0,0
1.0,-1.601704135533376,1.0,0.0,1.0,-0.5064419972567069,-0.8554953358088939,1.2546886014431284,-0.6906554499811204,1.0,0.7921180661604984,1.0,1.0,0.0,0.0,0.0,1.0,-0.2806524287733598,1.0,0.0,0.0,0.0,0.0,0.0,0.0,1.0,0
0.0,-0.225014710282209,0.0,0.0,0.0,-0.5064419972567069,1.3516621948907896,-0.6405429141149482,-1.0238414159627234,0.0,-1.421088375282392,1.0,1.0,1.0,0.0,0.0,1.0,-0.2806524287733598,0.0,0.0,0.0,0.0,0.0,0.0,0.0,1.0,0
0.0,-1.3024238256961658,1.0,0.0,1.0,2.611872331624339,-0.8380856483783417,0.7477865371679339,-0.2417391697718831,0.0,-1.030522532674823,1.0,1.0,0.0,0.0,0.0,0.0,-0.2806524287733598,1.0,0.0,0.0,0.0,1.0,0.0,0.0,1.0,0
1.0,-0.46443895815197717,0.0,0.0,1.0,-0.5064419972567069,-0.7005290219558502,1.106249668766776,1.9547237809188236,1.0,1.269476318236416,1.0,1.0,0.0,1.0,1.0,1.0,0.5793156974750526,0.0,0.0,0.0,0.0,0.0,0.0,0.0,1.0,0
1.0,-1.42213594963105,1.0,0.0,1.0,-0.5064419972567069,1.1577117993801984,-0.8273476641610373,-0.7325284377535882,1.0,1.1826839087680672,1.0,1.0,1.0,1.0,1.0,1.0,-0.2806524287733598,1.0,0.0,0.0,0.0,1.0,0.0,0.0,0.0,0
0.0,1.6903792726759364,0.0,1.0,1.0,-0.5064419972567069,1.2371647008852542,-0.301856937831071,-1.0330203533953322,1.0,-0.5531642805989055,0.0,1.0,1.0,0.0,0.0,1.0,-2.0005886812701847,1.0,0.0,0.0,0.0,0.0,1.0,0.0,1.0,1
0.0,1.091818653001516,0.0,1.0,1.0,-0.5064419972567069,-0.7866385805473072,2.56850838364689,-1.0309858466448054,1.0,1.2260801135022417,1.0,1.0,0.0,1.0,1.0,1.0,-0.2806524287733598,1.0,0.0,0.0,0.0,0.0,0.0,0.0,0.0,0
1.0,-1.0031435158589557,0.0,0.0,0.0,-0.5064419972567069,0.6629325017481823,-1.1444308376801922,-0.4482179478951031,0.0,0.44494842828710385,1.0,1.0,1.0,1.0,0.0,1.0,0.5793156974750526,0.0,1.0,0.0,0.0,0.0,0.0,0.0,0.0,0
1.0,1.2115307769364,0.0,1.0,1.0,-0.5064419972567069,-1.1840911063891235,1.1797826141534125,-0.8550719838899631,0.0,-1.3776921705482175,1.0,1.0,0.0,0.0,0.0,1.0,0.5793156974750526,0.0,0.0,0.0,0.0,0.0,0.0,0.0,0.0,0
0.0,0.49325803332709556,0.0,0.0,1.0,-0.5064419972567069,0.8118862728766443,-0.5849614765935193,-1.0030232073526828,1.0,1.4430611371731132,1.0,1.0,0.0,1.0,0.0,0.0,0.5793156974750526,0.0,0.0,0.0,0.0,0.0,1.0,0.0,0.0,0
0.0,0.07426559955500123,0.0,0.0,1.0,-0.5064419972567069,-0.9990766351699384,0.8771122282721022,1.714462727914765,1.0,1.5298535466414618,1.0,1.0,1.0,0.0,1.0,0.0,-0.2806524287733598,1.0,0.0,0.0,0.0,0.0,1.0,0.0,0.0,0
0.0,1.5108110867736102,0.0,1.0,1.0,-0.5064419972567069,-1.4107817580863182,1.2960168859028003,-0.6651531444338208,0.0,-0.46637187113055684,1.0,1.0,0.0,1.0,1.0,0.0,-2.0005886812701847,0.0,0.0,1.0,0.0,0.0,0.0,0.0,1.0,1
1.0,-1.0031435158589557,0.0,0.0,1.0,-0.5064419972567069,-0.9774884933671047,0.8142964839495095,0.3677612013975304,1.0,1.4430611371731132,1.0,1.0,1.0,1.0,1.0,1.0,-0.2806524287733598,0.0,0.0,0.0,0.0,0.0,1.0,0.0,0.0,0
0.0,0.3136898474247694,0.0,0.0,1.0,0.5329961123703084,1.009290544645027,-0.7397613396185692,0.6865636777940145,1.0,1.3562687277047645,1.0,1.0,1.0,0.0,1.0,1.0,0.5793156974750526,1.0,0.0,0.0,0.0,0.0,1.0,0.0,0.0,0
1.0,1.8699474585782625,0.0,1.0,0.0,-0.5064419972567069,0.7885639148165323,-0.7155637829348596,-0.8396002697638648,0.0,0.44494842828710385,1.0,1.0,0.0,0.0,0.0,1.0,-1.1406205550217723,1.0,0.0,0.0,0.0,0.0,0.0,0.0,1.0,1
1.0,0.9721065290666319,0.0,0.0,1.0,2.611872331624339,-0.8652516669051568,0.5590481787160023,0.029654567926281468,1.0,1.4864573419072875,1.0,1.0,1.0,1.0,0.0,1.0,0.5793156974750526,1.0,0.0,0.0,0.0,0.0,1.0,0.0,0.0,0
0.0,-0.6440071440543034,0.0,0.0,1.0,-0.5064419972567069,0.529806638148551,-0.5048982774783314,0.13185304655738947,1.0,-0.11920223325716231,1.0,1.0,0.0,0.0,0.0,1.0,-0.2806524287733598,1.0,0.0,0.0,0.0,0.0,0.0,0.0,1.0,1
1.0,1.031962591034074,0.0,0.0,0.0,-0.5064419972567069,0.6530031129326109,-1.1554382414851767,-0.03899820637637487,0.0,-0.7701453042697771,1.0,1.0,1.0,0.0,1.0,0.0,-0.2806524287733598,0.0,0.0,0.0,1.0,0.0,0.0,0.0,1.0,1
1.0,0.07426559955500123,0.0,0.0,1.0,3.651310441251354,-1.2359611143472544,1.1945612694757874,1.4545663190626001,1.0,0.748721861426324,1.0,0.0,0.0,0.0,0.0,0.0,-0.2806524287733598,1.0,0.0,0.0,0.0,0.0,0.0,1.0,0.0,0
1.0,0.9122504670991899,0.0,0.0,1.0,-0.5064419972567069,0.765339002808652,-1.3261521953579611,0.1334144122031425,0.0,0.5317408377554524,1.0,0.0,0.0,0.0,0.0,0.0,-0.2806524287733598,1.0,0.0,0.0,0.0,0.0,0.0,1.0,0.0,0
1.0,-0.7038632060217453,0.0,0.0,0.0,-0.5064419972567069,-0.9427932510289677,0.7532934686716719,2.411683459909213,0.0,-1.421088375282392,1.0,0.0,0.0,0.0,0.0,0.0,-0.2806524287733598,1.0,0.0,0.0,0.0,0.0,0.0,1.0,1.0,1
0.0,1.2115307769364,0.0,1.0,1.0,-0.5064419972567069,1.1426210045202905,-1.376348042108352,-1.0289040257838014,1.0,-1.2475035563456947,0.0,1.0,0.0,1.0,0.0,1.0,-0.2806524287733598,1.0,0.0,0.0,0.0,1.0,0.0,0.0,0.0,0
0.0,0.8523944051317478,0.0,0.0,1.0,-0.5064419972567069,1.9072445943890874,-0.8363176509485489,-1.0209079411131268,1.0,1.1826839087680672,1.0,1.0,1.0,0.0,1.0,1.0,0.5793156974750526,1.0,0.0,0.0,0.0,0.0,0.0,0.0,0.0,0
1.0,-0.28487077224965107,0.0,0.0,0.0,-0.5064419972567069,0.6956315152072847,-0.1974610001512593,-0.8489211495279056,0.0,-1.1173149421431716,1.0,1.0,0.0,0.0,1.0,1.0,1.439283823723465,0.0,0.0,0.0,1.0,1.0,0.0,0.0,1.0,0
0.0,0.2538337854573274,0.0,0.0,0.0,-0.5064419972567069,-0.5189134366911259,-0.3850791483408705,-0.7662633985239494,0.0,-1.421088375282392,1.0,1.0,0.0,1.0,0.0,1.0,-2.0005886812701847,1.0,0.0,0.0,0.0,0.0,0.0,0.0,1.0,1
0.0,-0.46443895815197717,0.0,0.0,0.0,-0.5064419972567069,-1.081822081086981,1.737575812191069,-0.6223338744518057,0.0,1.5298535466414618,1.0,1.0,1.0,1.0,1.0,1.0,-0.2806524287733598,0.0,0.0,0.0,0.0,0.0,1.0,0.0,0.0,0
0.0,1.6903792726759364,0.0,1.0,0.0,-0.5064419972567069,0.3618755516041153,-1.1428852427960163,-0.9966358024382387,0.0,0.6619294519579755,1.0,1.0,0.0,0.0,0.0,1.0,-0.2806524287733598,0.0,1.0,0.0,0.0,0.0,0.0,0.0,0.0,0
1.0,0.9122504670991899,0.0,0.0,0.0,-0.5064419972567069,0.7627378805929669,-1.1194364922308242,1.4072995226957126,0.0,0.09777879041370928,1.0,1.0,0.0,0.0,1.0,1.0,0.5793156974750526,1.0,0.0,0.0,0.0,0.0,1.0,0.0,0.0,0
1.0,1.9298035205457047,0.0,1.0,1.0,-0.5064419972567069,-1.0843245442290406,1.600464013843502,-0.8539364452385064,1.0,0.5751370424896268,1.0,1.0,0.0,0.0,0.0,0.0,-0.2806524287733598,0.0,1.0,0.0,0.0,0.0,0.0,0.0,1.0,1
0.0,-1.1228556397938396,1.0,0.0,1.0,-0.5064419972567069,0.1759917483837325,-0.06628013381446744,0.6561880188675463,1.0,-1.030522532674823,0.0,1.0,1.0,0.0,1.0,1.0,-2.0005886812701847,1.0,0.0,0.0,0.0,1.0,0.0,0.0,1.0,1
1.0,-0.8834313919240715,0.0,0.0,1.0,-0.5064419972567069,1.5975489101958875,-1.687366485850642,-1.0249296405037027,1.0,1.4864573419072875,1.0,1.0,0.0,1.0,1.0,1.0,-0.2806524287733598,1.0,0.0,0.0,0.0,0.0,0.0,0.0,0.0,0
1.0,0.49325803332709556,0.0,0.0,0.0,-0.5064419972567069,-0.9920350459602156,0.8666783093748893,0.7550271956547614,0.0,-1.1173149421431716,1.0,1.0,0.0,1.0,1.0,1.0,-0.2806524287733598,1.0,0.0,0.0,0.0,1.0,0.0,0.0,0.0,0
1.0,1.4509550248061682,0.0,1.0,0.0,-0.5064419972567069,-1.387503068796501,1.1661809178010467,1.1433341003424944,0.0,-1.3776921705482175,1.0,1.0,0.0,0.0,0.0,1.0,-0.2806524287733598,1.0,0.0,0.0,0.0,0.0,0.0,0.0,1.0,1
1.0,-0.04544652437988287,0.0,0.0,0.0,-0.5064419972567069,0.5462325652261129,-1.2022250134298398,0.8717511062024204,0.0,-1.2041073516115204,1.0,1.0,0.0,0.0,1.0,1.0,-1.1406205550217723,1.0,0.0,0.0,0.0,0.0,0.0,0.0,1.0,1
0.0,-0.04544652437988287,0.0,0.0,0.0,-0.5064419972567069,1.1347852906359823,-1.6708706054062072,-0.972174407321441,0.0,1.4864573419072875,0.0,1.0,1.0,1.0,0.0,1.0,-0.2806524287733598,1.0,0.0,0.0,0.0,0.0,1.0,0.0,0.0,0
0.0,1.031962591034074,0.0,0.0,1.0,1.5724342219973237,-0.8154995943062259,0.6053043733123612,1.392300949674388,1.0,1.5298535466414618,1.0,1.0,1.0,1.0,1.0,1.0,0.5793156974750526,0.0,0.0,0.0,0.0,0.0,1.0,0.0,0.0,0
1.0,0.43340197135965347,0.0,0.0,0.0,-0.5064419972567069,0.7085635363209536,-1.3157662591079022,-0.6356764536064226,0.0,-0.075806028522988,0.0,1.0,0.0,0.0,0.0,0.0,0.5793156974750526,1.0,0.0,0.0,0.0,0.0,1.0,0.0,1.0,0
0.0,-1.1827117017612818,1.0,0.0,1.0,-0.5064419972567069,-0.8594566593511074,0.6362102731650042,-0.07159762849527923,1.0,0.878910475628847,0.0,1.0,0.0,1.0,1.0,0.0,0.5793156974750526,1.0,0.0,0.0,0.0,0.0,1.0,0.0,0.0,0
1.0,-0.7637192679891874,0.0,0.0,1.0,0.5329961123703084,-0.9659397209865099,0.7778467428645459,-0.3344748263075181,1.0,-0.11920223325716231,1.0,1.0,1.0,1.0,0.0,1.0,0.5793156974750526,0.0,0.0,1.0,0.0,1.0,0.0,0.0,0.0,0
1.0,-0.04544652437988287,0.0,0.0,1.0,-0.5064419972567069,-0.8236333071137364,0.6907162534700112,-0.5704776093686138,1.0,-0.46637187113055684,1.0,1.0,1.0,1.0,1.0,1.0,-0.2806524287733598,0.0,0.0,1.0,0.0,0.0,1.0,0.0,0.0,0
0.0,-1.541848073565934,1.0,0.0,0.0,-0.5064419972567069,-0.8652516669051568,0.5590481787160023,0.029654567926281468,0.0,-1.421088375282392,1.0,0.0,0.0,0.0,0.0,0.0,1.439283823723465,1.0,0.0,0.0,0.0,0.0,0.0,1.0,1.0,0
0.0,0.5531140952945376,0.0,0.0,1.0,-0.5064419972567069,-0.8610044746537092,0.6759975764565739,0.9364294952249781,1.0,-0.5531642805989055,1.0,0.0,0.0,0.0,0.0,0.0,-0.2806524287733598,0.0,0.0,1.0,0.0,0.0,0.0,1.0,0.0,0
0.0,0.7326822811968637,0.0,0.0,1.0,-0.5064419972567069,1.0942210464385775,-1.2867967358907446,-0.9120854870151878,1.0,-0.03240982378881367,0.0,1.0,1.0,1.0,1.0,1.0,-0.2806524287733598,1.0,0.0,0.0,0.0,0.0,1.0,0.0,0.0,0
0.0,0.19397772348988532,0.0,0.0,1.0,-0.5064419972567069,-1.3803535206824429,1.195396813456459,1.178441170316699,1.0,1.4864573419072875,1.0,1.0,1.0,1.0,0.0,0.0,-0.2806524287733598,1.0,0.0,0.0,0.0,0.0,0.0,0.0,0.0,0
1.0,-0.40458289618453513,0.0,0.0,1.0,1.5724342219973237,1.6628976075772812,-0.784635726251314,-1.0334934945001057,1.0,-0.46637187113055684,1.0,0.0,0.0,0.0,0.0,0.0,0.5793156974750526,1.0,0.0,0.0,0.0,0.0,0.0,1.0,0.0,0
0.0,0.7326822811968637,0.0,0.0,0.0,-0.5064419972567069,-0.7970750123068328,1.1394656562567573,-0.5411428608726476,0.0,-0.24939084745968526,1.0,0.0,0.0,0.0,0.0,0.0,-0.2806524287733598,1.0,0.0,0.0,0.0,0.0,0.0,1.0,0.0,0
0.0,-0.46443895815197717,0.0,0.0,0.0,-0.5064419972567069,1.5526784400390463,-1.0756721656850405,-0.8594721961643581,0.0,-0.6833528948014285,0.0,1.0,0.0,0.0,0.0,1.0,0.5793156974750526,1.0,0.0,0.0,0.0,0.0,1.0,0.0,1.0,0
1.0,1.2115307769364,0.0,1.0,1.0,1.5724342219973237,-1.383809822983028,1.2876572937516364,1.5781980897399543,1.0,1.0958914992997186,1.0,1.0,0.0,1.0,0.0,0.0,0.5793156974750526,1.0,0.0,0.0,0.0,0.0,0.0,0.0,0.0,0
1.0,-0.28487077224965107,0.0,0.0,0.0,0.5329961123703084,-0.8355928894074596,0.8117986180680359,0.9058645798566004,0.0,-1.421088375282392,1.0,1.0,0.0,0.0,0.0,1.0,-2.0005886812701847,0.0,0.0,0.0,0.0,0.0,0.0,0.0,1.0,1
0.0,-0.5841510820868613,0.0,0.0,1.0,2.611872331624339,-0.5302709560314598,0.24255879045533146,-0.9649826625288815,1.0,-0.075806028522988,1.0,0.0,0.0,0.0,0.0,0.0,-0.2806524287733598,1.0,0.0,0.0,0.0,0.0,0.0,1.0,0.0,0
1.0,0.5531140952945376,0.0,0.0,0.0,-0.5064419972567069,0.6221430399113935,-1.0974475214308592,0.9904148952796513,0.0,-0.24939084745968526,1.0,1.0,1.0,1.0,0.0,0.0,0.5793156974750526,1.0,0.0,0.0,0.0,0.0,0.0,0.0,1.0,0
1.0,0.49325803332709556,0.0,0.0,0.0,-0.5064419972567069,-0.9305146441078284,0.9883530751165862,-0.23293874522309324,0.0,-0.20599464272551093,1.0,1.0,1.0,1.0,1.0,1.0,-0.2806524287733598,1.0,0.0,0.0,0.0,0.0,0.0,0.0,0.0,0
0.0,-1.0031435158589557,0.0,0.0,0.0,-0.5064419972567069,-1.4346758535648927,1.2723222242709595,-0.2144389280264436,0.0,-1.2475035563456947,1.0,1.0,0.0,0.0,0.0,0.0,-2.0005886812701847,1.0,0.0,0.0,0.0,0.0,0.0,0.0,1.0,1
1.0,-0.28487077224965107,0.0,0.0,1.0,2.611872331624339,1.0178573060912766,-0.6883520855411994,0.1538541079293641,1.0,1.0958914992997186,1.0,1.0,0.0,1.0,1.0,1.0,0.5793156974750526,0.0,1.0,0.0,0.0,0.0,0.0,0.0,0.0,0
1.0,-1.481992011598492,1.0,0.0,1.0,2.611872331624339,0.6756190881991858,-1.169658637162819,-0.28574129251583236,1.0,0.748721861426324,1.0,1.0,1.0,0.0,0.0,1.0,-0.2806524287733598,1.0,0.0,0.0,0.0,1.0,0.0,0.0,0.0,0
1.0,-1.42213594963105,1.0,0.0,0.0,-0.5064419972567069,0.7404283953993723,-0.8705661880954779,-0.9246237262916894,0.0,1.5298535466414618,1.0,1.0,1.0,1.0,1.0,1.0,0.5793156974750526,0.0,0.0,0.0,0.0,1.0,0.0,0.0,0.0,0
1.0,0.37354590939221144,0.0,0.0,1.0,-0.5064419972567069,0.5008696083820822,-1.086706790414848,1.1155607174922813,1.0,0.5317408377554524,1.0,1.0,0.0,0.0,1.0,1.0,-2.0005886812701847,1.0,0.0,0.0,0.0,0.0,0.0,0.0,1.0,1
0.0,-1.42213594963105,1.0,0.0,0.0,-0.5064419972567069,-0.8182527485370057,0.5856019601977668,1.3307452919433365,0.0,-1.4644845800165662,1.0,0.0,0.0,0.0,0.0,0.0,1.439283823723465,0.0,0.0,0.0,0.0,0.0,0.0,1.0,1.0,0
1.0,0.37354590939221144,0.0,0.0,0.0,-0.5064419972567069,2.26318954972708,-1.4709781269781927,-1.0143785938672505,0.0,-1.0739187374089973,1.0,1.0,0.0,0.0,1.0,0.0,-0.2806524287733598,1.0,0.0,0.0,0.0,0.0,0.0,0.0,1.0,1
0.0,-1.1228556397938396,1.0,0.0,0.0,0.5329961123703084,-0.6306816325533594,0.5424821697872706,-0.9060765949845624,0.0,1.00909908983137,1.0,1.0,1.0,1.0,1.0,1.0,-0.2806524287733598,0.0,1.0,0.0,0.0,0.0,1.0,0.0,0.0,0
1.0,-0.04544652437988287,0.0,0.0,1.0,-0.5064419972567069,0.5475883188075215,-1.2434665600273576,0.8026251907949904,1.0,-1.0739187374089973,1.0,1.0,1.0,1.0,1.0,1.0,-0.2806524287733598,1.0,0.0,0.0,0.0,1.0,0.0,0.0,0.0,0
0.0,0.43340197135965347,0.0,0.0,1.0,-0.5064419972567069,-0.9971891738761685,0.6424858497663724,0.9151381455101639,1.0,1.0958914992997186,1.0,1.0,0.0,1.0,1.0,1.0,0.5793156974750526,1.0,0.0,0.0,0.0,0.0,0.0,0.0,0.0,0
0.0,1.1516747149689581,0.0,1.0,1.0,-0.5064419972567069,-0.9919901641685241,0.910402496590848,1.0501726168125631,1.0,0.18457119988205792,1.0,1.0,0.0,1.0,0.0,1.0,-1.1406205550217723,0.0,1.0,0.0,0.0,1.0,0.0,0.0,0.0,1
1.0,0.8523944051317478,0.0,0.0,1.0,-0.5064419972567069,-0.915074903426042,0.7561982643107128,0.14131586865286241,1.0,1.00909908983137,0.0,1.0,1.0,0.0,0.0,1.0,0.5793156974750526,0.0,1.0,0.0,0.0,1.0,0.0,0.0,0.0,0
0.0,0.6129701572619797,0.0,0.0,1.0,0.5329961123703084,0.4319974881827983,0.09774577724009567,-1.021712280991242,1.0,-1.0739187374089973,1.0,0.0,0.0,0.0,0.0,0.0,-0.2806524287733598,1.0,0.0,0.0,0.0,0.0,0.0,1.0,1.0,0
1.0,0.13412166152244326,0.0,0.0,0.0,-0.5064419972567069,0.44789251622893383,-0.9950880780253085,0.241385212312489,0.0,0.5317408377554524,1.0,1.0,0.0,1.0,1.0,1.0,-0.2806524287733598,1.0,0.0,0.0,0.0,0.0,0.0,0.0,0.0,0
1.0,-0.7038632060217453,0.0,0.0,1.0,-0.5064419972567069,-1.2445974223535996,1.2885159063126697,1.2665400440255523,1.0,1.0524952945655444,1.0,1.0,0.0,0.0,1.0,1.0,-0.2806524287733598,1.0,0.0,0.0,0.0,0.0,0.0,0.0,0.0,0
1.0,-1.481992011598492,1.0,0.0,0.0,-0.5064419972567069,-1.2858138677221371,2.107618448387843,0.0696823053901321,0.0,-1.030522532674823,1.0,1.0,0.0,0.0,1.0,1.0,0.5793156974750526,1.0,0.0,0.0,0.0,0.0,0.0,0.0,1.0,0
1.0,-0.8834313919240715,0.0,0.0,0.0,-0.5064419972567069,0.16374993644496857,-0.8561460185119103,-0.4208230779287089,0.0,1.3562687277047645,1.0,0.0,0.0,0.0,0.0,0.0,0.5793156974750526,1.0,0.0,0.0,0.0,0.0,0.0,1.0,0.0,0
1.0,-1.0031435158589557,0.0,0.0,1.0,2.611872331624339,0.9441452305178687,-1.2525122117584517,-1.026632948480888,1.0,-0.6399566900672541,1.0,0.0,0.0,0.0,0.0,0.0,-0.2806524287733598,0.0,0.0,0.0,1.0,0.0,0.0,1.0,0.0,0
0.0,-1.541848073565934,1.0,0.0,0.0,-0.5064419972567069,-0.8793267585152892,0.7011012669768582,-0.576723071951626,0.0,-0.9003339184723,1.0,0.0,0.0,0.0,0.0,0.0,-0.2806524287733598,0.0,0.0,0.0,1.0,0.0,0.0,1.0,0.0,0
0.0,-0.04544652437988287,0.0,0.0,1.0,-0.5064419972567069,0.6355683563931869,-1.2190480063437916,-1.0190153766940322,1.0,1.5298535466414618,1.0,1.0,1.0,1.0,1.0,1.0,-0.2806524287733598,0.0,0.0,0.0,0.0,0.0,0.0,0.0,0.0,0
0.0,0.43340197135965347,0.0,0.0,1.0,2.611872331624339,0.15398390117753105,0.2696071623000296,-0.5744519946487124,1.0,-0.46637187113055684,1.0,1.0,0.0,0.0,1.0,1.0,-0.2806524287733598,1.0,0.0,0.0,0.0,0.0,0.0,0.0,0.0,0
1.0,-0.7038632060217453,0.0,0.0,1.0,-0.5064419972567069,-0.8963078450522225,0.6793323704335439,1.6459518959435409,1.0,-0.46637187113055684,1.0,1.0,0.0,0.0,0.0,1.0,-1.1406205550217723,1.0,0.0,0.0,0.0,0.0,1.0,0.0,1.0,1
0.0,-1.1827117017612818,1.0,0.0,1.0,2.611872331624339,0.4414307512469869,-1.0158345750870346,0.37817030570255067,1.0,1.0524952945655444,1.0,1.0,0.0,1.0,1.0,1.0,0.5793156974750526,1.0,0.0,0.0,0.0,0.0,1.0,0.0,0.0,0
1.0,-0.3447268342170931,0.0,0.0,1.0,2.611872331624339,-0.8578061415702251,1.4604506494581495,-0.8716319225570408,1.0,0.7921180661604984,1.0,1.0,1.0,0.0,1.0,1.0,-0.2806524287733598,0.0,1.0,0.0,0.0,0.0,1.0,0.0,0.0,0
1.0,0.7925383431643057,0.0,0.0,0.0,-0.5064419972567069,1.1282806655646758,-0.562069601558235,-1.035717257692542,0.0,-1.2475035563456947,1.0,1.0,1.0,0.0,0.0,0.0,0.5793156974750526,1.0,0.0,0.0,0.0,0.0,1.0,0.0,0.0,0
1.0,-1.3622798876636077,1.0,0.0,0.0,-0.5064419972567069,-0.8196416580365964,0.4535933931976259,-0.33627276250565796,0.0,-1.2475035563456947,1.0,1.0,0.0,0.0,0.0,1.0,0.5793156974750526,1.0,0.0,0.0,0.0,0.0,0.0,0.0,1.0,0
1.0,0.6728262192294217,0.0,0.0,0.0,-0.5064419972567069,1.3232803245836953,-1.6682287915832783,-0.39976829876628156,0.0,0.8355142708946727,0.0,1.0,0.0,0.0,1.0,1.0,1.439283823723465,1.0,0.0,0.0,0.0,0.0,1.0,0.0,1.0,0
1.0,1.271386838903842,0.0,1.0,1.0,-0.5064419972567069,-1.3594442665214779,1.176608838867368,0.6141730887636463,1.0,-1.3776921705482175,1.0,1.0,0.0,0.0,0.0,0.0,-2.0005886812701847,0.0,0.0,0.0,0.0,0.0,0.0,0.0,1.0,1
1.0,-0.46443895815197717,0.0,0.0,1.0,-0.5064419972567069,1.786274013868566,-0.9905343402620739,-0.9972981999849218,1.0,-0.11920223325716231,1.0,1.0,0.0,1.0,0.0,1.0,-0.2806524287733598,1.0,0.0,0.0,0.0,0.0,0.0,0.0,1.0,1
0.0,1.1516747149689581,0.0,1.0,0.0,-0.5064419972567069,-0.9257559611673037,1.38385419659959,-0.9257592649431462,0.0,-0.9003339184723,1.0,1.0,0.0,0.0,0.0,1.0,-0.2806524287733598,0.0,0.0,0.0,1.0,0.0,0.0,0.0,0.0,0
0.0,-0.225014710282209,0.0,0.0,0.0,1.5724342219973237,-0.9755318898537068,1.264132878242855,-0.8263523188302027,0.0,0.748721861426324,1.0,1.0,0.0,0.0,0.0,1.0,-2.0005886812701847,1.0,0.0,0.0,0.0,1.0,0.0,0.0,1.0,1
0.0,-1.2425677637287238,1.0,0.0,1.0,-0.5064419972567069,-1.002742385831743,1.1934212202343542,-0.6259297468480853,1.0,0.6619294519579755,1.0,1.0,1.0,1.0,1.0,1.0,-0.2806524287733598,1.0,0.0,0.0,0.0,0.0,0.0,0.0,0.0,0
1.0,0.2538337854573274,0.0,0.0,1.0,1.5724342219973237,1.0174950170340302,-0.04519821959429571,-0.9919043913905021,1.0,0.27136360935040654,1.0,0.0,0.0,0.0,0.0,0.0,1.439283823723465,1.0,0.0,0.0,0.0,0.0,0.0,1.0,0.0,0
0.0,-0.46443895815197717,0.0,0.0,1.0,-0.5064419972567069,0.7834554773732003,-0.5025332866197417,-0.5041432264793483,1.0,0.09777879041370928,1.0,0.0,0.0,0.0,0.0,0.0,1.439283823723465,0.0,0.0,1.0,0.0,0.0,0.0,1.0,0.0,0
0.0,-0.10530258634732491,0.0,0.0,1.0,1.5724342219973237,0.5403093817444464,-0.5313330250854394,-0.9364049398005533,1.0,1.00909908983137,1.0,0.0,0.0,0.0,0.0,0.0,1.439283823723465,1.0,0.0,0.0,0.0,0.0,0.0,1.0,0.0,0
1.0,-1.0629995778263976,1.0,0.0,0.0,-0.5064419972567069,0.9731546372276916,-0.7234287847230899,1.7463051242660315,0.0,1.00909908983137,0.0,1.0,1.0,1.0,1.0,1.0,0.5793156974750526,0.0,1.0,0.0,0.0,0.0,1.0,0.0,0.0,0
0.0,0.13412166152244326,0.0,0.0,1.0,-0.5064419972567069,-1.0966128553213574,1.2597946010201975,1.1473557997330703,1.0,-0.6399566900672541,1.0,1.0,1.0,1.0,0.0,1.0,-2.0005886812701847,1.0,0.0,0.0,0.0,1.0,0.0,0.0,0.0,1
1.0,0.3136898474247694,0.0,0.0,0.0,-0.5064419972567069,1.5105376723659774,-1.0420317163164226,-1.0164131006177772,0.0,-1.3342959658140432,1.0,1.0,0.0,0.0,0.0,1.0,-0.2806524287733598,0.0,0.0,0.0,0.0,0.0,0.0,0.0,1.0,0
1.0,0.6129701572619797,0.0,0.0,1.0,2.611872331624339,1.0497314650004024,-0.5337985949544041,-1.0142366515358183,1.0,-0.9003339184723,1.0,1.0,1.0,1.0,1.0,1.0,0.5793156974750526,0.0,0.0,0.0,1.0,0.0,0.0,0.0,1.0,0
1.0,1.7502353346433785,0.0,1.0,1.0,-0.5064419972567069,0.5717387661413328,-0.9699783896741325,0.6977771219771499,1.0,-0.16259843799133664,1.0,1.0,0.0,0.0,0.0,1.0,-1.1406205550217723,1.0,0.0,0.0,0.0,1.0,0.0,0.0,1.0,1
1.0,-1.601704135533376,1.0,0.0,1.0,-0.5064419972567069,-0.6424976739817685,-0.1257463202686639,-0.7670204242915872,1.0,-1.2475035563456947,1.0,0.0,0.0,0.0,0.0,0.0,0.5793156974750526,0.0,0.0,0.0,0.0,0.0,0.0,1.0,0.0,0
0.0,0.7326822811968637,0.0,0.0,1.0,-0.5064419972567069,-1.0209017204856539,1.5443510762305568,0.3510120062885433,1.0,0.6185332472238011,1.0,1.0,1.0,0.0,1.0,1.0,-0.2806524287733598,1.0,0.0,0.0,0.0,1.0,0.0,0.0,0.0,0
1.0,-0.28487077224965107,0.0,0.0,1.0,2.611872331624339,0.26291281828979796,0.7247105748613695,-1.0024554380269546,1.0,1.5298535466414618,1.0,0.0,0.0,0.0,0.0,0.0,-0.2806524287733598,0.0,0.0,0.0,0.0,0.0,0.0,1.0,0.0,0
0.0,0.9122504670991899,0.0,0.0,1.0,-0.5064419972567069,-0.9750571941470052,0.6514835188503193,0.6128009795598027,1.0,1.5298535466414618,1.0,0.0,0.0,0.0,0.0,0.0,1.439283823723465,1.0,0.0,0.0,0.0,0.0,0.0,1.0,0.0,0
0.0,0.3136898474247694,0.0,0.0,0.0,-0.5064419972567069,1.1530990833477817,-1.309615714212089,-0.8628788121187283,0.0,-0.5097680758647312,1.0,1.0,0.0,0.0,0.0,0.0,-2.0005886812701847,1.0,0.0,0.0,0.0,0.0,0.0,0.0,1.0,1
1.0,0.8523944051317478,0.0,0.0,0.0,-0.5064419972567069,0.5890801200331834,-1.0945579510548573,0.20433826380871234,0.0,-0.11920223325716231,1.0,1.0,0.0,0.0,0.0,1.0,-1.1406205550217723,0.0,0.0,1.0,0.0,0.0,0.0,0.0,1.0,1
0.0,-1.2425677637287238,1.0,0.0,1.0,-0.5064419972567069,-0.3518233783152959,1.3793784306379817,-0.5893559394490824,1.0,-0.03240982378881367,1.0,0.0,0.0,0.0,0.0,0.0,0.5793156974750526,1.0,0.0,0.0,0.0,0.0,0.0,1.0,0.0,0
0.0,1.031962591034074,0.0,0.0,0.0,0.5329961123703084,-0.8008188006785139,0.5895033185083915,1.660524641970569,0.0,-0.5965604853330798,1.0,1.0,0.0,0.0,0.0,0.0,0.5793156974750526,1.0,0.0,0.0,0.0,1.0,0.0,0.0,1.0,0
0.0,0.014409537587559178,0.0,0.0,1.0,0.5329961123703084,0.5881715670068138,-1.068896923633059,1.8146266997953464,0.0,-0.5097680758647312,1.0,0.0,0.0,0.0,0.0,0.0,1.439283823723465,1.0,0.0,0.0,0.0,0.0,0.0,1.0,0.0,0
1.0,-1.601704135533376,1.0,0.0,0.0,-0.5064419972567069,-0.8855794794764786,1.1316541735749668,-0.5155932412148706,0.0,0.18457119988205792,1.0,1.0,1.0,1.0,0.0,1.0,0.5793156974750526,1.0,0.0,0.0,0.0,0.0,0.0,0.0,1.0,0
1.0,1.2115307769364,0.0,1.0,1.0,-0.5064419972567069,-1.387503068796501,1.1661809178010467,1.1433341003424944,1.0,-0.37957946166220824,1.0,1.0,0.0,0.0,0.0,1.0,-0.2806524287733598,0.0,0.0,1.0,0.0,0.0,0.0,0.0,1.0,1
1.0,-1.661560197500818,1.0,0.0,1.0,-0.5064419972567069,1.07398906255762,-0.9254426498010824,-0.9523497950314251,1.0,-0.6399566900672541,1.0,1.0,0.0,0.0,0.0,1.0,-2.0005886812701847,1.0,0.0,0.0,0.0,0.0,0.0,0.0,1.0,1
0.0,1.031962591034074,0.0,0.0,0.0,-0.5064419972567069,0.22961780698428763,-0.031280022319384794,0.6401485354157196,0.0,-0.5097680758647312,1.0,1.0,0.0,0.0,1.0,1.0,-2.0005886812701847,0.0,0.0,1.0,0.0,0.0,0.0,0.0,1.0,1
1.0,1.4509550248061682,0.0,1.0,1.0,-0.5064419972567069,-1.231068190372126,1.391813318195691,-0.9831039668417123,1.0,1.00909908983137,1.0,1.0,0.0,1.0,1.0,0.0,1.439283823723465,0.0,1.0,0.0,0.0,0.0,0.0,0.0,1.0,0
0.0,0.8523944051317478,0.0,0.0,1.0,-0.5064419972567069,-1.0577852534240246,0.8942185033528848,-0.7723669187755294,1.0,1.4430611371731132,1.0,0.0,0.0,0.0,0.0,0.0,0.5793156974750526,0.0,0.0,0.0,0.0,0.0,0.0,1.0,0.0,0
0.0,0.2538337854573274,0.0,0.0,1.0,-0.5064419972567069,-1.387503068796501,1.1661809178010467,1.1433341003424944,1.0,-1.2475035563456947,1.0,1.0,1.0,0.0,0.0,1.0,-1.1406205550217723,1.0,0.0,0.0,0.0,0.0,0.0,0.0,1.0,1
0.0,-0.28487077224965107,0.0,0.0,0.0,-0.5064419972567069,1.1426210045202905,-1.376348042108352,-1.0289040257838014,0.0,-1.290899761079869,1.0,0.0,0.0,0.0,0.0,0.0,1.439283823723465,0.0,0.0,0.0,0.0,0.0,0.0,1.0,1.0,0
1.0,0.014409537587559178,0.0,0.0,1.0,-0.5064419972567069,-0.8268215316855811,0.8716855754280205,1.6963887377124116,1.0,0.4015522235529295,0.0,1.0,0.0,0.0,1.0,1.0,-0.2806524287733598,1.0,0.0,0.0,0.0,0.0,1.0,0.0,1.0,0
1.0,1.9298035205457047,0.0,1.0,0.0,-0.5064419972567069,-1.3427114450304682,1.1797632365459059,-0.8357205127047209,0.0,-1.0739187374089973,1.0,1.0,0.0,0.0,0.0,1.0,-1.1406205550217723,1.0,0.0,0.0,0.0,0.0,0.0,0.0,1.0,1
0.0,1.5706671487410524,0.0,1.0,1.0,-0.5064419972567069,0.5468261370297243,-0.8763970024674841,2.5553290993184925,1.0,0.31475981408458087,0.0,1.0,0.0,0.0,0.0,1.0,-2.0005886812701847,1.0,0.0,0.0,0.0,1.0,0.0,0.0,1.0,1
0.0,-0.7038632060217453,0.0,0.0,1.0,-0.5064419972567069,0.03211366312088237,0.2579007805101188,-0.6282008241509989,1.0,1.139287704033893,1.0,1.0,0.0,1.0,1.0,1.0,1.439283823723465,1.0,0.0,0.0,0.0,0.0,0.0,0.0,0.0,0
1.0,-0.225014710282209,0.0,0.0,1.0,0.5329961123703084,-0.8545423053312976,1.1389489200566743,-0.9530121925781083,1.0,-0.7701453042697771,1.0,1.0,0.0,1.0,0.0,1.0,-0.2806524287733598,1.0,0.0,0.0,0.0,0.0,1.0,0.0,1.0,0
1.0,-0.40458289618453513,0.0,0.0,1.0,-0.5064419972567069,0.0005674243294180545,-0.5632248760627073,-0.35221761773652993,1.0,0.5751370424896268,1.0,1.0,0.0,1.0,1.0,1.0,1.439283823723465,0.0,1.0,0.0,0.0,0.0,1.0,0.0,0.0,0
0.0,1.3910989628387262,0.0,1.0,0.0,-0.5064419972567069,-1.0715716459416644,0.9780894023424327,-1.0206240564502627,0.0,-0.7267490995356027,1.0,1.0,0.0,0.0,0.0,1.0,0.5793156974750526,0.0,0.0,0.0,1.0,0.0,0.0,0.0,0.0,0
0.0,-0.225014710282209,0.0,0.0,0.0,-0.5064419972567069,-0.2985899343069079,-0.32732511192105423,-0.9802651202130704,0.0,-1.4644845800165662,1.0,1.0,0.0,0.0,0.0,0.0,0.5793156974750526,1.0,0.0,0.0,0.0,0.0,0.0,0.0,1.0,0
1.0,0.7326822811968637,0.0,0.0,1.0,-0.5064419972567069,-0.8126538461088075,0.5455498296036544,1.0378709480884483,1.0,-0.9871263279406487,1.0,1.0,1.0,0.0,1.0,1.0,-2.0005886812701847,1.0,0.0,0.0,0.0,0.0,0.0,0.0,0.0,1
0.0,-1.1827117017612818,1.0,0.0,1.0,-0.5064419972567069,0.6575191915937285,-1.1419712656421193,-0.30674875756778236,1.0,-0.37957946166220824,1.0,1.0,1.0,0.0,0.0,0.0,1.439283823723465,1.0,0.0,0.0,0.0,0.0,1.0,0.0,0.0,0
0.0,-0.5242950201194192,0.0,0.0,0.0,1.5724342219973237,-0.84777526329777,0.7599270696402413,-0.41462492945617413,0.0,-0.20599464272551093,1.0,0.0,0.0,0.0,0.0,0.0,0.5793156974750526,1.0,0.0,0.0,0.0,0.0,0.0,1.0,0.0,0
0.0,0.9122504670991899,0.0,0.0,0.0,-0.5064419972567069,1.0442409258170073,-1.4666633797075028,-0.6014210376208103,0.0,0.7053256566921497,0.0,1.0,0.0,1.0,1.0,1.0,0.5793156974750526,0.0,1.0,0.0,0.0,1.0,0.0,0.0,0.0,0
1.0,-0.7637192679891874,0.0,0.0,0.0,-0.5064419972567069,0.5551361422802691,-0.5044050712302225,-0.7144071334407576,0.0,-1.0739187374089973,1.0,1.0,1.0,0.0,0.0,1.0,-2.0005886812701847,0.0,0.0,0.0,1.0,0.0,0.0,0.0,1.0,1
0.0,-0.225014710282209,0.0,0.0,0.0,-0.5064419972567069,0.9174781681256975,-1.3808039690908478,0.8681552338061407,0.0,-0.5097680758647312,1.0,0.0,0.0,0.0,0.0,0.0,1.439283823723465,0.0,0.0,1.0,0.0,0.0,0.0,1.0,1.0,0
1.0,0.6728262192294217,0.0,0.0,0.0,-0.5064419972567069,-0.8674197404821031,0.9939776563801626,1.3036343066398064,0.0,-1.3342959658140432,1.0,1.0,0.0,0.0,1.0,1.0,-2.0005886812701847,0.0,0.0,0.0,0.0,0.0,0.0,0.0,1.0,1
1.0,0.7925383431643057,0.0,0.0,1.0,-0.5064419972567069,-0.9067758153680716,0.8593729513462164,1.1554465126246998,1.0,0.3581560188187552,1.0,1.0,0.0,0.0,0.0,1.0,-1.1406205550217723,1.0,0.0,0.0,0.0,1.0,0.0,0.0,0.0,1
1.0,-1.661560197500818,1.0,0.0,1.0,2.611872331624339,0.5717387661413328,-0.9699783896741325,0.6977771219771499,1.0,-0.03240982378881367,0.0,1.0,1.0,1.0,0.0,1.0,0.5793156974750526,1.0,0.0,0.0,0.0,1.0,0.0,0.0,0.0,0
0.0,-0.3447268342170931,0.0,0.0,0.0,-0.5064419972567069,1.2645911146719613,-0.9225226288990024,-0.5752563345268277,0.0,0.31475981408458087,1.0,1.0,0.0,0.0,1.0,1.0,-1.1406205550217723,1.0,0.0,0.0,0.0,0.0,0.0,0.0,1.0,1
1.0,-1.2425677637287238,1.0,0.0,0.0,-0.5064419972567069,-0.12227848727090224,-0.17066407583248897,-0.34180851343150964,0.0,-1.4644845800165662,0.0,1.0,1.0,0.0,0.0,1.0,-2.0005886812701847,0.0,0.0,0.0,0.0,1.0,0.0,0.0,1.0,1
0.0,0.6129701572619797,0.0,0.0,0.0,-0.5064419972567069,-1.3611760567359625,2.2649798465761593,-0.863872408438753,0.0,-0.7701453042697771,1.0,1.0,0.0,0.0,0.0,1.0,-0.2806524287733598,1.0,0.0,0.0,0.0,0.0,0.0,0.0,1.0,0
0.0,1.2115307769364,0.0,1.0,0.0,-0.5064419972567069,0.7054274716691813,-1.1664770185594517,0.16454709689724856,0.0,-0.7701453042697771,1.0,1.0,0.0,1.0,0.0,1.0,-0.2806524287733598,1.0,0.0,0.0,0.0,0.0,0.0,0.0,1.0,1
1.0,-1.3622798876636077,1.0,0.0,0.0,-0.5064419972567069,-0.8444107462828908,0.3992442792390765,-0.15075413532391055,0.0,-1.421088375282392,1.0,1.0,1.0,0.0,0.0,1.0,0.5793156974750526,1.0,0.0,0.0,0.0,0.0,1.0,0.0,1.0,0
0.0,-0.28487077224965107,0.0,0.0,0.0,-0.5064419972567069,-0.9435473459974517,0.7167666785283076,1.3941461999830052,0.0,-1.4644845800165662,1.0,1.0,0.0,1.0,1.0,1.0,-0.2806524287733598,0.0,0.0,0.0,0.0,0.0,0.0,0.0,1.0,0
0.0,-0.5242950201194192,0.0,0.0,1.0,-0.5064419972567069,1.0474222766009356,-1.1448326923500798,-1.0191100049149868,1.0,1.5298535466414618,0.0,1.0,1.0,1.0,1.0,1.0,0.5793156974750526,1.0,0.0,0.0,0.0,1.0,0.0,0.0,0.0,0
0.0,1.8100913966108205,0.0,1.0,0.0,-0.5064419972567069,-0.8960648364323537,1.2095913723240967,0.44043567509076276,0.0,0.18457119988205792,1.0,1.0,0.0,1.0,0.0,1.0,-2.0005886812701847,0.0,1.0,0.0,0.0,0.0,0.0,0.0,1.0,1
1.0,1.5108110867736102,0.0,1.0,1.0,-0.5064419972567069,-0.9092390574849621,1.1557248530666908,1.149390306483597,1.0,-1.3776921705482175,1.0,1.0,0.0,0.0,0.0,1.0,-2.0005886812701847,0.0,0.0,0.0,0.0,0.0,0.0,0.0,1.0,1
1.0,0.43340197135965347,0.0,0.0,0.0,2.611872331624339,-0.3651577181923123,0.1649200991360713,-1.0260178650446823,0.0,1.4430611371731132,1.0,1.0,1.0,0.0,0.0,0.0,-0.2806524287733598,1.0,0.0,0.0,0.0,0.0,1.0,0.0,0.0,0
0.0,0.014409537587559178,0.0,0.0,0.0,-0.5064419972567069,2.2839374720422403,-1.8612325305439341,-1.012012888343382,0.0,-1.2475035563456947,1.0,1.0,1.0,1.0,1.0,1.0,-0.2806524287733598,1.0,0.0,0.0,0.0,0.0,1.0,0.0,1.0,0
1.0,0.2538337854573274,0.0,0.0,1.0,2.611872331624339,-1.0104462847242406,0.9349050199069252,-0.9065024219788587,1.0,-0.5531642805989055,1.0,0.0,0.0,0.0,0.0,0.0,1.439283823723465,0.0,0.0,1.0,0.0,0.0,0.0,1.0,0.0,0
0.0,1.3312429008712843,0.0,1.0,0.0,-0.5064419972567069,-1.387503068796501,1.1661809178010467,1.1433341003424944,0.0,-0.5097680758647312,1.0,1.0,0.0,0.0,0.0,1.0,-2.0005886812701847,1.0,0.0,0.0,0.0,0.0,0.0,0.0,1.0,1
0.0,-0.9432874538915136,0.0,0.0,0.0,-0.5064419972567069,-0.8212230335978505,0.6731749049636201,-0.18023082615130884,0.0,-1.030522532674823,1.0,1.0,0.0,0.0,1.0,1.0,-2.0005886812701847,1.0,0.0,0.0,0.0,0.0,0.0,0.0,1.0,1
0.0,-0.10530258634732491,0.0,0.0,0.0,-0.5064419972567069,0.6166403705140301,-1.2580445187005882,0.9953828768797747,0.0,1.5298535466414618,0.0,1.0,1.0,1.0,1.0,1.0,0.5793156974750526,1.0,0.0,0.0,0.0,1.0,0.0,0.0,0.0,0
1.0,-0.5242950201194192,0.0,0.0,0.0,-0.5064419972567069,0.9420434687772922,-0.7236017990757923,-0.10930697454573898,0.0,1.00909908983137,1.0,1.0,0.0,1.0,1.0,1.0,0.5793156974750526,1.0,0.0,0.0,0.0,0.0,0.0,0.0,0.0,0
0.0,0.19397772348988532,0.0,0.0,0.0,-0.5064419972567069,0.610922591988925,0.3248988584521301,-1.0079438748423288,0.0,1.269476318236416,1.0,0.0,0.0,0.0,0.0,0.0,-0.2806524287733598,0.0,0.0,0.0,0.0,0.0,0.0,1.0,0.0,0
0.0,-1.661560197500818,1.0,0.0,0.0,-0.5064419972567069,-1.0491436889916275,0.9911563690020334,0.9591402682541131,0.0,-1.290899761079869,1.0,1.0,0.0,1.0,0.0,1.0,0.5793156974750526,0.0,0.0,0.0,0.0,1.0,0.0,0.0,1.0,0
0.0,0.9122504670991899,0.0,0.0,0.0,-0.5064419972567069,0.6191242339946668,-1.1244363763382323,0.417772216172105,0.0,0.7053256566921497,1.0,0.0,0.0,0.0,0.0,0.0,-0.2806524287733598,1.0,0.0,0.0,0.0,0.0,0.0,1.0,0.0,0
0.0,-1.541848073565934,1.0,0.0,1.0,-0.5064419972567069,1.3661117057721366,-1.048343741274754,-0.9683892784832518,1.0,0.9657028850971957,0.0,1.0,0.0,0.0,1.0,0.0,0.5793156974750526,0.0,1.0,0.0,0.0,0.0,1.0,0.0,1.0,0
0.0,-1.481992011598492,1.0,0.0,1.0,1.5724342219973237,-1.002742385831743,1.1934212202343542,-0.6259297468480853,1.0,-1.160711146877346,1.0,0.0,0.0,0.0,0.0,0.0,0.5793156974750526,1.0,0.0,0.0,0.0,0.0,0.0,1.0,0.0,0
1.0,-1.2425677637287238,1.0,0.0,1.0,-0.5064419972567069,1.064419941096963,-0.145880577207618,-1.033919321494402,1.0,1.5298535466414618,1.0,1.0,1.0,1.0,1.0,1.0,-0.2806524287733598,0.0,0.0,0.0,0.0,0.0,0.0,0.0,0.0,0
0.0,-1.3024238256961658,1.0,0.0,0.0,-0.5064419972567069,0.7025841495145596,-0.5089112877179092,-1.0089847852728309,0.0,-0.6833528948014285,1.0,1.0,0.0,0.0,0.0,1.0,-0.2806524287733598,1.0,0.0,0.0,0.0,0.0,0.0,0.0,1.0,0
1.0,1.031962591034074,0.0,0.0,0.0,-0.5064419972567069,0.7623222185942542,-1.1476027674798126,0.7237525686292232,0.0,-1.421088375282392,1.0,1.0,0.0,0.0,0.0,1.0,-2.0005886812701847,0.0,0.0,0.0,0.0,0.0,0.0,0.0,1.0,1
0.0,0.43340197135965347,0.0,0.0,1.0,1.5724342219973237,2.0405649457527084,-0.33713156543244965,-1.0240779865151102,1.0,-1.030522532674823,1.0,0.0,0.0,0.0,0.0,0.0,-0.2806524287733598,1.0,0.0,0.0,0.0,0.0,0.0,1.0,0.0,0
0.0,-0.3447268342170931,0.0,0.0,0.0,-0.5064419972567069,0.4489664445057662,-0.2520860143309294,-0.8408304366362763,0.0,-0.5097680758647312,1.0,1.0,0.0,0.0,1.0,1.0,-2.0005886812701847,1.0,0.0,0.0,0.0,0.0,0.0,0.0,1.0,1
1.0,-0.225014710282209,0.0,0.0,1.0,2.611872331624339,0.6755669282791134,0.26571687690797646,-1.0133376834367485,1.0,-0.5531642805989055,1.0,0.0,0.0,0.0,0.0,0.0,1.439283823723465,1.0,0.0,0.0,0.0,0.0,0.0,1.0,0.0,0
0.0,0.5531140952945376,0.0,0.0,0.0,-0.5064419972567069,-1.2858138677221371,2.107618448387843,0.0696823053901321,0.0,1.269476318236416,1.0,1.0,1.0,1.0,1.0,1.0,-0.2806524287733598,0.0,0.0,0.0,0.0,0.0,1.0,0.0,0.0,0
0.0,-1.1228556397938396,1.0,0.0,0.0,-0.5064419972567069,0.9001610746617864,-1.5242522450919327,-1.0283362564580731,0.0,0.31475981408458087,1.0,0.0,0.0,0.0,0.0,0.0,-0.2806524287733598,1.0,0.0,0.0,0.0,0.0,0.0,1.0,0.0,0
1.0,1.7502353346433785,0.0,1.0,1.0,-0.5064419972567069,-0.8418152848337253,0.6602689569949446,-0.009143002665157676,1.0,-0.42297566639638257,1.0,1.0,0.0,1.0,1.0,1.0,1.439283823723465,0.0,0.0,1.0,0.0,0.0,1.0,0.0,1.0,0
0.0,0.9122504670991899,0.0,0.0,1.0,-0.5064419972567069,1.8480143769342823,-0.7910280298693083,-1.0184002932578264,1.0,-1.4644845800165662,0.0,1.0,0.0,0.0,0.0,1.0,-0.2806524287733598,0.0,0.0,0.0,0.0,0.0,1.0,0.0,1.0,0
1.0,-1.601704135533376,1.0,0.0,1.0,-0.5064419972567069,1.7641541643533738,-1.123669115355427,-0.8038781163534544,1.0,1.139287704033893,1.0,1.0,0.0,0.0,1.0,0.0,-0.2806524287733598,0.0,1.0,0.0,0.0,0.0,0.0,0.0,0.0,0
0.0,0.07426559955500123,0.0,0.0,0.0,-0.5064419972567069,-1.3724413864501228,1.1813840350020648,1.3859135447599438,0.0,-0.5965604853330798,1.0,1.0,0.0,0.0,0.0,1.0,-0.2806524287733598,1.0,0.0,0.0,0.0,1.0,0.0,0.0,1.0,1
0.0,0.43340197135965347,0.0,0.0,0.0,-0.5064419972567069,0.9967313254407114,-0.5977617704641466,0.005051230478051768,0.0,-1.1173149421431716,1.0,1.0,0.0,1.0,1.0,1.0,0.5793156974750526,1.0,0.0,0.0,0.0,0.0,0.0,0.0,1.0,0
1.0,1.091818653001516,0.0,1.0,0.0,-0.5064419972567069,0.05797568364589398,-0.9733417886907432,0.5174157328374352,0.0,-0.075806028522988,1.0,1.0,0.0,0.0,0.0,1.0,0.5793156974750526,1.0,0.0,0.0,0.0,0.0,0.0,0.0,1.0,0
0.0,-1.661560197500818,1.0,0.0,0.0,-0.5064419972567069,0.4486166900029559,-0.9571393405884985,1.7941396899586473,0.0,-0.16259843799133664,1.0,1.0,0.0,1.0,1.0,0.0,1.439283823723465,1.0,0.0,0.0,0.0,1.0,0.0,0.0,1.0,0
1.0,-1.541848073565934,1.0,0.0,1.0,-0.5064419972567069,-1.1162237722470412,0.9665325049532565,-0.6839841604038119,1.0,-0.42297566639638257,1.0,1.0,0.0,0.0,1.0,1.0,0.5793156974750526,0.0,0.0,1.0,0.0,0.0,0.0,0.0,1.0,0
1.0,-0.3447268342170931,0.0,0.0,1.0,1.5724342219973237,-0.37014606651734056,-0.22909494440009495,-0.910050980264661,1.0,0.27136360935040654,1.0,1.0,0.0,0.0,0.0,1.0,0.5793156974750526,0.0,1.0,0.0,0.0,0.0,1.0,0.0,1.0,0
0.0,1.271386838903842,0.0,1.0,0.0,-0.5064419972567069,-1.3190243718703194,1.179945478330762,0.29712123445482475,0.0,-0.8569377137381258,1.0,1.0,0.0,0.0,0.0,1.0,-2.0005886812701847,1.0,0.0,0.0,0.0,0.0,1.0,0.0,1.0,1
0.0,0.3136898474247694,0.0,0.0,1.0,1.5724342219973237,-1.081822081086981,1.737575812191069,-0.6223338744518057,1.0,1.2260801135022417,1.0,0.0,0.0,0.0,0.0,0.0,1.439283823723465,1.0,0.0,0.0,0.0,0.0,0.0,1.0,0.0,0
1.0,-1.42213594963105,1.0,0.0,0.0,-0.5064419972567069,0.9702923110711794,-0.8108776205266004,0.4495199843024168,0.0,-0.6833528948014285,1.0,1.0,1.0,0.0,0.0,0.0,0.5793156974750526,1.0,0.0,0.0,0.0,0.0,1.0,0.0,0.0,0
0.0,-1.1228556397938396,1.0,0.0,1.0,-0.5064419972567069,-0.9704060657703515,0.9964713699171751,1.8155729820048936,1.0,0.05438258567953497,1.0,1.0,1.0,1.0,1.0,1.0,0.5793156974750526,1.0,0.0,0.0,0.0,1.0,0.0,0.0,0.0,0
1.0,1.8699474585782625,0.0,1.0,1.0,0.5329961123703084,-0.9231362392901986,0.658550809129666,0.27710736572289946,1.0,-0.5097680758647312,1.0,1.0,0.0,1.0,0.0,1.0,-1.1406205550217723,0.0,0.0,1.0,0.0,0.0,0.0,0.0,1.0,1
1.0,1.5108110867736102,0.0,1.0,0.0,-0.5064419972567069,-1.416546440105441,1.2191989746727787,1.193203172785637,0.0,-1.290899761079869,1.0,1.0,0.0,0.0,0.0,1.0,1.439283823723465,1.0,0.0,0.0,0.0,0.0,0.0,0.0,0.0,0
0.0,1.2115307769364,0.0,1.0,0.0,-0.5064419972567069,0.4098703605392252,-1.0092097401790063,0.11931480728088778,0.0,-1.3776921705482175,1.0,1.0,0.0,0.0,0.0,1.0,-1.1406205550217723,1.0,0.0,0.0,0.0,0.0,0.0,0.0,1.0,1
1.0,-0.3447268342170931,0.0,0.0,0.0,-0.5064419972567069,1.0171747793852173,-0.7860406027952898,-0.7439784524891105,0.0,0.1411749951478836,1.0,1.0,0.0,1.0,1.0,1.0,1.439283823723465,0.0,1.0,0.0,0.0,0.0,0.0,0.0,0.0,0
0.0,0.19397772348988532,0.0,0.0,0.0,-0.5064419972567069,2.0993184457984864,-1.3551503236147662,-1.0186368638102132,0.0,1.3562687277047645,1.0,1.0,0.0,1.0,0.0,0.0,0.5793156974750526,1.0,0.0,0.0,0.0,0.0,0.0,0.0,0.0,0
0.0,-0.8834313919240715,0.0,0.0,0.0,-0.5064419972567069,2.112779344241258,-1.7125559914898683,-1.0276265448009125,0.0,-1.4644845800165662,1.0,1.0,0.0,0.0,0.0,1.0,1.439283823723465,1.0,0.0,0.0,0.0,1.0,0.0,0.0,1.0,0
0.0,-0.8235753299566294,0.0,0.0,1.0,0.5329961123703084,-0.9482324389732225,0.8150808156817781,0.5491635009677471,1.0,-0.42297566639638257,1.0,1.0,0.0,0.0,0.0,0.0,-0.2806524287733598,0.0,0.0,1.0,0.0,0.0,0.0,0.0,1.0,0
0.0,0.9122504670991899,0.0,0.0,1.0,2.611872331624339,-0.8135583557305219,0.6274622061205609,1.6666281622221493,1.0,-0.3361832569280339,0.0,1.0,1.0,1.0,1.0,1.0,-0.2806524287733598,1.0,0.0,0.0,0.0,0.0,1.0,0.0,0.0,0
0.0,-0.225014710282209,0.0,0.0,0.0,-0.5064419972567069,-0.8528485231205881,0.3040637780418191,0.17566591285942929,0.0,0.4883446330212782,1.0,0.0,0.0,0.0,0.0,0.0,1.439283823723465,0.0,1.0,0.0,0.0,0.0,0.0,1.0,0.0,0
0.0,0.3136898474247694,0.0,0.0,1.0,-0.5064419972567069,-1.0465296278810419,1.0116352705315739,0.48954772176626743,1.0,-0.2927870521938596,1.0,1.0,1.0,0.0,0.0,0.0,-2.0005886812701847,0.0,0.0,1.0,0.0,0.0,0.0,0.0,1.0,1
0.0,0.9721065290666319,0.0,0.0,1.0,-0.5064419972567069,1.2125112540121437,-0.4759116835117105,-1.0016510981488393,1.0,-1.0739187374089973,1.0,1.0,0.0,1.0,1.0,1.0,0.5793156974750526,1.0,0.0,0.0,0.0,0.0,1.0,0.0,1.0,0
0.0,0.19397772348988532,0.0,0.0,0.0,-0.5064419972567069,1.064419941096963,-0.145880577207618,-1.033919321494402,0.0,-1.4644845800165662,1.0,1.0,0.0,1.0,1.0,1.0,-0.2806524287733598,0.0,0.0,0.0,0.0,0.0,0.0,0.0,1.0,1
0.0,-0.28487077224965107,0.0,0.0,0.0,-0.5064419972567069,-0.8715197528040434,0.6353152122470076,-0.6434832818351877,0.0,-0.42297566639638257,1.0,0.0,0.0,0.0,0.0,0.0,-0.2806524287733598,0.0,0.0,1.0,0.0,0.0,0.0,1.0,0.0,0
0.0,0.6728262192294217,0.0,0.0,0.0,1.5724342219973237,-0.9186828334012576,0.6090908500927904,-0.504237854700303,0.0,-0.8135415090039514,1.0,1.0,0.0,0.0,0.0,0.0,1.439283823723465,0.0,0.0,0.0,1.0,0.0,1.0,0.0,1.0,0
0.0,0.014409537587559178,0.0,0.0,0.0,-0.5064419972567069,0.7410959615081992,-1.3912900229796759,-1.0254500957189538,0.0,-1.2475035563456947,0.0,1.0,1.0,0.0,0.0,0.0,0.5793156974750526,0.0,0.0,0.0,0.0,1.0,0.0,0.0,1.0,0
1.0,-0.7038632060217453,0.0,0.0,1.0,-0.5064419972567069,-0.8967222940295384,0.7094700865601693,-0.8648660047587776,1.0,0.09777879041370928,1.0,1.0,1.0,1.0,1.0,1.0,-1.1406205550217723,1.0,0.0,0.0,0.0,0.0,0.0,0.0,0.0,1
0.0,0.9122504670991899,0.0,0.0,0.0,-0.5064419972567069,0.31299725875151035,-1.0790757040314827,1.0064070646210006,0.0,-0.7701453042697771,1.0,1.0,0.0,0.0,0.0,1.0,-0.2806524287733598,0.0,0.0,0.0,1.0,1.0,0.0,0.0,1.0,0
0.0,-1.661560197500818,1.0,0.0,1.0,1.5724342219973237,0.580306740608976,-0.029052058828133578,-1.009789125150946,1.0,0.748721861426324,1.0,0.0,0.0,0.0,0.0,0.0,0.5793156974750526,0.0,1.0,0.0,0.0,0.0,0.0,1.0,0.0,0
0.0,-0.10530258634732491,0.0,0.0,0.0,-0.5064419972567069,-1.1703463609394464,2.307633651663369,-1.023415588968427,0.0,1.5298535466414618,1.0,1.0,0.0,1.0,1.0,1.0,1.439283823723465,1.0,0.0,0.0,0.0,0.0,0.0,0.0,0.0,0
0.0,1.9298035205457047,0.0,1.0,1.0,-0.5064419972567069,0.9550506972175763,-1.170161993586294,-0.5913431320891317,1.0,1.3128725229705902,1.0,1.0,1.0,0.0,0.0,1.0,-0.2806524287733598,0.0,0.0,0.0,0.0,1.0,0.0,0.0,0.0,0
1.0,0.37354590939221144,0.0,0.0,0.0,-0.5064419972567069,-0.8722685913464725,0.6267766079122365,-0.49993227064686285,0.0,-1.4644845800165662,1.0,1.0,0.0,0.0,1.0,1.0,-0.2806524287733598,0.0,0.0,0.0,0.0,0.0,1.0,0.0,1.0,0
1.0,0.014409537587559178,0.0,0.0,0.0,2.611872331624339,-0.8710503135233938,0.7738235824496154,1.8784534348293114,0.0,-0.11920223325716231,1.0,1.0,1.0,1.0,1.0,0.0,0.5793156974750526,1.0,0.0,0.0,0.0,0.0,0.0,0.0,1.0,0
1.0,0.43340197135965347,0.0,0.0,1.0,-0.5064419972567069,-0.15093652211605618,0.34877022540953473,-0.998244482194469,1.0,-1.2475035563456947,1.0,1.0,0.0,0.0,1.0,0.0,-0.2806524287733598,0.0,0.0,0.0,0.0,0.0,0.0,0.0,1.0,0
1.0,1.5706671487410524,0.0,1.0,1.0,-0.5064419972567069,1.2347499796242456,-1.05688603658238,-0.6821862242056721,0.0,1.269476318236416,1.0,1.0,0.0,1.0,0.0,1.0,1.439283823723465,1.0,0.0,0.0,0.0,1.0,0.0,0.0,0.0,0
1.0,-0.7038632060217453,0.0,0.0,0.0,-0.5064419972567069,-0.4726791261435657,-0.33660929277308077,-0.30831012321353535,0.0,0.09777879041370928,0.0,1.0,0.0,1.0,1.0,1.0,-0.2806524287733598,0.0,0.0,1.0,0.0,0.0,1.0,0.0,1.0,1
0.0,1.4509550248061682,0.0,1.0,1.0,0.5329961123703084,1.2347499796242456,-1.05688603658238,-0.6821862242056721,1.0,0.9223066803630213,1.0,1.0,1.0,0.0,0.0,0.0,-0.2806524287733598,0.0,1.0,0.0,0.0,0.0,0.0,0.0,0.0,0
1.0,1.5108110867736102,0.0,1.0,1.0,-0.5064419972567069,1.6756226063725272,-1.8801012451642878,-1.0182583509263943,1.0,-0.24939084745968526,0.0,1.0,1.0,1.0,0.0,1.0,-0.2806524287733598,0.0,0.0,1.0,0.0,0.0,1.0,0.0,0.0,0
0.0,-0.5841510820868613,0.0,0.0,1.0,-0.5064419972567069,1.8421405229894272,-1.6274416960188693,-1.0244564993989291,1.0,0.1411749951478836,1.0,1.0,0.0,1.0,1.0,1.0,1.439283823723465,0.0,1.0,0.0,0.0,0.0,0.0,0.0,0.0,0
0.0,-1.661560197500818,1.0,0.0,1.0,0.5329961123703084,1.1957307203461813,-0.7066722293205735,-0.991620506727638,1.0,1.5298535466414618,1.0,0.0,0.0,0.0,0.0,0.0,1.439283823723465,0.0,0.0,0.0,0.0,0.0,0.0,1.0,0.0,0
0.0,-1.3024238256961658,1.0,0.0,1.0,1.5724342219973237,0.9399477721436998,-0.8883912801403058,-1.0065244515280078,1.0,0.748721861426324,1.0,1.0,1.0,0.0,0.0,1.0,-0.2806524287733598,0.0,1.0,0.0,0.0,0.0,1.0,0.0,0.0,0
0.0,-0.5242950201194192,0.0,0.0,1.0,-0.5064419972567069,0.8944210574110707,-0.4992432456886769,-1.0266802625913654,1.0,-1.160711146877346,1.0,1.0,0.0,0.0,0.0,1.0,-2.0005886812701847,1.0,0.0,0.0,0.0,0.0,0.0,0.0,1.0,1
1.0,1.3312429008712843,0.0,1.0,0.0,-0.5064419972567069,0.7749344063995747,-1.2935327613561132,-0.2598604740847138,0.0,-1.030522532674823,1.0,1.0,1.0,0.0,0.0,1.0,-2.0005886812701847,0.0,0.0,0.0,1.0,0.0,0.0,0.0,1.0,1
0.0,0.37354590939221144,0.0,0.0,0.0,-0.5064419972567069,1.0885732188140356,-0.15970557741787034,0.5259795868338384,0.0,-0.24939084745968526,1.0,1.0,0.0,1.0,1.0,1.0,-0.2806524287733598,1.0,0.0,0.0,0.0,0.0,0.0,0.0,0.0,1
0.0,1.3312429008712843,0.0,1.0,1.0,-0.5064419972567069,0.4866655321634006,-0.4638989509746073,-0.5565199467777912,0.0,0.6619294519579755,1.0,1.0,1.0,1.0,1.0,1.0,-2.0005886812701847,1.0,0.0,0.0,0.0,0.0,0.0,0.0,1.0,1
1.0,-0.9432874538915136,0.0,0.0,0.0,-0.5064419972567069,0.9550506972175763,-1.170161993586294,-0.5913431320891317,0.0,0.9223066803630213,1.0,0.0,0.0,0.0,0.0,0.0,-0.2806524287733598,0.0,1.0,0.0,0.0,0.0,0.0,1.0,0.0,0
1.0,0.2538337854573274,0.0,0.0,1.0,-0.5064419972567069,1.0891004787812741,-0.6102797049111618,0.14301917663004757,1.0,1.3128725229705902,1.0,1.0,1.0,1.0,0.0,1.0,-0.2806524287733598,1.0,0.0,0.0,0.0,1.0,0.0,0.0,0.0,0
0.0,0.014409537587559178,0.0,0.0,1.0,-0.5064419972567069,0.895615883487139,-1.4343558329121329,-1.018731492031168,1.0,1.1826839087680672,1.0,1.0,0.0,1.0,0.0,1.0,0.5793156974750526,1.0,0.0,0.0,0.0,1.0,0.0,0.0,0.0,0
1.0,-0.16515864831476695,0.0,0.0,0.0,-0.5064419972567069,0.8000075586760559,-1.0414277808825727,0.8212669503230721,0.0,-0.9437301232064743,1.0,1.0,1.0,1.0,0.0,1.0,-0.2806524287733598,0.0,0.0,0.0,1.0,0.0,0.0,0.0,1.0,0
0.0,1.5108110867736102,0.0,1.0,1.0,-0.5064419972567069,-0.9670480182029241,1.2262201277914089,-0.6897091677715731,1.0,-1.290899761079869,1.0,1.0,0.0,0.0,0.0,1.0,-0.2806524287733598,1.0,0.0,0.0,0.0,0.0,0.0,0.0,1.0,1
1.0,1.271386838903842,0.0,1.0,0.0,-0.5064419972567069,0.6040014962379735,-0.6124130872229298,-0.44736629390651056,0.0,1.269476318236416,1.0,1.0,1.0,0.0,1.0,1.0,-0.2806524287733598,1.0,0.0,0.0,0.0,0.0,0.0,0.0,0.0,0
1.0,0.014409537587559178,0.0,0.0,0.0,-0.5064419972567069,0.9731546372276916,-0.7234287847230899,1.7463051242660315,0.0,-0.8135415090039514,1.0,1.0,0.0,0.0,0.0,1.0,-0.2806524287733598,1.0,0.0,0.0,0.0,0.0,0.0,0.0,1.0,1
1.0,-1.3024238256961658,1.0,0.0,0.0,-0.5064419972567069,0.5462325652261129,-1.2022250134298398,0.8717511062024204,0.0,-1.4644845800165662,0.0,1.0,0.0,0.0,0.0,1.0,0.5793156974750526,1.0,0.0,0.0,0.0,0.0,1.0,0.0,1.0,0
0.0,0.7925383431643057,0.0,0.0,1.0,-0.5064419972567069,-0.8287571094947656,0.6627451384108747,-0.16002770097747407,1.0,1.3128725229705902,1.0,1.0,1.0,1.0,0.0,0.0,-0.2806524287733598,1.0,0.0,0.0,0.0,1.0,0.0,0.0,0.0,0
1.0,1.6305232107084944,0.0,1.0,1.0,-0.5064419972567069,-0.7884269784269842,0.45747029881307083,2.028864992036854,1.0,1.269476318236416,1.0,1.0,0.0,1.0,0.0,1.0,-0.2806524287733598,0.0,0.0,0.0,0.0,0.0,0.0,0.0,0.0,0
1.0,0.07426559955500123,0.0,0.0,0.0,-0.5064419972567069,-0.9802699514304822,0.7817591740937486,-0.027358935198943127,0.0,0.7921180661604984,1.0,1.0,0.0,0.0,0.0,1.0,-0.2806524287733598,1.0,0.0,0.0,0.0,0.0,1.0,0.0,0.0,0
0.0,-1.42213594963105,1.0,0.0,1.0,0.5329961123703084,0.3498917088824526,-0.851877408401937,-0.7688656746002045,0.0,-0.11920223325716231,1.0,1.0,0.0,1.0,1.0,1.0,1.439283823723465,0.0,0.0,1.0,0.0,1.0,0.0,0.0,0.0,0
0.0,0.6728262192294217,0.0,0.0,0.0,-0.5064419972567069,2.175602531074049,-1.28232050855753,-1.0080385030632835,0.0,-1.4644845800165662,0.0,1.0,0.0,0.0,0.0,1.0,-0.2806524287733598,0.0,0.0,0.0,0.0,0.0,1.0,0.0,1.0,0
1.0,-1.0629995778263976,1.0,0.0,1.0,1.5724342219973237,0.6466153422558824,-0.5752805161592848,-0.49430189150005643,1.0,1.3128725229705902,0.0,1.0,1.0,1.0,0.0,1.0,-0.2806524287733598,1.0,0.0,0.0,0.0,1.0,0.0,0.0,0.0,0
0.0,0.7326822811968637,0.0,0.0,1.0,1.5724342219973237,-0.5665338263550185,-0.3039372624080118,0.7306604287589185,0.0,0.9657028850971957,0.0,1.0,1.0,1.0,0.0,1.0,0.5793156974750526,0.0,1.0,0.0,0.0,0.0,1.0,0.0,0.0,0
0.0,-1.541848073565934,1.0,0.0,1.0,-0.5064419972567069,0.29936289824896245,-0.412237326628091,-1.020955255223604,1.0,1.00909908983137,1.0,1.0,0.0,1.0,1.0,1.0,-0.2806524287733598,0.0,1.0,0.0,0.0,0.0,0.0,0.0,0.0,1
1.0,-1.2425677637287238,1.0,0.0,0.0,-0.5064419972567069,-1.3474373763932725,1.203189379902349,2.4750370538384043,0.0,0.010986380945360646,1.0,1.0,0.0,0.0,1.0,1.0,-2.0005886812701847,0.0,0.0,1.0,0.0,1.0,0.0,0.0,1.0,1
0.0,0.014409537587559178,0.0,0.0,1.0,-0.5064419972567069,0.31299725875151035,-1.0790757040314827,1.0064070646210006,1.0,-1.3342959658140432,1.0,1.0,0.0,0.0,1.0,1.0,-2.0005886812701847,1.0,0.0,0.0,0.0,0.0,0.0,0.0,1.0,1
0.0,1.5706671487410524,0.0,1.0,0.0,-0.5064419972567069,-1.3174599786086236,1.2111457332688071,1.1971775580657356,0.0,-0.7267490995356027,1.0,1.0,0.0,1.0,0.0,0.0,-0.2806524287733598,1.0,0.0,0.0,0.0,0.0,0.0,0.0,1.0,1
1.0,1.9298035205457047,0.0,1.0,1.0,-0.5064419972567069,0.7464130386318213,-1.3405386848142018,-1.0084643300575797,1.0,0.5751370424896268,1.0,1.0,0.0,0.0,1.0,1.0,-0.2806524287733598,1.0,0.0,0.0,0.0,0.0,0.0,0.0,0.0,0
0.0,0.19397772348988532,0.0,0.0,1.0,1.5724342219973237,-0.9711791647407202,0.8994684508714091,-0.7563747494341801,1.0,-0.2927870521938596,1.0,1.0,1.0,0.0,0.0,1.0,0.5793156974750526,1.0,0.0,0.0,0.0,0.0,1.0,0.0,1.0,0
0.0,-0.46443895815197717,0.0,0.0,1.0,-0.5064419972567069,-0.9789453320649325,0.673500171946713,0.12958196925447596,1.0,1.3562687277047645,1.0,1.0,1.0,1.0,1.0,1.0,-0.2806524287733598,0.0,0.0,0.0,0.0,0.0,1.0,0.0,0.0,0
1.0,0.3136898474247694,0.0,0.0,0.0,-0.5064419972567069,1.8860442150928394,-1.226437795376582,-0.9787037545673174,0.0,1.269476318236416,0.0,1.0,1.0,1.0,1.0,1.0,0.5793156974750526,1.0,0.0,0.0,0.0,0.0,1.0,0.0,0.0,0
1.0,0.13412166152244326,0.0,0.0,0.0,-0.5064419972567069,-0.3378457327573922,0.013439804824945634,-1.0228951337531762,0.0,-0.3361832569280339,1.0,1.0,0.0,1.0,1.0,1.0,-2.0005886812701847,0.0,0.0,1.0,0.0,0.0,0.0,0.0,1.0,1
1.0,-1.1228556397938396,1.0,0.0,1.0,1.5724342219973237,-1.2445974223535996,1.2885159063126697,1.2665400440255523,1.0,0.9223066803630213,1.0,1.0,1.0,1.0,0.0,1.0,-0.2806524287733598,0.0,1.0,0.0,0.0,0.0,1.0,0.0,0.0,0
1.0,-1.541848073565934,1.0,0.0,1.0,1.5724342219973237,0.487223926346498,-1.1098874840762485,-0.40383731226733494,1.0,0.31475981408458087,1.0,0.0,0.0,0.0,0.0,0.0,1.439283823723465,1.0,0.0,0.0,0.0,0.0,0.0,1.0,1.0,0
1.0,-1.661560197500818,1.0,0.0,1.0,-0.5064419972567069,-0.8594566593511074,0.6362102731650042,-0.07159762849527923,1.0,1.4864573419072875,1.0,0.0,0.0,0.0,0.0,0.0,1.439283823723465,0.0,0.0,0.0,0.0,0.0,0.0,1.0,0.0,0
1.0,0.7326822811968637,0.0,0.0,0.0,-0.5064419972567069,0.41958625758891926,-0.997956886678979,1.104110702756759,0.0,0.5751370424896268,1.0,1.0,1.0,1.0,1.0,1.0,0.5793156974750526,0.0,1.0,0.0,0.0,0.0,1.0,0.0,0.0,0
0.0,0.07426559955500123,0.0,0.0,0.0,-0.5064419972567069,-1.1551128338951566,1.1351453725267753,0.9613167173360719,0.0,-1.4644845800165662,1.0,1.0,0.0,0.0,1.0,1.0,-1.1406205550217723,1.0,0.0,0.0,0.0,1.0,0.0,0.0,1.0,1
0.0,-1.0031435158589557,0.0,0.0,0.0,-0.5064419972567069,-0.463204620351879,0.5111550376572332,0.18375662575105867,0.0,0.05438258567953497,1.0,1.0,0.0,1.0,1.0,1.0,-2.0005886812701847,0.0,0.0,1.0,0.0,0.0,0.0,0.0,1.0,1
0.0,0.014409537587559178,0.0,0.0,0.0,-0.5064419972567069,-0.9420132782706797,2.077559165434443,-0.9915731926171606,0.0,0.05438258567953497,1.0,1.0,0.0,1.0,1.0,1.0,-0.2806524287733598,0.0,0.0,1.0,0.0,0.0,0.0,0.0,1.0,0
1.0,-1.0031435158589557,0.0,0.0,0.0,-0.5064419972567069,0.5619270404012745,-0.6936103377486524,-1.0242199288465423,0.0,1.00909908983137,1.0,1.0,1.0,1.0,1.0,1.0,0.5793156974750526,1.0,0.0,0.0,0.0,0.0,0.0,0.0,1.0,0
1.0,0.5531140952945376,0.0,0.0,0.0,-0.5064419972567069,0.6737409267361288,-1.2496549373949588,-0.41902514173056904,0.0,-0.9003339184723,1.0,0.0,0.0,0.0,0.0,0.0,-0.2806524287733598,0.0,0.0,0.0,1.0,0.0,0.0,1.0,0.0,0
0.0,-1.1228556397938396,1.0,0.0,1.0,1.5724342219973237,-0.8619728700689998,1.059271888976729,2.872380953627314,1.0,1.4864573419072875,1.0,1.0,1.0,0.0,1.0,1.0,-0.2806524287733598,0.0,0.0,0.0,0.0,0.0,0.0,0.0,0.0,0
0.0,-1.481992011598492,1.0,0.0,1.0,-0.5064419972567069,-0.8527191341715714,0.739605495828758,0.09759763057177734,1.0,-1.4644845800165662,0.0,1.0,0.0,0.0,0.0,1.0,-0.2806524287733598,1.0,0.0,0.0,0.0,0.0,1.0,0.0,1.0,0
1.0,-1.2425677637287238,1.0,0.0,0.0,-0.5064419972567069,0.8230319178129624,-1.2465263765264187,0.5863523918029558,0.0,-1.3342959658140432,1.0,1.0,0.0,1.0,1.0,1.0,-1.1406205550217723,1.0,0.0,0.0,0.0,0.0,0.0,0.0,1.0,1
0.0,0.7326822811968637,0.0,0.0,1.0,2.611872331624339,0.5740305679007763,-0.5558406234891963,0.24668439268595385,1.0,1.5298535466414618,1.0,1.0,1.0,1.0,1.0,1.0,0.5793156974750526,1.0,0.0,0.0,0.0,0.0,1.0,0.0,0.0,0
1.0,0.9122504670991899,0.0,0.0,1.0,-0.5064419972567069,-0.8774938831843854,0.7589531141774065,0.23712694236952617,1.0,1.0524952945655444,1.0,1.0,1.0,1.0,1.0,1.0,0.5793156974750526,0.0,1.0,0.0,0.0,0.0,1.0,0.0,0.0,0
1.0,0.6129701572619797,0.0,0.0,1.0,-0.5064419972567069,-0.12227848727090224,-0.17066407583248897,-0.34180851343150964,1.0,0.27136360935040654,1.0,1.0,0.0,0.0,0.0,1.0,-1.1406205550217723,1.0,0.0,0.0,0.0,0.0,1.0,0.0,1.0,1
0.0,-0.7038632060217453,0.0,0.0,0.0,-0.5064419972567069,1.1785381637456995,-1.6028994947445667,0.4289856603552405,0.0,-1.3342959658140432,1.0,1.0,0.0,0.0,0.0,0.0,-1.1406205550217723,1.0,0.0,0.0,0.0,1.0,0.0,0.0,1.0,1
0.0,1.5706671487410524,0.0,1.0,1.0,-0.5064419972567069,0.3809640606481476,-0.8716951644183395,0.9361456105621139,1.0,-0.3361832569280339,1.0,1.0,0.0,0.0,0.0,1.0,-2.0005886812701847,1.0,0.0,0.0,0.0,0.0,0.0,0.0,1.0,1
0.0,0.8523944051317478,0.0,0.0,1.0,0.5329961123703084,1.0158703770429518,-1.5244903128412588,-0.9260431496060103,1.0,1.3996649324389387,1.0,1.0,0.0,0.0,1.0,1.0,0.5793156974750526,1.0,0.0,0.0,0.0,0.0,0.0,0.0,0.0,0
0.0,-0.9432874538915136,0.0,0.0,1.0,0.5329961123703084,-1.1106657082058793,1.003825633336214,-0.31342004714509075,1.0,1.4430611371731132,1.0,0.0,0.0,0.0,0.0,0.0,0.5793156974750526,0.0,0.0,0.0,0.0,0.0,0.0,1.0,0.0,0
1.0,0.5531140952945376,0.0,0.0,1.0,-0.5064419972567069,0.41987293497908273,-1.057375551857634,0.4101073302747719,1.0,-0.9003339184723,1.0,1.0,0.0,0.0,1.0,1.0,1.439283823723465,0.0,0.0,0.0,1.0,0.0,0.0,0.0,1.0,0
1.0,1.6305232107084944,0.0,1.0,0.0,-0.5064419972567069,-0.8742251948598705,0.965345395807888,1.5297957547216101,0.0,-0.20599464272551093,1.0,1.0,0.0,0.0,0.0,1.0,0.5793156974750526,1.0,0.0,0.0,0.0,0.0,0.0,0.0,0.0,0
1.0,0.7925383431643057,0.0,0.0,0.0,-0.5064419972567069,-0.9267902640784995,0.696758376038127,0.7668084091636252,0.0,-0.9437301232064743,1.0,1.0,1.0,0.0,0.0,1.0,-1.1406205550217723,0.0,0.0,0.0,1.0,0.0,1.0,0.0,1.0,1
0.0,-1.0031435158589557,0.0,0.0,0.0,-0.5064419972567069,0.4943358707972458,-0.9774097021515723,1.9364132201640833,0.0,-0.3361832569280339,1.0,1.0,0.0,1.0,1.0,1.0,-0.2806524287733598,1.0,0.0,0.0,0.0,1.0,0.0,0.0,0.0,0
1.0,-0.16515864831476695,0.0,0.0,0.0,-0.5064419972567069,-1.1106657082058793,1.003825633336214,-0.31342004714509075,0.0,1.3996649324389387,1.0,1.0,0.0,1.0,1.0,1.0,1.439283823723465,1.0,0.0,0.0,0.0,0.0,0.0,0.0,0.0,0
1.0,0.07426559955500123,0.0,0.0,1.0,-0.5064419972567069,-0.7200400667865116,0.03444005627064289,-0.048650284913757294,1.0,0.4015522235529295,1.0,1.0,1.0,0.0,0.0,1.0,-0.2806524287733598,1.0,0.0,0.0,0.0,0.0,1.0,0.0,1.0,0
0.0,0.6129701572619797,0.0,0.0,0.0,-0.5064419972567069,0.7011353976260479,-1.0689384470777086,0.5092777058353286,0.0,0.878910475628847,1.0,1.0,0.0,0.0,0.0,1.0,1.439283823723465,1.0,0.0,0.0,0.0,0.0,1.0,0.0,0.0,0
1.0,-0.04544652437988287,0.0,0.0,0.0,-0.5064419972567069,0.6786391071373095,-1.154863372462587,-0.5291723909218743,0.0,-1.1173149421431716,1.0,1.0,1.0,0.0,0.0,1.0,0.5793156974750526,1.0,0.0,0.0,0.0,0.0,0.0,0.0,1.0,0
1.0,-1.42213594963105,1.0,0.0,1.0,-0.5064419972567069,0.6453683562597415,-1.0229475411554985,0.5181727586050732,1.0,1.5298535466414618,1.0,1.0,1.0,1.0,1.0,1.0,-0.2806524287733598,1.0,0.0,0.0,0.0,0.0,0.0,0.0,0.0,0
0.0,-0.3447268342170931,0.0,0.0,1.0,-0.5064419972567069,-0.7255613358452979,1.1882681607533434,0.3263613547298362,1.0,-0.8569377137381258,1.0,1.0,0.0,0.0,0.0,1.0,-2.0005886812701847,1.0,0.0,0.0,0.0,0.0,0.0,0.0,1.0,1
0.0,0.7326822811968637,0.0,0.0,0.0,0.5329961123703084,-1.39673254426599,1.181404335352777,0.10635074101008983,0.0,-1.3776921705482175,1.0,0.0,0.0,0.0,0.0,0.0,1.439283823723465,0.0,0.0,0.0,0.0,0.0,0.0,1.0,1.0,0
1.0,-0.10530258634732491,0.0,0.0,1.0,-0.5064419972567069,-0.856085268548312,0.8971292968228175,0.5657234396348247,1.0,-0.24939084745968526,1.0,0.0,0.0,0.0,0.0,0.0,-0.2806524287733598,1.0,0.0,0.0,0.0,0.0,0.0,1.0,1.0,1
1.0,0.5531140952945376,0.0,0.0,1.0,-0.5064419972567069,0.24396178500409557,-0.0008354940739544285,0.3508700639571112,1.0,-1.3342959658140432,1.0,1.0,0.0,0.0,1.0,1.0,0.5793156974750526,1.0,0.0,0.0,0.0,0.0,0.0,0.0,1.0,0
0.0,1.271386838903842,0.0,1.0,1.0,-0.5064419972567069,1.1718511811243717,-1.1647967031659678,-0.8205326832414869,1.0,-1.290899761079869,1.0,1.0,1.0,0.0,0.0,1.0,0.5793156974750526,1.0,0.0,0.0,0.0,1.0,0.0,0.0,0.0,0
0.0,-0.46443895815197717,0.0,0.0,1.0,0.5329961123703084,0.6087181277700678,-1.1369801475952457,-0.3749757048761424,1.0,1.4864573419072875,1.0,0.0,0.0,0.0,0.0,0.0,0.5793156974750526,0.0,0.0,0.0,0.0,0.0,0.0,1.0,0.0,0
0.0,-1.42213594963105,1.0,0.0,0.0,-0.5064419972567069,-1.2133843601058487,1.2194508835703193,1.0179517075774775,0.0,-1.160711146877346,1.0,1.0,0.0,0.0,1.0,0.0,1.439283823723465,1.0,0.0,0.0,0.0,0.0,1.0,0.0,1.0,0
1.0,1.1516747149689581,0.0,1.0,0.0,-0.5064419972567069,0.782586954052932,-0.8495433294410316,-0.942082633057837,0.0,1.5298535466414618,1.0,1.0,1.0,1.0,1.0,1.0,0.5793156974750526,1.0,0.0,0.0,0.0,0.0,0.0,0.0,0.0,0
0.0,-1.481992011598492,1.0,0.0,1.0,-0.5064419972567069,-1.3977450127920368,1.2399662334568295,1.6543738076085117,1.0,-0.6399566900672541,1.0,1.0,1.0,0.0,0.0,1.0,-0.2806524287733598,0.0,0.0,0.0,1.0,0.0,1.0,0.0,0.0,0
0.0,0.7326822811968637,0.0,0.0,1.0,-0.5064419972567069,1.396371737542291,-0.3214301668956429,-1.0219488515436288,0.0,1.3128725229705902,1.0,1.0,1.0,0.0,1.0,1.0,-0.2806524287733598,1.0,0.0,0.0,0.0,0.0,1.0,0.0,0.0,0
1.0,0.7326822811968637,0.0,0.0,0.0,-0.5064419972567069,0.8755145015765923,-0.839090032936312,-0.9701399005709144,0.0,-1.2041073516115204,1.0,1.0,0.0,0.0,0.0,1.0,1.439283823723465,1.0,0.0,0.0,0.0,0.0,0.0,0.0,1.0,0
0.0,-1.1228556397938396,1.0,0.0,1.0,0.5329961123703084,0.5402454959508702,-1.0705191062040362,0.5659600101872116,1.0,1.1826839087680672,1.0,0.0,0.0,0.0,0.0,0.0,1.439283823723465,0.0,1.0,0.0,0.0,0.0,0.0,1.0,0.0,0
0.0,-0.9432874538915136,0.0,0.0,0.0,-0.5064419972567069,1.1282806655646758,-0.562069601558235,-1.035717257692542,0.0,1.5298535466414618,1.0,0.0,0.0,0.0,0.0,0.0,1.439283823723465,0.0,0.0,0.0,0.0,0.0,0.0,1.0,0.0,0
0.0,-0.3447268342170931,0.0,0.0,1.0,1.5724342219973237,0.5881715670068138,-1.068896923633059,1.8146266997953464,1.0,1.5298535466414618,1.0,1.0,1.0,1.0,1.0,1.0,-0.2806524287733598,0.0,0.0,0.0,0.0,0.0,0.0,0.0,0.0,0
1.0,-0.7038632060217453,0.0,0.0,0.0,-0.5064419972567069,1.8507727875911142,-2.027389055680629,0.06163890660898008,0.0,-1.290899761079869,1.0,1.0,0.0,0.0,0.0,1.0,-2.0005886812701847,1.0,0.0,0.0,0.0,0.0,0.0,0.0,1.0,1
0.0,-1.601704135533376,1.0,0.0,1.0,0.5329961123703084,-0.8774360624977934,1.1552934706139437,-0.1823126470123129,1.0,-0.9871263279406487,1.0,1.0,1.0,0.0,1.0,0.0,0.5793156974750526,1.0,0.0,0.0,0.0,0.0,1.0,0.0,0.0,0
0.0,1.6903792726759364,0.0,1.0,1.0,-0.5064419972567069,-0.06546258673664085,0.538911614919018,-1.0281470000161637,1.0,-0.7267490995356027,1.0,1.0,0.0,0.0,1.0,1.0,-2.0005886812701847,1.0,0.0,0.0,0.0,0.0,0.0,0.0,1.0,1
1.0,-0.9432874538915136,0.0,0.0,0.0,-0.5064419972567069,1.4772996730661268,-0.20247795500813734,-1.0064298233070532,0.0,-0.11920223325716231,1.0,1.0,1.0,0.0,0.0,1.0,0.5793156974750526,0.0,0.0,1.0,0.0,0.0,1.0,0.0,0.0,0
0.0,-1.601704135533376,1.0,0.0,1.0,-0.5064419972567069,1.91239063549573,-1.797426221380643,-0.9583586870620505,1.0,1.1826839087680672,1.0,1.0,1.0,1.0,1.0,1.0,-0.2806524287733598,0.0,1.0,0.0,0.0,0.0,1.0,0.0,0.0,0
1.0,-1.42213594963105,1.0,0.0,0.0,-0.5064419972567069,-0.30950065743267036,-0.43119554734024157,0.36042751427353886,0.0,0.9223066803630213,1.0,0.0,0.0,0.0,0.0,0.0,0.5793156974750526,0.0,1.0,0.0,0.0,0.0,0.0,1.0,0.0,0
1.0,0.7925383431643057,0.0,0.0,1.0,-0.5064419972567069,0.4620112766093579,-0.4560099578628033,-0.4376195871481734,1.0,1.5298535466414618,1.0,0.0,0.0,0.0,0.0,0.0,0.5793156974750526,0.0,0.0,0.0,0.0,0.0,0.0,1.0,0.0,0
0.0,0.3136898474247694,0.0,0.0,0.0,-0.5064419972567069,-1.0323041216176791,0.8260923718312304,1.6368675867318867,0.0,-1.030522532674823,0.0,1.0,1.0,0.0,0.0,1.0,-0.2806524287733598,0.0,0.0,0.0,1.0,0.0,1.0,0.0,1.0,1
1.0,-0.6440071440543034,0.0,0.0,0.0,-0.5064419972567069,1.7906890074132673,-1.709415434959538,-1.0245038135094064,0.0,-0.9437301232064743,1.0,0.0,0.0,0.0,0.0,0.0,1.439283823723465,1.0,0.0,0.0,0.0,0.0,0.0,1.0,0.0,0
1.0,-0.40458289618453513,0.0,0.0,1.0,-0.5064419972567069,-0.25391395191405913,-0.5869758250306306,-0.7284121101420575,1.0,1.4864573419072875,0.0,1.0,0.0,1.0,1.0,1.0,1.439283823723465,0.0,0.0,0.0,0.0,1.0,0.0,0.0,0.0,0
1.0,1.9298035205457047,0.0,1.0,1.0,0.5329961123703084,-0.32898582447353064,0.9165890284720186,-1.0316482441914887,1.0,-0.9871263279406487,1.0,1.0,0.0,0.0,0.0,1.0,-0.2806524287733598,1.0,0.0,0.0,0.0,0.0,0.0,0.0,0.0,0
0.0,0.43340197135965347,0.0,0.0,0.0,0.5329961123703084,1.0395764542049855,-0.6814264363452712,-0.019457478749223205,0.0,-0.42297566639638257,1.0,0.0,0.0,0.0,0.0,0.0,1.439283823723465,1.0,0.0,0.0,0.0,0.0,0.0,1.0,0.0,0
0.0,-0.28487077224965107,0.0,0.0,1.0,-0.5064419972567069,0.9166981953674124,-0.7262154692306799,-0.4979923921172909,1.0,-0.6399566900672541,1.0,1.0,1.0,0.0,0.0,1.0,-0.2806524287733598,1.0,0.0,0.0,0.0,0.0,0.0,0.0,1.0,0
1.0,1.6305232107084944,0.0,1.0,1.0,-0.5064419972567069,-0.6946187773690844,0.7161193741633772,-0.6666671959690964,1.0,0.05438258567953497,1.0,1.0,1.0,0.0,1.0,0.0,0.5793156974750526,1.0,0.0,0.0,0.0,0.0,0.0,0.0,0.0,0
1.0,-1.481992011598492,1.0,0.0,0.0,-0.5064419972567069,0.3341349652755791,-0.4017009832340722,-0.5929991259558395,0.0,-1.3342959658140432,0.0,1.0,1.0,0.0,0.0,1.0,-0.2806524287733598,0.0,0.0,0.0,0.0,1.0,0.0,0.0,1.0,0
1.0,0.6728262192294217,0.0,0.0,0.0,-0.5064419972567069,-0.07036642790434099,0.10500407536483321,0.07498148576359696,0.0,0.4883446330212782,1.0,1.0,1.0,0.0,0.0,1.0,0.5793156974750526,1.0,0.0,0.0,0.0,0.0,1.0,0.0,0.0,0
1.0,-0.40458289618453513,0.0,0.0,1.0,1.5724342219973237,0.023258606922608095,1.2580169362175875,-1.0162238441758678,1.0,0.748721861426324,1.0,1.0,0.0,1.0,1.0,1.0,-0.2806524287733598,0.0,1.0,0.0,0.0,0.0,1.0,0.0,1.0,0
0.0,0.7326822811968637,0.0,0.0,0.0,-0.5064419972567069,-0.8569950345960813,0.6612249189650974,0.40911373395474726,0.0,-1.2475035563456947,1.0,1.0,0.0,0.0,0.0,1.0,-1.1406205550217723,1.0,0.0,0.0,0.0,1.0,0.0,0.0,1.0,1
0.0,0.9122504670991899,0.0,0.0,0.0,-0.5064419972567069,0.4311560556737307,-1.1368887960170178,-0.9604405079230546,0.0,-0.16259843799133664,1.0,1.0,0.0,0.0,0.0,1.0,-0.2806524287733598,0.0,0.0,1.0,0.0,0.0,1.0,0.0,1.0,0
0.0,-0.7038632060217453,0.0,0.0,0.0,2.611872331624339,0.49529941412694906,-1.1026693252813422,-0.2707900336049851,0.0,-0.8569377137381258,1.0,1.0,1.0,0.0,0.0,1.0,-0.2806524287733598,1.0,0.0,0.0,0.0,0.0,1.0,0.0,1.0,0
1.0,0.9721065290666319,0.0,0.0,1.0,-0.5064419972567069,0.9979160430051376,-0.7328726001512105,0.44720159288902595,0.0,-0.5531642805989055,1.0,1.0,0.0,1.0,1.0,1.0,-0.2806524287733598,1.0,0.0,0.0,0.0,0.0,0.0,0.0,1.0,1
0.0,0.3136898474247694,0.0,0.0,1.0,0.5329961123703084,0.9393194270600421,-1.2272059791025993,-0.864913318869255,1.0,0.010986380945360646,0.0,1.0,1.0,1.0,0.0,1.0,-1.1406205550217723,1.0,0.0,0.0,0.0,0.0,1.0,0.0,1.0,1
0.0,1.9896595825131467,0.0,1.0,1.0,-0.5064419972567069,-0.14141066508522918,0.12053061406250688,-0.9873149226741977,0.0,0.8355142708946727,1.0,1.0,1.0,1.0,0.0,1.0,-2.0005886812701847,0.0,1.0,0.0,0.0,0.0,0.0,0.0,0.0,1
0.0,-1.3024238256961658,1.0,0.0,0.0,-0.5064419972567069,2.244231642653461,-0.9968463652204119,-0.9985756809678106,0.0,0.31475981408458087,1.0,1.0,1.0,1.0,1.0,1.0,-0.2806524287733598,1.0,0.0,0.0,0.0,0.0,0.0,0.0,0.0,0
1.0,-1.42213594963105,1.0,0.0,0.0,-0.5064419972567069,-0.8212230335978505,0.6731749049636201,-0.18023082615130884,0.0,0.4015522235529295,1.0,1.0,1.0,0.0,1.0,1.0,-1.1406205550217723,1.0,0.0,0.0,0.0,0.0,0.0,0.0,0.0,1
1.0,-0.04544652437988287,0.0,0.0,0.0,-0.5064419972567069,0.5561672104677391,-1.0572357562606463,2.1078795565340536,0.0,-1.290899761079869,1.0,1.0,0.0,1.0,1.0,1.0,-1.1406205550217723,0.0,0.0,0.0,0.0,0.0,0.0,0.0,1.0,1
1.0,1.271386838903842,0.0,1.0,1.0,-0.5064419972567069,-1.419827662984389,1.2479618034099005,2.125196520968769,1.0,-0.8135415090039514,1.0,1.0,0.0,0.0,0.0,1.0,-1.1406205550217723,1.0,0.0,0.0,0.0,0.0,0.0,0.0,1.0,1
0.0,-0.5242950201194192,0.0,0.0,0.0,-0.5064419972567069,-1.0563227539596802,0.942195152672559,1.2468100599564913,0.0,0.4015522235529295,1.0,1.0,0.0,0.0,0.0,1.0,0.5793156974750526,0.0,1.0,0.0,0.0,0.0,0.0,0.0,1.0,0
0.0,-0.10530258634732491,0.0,0.0,0.0,-0.5064419972567069,0.8000075586760559,-1.0414277808825727,0.8212669503230721,0.0,-0.7267490995356027,0.0,1.0,1.0,1.0,0.0,1.0,-0.2806524287733598,1.0,0.0,0.0,0.0,0.0,1.0,0.0,1.0,0
0.0,1.9896595825131467,0.0,1.0,1.0,-0.5064419972567069,0.4815202997376902,-0.7198882190093028,-0.3021119747410006,1.0,-1.160711146877346,1.0,1.0,1.0,0.0,0.0,1.0,0.5793156974750526,1.0,0.0,0.0,0.0,0.0,0.0,0.0,0.0,0
1.0,-0.5841510820868613,0.0,0.0,1.0,-0.5064419972567069,1.9072445943890874,-0.8363176509485489,-1.0209079411131268,1.0,0.9223066803630213,1.0,1.0,1.0,0.0,1.0,1.0,-2.0005886812701847,1.0,0.0,0.0,0.0,0.0,0.0,0.0,1.0,1
1.0,0.37354590939221144,0.0,0.0,1.0,1.5724342219973237,-1.0027411728103461,1.2880000928557986,0.36743000262418885,1.0,-1.4644845800165662,1.0,0.0,0.0,0.0,0.0,0.0,0.5793156974750526,1.0,0.0,0.0,0.0,0.0,0.0,1.0,1.0,0
1.0,-0.10530258634732491,0.0,0.0,1.0,-0.5064419972567069,1.0965985683767432,-1.0085887339956932,-1.0362850270182704,1.0,-1.3776921705482175,1.0,1.0,0.0,0.0,1.0,1.0,-1.1406205550217723,1.0,0.0,0.0,0.0,0.0,0.0,0.0,1.0,1
0.0,-0.7038632060217453,0.0,0.0,0.0,-0.5064419972567069,-0.7373260260345667,0.9344837876295374,-1.0176432674901885,0.0,-0.2927870521938596,1.0,1.0,1.0,1.0,0.0,1.0,-0.2806524287733598,0.0,0.0,1.0,0.0,1.0,0.0,0.0,0.0,0
1.0,1.1516747149689581,0.0,1.0,0.0,-0.5064419972567069,-0.9791992578773757,0.7582158423490732,0.8034295306731056,0.0,-0.5965604853330798,1.0,1.0,0.0,1.0,0.0,1.0,1.439283823723465,1.0,0.0,0.0,0.0,0.0,0.0,0.0,0.0,0
1.0,-1.661560197500818,1.0,0.0,0.0,-0.5064419972567069,-0.18078614831354983,0.2539048410200108,0.7266860434788198,0.0,1.5298535466414618,1.0,1.0,0.0,1.0,1.0,1.0,-0.2806524287733598,1.0,0.0,0.0,0.0,0.0,0.0,0.0,0.0,0
0.0,1.8100913966108205,0.0,1.0,0.0,-0.5064419972567069,2.3066880926838866,-1.615157215605113,-1.0214757104388552,0.0,-0.8569377137381258,1.0,1.0,0.0,1.0,0.0,0.0,0.5793156974750526,1.0,0.0,0.0,0.0,0.0,0.0,0.0,0.0,0
1.0,1.091818653001516,0.0,1.0,0.0,-0.5064419972567069,0.3588700889227565,-1.0796053586365615,-0.989538685866634,0.0,-1.421088375282392,1.0,1.0,0.0,0.0,0.0,1.0,-0.2806524287733598,1.0,0.0,0.0,0.0,0.0,1.0,0.0,0.0,0
1.0,0.2538337854573274,0.0,0.0,1.0,-0.5064419972567069,0.9585607768000984,-0.7623888487229167,0.4160689081949199,1.0,-0.20599464272551093,1.0,1.0,0.0,1.0,1.0,0.0,-2.0005886812701847,1.0,0.0,0.0,0.0,0.0,0.0,0.0,1.0,1
1.0,-1.1228556397938396,1.0,0.0,0.0,-0.5064419972567069,-1.0434865615363755,1.477397289962838,-0.966212829401293,0.0,0.7053256566921497,1.0,0.0,0.0,0.0,0.0,0.0,0.5793156974750526,1.0,0.0,0.0,0.0,0.0,0.0,1.0,0.0,0
1.0,-1.661560197500818,1.0,0.0,0.0,-0.5064419972567069,0.920066351446482,-0.816365635794451,0.9893739848491493,0.0,-1.421088375282392,1.0,1.0,0.0,0.0,1.0,0.0,-2.0005886812701847,1.0,0.0,0.0,0.0,0.0,0.0,0.0,1.0,1
1.0,-0.28487077224965107,0.0,0.0,1.0,-0.5064419972567069,-0.9750571941470052,0.6514835188503193,0.6128009795598027,1.0,1.3562687277047645,1.0,1.0,0.0,0.0,0.0,1.0,-2.0005886812701847,1.0,0.0,0.0,0.0,0.0,0.0,0.0,0.0,1
1.0,0.7925383431643057,0.0,0.0,0.0,-0.5064419972567069,1.820896879263349,-1.0840622083622826,-0.9946486097981894,0.0,-1.4644845800165662,1.0,0.0,0.0,0.0,0.0,0.0,-0.2806524287733598,1.0,0.0,0.0,0.0,0.0,0.0,1.0,0.0,0
1.0,0.07426559955500123,0.0,0.0,1.0,-0.5064419972567069,-1.3174599786086236,1.2111457332688071,1.1971775580657356,1.0,-1.421088375282392,1.0,1.0,0.0,0.0,1.0,1.0,-0.2806524287733598,1.0,0.0,0.0,0.0,0.0,0.0,0.0,1.0,1
1.0,0.3136898474247694,0.0,0.0,1.0,1.5724342219973237,-1.4347365046347431,1.2294538813863911,1.9130873636987424,1.0,-1.3776921705482175,0.0,1.0,0.0,0.0,0.0,1.0,1.439283823723465,1.0,0.0,0.0,0.0,0.0,1.0,0.0,1.0,0
0.0,-1.42213594963105,1.0,0.0,0.0,0.5329961123703084,1.0178573060912766,-0.6883520855411994,0.1538541079293641,0.0,-1.4644845800165662,1.0,0.0,0.0,0.0,0.0,0.0,0.5793156974750526,1.0,0.0,0.0,0.0,0.0,0.0,1.0,1.0,0
1.0,-1.0031435158589557,0.0,0.0,1.0,-0.5064419972567069,-1.2445974223535996,1.2885159063126697,1.2665400440255523,0.0,0.6619294519579755,1.0,1.0,0.0,0.0,1.0,1.0,-0.2806524287733598,1.0,0.0,0.0,0.0,0.0,0.0,0.0,1.0,0
1.0,0.19397772348988532,0.0,0.0,1.0,1.5724342219973237,1.8507727875911142,-2.027389055680629,0.06163890660898008,1.0,-1.1173149421431716,1.0,0.0,0.0,0.0,0.0,0.0,0.5793156974750526,1.0,0.0,0.0,0.0,0.0,0.0,1.0,0.0,0
0.0,-1.481992011598492,1.0,0.0,1.0,1.5724342219973237,-1.3474373763932725,1.203189379902349,2.4750370538384043,1.0,-0.9003339184723,1.0,1.0,1.0,0.0,1.0,1.0,-0.2806524287733598,0.0,0.0,0.0,1.0,0.0,1.0,0.0,1.0,0
1.0,-0.5841510820868613,0.0,0.0,1.0,-0.5064419972567069,0.7471590467909892,-1.275225997353354,-0.4050201650292691,1.0,-0.37957946166220824,1.0,1.0,0.0,0.0,1.0,1.0,-0.2806524287733598,1.0,0.0,0.0,0.0,0.0,0.0,0.0,0.0,1
0.0,-1.1228556397938396,1.0,0.0,0.0,-0.5064419972567069,-0.7962630966517568,1.0916357231081748,1.298003927493,0.0,-0.46637187113055684,1.0,1.0,0.0,0.0,0.0,1.0,-0.2806524287733598,0.0,0.0,1.0,0.0,1.0,0.0,0.0,1.0,0
0.0,-0.40458289618453513,0.0,0.0,1.0,1.5724342219973237,0.367152599021636,-0.34437094732129314,-0.9989541938516295,1.0,0.5751370424896268,1.0,0.0,0.0,0.0,0.0,0.0,1.439283823723465,1.0,0.0,0.0,0.0,0.0,0.0,1.0,0.0,0
0.0,-0.7637192679891874,0.0,0.0,0.0,-0.5064419972567069,-0.8533705266617747,0.7060370204308677,1.2118449323137186,0.0,-0.6833528948014285,1.0,0.0,0.0,0.0,0.0,0.0,1.439283823723465,0.0,0.0,0.0,1.0,0.0,0.0,1.0,1.0,0
0.0,-0.04544652437988287,0.0,0.0,1.0,-0.5064419972567069,-0.3346421432478504,0.35798104817601534,0.6492328446273736,1.0,1.5298535466414618,1.0,1.0,1.0,1.0,0.0,1.0,-0.2806524287733598,1.0,0.0,0.0,0.0,1.0,0.0,0.0,0.0,0
1.0,0.37354590939221144,0.0,0.0,0.0,-0.5064419972567069,0.6282599024761204,-1.2232215739026755,0.052743853839235494,0.0,-0.8569377137381258,1.0,1.0,0.0,0.0,0.0,1.0,-0.2806524287733598,0.0,0.0,0.0,1.0,0.0,0.0,0.0,1.0,0
1.0,-0.8834313919240715,0.0,0.0,1.0,1.5724342219973237,0.7874261007461266,-0.6376408867055566,-0.885542271037386,1.0,1.0958914992997186,0.0,1.0,1.0,0.0,0.0,0.0,-0.2806524287733598,0.0,1.0,0.0,0.0,1.0,0.0,0.0,0.0,0
1.0,-0.10530258634732491,0.0,0.0,0.0,-0.5064419972567069,-0.8846276620202819,0.5854155660684497,0.0774891336188973,0.0,-0.8135415090039514,0.0,1.0,0.0,1.0,0.0,0.0,-0.2806524287733598,0.0,0.0,0.0,1.0,0.0,1.0,0.0,1.0,0
1.0,-0.46443895815197717,0.0,0.0,0.0,-0.5064419972567069,2.0900517710061544,-1.4000879181576973,-1.0234629030789044,0.0,0.5751370424896268,1.0,1.0,0.0,0.0,1.0,1.0,0.5793156974750526,0.0,1.0,0.0,0.0,0.0,1.0,0.0,0.0,0
0.0,0.5531140952945376,0.0,0.0,0.0,-0.5064419972567069,0.9494869724098949,-0.7739471302269176,-0.28134108024143745,0.0,-0.8135415090039514,1.0,1.0,1.0,1.0,0.0,1.0,-0.2806524287733598,1.0,0.0,0.0,0.0,0.0,1.0,0.0,1.0,0
1.0,-0.7637192679891874,0.0,0.0,0.0,-0.5064419972567069,0.9256878969407554,-0.8852788672780234,2.152307506272299,0.0,-1.2041073516115204,1.0,1.0,0.0,0.0,1.0,0.0,-1.1406205550217723,0.0,0.0,0.0,0.0,0.0,0.0,0.0,1.0,1
0.0,0.7925383431643057,0.0,0.0,0.0,-0.5064419972567069,0.9812741981189019,-0.8140647755892599,-0.6396035247760438,0.0,0.31475981408458087,1.0,0.0,0.0,0.0,0.0,0.0,0.5793156974750526,1.0,0.0,0.0,0.0,0.0,0.0,1.0,0.0,0
1.0,-1.0629995778263976,1.0,0.0,1.0,-0.5064419972567069,-1.3724413864501228,1.1813840350020648,1.3859135447599438,1.0,0.44494842828710385,1.0,1.0,1.0,1.0,1.0,1.0,-2.0005886812701847,1.0,0.0,0.0,0.0,0.0,0.0,0.0,1.0,1
1.0,0.7925383431643057,0.0,0.0,1.0,-0.5064419972567069,0.9540208420515032,-1.5840570783058303,-0.9626642711154907,1.0,0.8355142708946727,1.0,1.0,0.0,1.0,1.0,1.0,1.439283823723465,1.0,0.0,0.0,0.0,0.0,0.0,0.0,0.0,0
1.0,0.2538337854573274,0.0,0.0,1.0,-0.5064419972567069,-0.9917993154687278,0.8259567285787036,0.07379863300166284,1.0,1.3996649324389387,1.0,1.0,0.0,1.0,1.0,0.0,1.439283823723465,1.0,0.0,0.0,0.0,0.0,0.0,0.0,0.0,0
0.0,0.19397772348988532,0.0,0.0,1.0,-0.5064419972567069,-0.900442630654212,0.900662480590888,1.164436193615399,1.0,0.878910475628847,1.0,1.0,1.0,0.0,0.0,1.0,-0.2806524287733598,0.0,1.0,0.0,0.0,1.0,0.0,0.0,0.0,0
1.0,1.3312429008712843,0.0,1.0,1.0,-0.5064419972567069,0.5800625189677104,0.7052397702935967,-1.0210971975550363,1.0,1.5298535466414618,1.0,1.0,0.0,1.0,0.0,1.0,1.439283823723465,0.0,0.0,0.0,0.0,0.0,0.0,0.0,0.0,0
0.0,1.031962591034074,0.0,0.0,0.0,-0.5064419972567069,-0.8256998912337989,0.6689819597972361,-0.49226738474952975,0.0,0.5751370424896268,1.0,1.0,1.0,0.0,1.0,1.0,0.5793156974750526,0.0,1.0,0.0,0.0,0.0,0.0,0.0,1.0,0
0.0,1.3312429008712843,0.0,1.0,1.0,-0.5064419972567069,1.5861865387699663,-1.888353337730966,-0.949605576623738,1.0,1.4864573419072875,1.0,1.0,1.0,0.0,0.0,1.0,-0.2806524287733598,1.0,0.0,0.0,0.0,0.0,1.0,0.0,0.0,0
1.0,-1.0031435158589557,0.0,0.0,0.0,-0.5064419972567069,0.12177899176747949,-0.1651894403412533,-1.029992250324781,0.0,1.4864573419072875,1.0,0.0,0.0,0.0,0.0,0.0,1.439283823723465,1.0,0.0,0.0,0.0,0.0,0.0,1.0,0.0,0
0.0,-0.8834313919240715,0.0,0.0,1.0,-0.5064419972567069,1.8741804614894806,-1.7024990131957507,-1.0142366515358183,1.0,0.22796740461623224,0.0,1.0,0.0,1.0,1.0,1.0,0.5793156974750526,1.0,0.0,0.0,0.0,0.0,1.0,0.0,0.0,0
1.0,1.271386838903842,0.0,1.0,1.0,-0.5064419972567069,0.7185551935682396,-1.1689776526705682,-0.24623401026723274,1.0,1.269476318236416,1.0,1.0,0.0,1.0,0.0,1.0,-1.1406205550217723,1.0,0.0,0.0,0.0,0.0,0.0,0.0,0.0,1
0.0,1.091818653001516,0.0,1.0,1.0,-0.5064419972567069,-0.9543189760030198,0.6956298610868713,0.17244855334696846,1.0,-0.6399566900672541,1.0,1.0,0.0,0.0,1.0,1.0,-0.2806524287733598,1.0,0.0,0.0,0.0,0.0,0.0,0.0,1.0,0
0.0,0.07426559955500123,0.0,0.0,0.0,1.5724342219973237,0.6360806557631988,-1.1461849725308344,0.9441416952327886,0.0,1.269476318236416,1.0,1.0,0.0,1.0,1.0,1.0,0.5793156974750526,0.0,0.0,0.0,0.0,0.0,1.0,0.0,0.0,0
0.0,-1.42213594963105,1.0,0.0,0.0,-0.5064419972567069,-0.8951769047697303,0.5917128271353548,0.19766697423140392,0.0,-1.4644845800165662,1.0,1.0,0.0,0.0,1.0,1.0,-1.1406205550217723,1.0,0.0,0.0,0.0,0.0,1.0,0.0,1.0,1
1.0,-0.225014710282209,0.0,0.0,0.0,-0.5064419972567069,-0.84777526329777,0.7599270696402413,-0.41462492945617413,0.0,-1.1173149421431716,1.0,1.0,1.0,0.0,0.0,0.0,-2.0005886812701847,1.0,0.0,0.0,0.0,0.0,1.0,0.0,1.0,1
1.0,0.43340197135965347,0.0,0.0,0.0,-0.5064419972567069,0.9919888161188132,-1.2194992277756513,-1.013810824541522,0.0,-1.0739187374089973,1.0,1.0,0.0,0.0,0.0,1.0,0.5793156974750526,0.0,0.0,0.0,1.0,0.0,1.0,0.0,1.0,0
1.0,-1.0031435158589557,0.0,0.0,0.0,-0.5064419972567069,1.2218693097497142,-0.13598923132049265,-1.0051050282136869,0.0,-0.3361832569280339,1.0,0.0,0.0,0.0,0.0,0.0,-0.2806524287733598,1.0,0.0,0.0,0.0,0.0,0.0,1.0,0.0,0
1.0,0.7925383431643057,0.0,0.0,0.0,-0.5064419972567069,1.5415813159586071,-1.1146774441023783,-0.8783505262448266,0.0,-0.9437301232064743,0.0,1.0,1.0,1.0,0.0,1.0,-0.2806524287733598,0.0,0.0,0.0,1.0,0.0,1.0,0.0,0.0,0
1.0,-1.601704135533376,1.0,0.0,0.0,-0.5064419972567069,-1.3990304111324177,1.2746567646034777,1.0754856659179532,0.0,-1.030522532674823,1.0,1.0,1.0,0.0,1.0,1.0,0.5793156974750526,0.0,0.0,0.0,1.0,0.0,1.0,0.0,0.0,0
1.0,0.13412166152244326,0.0,0.0,0.0,-0.5064419972567069,1.0389691348255443,-0.8528956555390709,-1.0016510981488393,0.0,-0.46637187113055684,1.0,1.0,0.0,0.0,0.0,1.0,-0.2806524287733598,1.0,0.0,0.0,0.0,0.0,0.0,0.0,1.0,0
0.0,-1.42213594963105,1.0,0.0,0.0,-0.5064419972567069,0.24271358598655784,0.1474548769448689,0.33449938173194294,0.0,0.878910475628847,0.0,1.0,0.0,0.0,1.0,0.0,-2.0005886812701847,0.0,1.0,0.0,0.0,0.0,1.0,0.0,1.0,1
1.0,1.9896595825131467,0.0,1.0,1.0,-0.5064419972567069,-0.8637810806314964,0.9329017443883918,1.1688837200002713,1.0,0.27136360935040654,1.0,1.0,0.0,1.0,0.0,0.0,-1.1406205550217723,1.0,0.0,0.0,0.0,1.0,0.0,0.0,0.0,1
0.0,0.5531140952945376,0.0,0.0,1.0,-0.5064419972567069,0.4943358707972458,-0.9774097021515723,1.9364132201640833,1.0,-1.030522532674823,1.0,1.0,1.0,0.0,1.0,1.0,-0.2806524287733598,0.0,0.0,0.0,1.0,0.0,1.0,0.0,1.0,0
0.0,0.014409537587559178,0.0,0.0,0.0,-0.5064419972567069,0.6587851815917569,-1.2713910765541647,-0.5066508743346486,0.0,-0.9437301232064743,1.0,1.0,0.0,0.0,0.0,0.0,-1.1406205550217723,0.0,0.0,0.0,1.0,0.0,1.0,0.0,1.0,1
1.0,0.07426559955500123,0.0,0.0,1.0,-0.5064419972567069,0.9956048329033419,-1.0937062590679345,-1.0247876981722708,1.0,1.4864573419072875,1.0,0.0,0.0,0.0,0.0,0.0,1.439283823723465,1.0,0.0,0.0,0.0,0.0,0.0,1.0,0.0,0
0.0,0.49325803332709556,0.0,0.0,0.0,-0.5064419972567069,1.057025362660707,-0.8019039427662338,-0.9945539815772346,0.0,-1.3342959658140432,1.0,1.0,1.0,0.0,0.0,1.0,-0.2806524287733598,0.0,0.0,0.0,0.0,0.0,0.0,0.0,1.0,0
1.0,-1.2425677637287238,1.0,0.0,1.0,-0.5064419972567069,-1.230981257172007,1.1613895736600985,1.8979941624564631,1.0,1.4430611371731132,1.0,0.0,0.0,0.0,0.0,0.0,0.5793156974750526,1.0,0.0,0.0,0.0,0.0,0.0,1.0,0.0,0
1.0,-1.3622798876636077,1.0,0.0,1.0,-0.5064419972567069,-1.3945559795392628,1.9150913062974453,1.0310104020692303,1.0,-0.46637187113055684,0.0,1.0,1.0,1.0,0.0,1.0,-0.2806524287733598,1.0,0.0,0.0,0.0,0.0,1.0,0.0,0.0,0
1.0,0.07426559955500123,0.0,0.0,1.0,0.5329961123703084,0.8145524939073023,-0.5082704425554833,-1.033635436831538,1.0,0.3581560188187552,1.0,0.0,0.0,0.0,0.0,0.0,0.5793156974750526,0.0,1.0,0.0,0.0,0.0,0.0,1.0,0.0,0
1.0,0.6129701572619797,0.0,0.0,0.0,0.5329961123703084,-1.2229745072707194,1.1394472013924695,1.4654958785828713,0.0,-1.1173149421431716,1.0,0.0,0.0,0.0,0.0,0.0,0.5793156974750526,0.0,0.0,0.0,1.0,0.0,0.0,1.0,1.0,0
0.0,-1.1228556397938396,1.0,0.0,1.0,0.5329961123703084,1.4772996730661268,-0.20247795500813734,-1.0064298233070532,1.0,0.44494842828710385,1.0,0.0,0.0,0.0,0.0,0.0,1.439283823723465,0.0,1.0,0.0,0.0,0.0,0.0,1.0,0.0,0
1.0,0.2538337854573274,0.0,0.0,1.0,2.611872331624339,1.1741975688466812,-1.4201861881112876,-0.9320047275261583,1.0,-1.160711146877346,1.0,0.0,0.0,0.0,0.0,0.0,1.439283823723465,1.0,0.0,0.0,0.0,0.0,0.0,1.0,0.0,0
1.0,1.031962591034074,0.0,0.0,1.0,-0.5064419972567069,0.9524232928716226,-0.7866500746884254,-0.27239871336121546,1.0,0.7921180661604984,1.0,1.0,0.0,1.0,0.0,1.0,1.439283823723465,1.0,0.0,0.0,0.0,0.0,0.0,0.0,1.0,0
1.0,-0.6440071440543034,0.0,0.0,0.0,-0.5064419972567069,-1.1551128338951566,1.1351453725267753,0.9613167173360719,0.0,-1.421088375282392,1.0,0.0,0.0,0.0,0.0,0.0,-2.0005886812701847,1.0,0.0,0.0,0.0,0.0,0.0,1.0,1.0,1
1.0,-0.5242950201194192,0.0,0.0,1.0,0.5329961123703084,-0.8855794794764786,1.1316541735749668,-0.5155932412148706,1.0,0.4883446330212782,0.0,1.0,0.0,0.0,0.0,1.0,0.5793156974750526,1.0,0.0,0.0,0.0,0.0,1.0,0.0,1.0,0
1.0,1.9896595825131467,0.0,1.0,1.0,0.5329961123703084,1.3900700913847548,-0.746390788242671,-0.9766692478167907,1.0,1.4864573419072875,1.0,1.0,1.0,0.0,0.0,1.0,0.5793156974750526,1.0,0.0,0.0,0.0,0.0,1.0,0.0,0.0,0
1.0,1.6305232107084944,0.0,1.0,0.0,-0.5064419972567069,-0.48765832303494494,1.349937847009858,-0.9806436330968893,0.0,-0.7267490995356027,1.0,1.0,0.0,0.0,1.0,1.0,1.439283823723465,0.0,0.0,0.0,1.0,0.0,0.0,0.0,0.0,0
1.0,1.3312429008712843,0.0,1.0,0.0,-0.5064419972567069,0.9984809066356839,-0.783215624444299,-0.3743133073294593,0.0,0.8355142708946727,1.0,1.0,1.0,0.0,1.0,1.0,-0.2806524287733598,1.0,0.0,0.0,0.0,0.0,0.0,0.0,0.0,0
0.0,0.6728262192294217,0.0,0.0,0.0,-0.5064419972567069,0.6052282652108301,-0.584013819312295,0.19558515337039986,0.0,-0.7701453042697771,1.0,1.0,0.0,0.0,1.0,0.0,-2.0005886812701847,0.0,0.0,0.0,1.0,0.0,0.0,0.0,1.0,1
0.0,1.1516747149689581,0.0,1.0,0.0,-0.5064419972567069,-1.371593080153136,1.410083633841487,-0.257163569787504,0.0,-1.2475035563456947,1.0,1.0,0.0,0.0,0.0,1.0,-1.1406205550217723,1.0,0.0,0.0,0.0,0.0,0.0,0.0,1.0,1
1.0,1.6903792726759364,0.0,1.0,0.0,-0.5064419972567069,-0.8160600101916523,1.4609604650841221,-1.0204348000083532,0.0,0.5751370424896268,1.0,1.0,0.0,1.0,0.0,1.0,1.439283823723465,0.0,1.0,0.0,0.0,0.0,0.0,0.0,1.0,0
0.0,-0.46443895815197717,0.0,0.0,1.0,1.5724342219973237,0.4569808768758994,-1.0954534733444665,-0.1625353488327744,1.0,1.3128725229705902,0.0,1.0,1.0,0.0,1.0,1.0,0.5793156974750526,0.0,0.0,0.0,0.0,0.0,1.0,0.0,0.0,0
0.0,-0.9432874538915136,0.0,0.0,1.0,-0.5064419972567069,1.9188596786060552,-1.9632468679872859,-0.28389604220721515,1.0,1.5298535466414618,1.0,1.0,1.0,1.0,1.0,1.0,-1.1406205550217723,1.0,0.0,0.0,0.0,0.0,0.0,0.0,0.0,1
0.0,-0.225014710282209,0.0,0.0,0.0,-0.5064419972567069,-0.8960648364323537,1.2095913723240967,0.44043567509076276,0.0,-0.24939084745968526,1.0,1.0,0.0,0.0,0.0,1.0,0.5793156974750526,1.0,0.0,0.0,0.0,0.0,0.0,0.0,1.0,0
1.0,-1.2425677637287238,1.0,0.0,1.0,1.5724342219973237,-0.8802781716310212,0.924546765953295,2.273573571425785,1.0,1.5298535466414618,1.0,0.0,0.0,0.0,0.0,0.0,1.439283823723465,1.0,0.0,0.0,0.0,0.0,0.0,1.0,0.0,0
1.0,-1.3622798876636077,1.0,0.0,0.0,-0.5064419972567069,0.11262391494367655,0.21893518005099974,-0.7760574193927638,0.0,-0.6833528948014285,1.0,1.0,0.0,0.0,1.0,1.0,-0.2806524287733598,1.0,0.0,0.0,0.0,0.0,0.0,0.0,1.0,0
1.0,1.2115307769364,0.0,1.0,0.0,-0.5064419972567069,-1.2858138677221371,2.107618448387843,0.0696823053901321,0.0,-0.37957946166220824,1.0,1.0,0.0,1.0,0.0,1.0,0.5793156974750526,1.0,0.0,0.0,0.0,1.0,0.0,0.0,0.0,0
1.0,1.3910989628387262,0.0,1.0,1.0,-0.5064419972567069,-0.8569950345960813,0.6612249189650974,0.40911373395474726,1.0,1.3128725229705902,1.0,1.0,1.0,1.0,0.0,1.0,0.5793156974750526,1.0,0.0,0.0,0.0,0.0,0.0,0.0,0.0,0
1.0,0.8523944051317478,0.0,0.0,1.0,0.5329961123703084,2.1210743888945736,-1.2092235593397143,-0.7582199997427974,1.0,1.3562687277047645,1.0,1.0,1.0,1.0,1.0,0.0,-0.2806524287733598,1.0,0.0,0.0,0.0,0.0,1.0,0.0,0.0,0
0.0,-0.7637192679891874,0.0,0.0,0.0,-0.5064419972567069,0.9095781641073486,-1.3013096411673646,0.17964029813952792,0.0,-1.030522532674823,1.0,0.0,0.0,0.0,0.0,0.0,-0.2806524287733598,0.0,0.0,0.0,1.0,0.0,0.0,1.0,0.0,0
1.0,-0.46443895815197717,0.0,0.0,1.0,-0.5064419972567069,-1.0091443084247689,0.809510676267847,1.7431823929745254,1.0,0.9223066803630213,1.0,1.0,1.0,1.0,1.0,1.0,-2.0005886812701847,0.0,1.0,0.0,0.0,0.0,0.0,0.0,0.0,1
0.0,-1.2425677637287238,1.0,0.0,1.0,-0.5064419972567069,-1.4106527734777663,1.9649503517745657,-0.8699286145798557,1.0,0.44494842828710385,1.0,1.0,0.0,1.0,1.0,0.0,-2.0005886812701847,0.0,1.0,0.0,0.0,0.0,0.0,0.0,1.0,1
0.0,-0.10530258634732491,0.0,0.0,0.0,-0.5064419972567069,0.9524232928716226,-0.7866500746884254,-0.27239871336121546,0.0,-0.5965604853330798,1.0,0.0,0.0,0.0,0.0,0.0,1.439283823723465,1.0,0.0,0.0,0.0,0.0,0.0,1.0,1.0,0
1.0,-1.3024238256961658,1.0,0.0,1.0,-0.5064419972567069,-1.0883845268448795,1.427236507454599,-0.8599926513796091,1.0,-0.2927870521938596,1.0,1.0,0.0,0.0,1.0,1.0,-1.1406205550217723,0.0,0.0,1.0,0.0,0.0,0.0,0.0,1.0,1
1.0,0.7925383431643057,0.0,0.0,0.0,-0.5064419972567069,-0.9646183363446831,0.6669717637045922,0.8887368718637944,0.0,-0.20599464272551093,0.0,1.0,1.0,0.0,0.0,1.0,0.5793156974750526,0.0,0.0,1.0,0.0,0.0,1.0,0.0,0.0,0
1.0,0.8523944051317478,0.0,0.0,0.0,-0.5064419972567069,0.8611794190470325,-0.9886860856035607,-1.0290932822257108,0.0,-1.421088375282392,1.0,1.0,0.0,0.0,0.0,1.0,-0.2806524287733598,1.0,0.0,0.0,0.0,0.0,0.0,0.0,1.0,1
0.0,-0.5242950201194192,0.0,0.0,1.0,0.5329961123703084,-0.9016119832809412,0.7708209760298487,1.957231428774124,1.0,-0.6833528948014285,1.0,0.0,0.0,0.0,0.0,0.0,-0.2806524287733598,1.0,0.0,0.0,0.0,0.0,0.0,1.0,0.0,0
0.0,0.6129701572619797,0.0,0.0,1.0,-0.5064419972567069,1.0166560105677565,-0.477610915141095,0.5784036212427586,1.0,0.010986380945360646,1.0,1.0,1.0,0.0,0.0,1.0,1.439283823723465,1.0,0.0,0.0,0.0,0.0,1.0,0.0,1.0,0
1.0,0.9721065290666319,0.0,0.0,1.0,-0.5064419972567069,-0.9578233948190226,0.7936159630276193,-0.3035787121657989,1.0,1.5298535466414618,1.0,1.0,1.0,1.0,1.0,1.0,0.5793156974750526,1.0,0.0,0.0,0.0,0.0,0.0,0.0,0.0,0
0.0,0.07426559955500123,0.0,0.0,0.0,-0.5064419972567069,-0.9293566130141353,1.0475853461659241,0.7818542962954272,0.0,0.22796740461623224,1.0,1.0,0.0,0.0,1.0,1.0,1.439283823723465,1.0,0.0,0.0,0.0,0.0,0.0,0.0,1.0,0
1.0,-1.481992011598492,1.0,0.0,1.0,-0.5064419972567069,0.7129971295270778,-0.2693104005431629,0.16175556437908403,1.0,1.3128725229705902,1.0,0.0,0.0,0.0,0.0,0.0,0.5793156974750526,1.0,0.0,0.0,0.0,0.0,0.0,1.0,0.0,0
0.0,0.43340197135965347,0.0,0.0,1.0,-0.5064419972567069,-0.9929306600916847,1.536407641269101,-0.44741360801698793,1.0,1.4864573419072875,1.0,1.0,0.0,1.0,1.0,1.0,1.439283823723465,0.0,0.0,0.0,0.0,0.0,0.0,0.0,0.0,0
1.0,-0.9432874538915136,0.0,0.0,1.0,-0.5064419972567069,0.6078730561968069,-1.0434172152528918,-0.4120699674903964,1.0,1.00909908983137,0.0,1.0,1.0,1.0,1.0,1.0,-0.2806524287733598,0.0,1.0,0.0,0.0,1.0,0.0,0.0,0.0,0
1.0,-0.8235753299566294,0.0,0.0,1.0,-0.5064419972567069,1.2408276211638005,-1.2253226602019411,-0.9972508858744444,1.0,1.1826839087680672,1.0,1.0,1.0,1.0,1.0,1.0,0.5793156974750526,1.0,0.0,0.0,0.0,1.0,0.0,0.0,0.0,0
0.0,-0.28487077224965107,0.0,0.0,1.0,-0.5064419972567069,-1.1597692186978652,1.079359547383347,3.610906904068502,1.0,-0.42297566639638257,1.0,1.0,1.0,0.0,1.0,1.0,-0.2806524287733598,0.0,0.0,1.0,0.0,0.0,1.0,0.0,0.0,0
1.0,1.031962591034074,0.0,0.0,1.0,-0.5064419972567069,1.1932161269901504,-0.4975380162284006,-1.0179271521530528,1.0,0.27136360935040654,1.0,1.0,0.0,0.0,0.0,1.0,-0.2806524287733598,1.0,0.0,0.0,0.0,0.0,1.0,0.0,0.0,0
0.0,-1.42213594963105,1.0,0.0,0.0,1.5724342219973237,0.47267049996547084,-1.068206250337055,-0.39924784355103055,0.0,-0.075806028522988,1.0,1.0,0.0,0.0,1.0,1.0,0.5793156974750526,1.0,0.0,0.0,0.0,0.0,1.0,0.0,0.0,0
1.0,1.9896595825131467,0.0,1.0,0.0,0.5329961123703084,0.6077012114988952,-1.2600584057660937,0.20703516810592215,0.0,-0.2927870521938596,1.0,1.0,0.0,0.0,1.0,1.0,0.5793156974750526,1.0,0.0,0.0,0.0,0.0,0.0,0.0,0.0,0
1.0,-1.3024238256961658,1.0,0.0,1.0,0.5329961123703084,-1.1988131427443336,1.14149615270012,1.1815165874977278,1.0,1.0524952945655444,0.0,1.0,1.0,0.0,1.0,0.0,0.5793156974750526,0.0,1.0,0.0,0.0,0.0,1.0,0.0,0.0,0
1.0,0.6728262192294217,0.0,0.0,1.0,-0.5064419972567069,1.009290544645027,-0.7397613396185692,0.6865636777940145,0.0,-1.3776921705482175,1.0,1.0,0.0,0.0,0.0,1.0,-0.2806524287733598,1.0,0.0,0.0,0.0,0.0,0.0,0.0,1.0,0
0.0,-1.42213594963105,1.0,0.0,1.0,-0.5064419972567069,1.3516621948907896,-0.6405429141149482,-1.0238414159627234,1.0,0.5317408377554524,1.0,1.0,0.0,1.0,1.0,1.0,-0.2806524287733598,0.0,1.0,0.0,0.0,0.0,0.0,0.0,0.0,0
0.0,1.5108110867736102,0.0,1.0,1.0,-0.5064419972567069,0.5009816106910756,0.191471112388193,-1.0081804453947156,1.0,1.3128725229705902,1.0,1.0,0.0,0.0,1.0,1.0,-0.2806524287733598,0.0,0.0,0.0,0.0,0.0,0.0,0.0,0.0,0
1.0,-1.1228556397938396,1.0,0.0,1.0,-0.5064419972567069,0.8977726355310464,-1.3420386039092669,0.015554963004026756,1.0,-1.0739187374089973,1.0,1.0,0.0,1.0,1.0,1.0,-2.0005886812701847,1.0,0.0,0.0,0.0,0.0,0.0,0.0,1.0,1
1.0,0.37354590939221144,0.0,0.0,0.0,-0.5064419972567069,-0.8422620810482967,0.6918982875277,-0.23213440534497803,0.0,1.3128725229705902,1.0,0.0,0.0,0.0,0.0,0.0,-0.2806524287733598,1.0,0.0,0.0,0.0,0.0,0.0,1.0,0.0,0
0.0,-0.7038632060217453,0.0,0.0,0.0,-0.5064419972567069,-0.9589349267591626,0.7601019294793744,0.266934831970266,0.0,-1.160711146877346,1.0,0.0,0.0,0.0,0.0,0.0,1.439283823723465,0.0,0.0,0.0,1.0,0.0,0.0,1.0,1.0,0
1.0,1.6903792726759364,0.0,1.0,1.0,1.5724342219973237,-0.9318360287496522,0.6514253860278059,3.3779322240779575,0.0,0.4883446330212782,0.0,1.0,0.0,0.0,0.0,1.0,1.439283823723465,1.0,0.0,0.0,0.0,0.0,1.0,0.0,0.0,0
1.0,-0.8235753299566294,0.0,0.0,0.0,-0.5064419972567069,-0.8525569936448373,0.6922512368072216,0.3495925829742223,0.0,0.1411749951478836,1.0,0.0,0.0,0.0,0.0,0.0,1.439283823723465,1.0,0.0,0.0,0.0,0.0,0.0,1.0,0.0,0
0.0,-1.481992011598492,1.0,0.0,1.0,-0.5064419972567069,-0.44417797539909676,-0.39604825830245455,-0.4170852632009971,1.0,-1.5078807847507405,1.0,0.0,0.0,0.0,0.0,0.0,-0.2806524287733598,1.0,0.0,0.0,0.0,0.0,0.0,1.0,0.0,0
0.0,-1.1827117017612818,1.0,0.0,0.0,-0.5064419972567069,0.4434759053223711,-1.0040691377313917,0.5149080849821349,0.0,-1.160711146877346,1.0,0.0,0.0,0.0,0.0,0.0,-0.2806524287733598,1.0,0.0,0.0,0.0,0.0,0.0,1.0,1.0,0
0.0,1.9298035205457047,0.0,1.0,1.0,-0.5064419972567069,-0.727875376330352,0.023071859868814028,0.4639507879980131,1.0,1.269476318236416,1.0,1.0,0.0,1.0,0.0,1.0,-2.0005886812701847,0.0,0.0,0.0,0.0,0.0,0.0,0.0,1.0,1
0.0,0.9721065290666319,0.0,0.0,0.0,-0.5064419972567069,0.3855031867158107,0.21237632128280093,-1.0242672429570197,0.0,-1.290899761079869,1.0,1.0,0.0,0.0,0.0,1.0,-2.0005886812701847,1.0,0.0,0.0,0.0,0.0,0.0,0.0,1.0,1
1.0,1.9896595825131467,0.0,1.0,0.0,-0.5064419972567069,0.5194866564431387,-1.0483894170638712,0.9732398731763678,0.0,-0.20599464272551093,1.0,1.0,0.0,0.0,0.0,1.0,0.5793156974750526,0.0,0.0,1.0,0.0,0.0,0.0,0.0,0.0,0
1.0,-0.8235753299566294,0.0,0.0,0.0,-0.5064419972567069,0.5289336670831571,-1.140015050027521,-0.5329102056495861,0.0,0.7053256566921497,1.0,1.0,0.0,1.0,1.0,1.0,1.439283823723465,0.0,1.0,0.0,0.0,0.0,0.0,0.0,0.0,0
1.0,-1.1228556397938396,1.0,0.0,0.0,-0.5064419972567069,0.7623222185942542,-1.1476027674798126,0.7237525686292232,0.0,0.010986380945360646,1.0,0.0,0.0,0.0,0.0,0.0,-0.2806524287733598,1.0,0.0,0.0,0.0,0.0,0.0,1.0,0.0,0
0.0,-1.2425677637287238,1.0,0.0,0.0,-0.5064419972567069,1.8134408410763105,-1.4043616033553503,-0.9498894612866022,0.0,-0.075806028522988,1.0,1.0,0.0,1.0,1.0,1.0,-0.2806524287733598,1.0,0.0,0.0,0.0,0.0,0.0,0.0,0.0,1
1.0,0.9122504670991899,0.0,0.0,1.0,2.611872331624339,0.9812741981189019,-0.8140647755892599,-0.6396035247760438,1.0,-1.3342959658140432,1.0,0.0,0.0,0.0,0.0,0.0,-0.2806524287733598,1.0,0.0,0.0,0.0,0.0,0.0,1.0,0.0,0
1.0,0.6129701572619797,0.0,0.0,0.0,-0.5064419972567069,-0.9473194382017274,0.6809559371193391,-0.5659354547627867,0.0,0.3581560188187552,1.0,1.0,1.0,1.0,1.0,1.0,-0.2806524287733598,0.0,1.0,0.0,0.0,0.0,1.0,0.0,0.0,0
1.0,1.3910989628387262,0.0,1.0,1.0,-0.5064419972567069,2.0698036135065703,-1.1676119927132051,-0.6913651616382809,1.0,0.31475981408458087,1.0,1.0,1.0,0.0,0.0,1.0,0.5793156974750526,1.0,0.0,0.0,0.0,0.0,0.0,0.0,0.0,0
0.0,1.8699474585782625,0.0,1.0,1.0,-0.5064419972567069,1.4172437923804129,-1.8489757324266065,-1.0225639349798346,0.0,0.18457119988205792,1.0,1.0,0.0,1.0,0.0,1.0,-2.0005886812701847,1.0,0.0,0.0,0.0,0.0,0.0,0.0,1.0,1
1.0,1.1516747149689581,0.0,1.0,1.0,-0.5064419972567069,-0.8010775785765444,1.026878988434023,-0.9856116146970126,1.0,1.5298535466414618,1.0,1.0,1.0,0.0,0.0,1.0,-0.2806524287733598,0.0,0.0,0.0,0.0,0.0,0.0,0.0,0.0,0
1.0,-1.0629995778263976,1.0,0.0,0.0,-0.5064419972567069,1.2628480029244378,-0.6873596752140767,-0.9653138613022232,0.0,0.5751370424896268,1.0,0.0,0.0,0.0,0.0,0.0,-0.2806524287733598,1.0,0.0,0.0,0.0,0.0,0.0,1.0,0.0,0
1.0,1.6305232107084944,0.0,1.0,0.0,-0.5064419972567069,2.1646186223239976,-1.972361725459465,-0.979697350887342,0.0,1.139287704033893,1.0,1.0,0.0,1.0,1.0,1.0,0.5793156974750526,0.0,1.0,0.0,0.0,0.0,0.0,0.0,0.0,0
0.0,1.1516747149689581,0.0,1.0,0.0,-0.5064419972567069,-0.8867282107394616,0.593228432865065,-0.09208463833197819,0.0,1.3562687277047645,1.0,1.0,0.0,1.0,0.0,1.0,-0.2806524287733598,1.0,0.0,0.0,0.0,0.0,0.0,0.0,1.0,0
1.0,1.8100913966108205,0.0,1.0,1.0,-0.5064419972567069,-0.8569950345960813,0.6612249189650974,0.40911373395474726,1.0,1.0524952945655444,1.0,1.0,0.0,1.0,0.0,1.0,-2.0005886812701847,1.0,0.0,0.0,0.0,0.0,0.0,0.0,0.0,1
0.0,-0.7637192679891874,0.0,0.0,0.0,-0.5064419972567069,1.537476047210615,-1.092325373847539,-1.0180217803740075,0.0,1.2260801135022417,1.0,0.0,0.0,0.0,0.0,0.0,1.439283823723465,0.0,1.0,0.0,0.0,0.0,0.0,1.0,0.0,0
0.0,-1.0629995778263976,1.0,0.0,1.0,-0.5064419972567069,1.350639213512633,-0.27019023619812693,-1.0264436920389786,1.0,-0.7701453042697771,1.0,1.0,0.0,0.0,1.0,1.0,-0.2806524287733598,1.0,0.0,0.0,0.0,0.0,0.0,0.0,0.0,1
1.0,-0.3447268342170931,0.0,0.0,0.0,-0.5064419972567069,0.5717387661413328,-0.9699783896741325,0.6977771219771499,0.0,-0.03240982378881367,0.0,1.0,0.0,0.0,0.0,1.0,0.5793156974750526,0.0,0.0,1.0,0.0,1.0,0.0,0.0,1.0,0
0.0,-0.5242950201194192,0.0,0.0,1.0,-0.5064419972567069,0.029465233070714997,0.06336436507028938,1.480115938720377,1.0,0.3581560188187552,1.0,1.0,1.0,1.0,1.0,1.0,0.5793156974750526,0.0,1.0,0.0,0.0,1.0,0.0,0.0,0.0,0
1.0,1.7502353346433785,0.0,1.0,0.0,-0.5064419972567069,-0.8846276620202819,0.5854155660684497,0.0774891336188973,0.0,0.31475981408458087,1.0,1.0,0.0,1.0,1.0,1.0,1.439283823723465,1.0,0.0,0.0,0.0,0.0,1.0,0.0,0.0,0
1.0,0.8523944051317478,0.0,0.0,1.0,-0.5064419972567069,0.8566043066779233,-0.5509639256009121,-0.5757767897420787,1.0,1.3562687277047645,1.0,1.0,1.0,1.0,1.0,1.0,-0.2806524287733598,0.0,0.0,0.0,0.0,0.0,0.0,0.0,0.0,0
1.0,-0.28487077224965107,0.0,0.0,0.0,-0.5064419972567069,0.9272381382861508,-0.8005576604163709,1.0769524033427516,0.0,0.8355142708946727,1.0,0.0,0.0,0.0,0.0,0.0,0.5793156974750526,0.0,1.0,0.0,0.0,0.0,0.0,1.0,0.0,0
0.0,1.5706671487410524,0.0,1.0,1.0,-0.5064419972567069,-1.3370300571472737,1.4416146922219109,-0.9620965017897624,1.0,-0.075806028522988,1.0,1.0,0.0,1.0,0.0,1.0,1.439283823723465,1.0,0.0,0.0,0.0,0.0,0.0,0.0,0.0,0
0.0,-1.1228556397938396,1.0,0.0,1.0,-0.5064419972567069,-0.9506212824444271,0.8447650035185135,0.1221063397990523,1.0,-1.3776921705482175,1.0,0.0,0.0,0.0,0.0,0.0,-0.2806524287733598,1.0,0.0,0.0,0.0,0.0,0.0,1.0,0.0,0
1.0,0.19397772348988532,0.0,0.0,1.0,1.5724342219973237,1.6673263486978152,-1.985426846632635,-1.0333042380581963,1.0,0.9657028850971957,1.0,1.0,1.0,1.0,1.0,1.0,-0.2806524287733598,0.0,1.0,0.0,0.0,1.0,0.0,0.0,0.0,0
1.0,-0.04544652437988287,0.0,0.0,0.0,-0.5064419972567069,-0.08993933682624948,-0.11116097964971657,-0.9515927692637873,0.0,-1.160711146877346,1.0,1.0,0.0,0.0,0.0,0.0,1.439283823723465,0.0,0.0,0.0,1.0,0.0,1.0,0.0,1.0,0
0.0,0.8523944051317478,0.0,0.0,0.0,0.5329961123703084,-1.3865140520174613,1.8779928767327334,-0.9599673668182809,0.0,-0.5965604853330798,0.0,1.0,1.0,0.0,0.0,1.0,-0.2806524287733598,1.0,0.0,0.0,0.0,0.0,1.0,0.0,0.0,0
0.0,1.6903792726759364,0.0,1.0,1.0,-0.5064419972567069,1.4819229019506506,-1.3045272467560958,-1.0247403840617932,1.0,0.010986380945360646,1.0,1.0,0.0,0.0,0.0,1.0,-1.1406205550217723,0.0,0.0,1.0,0.0,0.0,0.0,0.0,1.0,1
1.0,1.7502353346433785,0.0,1.0,1.0,-0.5064419972567069,1.8480143769342823,-0.7910280298693083,-1.0184002932578264,1.0,0.4883446330212782,1.0,1.0,1.0,1.0,0.0,1.0,-2.0005886812701847,1.0,0.0,0.0,0.0,0.0,0.0,0.0,1.0,1
0.0,-1.601704135533376,1.0,0.0,0.0,-0.5064419972567069,1.289553477660846,-1.5158368269762987,-0.948044210977985,0.0,1.139287704033893,1.0,1.0,1.0,1.0,0.0,1.0,-0.2806524287733598,1.0,0.0,0.0,0.0,1.0,0.0,0.0,0.0,0
0.0,-0.5242950201194192,0.0,0.0,1.0,-0.5064419972567069,-0.9442500897267925,0.9355776997102474,-0.048650284913757294,1.0,1.5298535466414618,1.0,0.0,0.0,0.0,0.0,0.0,-0.2806524287733598,1.0,0.0,0.0,0.0,0.0,0.0,1.0,0.0,0
1.0,0.07426559955500123,0.0,0.0,0.0,-0.5064419972567069,-0.8278008442934432,0.37544257939435627,0.750295784607025,0.0,0.05438258567953497,1.0,0.0,0.0,0.0,0.0,0.0,1.439283823723465,1.0,0.0,0.0,0.0,0.0,0.0,1.0,0.0,0
0.0,-0.16515864831476695,0.0,0.0,0.0,0.5329961123703084,-0.8580155899314443,0.855050360758204,0.5628372788957056,0.0,-1.4644845800165662,1.0,1.0,0.0,0.0,1.0,1.0,-0.2806524287733598,0.0,0.0,0.0,0.0,1.0,0.0,0.0,1.0,0
0.0,-0.04544652437988287,0.0,0.0,0.0,-0.5064419972567069,0.43962092332262875,-1.0706616700306604,1.5381703522761037,0.0,-1.1173149421431716,1.0,0.0,0.0,0.0,0.0,0.0,0.5793156974750526,0.0,0.0,0.0,1.0,0.0,0.0,1.0,1.0,0
1.0,-1.3622798876636077,1.0,0.0,1.0,0.5329961123703084,0.610922591988925,0.3248988584521301,-1.0079438748423288,1.0,0.3581560188187552,1.0,0.0,0.0,0.0,0.0,0.0,0.5793156974750526,0.0,1.0,0.0,0.0,0.0,0.0,1.0,0.0,0
1.0,-0.28487077224965107,0.0,0.0,1.0,-0.5064419972567069,0.47267049996547084,-1.068206250337055,-0.39924784355103055,1.0,1.4864573419072875,1.0,0.0,0.0,0.0,0.0,0.0,1.439283823723465,0.0,0.0,0.0,0.0,0.0,0.0,1.0,0.0,0
0.0,-1.1228556397938396,1.0,0.0,0.0,-0.5064419972567069,-0.7476172995669138,0.5794352672957024,0.41734638917780875,0.0,-1.160711146877346,1.0,1.0,0.0,0.0,1.0,1.0,-2.0005886812701847,0.0,0.0,0.0,1.0,1.0,0.0,0.0,1.0,1
1.0,0.5531140952945376,0.0,0.0,1.0,-0.5064419972567069,-1.0072463342788922,0.7726641556006821,-1.028951339894279,1.0,1.2260801135022417,1.0,1.0,1.0,0.0,0.0,1.0,-0.2806524287733598,1.0,0.0,0.0,0.0,0.0,0.0,0.0,0.0,0
1.0,-1.0031435158589557,0.0,0.0,1.0,-0.5064419972567069,0.26646292757841855,-0.8626568946329551,-0.8775935004771888,1.0,1.3562687277047645,1.0,1.0,0.0,1.0,0.0,1.0,0.5793156974750526,0.0,0.0,0.0,0.0,0.0,0.0,0.0,0.0,0
0.0,-0.46443895815197717,0.0,0.0,1.0,-0.5064419972567069,2.1375694581917664,-0.18108369220988152,-0.9966358024382387,1.0,1.3128725229705902,0.0,1.0,1.0,0.0,1.0,1.0,-0.2806524287733598,1.0,0.0,0.0,0.0,0.0,1.0,0.0,0.0,0
1.0,0.9122504670991899,0.0,0.0,1.0,1.5724342219973237,-0.8422374162798897,1.0607911856792942,1.5455040394000952,1.0,1.139287704033893,1.0,1.0,1.0,1.0,0.0,0.0,-0.2806524287733598,0.0,1.0,0.0,0.0,0.0,1.0,0.0,0.0,0
1.0,0.6129701572619797,0.0,0.0,1.0,-0.5064419972567069,-0.8770288916488586,0.7441823021723543,0.5374296015693606,1.0,0.3581560188187552,1.0,1.0,1.0,1.0,1.0,1.0,-0.2806524287733598,0.0,1.0,0.0,0.0,0.0,0.0,0.0,0.0,0
1.0,-0.40458289618453513,0.0,0.0,1.0,-0.5064419972567069,0.842983693751211,-0.38405305788642075,-0.9085842428398627,1.0,0.18457119988205792,1.0,0.0,0.0,0.0,0.0,0.0,-0.2806524287733598,0.0,1.0,0.0,0.0,0.0,0.0,1.0,0.0,0
1.0,-0.8834313919240715,0.0,0.0,1.0,1.5724342219973237,1.8026675937088779,-1.16941780118385,0.9252160510418426,1.0,-1.4644845800165662,1.0,0.0,0.0,0.0,0.0,0.0,1.439283823723465,1.0,0.0,0.0,0.0,0.0,0.0,1.0,0.0,0
1.0,0.6129701572619797,0.0,0.0,1.0,-0.5064419972567069,-1.0908744554325032,0.9953908376130736,0.5866835905762974,1.0,0.5751370424896268,1.0,1.0,1.0,1.0,1.0,1.0,-0.2806524287733598,0.0,1.0,0.0,0.0,0.0,0.0,0.0,0.0,0
0.0,1.271386838903842,0.0,1.0,0.0,-0.5064419972567069,-0.9328586057873415,0.7027806596271299,0.3739593498700652,0.0,0.878910475628847,1.0,1.0,0.0,0.0,0.0,0.0,1.439283823723465,1.0,0.0,0.0,0.0,0.0,0.0,0.0,0.0,0
0.0,-1.2425677637287238,1.0,0.0,0.0,-0.5064419972567069,0.4164784967697446,-0.22587180235207815,-0.8831292514030404,0.0,0.010986380945360646,1.0,1.0,0.0,0.0,1.0,1.0,-0.2806524287733598,0.0,0.0,1.0,0.0,0.0,0.0,0.0,0.0,0
1.0,-1.0629995778263976,1.0,0.0,1.0,-0.5064419972567069,0.4855786649916677,-0.41765890438449954,-1.0345817190410853,1.0,0.7053256566921497,1.0,1.0,0.0,0.0,1.0,1.0,0.5793156974750526,0.0,1.0,0.0,0.0,0.0,0.0,0.0,0.0,0
0.0,0.7925383431643057,0.0,0.0,1.0,-0.5064419972567069,-0.9181761947977679,1.4962461656040789,0.041388467324667944,1.0,-0.5965604853330798,1.0,0.0,0.0,0.0,0.0,0.0,1.439283823723465,1.0,0.0,0.0,0.0,0.0,0.0,1.0,0.0,0
0.0,-1.0629995778263976,1.0,0.0,0.0,-0.5064419972567069,0.698400843056691,-1.2934810877361043,-0.4689415282841889,0.0,1.0958914992997186,1.0,0.0,0.0,0.0,0.0,0.0,1.439283823723465,1.0,0.0,0.0,0.0,0.0,0.0,1.0,0.0,0
0.0,-0.7038632060217453,0.0,0.0,0.0,-0.5064419972567069,1.2990526482209397,-0.6179020252339924,-1.0072814772956458,0.0,0.9657028850971957,1.0,1.0,0.0,1.0,0.0,1.0,-0.2806524287733598,0.0,1.0,0.0,0.0,1.0,0.0,0.0,0.0,0
0.0,-0.9432874538915136,0.0,0.0,0.0,-0.5064419972567069,1.0158703770429518,-1.5244903128412588,-0.9260431496060103,0.0,0.6185332472238011,0.0,1.0,1.0,0.0,1.0,1.0,0.5793156974750526,1.0,0.0,0.0,0.0,0.0,1.0,0.0,1.0,0
1.0,1.031962591034074,0.0,0.0,0.0,-0.5064419972567069,-0.8008188006785139,0.5895033185083915,1.660524641970569,0.0,-0.16259843799133664,1.0,1.0,0.0,0.0,0.0,1.0,-0.2806524287733598,0.0,0.0,1.0,0.0,0.0,0.0,0.0,0.0,0
0.0,0.19397772348988532,0.0,0.0,1.0,1.5724342219973237,-0.8674197404821031,0.9939776563801626,1.3036343066398064,1.0,-1.0739187374089973,1.0,0.0,0.0,0.0,0.0,0.0,0.5793156974750526,0.0,0.0,0.0,1.0,0.0,0.0,1.0,1.0,0
0.0,-0.04544652437988287,0.0,0.0,0.0,-0.5064419972567069,-0.8384657284160757,0.8305589103606983,0.25988502950913867,0.0,0.05438258567953497,1.0,1.0,0.0,1.0,1.0,1.0,-0.2806524287733598,1.0,0.0,0.0,0.0,1.0,0.0,0.0,0.0,1
1.0,-0.7637192679891874,0.0,0.0,1.0,-0.5064419972567069,1.289553477660846,-1.5158368269762987,-0.948044210977985,1.0,0.9657028850971957,1.0,1.0,0.0,0.0,1.0,1.0,1.439283823723465,1.0,0.0,0.0,0.0,0.0,1.0,0.0,0.0,0
1.0,0.43340197135965347,0.0,0.0,0.0,-0.5064419972567069,-0.9131894638346041,0.7971546832549691,0.7693160570189256,0.0,-0.46637187113055684,1.0,1.0,1.0,0.0,0.0,1.0,0.5793156974750526,0.0,0.0,1.0,0.0,0.0,1.0,0.0,1.0,0
1.0,0.7925383431643057,0.0,0.0,0.0,-0.5064419972567069,0.8812427929538043,-1.43113222949251,0.4421389830679479,0.0,1.0958914992997186,1.0,1.0,0.0,1.0,1.0,1.0,0.5793156974750526,1.0,0.0,0.0,0.0,0.0,1.0,0.0,0.0,0
1.0,-0.8834313919240715,0.0,0.0,1.0,-0.5064419972567069,-0.7125904980469218,0.5473201124605479,-0.19281637953828787,1.0,0.878910475628847,1.0,1.0,1.0,0.0,0.0,1.0,-0.2806524287733598,0.0,1.0,0.0,0.0,1.0,0.0,0.0,0.0,0
1.0,-1.1827117017612818,1.0,0.0,1.0,-0.5064419972567069,-1.0138116104200519,0.8350374445519497,1.5437061032019554,1.0,-0.5965604853330798,0.0,1.0,1.0,0.0,0.0,1.0,0.5793156974750526,1.0,0.0,0.0,0.0,0.0,1.0,0.0,0.0,0
1.0,0.9122504670991899,0.0,0.0,0.0,-0.5064419972567069,-0.8220834701088057,1.2379454258172202,-0.7819243690919572,0.0,0.010986380945360646,1.0,0.0,0.0,0.0,0.0,0.0,1.439283823723465,0.0,0.0,1.0,0.0,0.0,0.0,1.0,0.0,0
1.0,-0.16515864831476695,0.0,0.0,1.0,-0.5064419972567069,-1.3693603121016813,1.3318677666415937,1.8902346483381753,1.0,1.4864573419072875,1.0,0.0,0.0,0.0,0.0,0.0,0.5793156974750526,1.0,0.0,0.0,0.0,0.0,0.0,1.0,0.0,0
1.0,-1.541848073565934,1.0,0.0,1.0,-0.5064419972567069,-1.3930789238181536,1.207668375465213,-0.48597460805604026,1.0,1.4430611371731132,0.0,1.0,1.0,1.0,1.0,1.0,-0.2806524287733598,0.0,0.0,0.0,0.0,1.0,0.0,0.0,0.0,0
0.0,-1.481992011598492,1.0,0.0,0.0,-0.5064419972567069,-0.900442630654212,0.900662480590888,1.164436193615399,0.0,-1.290899761079869,1.0,1.0,0.0,0.0,1.0,1.0,1.439283823723465,1.0,0.0,0.0,0.0,0.0,0.0,0.0,1.0,0
1.0,-1.481992011598492,1.0,0.0,1.0,-0.5064419972567069,0.26291281828979796,0.7247105748613695,-1.0024554380269546,1.0,-1.2475035563456947,1.0,1.0,0.0,1.0,1.0,1.0,-2.0005886812701847,0.0,0.0,0.0,0.0,0.0,0.0,0.0,1.0,1
0.0,-0.7637192679891874,0.0,0.0,0.0,-0.5064419972567069,0.6192152105994437,-0.6331701958316213,-0.4388497540205849,0.0,-1.030522532674823,1.0,1.0,1.0,0.0,0.0,1.0,-0.2806524287733598,1.0,0.0,0.0,0.0,0.0,0.0,0.0,1.0,0
1.0,-1.541848073565934,1.0,0.0,1.0,0.5329961123703084,1.6019651167619857,-0.29202603162448926,-1.0144259079777278,1.0,0.3581560188187552,1.0,0.0,0.0,0.0,0.0,0.0,-0.2806524287733598,1.0,0.0,0.0,0.0,0.0,0.0,1.0,0.0,0
0.0,-0.04544652437988287,0.0,0.0,1.0,-0.5064419972567069,-1.0565503976418549,0.8613683835474338,-0.8893747139860526,1.0,1.4430611371731132,1.0,1.0,1.0,0.0,1.0,1.0,-0.2806524287733598,0.0,0.0,0.0,0.0,0.0,1.0,0.0,0.0,0
0.0,1.3910989628387262,0.0,1.0,1.0,-0.5064419972567069,0.34753683001036506,-1.0751669637751349,-0.734042489288864,1.0,1.3562687277047645,1.0,1.0,0.0,1.0,0.0,1.0,-0.2806524287733598,1.0,0.0,0.0,0.0,0.0,0.0,0.0,1.0,1
0.0,-1.3622798876636077,1.0,0.0,1.0,1.5724342219973237,-0.3973893140730971,-0.4462980855308846,0.4760158861697411,1.0,0.5317408377554524,0.0,1.0,1.0,0.0,1.0,1.0,0.5793156974750526,0.0,1.0,0.0,0.0,0.0,1.0,0.0,1.0,0
1.0,1.7502353346433785,0.0,1.0,0.0,-0.5064419972567069,-1.1551128338951566,1.1351453725267753,0.9613167173360719,0.0,-1.4644845800165662,1.0,1.0,0.0,0.0,0.0,0.0,-0.2806524287733598,1.0,0.0,0.0,0.0,0.0,1.0,0.0,1.0,1
0.0,-1.661560197500818,1.0,0.0,0.0,-0.5064419972567069,0.40994799390863407,-0.93569617239987,-0.5567092032197006,0.0,-0.42297566639638257,1.0,1.0,1.0,1.0,1.0,1.0,-0.2806524287733598,1.0,0.0,0.0,0.0,0.0,1.0,0.0,0.0,0
1.0,-0.28487077224965107,0.0,0.0,1.0,-0.5064419972567069,0.4943358707972458,-0.9774097021515723,1.9364132201640833,1.0,1.3996649324389387,1.0,1.0,0.0,1.0,1.0,1.0,-1.1406205550217723,1.0,0.0,0.0,0.0,0.0,0.0,0.0,1.0,1
0.0,1.1516747149689581,0.0,1.0,1.0,-0.5064419972567069,0.6076304519174027,-0.16155337070477735,-0.9297336502232448,1.0,1.3128725229705902,1.0,1.0,1.0,0.0,0.0,1.0,-0.2806524287733598,1.0,0.0,0.0,0.0,0.0,0.0,0.0,1.0,0
1.0,1.5706671487410524,0.0,1.0,0.0,-0.5064419972567069,-0.7338026032166765,0.21126072473655413,-0.7295003346830369,0.0,-1.4644845800165662,1.0,1.0,0.0,1.0,0.0,1.0,-1.1406205550217723,1.0,0.0,0.0,0.0,0.0,0.0,0.0,1.0,1
1.0,1.7502353346433785,0.0,1.0,0.0,-0.5064419972567069,-1.3474373763932725,1.203189379902349,2.4750370538384043,0.0,-1.160711146877346,0.0,1.0,0.0,0.0,0.0,0.0,-1.1406205550217723,1.0,0.0,0.0,0.0,1.0,0.0,0.0,1.0,1
0.0,0.43340197135965347,0.0,0.0,0.0,-0.5064419972567069,0.22215125594514218,-0.0012078209609760777,0.43806996956689453,0.0,-0.9871263279406487,1.0,1.0,0.0,0.0,0.0,1.0,0.5793156974750526,0.0,0.0,0.0,1.0,0.0,1.0,0.0,1.0,0
0.0,-0.5841510820868613,0.0,0.0,0.0,-0.5064419972567069,-0.8899548476555432,0.8789567919577538,1.0975340414004053,0.0,0.7053256566921497,1.0,1.0,0.0,1.0,1.0,1.0,1.439283823723465,0.0,1.0,0.0,0.0,0.0,1.0,0.0,0.0,0
0.0,-0.3447268342170931,0.0,0.0,1.0,1.5724342219973237,1.0925179643971552,-0.524903811738869,-0.9832459091731444,1.0,1.3562687277047645,1.0,1.0,1.0,1.0,1.0,1.0,-0.2806524287733598,1.0,0.0,0.0,0.0,0.0,0.0,0.0,0.0,0
1.0,-1.0629995778263976,1.0,0.0,1.0,-0.5064419972567069,0.16374993644496857,-0.8561460185119103,-0.4208230779287089,1.0,-0.8569377137381258,1.0,1.0,0.0,0.0,1.0,1.0,-0.2806524287733598,1.0,0.0,0.0,0.0,0.0,0.0,0.0,1.0,1
0.0,-0.46443895815197717,0.0,0.0,0.0,-0.5064419972567069,1.2155834328703368,-1.8258038048257408,-0.9873149226741977,0.0,0.27136360935040654,1.0,0.0,0.0,0.0,0.0,0.0,0.5793156974750526,1.0,0.0,0.0,0.0,0.0,0.0,1.0,0.0,0
1.0,0.6129701572619797,0.0,0.0,1.0,2.611872331624339,0.22215125594514218,-0.0012078209609760777,0.43806996956689453,1.0,1.3562687277047645,1.0,1.0,1.0,1.0,1.0,1.0,1.439283823723465,1.0,0.0,0.0,0.0,0.0,1.0,0.0,0.0,0
1.0,1.6903792726759364,0.0,1.0,1.0,-0.5064419972567069,0.9926228219689905,-1.0158714848156105,-0.9972508858744444,1.0,-0.11920223325716231,1.0,1.0,0.0,1.0,0.0,1.0,-2.0005886812701847,1.0,0.0,0.0,0.0,0.0,0.0,0.0,1.0,1
0.0,-0.9432874538915136,0.0,0.0,1.0,0.5329961123703084,-0.845505700263937,0.7899988096270374,0.4263833842789854,1.0,-0.24939084745968526,1.0,0.0,0.0,0.0,0.0,0.0,0.5793156974750526,1.0,0.0,0.0,0.0,0.0,0.0,1.0,1.0,0
0.0,1.5108110867736102,0.0,1.0,1.0,-0.5064419972567069,0.31857190075176606,0.11735176368878254,-0.9750132539500829,1.0,-0.11920223325716231,1.0,1.0,0.0,0.0,0.0,1.0,-0.2806524287733598,1.0,0.0,0.0,0.0,0.0,0.0,0.0,0.0,0
0.0,-1.1827117017612818,1.0,0.0,0.0,-0.5064419972567069,0.9812285076462811,-0.7762198467640674,0.6137945758798274,0.0,0.010986380945360646,1.0,1.0,0.0,0.0,1.0,1.0,-2.0005886812701847,1.0,0.0,0.0,0.0,0.0,0.0,0.0,1.0,1
1.0,-0.16515864831476695,0.0,0.0,1.0,-0.5064419972567069,0.0909257925341813,0.019253087075882486,-0.8999730747329824,1.0,1.5298535466414618,1.0,0.0,0.0,0.0,0.0,0.0,-0.2806524287733598,1.0,0.0,0.0,0.0,0.0,0.0,1.0,0.0,0
1.0,0.49325803332709556,0.0,0.0,0.0,-0.5064419972567069,0.6288607524081128,-1.1600814853402084,1.7332937438847562,0.0,-0.5531642805989055,1.0,0.0,0.0,0.0,0.0,0.0,1.439283823723465,1.0,0.0,0.0,0.0,0.0,0.0,1.0,0.0,0
0.0,-0.8235753299566294,0.0,0.0,1.0,-0.5064419972567069,-0.9229195128005955,0.646008421987471,0.3197846933734825,1.0,-0.42297566639638257,1.0,1.0,1.0,0.0,0.0,1.0,-0.2806524287733598,1.0,0.0,0.0,0.0,0.0,1.0,0.0,0.0,0
0.0,1.9298035205457047,0.0,1.0,1.0,-0.5064419972567069,-0.8112317806910321,0.6654658467786353,0.18739981225781574,1.0,-0.2927870521938596,1.0,1.0,0.0,0.0,0.0,1.0,1.439283823723465,0.0,0.0,1.0,0.0,0.0,0.0,0.0,1.0,0
0.0,0.07426559955500123,0.0,0.0,0.0,1.5724342219973237,-1.3823133589195666,1.5117542494374645,-0.9612921619116471,0.0,0.31475981408458087,1.0,0.0,0.0,0.0,0.0,0.0,-0.2806524287733598,0.0,1.0,0.0,0.0,0.0,0.0,1.0,0.0,0
1.0,0.2538337854573274,0.0,0.0,0.0,2.611872331624339,-0.9308777418460038,0.6267553848183056,-0.27821834894993136,0.0,-1.4644845800165662,1.0,1.0,1.0,0.0,1.0,0.0,-0.2806524287733598,0.0,0.0,0.0,0.0,0.0,1.0,0.0,1.0,0
1.0,0.49325803332709556,0.0,0.0,1.0,-0.5064419972567069,1.224058409030877,-0.12422794630931733,-0.809792380163125,1.0,-1.421088375282392,1.0,1.0,0.0,0.0,0.0,1.0,-1.1406205550217723,0.0,0.0,0.0,0.0,0.0,0.0,0.0,1.0,1
0.0,0.8523944051317478,0.0,0.0,1.0,2.611872331624339,0.4583414825428953,-1.076373911899616,-0.02011987629590631,0.0,0.7053256566921497,1.0,1.0,1.0,0.0,1.0,1.0,0.5793156974750526,0.0,1.0,0.0,0.0,1.0,0.0,0.0,1.0,0
1.0,0.9122504670991899,0.0,0.0,0.0,-0.5064419972567069,-0.8269339383350394,0.6524196418413594,0.3465171657931936,0.0,1.5298535466414618,1.0,0.0,0.0,0.0,0.0,0.0,0.5793156974750526,1.0,0.0,0.0,0.0,0.0,0.0,1.0,0.0,0
1.0,1.3312429008712843,0.0,1.0,0.0,-0.5064419972567069,-0.9649822427637907,1.6189723972386174,-0.7755842782879903,0.0,-0.7267490995356027,1.0,1.0,1.0,0.0,0.0,1.0,-2.0005886812701847,1.0,0.0,0.0,0.0,0.0,0.0,0.0,1.0,1
0.0,-0.28487077224965107,0.0,0.0,0.0,-0.5064419972567069,1.4898508054611324,-0.8156163683043275,-1.0358592000239741,0.0,0.010986380945360646,1.0,1.0,1.0,1.0,1.0,1.0,0.5793156974750526,1.0,0.0,0.0,0.0,0.0,1.0,0.0,0.0,0
0.0,0.37354590939221144,0.0,0.0,0.0,-0.5064419972567069,0.5740305679007763,-0.5558406234891963,0.24668439268595385,0.0,-1.421088375282392,1.0,1.0,0.0,0.0,0.0,1.0,1.439283823723465,1.0,0.0,0.0,0.0,0.0,1.0,0.0,1.0,0
0.0,0.37354590939221144,0.0,0.0,1.0,-0.5064419972567069,-0.8160600101916523,1.4609604650841221,-1.0204348000083532,1.0,0.31475981408458087,1.0,1.0,1.0,1.0,0.0,1.0,0.5793156974750526,0.0,1.0,0.0,0.0,0.0,0.0,0.0,1.0,0
0.0,0.07426559955500123,0.0,0.0,0.0,-0.5064419972567069,0.8895459244164328,-0.3273569465619505,-0.9331875802880925,0.0,-0.9437301232064743,1.0,0.0,0.0,0.0,0.0,0.0,-0.2806524287733598,1.0,0.0,0.0,0.0,0.0,0.0,1.0,1.0,0
1.0,-1.1228556397938396,1.0,0.0,1.0,-0.5064419972567069,1.6041861589399338,-1.2126441684356197,0.21370645768323057,1.0,1.4430611371731132,1.0,1.0,0.0,1.0,1.0,1.0,1.439283823723465,1.0,0.0,0.0,0.0,0.0,1.0,0.0,0.0,0
0.0,1.2115307769364,0.0,1.0,1.0,-0.5064419972567069,1.1941869484482375,-0.9438878252860113,-0.8861100403631145,1.0,-1.4644845800165662,0.0,1.0,0.0,0.0,0.0,1.0,-2.0005886812701847,0.0,0.0,0.0,0.0,0.0,1.0,0.0,1.0,1
1.0,1.1516747149689581,0.0,1.0,0.0,-0.5064419972567069,0.1759917483837325,-0.06628013381446744,0.6561880188675463,0.0,0.7921180661604984,1.0,1.0,0.0,1.0,1.0,0.0,-0.2806524287733598,1.0,0.0,0.0,0.0,0.0,0.0,0.0,0.0,1
1.0,0.13412166152244326,0.0,0.0,1.0,-0.5064419972567069,0.9101968050198288,-0.6251040360226473,-0.8133409384489274,1.0,1.269476318236416,1.0,1.0,1.0,1.0,0.0,0.0,0.5793156974750526,0.0,0.0,0.0,0.0,0.0,1.0,0.0,0.0,0
0.0,-0.28487077224965107,0.0,0.0,0.0,2.611872331624339,-0.8863226572523882,0.6804608853847929,1.0931338291260104,0.0,-0.6399566900672541,1.0,1.0,0.0,0.0,0.0,1.0,0.5793156974750526,0.0,0.0,0.0,1.0,0.0,0.0,0.0,1.0,0
0.0,-0.04544652437988287,0.0,0.0,1.0,1.5724342219973237,0.41513891680696235,-0.917889073847724,-0.33731367293616,1.0,0.6185332472238011,1.0,0.0,0.0,0.0,0.0,0.0,0.5793156974750526,1.0,0.0,0.0,0.0,0.0,0.0,1.0,0.0,0
0.0,-0.9432874538915136,0.0,0.0,0.0,-0.5064419972567069,0.41987293497908273,-1.057375551857634,0.4101073302747719,0.0,-1.3776921705482175,1.0,0.0,0.0,0.0,0.0,0.0,-0.2806524287733598,1.0,0.0,0.0,0.0,0.0,0.0,1.0,1.0,0
1.0,-1.3622798876636077,1.0,0.0,1.0,-0.5064419972567069,-0.897994349134551,0.8241283128993032,1.5029213399704668,1.0,-1.2475035563456947,1.0,0.0,0.0,0.0,0.0,0.0,-0.2806524287733598,1.0,0.0,0.0,0.0,0.0,0.0,1.0,1.0,1
0.0,1.3910989628387262,0.0,1.0,0.0,-0.5064419972567069,1.6688248344636056,-0.28900635445525286,-1.0178798380425755,0.0,-0.9003339184723,1.0,1.0,0.0,0.0,0.0,1.0,1.439283823723465,0.0,0.0,0.0,1.0,0.0,0.0,0.0,0.0,0
0.0,-1.1827117017612818,1.0,0.0,1.0,-0.5064419972567069,0.6756190881991858,-1.169658637162819,-0.28574129251583236,1.0,-0.9871263279406487,1.0,1.0,0.0,0.0,1.0,1.0,-1.1406205550217723,1.0,0.0,0.0,0.0,0.0,0.0,0.0,1.0,1
1.0,-1.42213594963105,1.0,0.0,1.0,1.5724342219973237,-0.9990131537168269,0.8553322588102099,2.2753241935134474,1.0,0.6185332472238011,0.0,1.0,1.0,0.0,1.0,1.0,0.5793156974750526,0.0,1.0,0.0,0.0,1.0,0.0,0.0,0.0,0
1.0,0.8523944051317478,0.0,0.0,1.0,2.611872331624339,0.9563247740249179,-0.7990683528682777,-0.2518170753035618,1.0,0.748721861426324,1.0,1.0,0.0,1.0,0.0,1.0,1.439283823723465,1.0,0.0,0.0,0.0,1.0,0.0,0.0,0.0,0
1.0,0.07426559955500123,0.0,0.0,0.0,-0.5064419972567069,-0.5069255505648053,1.2726963966444118,0.44341646405083673,0.0,0.5751370424896268,0.0,1.0,0.0,1.0,0.0,1.0,-0.2806524287733598,1.0,0.0,0.0,0.0,0.0,1.0,0.0,0.0,0
1.0,-1.481992011598492,1.0,0.0,1.0,2.611872331624339,-0.6805558159729233,0.7737571449381734,2.1438382804968508,1.0,-0.8135415090039514,1.0,0.0,0.0,0.0,0.0,0.0,-0.2806524287733598,1.0,0.0,0.0,0.0,0.0,0.0,1.0,0.0,0
0.0,-0.8235753299566294,0.0,0.0,1.0,-0.5064419972567069,1.6674415857305316,-0.9483017674522516,-1.0166969852806413,1.0,0.4883446330212782,1.0,1.0,1.0,1.0,0.0,1.0,0.5793156974750526,0.0,1.0,0.0,0.0,0.0,0.0,0.0,0.0,0
1.0,0.014409537587559178,0.0,0.0,1.0,1.5724342219973237,-1.2133843601058487,1.2194508835703193,1.0179517075774775,1.0,-0.16259843799133664,1.0,1.0,0.0,1.0,1.0,0.0,1.439283823723465,1.0,0.0,0.0,0.0,1.0,0.0,0.0,0.0,0
0.0,1.7502353346433785,0.0,1.0,0.0,-0.5064419972567069,-0.4360487103367089,0.32695888267835216,0.15163034473692796,0.0,-0.42297566639638257,1.0,1.0,0.0,0.0,0.0,1.0,0.5793156974750526,0.0,0.0,1.0,0.0,0.0,0.0,0.0,0.0,0
0.0,1.8699474585782625,0.0,1.0,1.0,-0.5064419972567069,-1.2095916465378211,1.181107212037732,1.0773782303370478,1.0,-1.030522532674823,1.0,1.0,0.0,0.0,0.0,1.0,1.439283823723465,1.0,0.0,0.0,0.0,0.0,0.0,0.0,1.0,0
0.0,-0.8235753299566294,0.0,0.0,1.0,-0.5064419972567069,-0.8340446697643903,0.2965683349109742,2.643427973027346,1.0,-0.2927870521938596,1.0,0.0,0.0,0.0,0.0,0.0,1.439283823723465,1.0,0.0,0.0,0.0,0.0,0.0,1.0,0.0,0
1.0,-1.42213594963105,1.0,0.0,0.0,-0.5064419972567069,0.7334175360650409,-0.7093209637176064,0.884289345478922,0.0,1.00909908983137,1.0,1.0,0.0,1.0,1.0,0.0,1.439283823723465,1.0,0.0,0.0,0.0,0.0,0.0,0.0,0.0,0
1.0,-1.3024238256961658,1.0,0.0,1.0,-0.5064419972567069,0.9104499221513428,-1.5020109040228213,-0.9644622073136305,0.0,1.5298535466414618,1.0,1.0,1.0,1.0,1.0,1.0,-0.2806524287733598,1.0,0.0,0.0,0.0,0.0,0.0,0.0,0.0,0
0.0,-1.541848073565934,1.0,0.0,1.0,0.5329961123703084,0.7197455718991854,-0.8887059355764266,0.26901665283127,1.0,0.3581560188187552,1.0,1.0,1.0,0.0,0.0,1.0,-0.2806524287733598,0.0,1.0,0.0,0.0,0.0,1.0,0.0,0.0,0
0.0,1.3910989628387262,0.0,1.0,1.0,-0.5064419972567069,-0.612582948969299,-0.12275940048354242,-0.9748713116186508,1.0,-1.2041073516115204,1.0,0.0,0.0,0.0,0.0,0.0,0.5793156974750526,1.0,0.0,0.0,0.0,0.0,0.0,1.0,0.0,0
1.0,-0.7637192679891874,0.0,0.0,0.0,-0.5064419972567069,-0.8451927407435049,0.46147638847853817,0.16000494229142154,0.0,-1.4644845800165662,0.0,1.0,0.0,0.0,0.0,1.0,0.5793156974750526,1.0,0.0,0.0,0.0,0.0,1.0,0.0,1.0,0
1.0,0.8523944051317478,0.0,0.0,0.0,-0.5064419972567069,-0.9435473459974517,0.7167666785283076,1.3941461999830052,0.0,-0.24939084745968526,1.0,1.0,0.0,1.0,1.0,0.0,1.439283823723465,1.0,0.0,0.0,0.0,0.0,1.0,0.0,0.0,0
1.0,1.9896595825131467,0.0,1.0,1.0,-0.5064419972567069,0.49529941412694906,-1.1026693252813422,-0.2707900336049851,1.0,0.8355142708946727,1.0,1.0,1.0,1.0,0.0,1.0,-0.2806524287733598,0.0,1.0,0.0,0.0,0.0,0.0,0.0,0.0,0
0.0,1.9896595825131467,0.0,1.0,0.0,-0.5064419972567069,-0.106074138768528,0.19796860873262953,-0.8385593593333628,0.0,1.2260801135022417,1.0,1.0,1.0,1.0,0.0,1.0,-0.2806524287733598,1.0,0.0,0.0,0.0,0.0,0.0,0.0,0.0,0
0.0,-0.8235753299566294,0.0,0.0,0.0,-0.5064419972567069,1.9114901692786708,-0.9040456187731771,-0.8218101642243757,0.0,-1.4644845800165662,1.0,1.0,0.0,0.0,0.0,0.0,-1.1406205550217723,0.0,0.0,0.0,0.0,0.0,0.0,0.0,1.0,1
0.0,-1.3622798876636077,1.0,0.0,1.0,0.5329961123703084,0.6685948856294891,-1.1735876777698788,-0.6512427959534756,1.0,-1.0739187374089973,1.0,0.0,0.0,0.0,0.0,0.0,0.5793156974750526,1.0,0.0,0.0,0.0,0.0,0.0,1.0,0.0,0
0.0,1.8100913966108205,0.0,1.0,1.0,-0.5064419972567069,-1.0121538145107858,0.9261763304699886,0.21280748958416065,1.0,-0.03240982378881367,1.0,1.0,0.0,0.0,0.0,1.0,-0.2806524287733598,1.0,0.0,0.0,0.0,0.0,0.0,0.0,1.0,1
1.0,-1.42213594963105,1.0,0.0,1.0,-0.5064419972567069,-1.4813132915567297,1.2549040619836924,0.31070038416182844,1.0,0.010986380945360646,0.0,1.0,1.0,0.0,0.0,1.0,0.5793156974750526,1.0,0.0,0.0,0.0,0.0,1.0,0.0,0.0,0
1.0,1.6305232107084944,0.0,1.0,0.0,-0.5064419972567069,-0.5104101566979882,0.9363837159080529,-0.9311530735375657,0.0,-0.2927870521938596,0.0,1.0,0.0,1.0,0.0,0.0,-1.1406205550217723,1.0,0.0,0.0,0.0,1.0,0.0,0.0,1.0,1
0.0,1.2115307769364,0.0,1.0,0.0,-0.5064419972567069,0.517577360764223,-1.1240409808708491,0.49427913281400393,0.0,-1.2475035563456947,1.0,1.0,0.0,0.0,0.0,1.0,-0.2806524287733598,1.0,0.0,0.0,0.0,0.0,0.0,0.0,0.0,0
1.0,-1.0629995778263976,1.0,0.0,1.0,0.5329961123703084,0.45640792643603995,-1.026401830378731,1.4698014626363116,1.0,-0.20599464272551093,1.0,1.0,0.0,1.0,1.0,1.0,-0.2806524287733598,0.0,0.0,1.0,0.0,0.0,1.0,0.0,1.0,0
0.0,-1.601704135533376,1.0,0.0,0.0,-0.5064419972567069,1.3998793910820195,-0.9583587457463693,0.516989905843139,0.0,-0.9871263279406487,1.0,1.0,0.0,1.0,0.0,1.0,0.5793156974750526,1.0,0.0,0.0,0.0,0.0,0.0,0.0,1.0,0
1.0,-0.8235753299566294,0.0,0.0,1.0,-0.5064419972567069,-0.4726791261435657,-0.33660929277308077,-0.30831012321353535,1.0,1.5298535466414618,1.0,1.0,0.0,1.0,1.0,1.0,0.5793156974750526,1.0,0.0,0.0,0.0,0.0,0.0,0.0,0.0,0
0.0,-0.5242950201194192,0.0,0.0,1.0,-0.5064419972567069,0.7852143583988856,-1.1587684217460665,0.9598972940217511,1.0,-1.1173149421431716,1.0,1.0,0.0,0.0,0.0,1.0,-0.2806524287733598,1.0,0.0,0.0,0.0,0.0,1.0,0.0,1.0,0
0.0,0.37354590939221144,0.0,0.0,1.0,2.611872331624339,-0.9318360287496522,0.6514253860278059,3.3779322240779575,1.0,1.5298535466414618,1.0,0.0,0.0,0.0,0.0,0.0,0.5793156974750526,0.0,0.0,0.0,0.0,0.0,0.0,1.0,0.0,0
0.0,0.9122504670991899,0.0,0.0,0.0,-0.5064419972567069,0.6040014962379735,-0.6124130872229298,-0.44736629390651056,0.0,-0.7701453042697771,1.0,0.0,0.0,0.0,0.0,0.0,0.5793156974750526,1.0,0.0,0.0,0.0,0.0,0.0,1.0,0.0,0
0.0,0.49325803332709556,0.0,0.0,1.0,0.5329961123703084,1.7011902670385268,-0.964453926049312,-1.0088901570518762,1.0,1.2260801135022417,1.0,0.0,0.0,0.0,0.0,0.0,-0.2806524287733598,0.0,1.0,0.0,0.0,0.0,0.0,1.0,0.0,0
0.0,1.8100913966108205,0.0,1.0,1.0,1.5724342219973237,1.370096885401825,-0.9310220166471541,-0.8704490697951067,0.0,1.269476318236416,1.0,1.0,1.0,1.0,0.0,1.0,-0.2806524287733598,1.0,0.0,0.0,0.0,0.0,0.0,0.0,0.0,0
1.0,-1.541848073565934,1.0,0.0,0.0,-0.5064419972567069,-0.19556479233395513,0.47130591057029514,-1.0231790184160403,0.0,-1.4644845800165662,1.0,1.0,0.0,1.0,0.0,1.0,-0.2806524287733598,1.0,0.0,0.0,0.0,1.0,0.0,0.0,1.0,0
1.0,0.13412166152244326,0.0,0.0,0.0,-0.5064419972567069,-0.8678814972939042,0.6400816423211634,-0.008622547449906662,0.0,0.5317408377554524,1.0,1.0,0.0,0.0,1.0,1.0,1.439283823723465,0.0,1.0,0.0,0.0,0.0,0.0,0.0,1.0,0
0.0,0.7326822811968637,0.0,0.0,0.0,-0.5064419972567069,1.2203732500267201,-0.44300020128249723,-1.0284308846790278,0.0,0.6185332472238011,1.0,1.0,1.0,0.0,0.0,1.0,-0.2806524287733598,1.0,0.0,0.0,0.0,1.0,0.0,0.0,0.0,0
1.0,-0.8235753299566294,0.0,0.0,1.0,2.611872331624339,1.0383820324693847,-1.3041752202197863,-0.6686543886091457,1.0,1.5298535466414618,1.0,1.0,1.0,1.0,1.0,1.0,0.5793156974750526,1.0,0.0,0.0,0.0,0.0,0.0,0.0,0.0,0
1.0,0.5531140952945376,0.0,0.0,0.0,-0.5064419972567069,1.4258477531495022,-0.9611823399825352,0.6570396728561388,0.0,-1.2041073516115204,1.0,0.0,0.0,0.0,0.0,0.0,0.5793156974750526,1.0,0.0,0.0,0.0,0.0,0.0,1.0,1.0,0
0.0,0.07426559955500123,0.0,0.0,1.0,1.5724342219973237,-0.9774884933671047,0.8142964839495095,0.3677612013975304,1.0,1.3128725229705902,1.0,0.0,0.0,0.0,0.0,0.0,0.5793156974750526,1.0,0.0,0.0,0.0,0.0,0.0,1.0,0.0,0
1.0,0.37354590939221144,0.0,0.0,1.0,-0.5064419972567069,-1.0267525270239661,1.655556858832889,0.05908394464320238,1.0,-0.2927870521938596,1.0,1.0,0.0,1.0,1.0,1.0,0.5793156974750526,1.0,0.0,0.0,0.0,0.0,1.0,0.0,0.0,0
1.0,1.6903792726759364,0.0,1.0,1.0,-0.5064419972567069,-0.8528485231205881,0.3040637780418191,0.17566591285942929,1.0,0.31475981408458087,1.0,1.0,0.0,1.0,0.0,1.0,0.5793156974750526,1.0,0.0,0.0,0.0,0.0,0.0,0.0,0.0,0
1.0,-0.9432874538915136,0.0,0.0,0.0,-0.5064419972567069,-0.9707732069131821,0.7943472370250543,1.2028552513230193,0.0,-1.3342959658140432,1.0,0.0,0.0,0.0,0.0,0.0,1.439283823723465,0.0,0.0,0.0,0.0,0.0,0.0,1.0,1.0,0
0.0,-1.2425677637287238,1.0,0.0,0.0,-0.5064419972567069,1.835723235458704,-1.4668488510936013,-0.8598033949376996,0.0,-1.3776921705482175,1.0,0.0,0.0,0.0,0.0,0.0,0.5793156974750526,1.0,0.0,0.0,0.0,0.0,0.0,1.0,1.0,0
0.0,0.5531140952945376,0.0,0.0,1.0,-0.5064419972567069,-1.013061558856226,1.6253005702032066,1.6269316235316402,1.0,-0.7701453042697771,1.0,1.0,0.0,0.0,1.0,1.0,-1.1406205550217723,1.0,0.0,0.0,0.0,0.0,0.0,0.0,0.0,1
1.0,-0.40458289618453513,0.0,0.0,0.0,-0.5064419972567069,-0.8171994416239223,0.5341816332018255,0.0755965691998027,0.0,-1.030522532674823,1.0,1.0,0.0,0.0,0.0,1.0,0.5793156974750526,1.0,0.0,0.0,0.0,0.0,0.0,0.0,1.0,0
0.0,-0.3447268342170931,0.0,0.0,0.0,-0.5064419972567069,1.0573953341867988,-1.0921486685219752,-0.9067863066417229,0.0,0.748721861426324,1.0,1.0,1.0,1.0,0.0,1.0,-0.2806524287733598,0.0,1.0,0.0,0.0,0.0,0.0,0.0,0.0,0
0.0,-0.7637192679891874,0.0,0.0,0.0,-0.5064419972567069,1.2784502884734228,-0.6698630797535906,-1.0081331312842383,0.0,0.9223066803630213,1.0,1.0,0.0,1.0,1.0,0.0,-1.1406205550217723,0.0,1.0,0.0,0.0,0.0,0.0,0.0,0.0,1
1.0,1.031962591034074,0.0,0.0,1.0,2.611872331624339,-0.8802781716310212,0.924546765953295,2.273573571425785,1.0,1.5298535466414618,1.0,0.0,0.0,0.0,0.0,0.0,-0.2806524287733598,0.0,0.0,0.0,0.0,0.0,0.0,1.0,0.0,0
0.0,-0.8834313919240715,0.0,0.0,1.0,0.5329961123703084,-0.9019969154042655,0.7259452052822792,0.2920586246337467,0.0,-1.2475035563456947,1.0,1.0,1.0,0.0,1.0,1.0,0.5793156974750526,0.0,0.0,0.0,0.0,0.0,1.0,0.0,0.0,0
1.0,0.43340197135965347,0.0,0.0,1.0,-0.5064419972567069,-0.9616553294122222,0.7759892607738921,-0.04879222724518939,1.0,0.878910475628847,1.0,0.0,0.0,0.0,0.0,0.0,0.5793156974750526,0.0,1.0,0.0,0.0,0.0,0.0,1.0,0.0,0
1.0,1.271386838903842,0.0,1.0,1.0,-0.5064419972567069,0.6192152105994437,-0.6331701958316213,-0.4388497540205849,1.0,0.748721861426324,1.0,0.0,0.0,0.0,0.0,0.0,0.5793156974750526,1.0,0.0,0.0,0.0,0.0,0.0,1.0,0.0,0
0.0,0.2538337854573274,0.0,0.0,1.0,2.611872331624339,0.6356730805737965,-0.9888291108018041,-0.10145283220649642,1.0,1.3562687277047645,1.0,1.0,1.0,1.0,1.0,1.0,-0.2806524287733598,1.0,0.0,0.0,0.0,0.0,0.0,0.0,0.0,0
1.0,0.3136898474247694,0.0,0.0,0.0,-0.5064419972567069,0.5543763865452656,-1.1748606020341894,0.49995682607128766,0.0,-1.2475035563456947,1.0,1.0,0.0,0.0,0.0,1.0,0.5793156974750526,1.0,0.0,0.0,0.0,0.0,1.0,0.0,1.0,0
0.0,-0.28487077224965107,0.0,0.0,1.0,-0.5064419972567069,0.4164784967697446,-0.22587180235207815,-0.8831292514030404,1.0,1.269476318236416,1.0,1.0,1.0,1.0,1.0,1.0,-0.2806524287733598,1.0,0.0,0.0,0.0,0.0,1.0,0.0,0.0,0
0.0,0.07426559955500123,0.0,0.0,1.0,-0.5064419972567069,1.2155591724423973,-0.6441429967660668,-0.9614341042430792,1.0,0.748721861426324,1.0,1.0,1.0,0.0,1.0,1.0,0.5793156974750526,1.0,0.0,0.0,0.0,0.0,1.0,0.0,0.0,0
1.0,1.5706671487410524,0.0,1.0,0.0,-0.5064419972567069,0.2898596842842135,-0.9345284408620081,-0.8123000280184254,0.0,-1.030522532674823,1.0,1.0,0.0,1.0,0.0,1.0,-2.0005886812701847,1.0,0.0,0.0,0.0,0.0,0.0,0.0,1.0,1
1.0,0.7326822811968637,0.0,0.0,1.0,2.611872331624339,1.0271838232725263,-0.7052202928726623,0.41129018303670606,1.0,0.27136360935040654,1.0,1.0,0.0,1.0,1.0,1.0,-0.2806524287733598,0.0,1.0,0.0,0.0,0.0,0.0,0.0,1.0,0
1.0,0.6728262192294217,0.0,0.0,1.0,-0.5064419972567069,-0.9802699514304822,0.7817591740937486,-0.027358935198943127,1.0,0.6619294519579755,0.0,1.0,1.0,1.0,0.0,1.0,0.5793156974750526,1.0,0.0,0.0,0.0,0.0,1.0,0.0,0.0,0
0.0,-1.661560197500818,1.0,0.0,0.0,-0.5064419972567069,1.3395242984517062,-1.3079257100148582,-1.0094106122671271,0.0,-1.4644845800165662,1.0,0.0,0.0,0.0,0.0,0.0,1.439283823723465,1.0,0.0,0.0,0.0,0.0,0.0,1.0,1.0,0
0.0,0.014409537587559178,0.0,0.0,0.0,-0.5064419972567069,-1.0008391552598144,0.666928856145118,-0.030387038269494477,0.0,0.27136360935040654,0.0,1.0,1.0,1.0,0.0,1.0,-0.2806524287733598,1.0,0.0,0.0,0.0,1.0,0.0,0.0,0.0,0
1.0,1.7502353346433785,0.0,1.0,0.0,-0.5064419972567069,0.21026809399943108,0.0029371415582604404,1.2338459936856934,0.0,-0.9437301232064743,1.0,1.0,1.0,1.0,0.0,0.0,-2.0005886812701847,1.0,0.0,0.0,0.0,0.0,0.0,0.0,1.0,1
1.0,1.9896595825131467,0.0,1.0,1.0,-0.5064419972567069,-0.8617872777952554,0.6610749731927501,0.5034580702466127,1.0,-1.4644845800165662,1.0,1.0,0.0,0.0,0.0,0.0,1.439283823723465,0.0,0.0,0.0,0.0,0.0,0.0,0.0,1.0,0
0.0,1.1516747149689581,0.0,1.0,0.0,-0.5064419972567069,0.6052282652108301,-0.584013819312295,0.19558515337039986,0.0,-1.2475035563456947,1.0,1.0,0.0,1.0,0.0,1.0,-2.0005886812701847,1.0,0.0,0.0,0.0,0.0,0.0,0.0,1.0,1
0.0,-0.40458289618453513,0.0,0.0,0.0,-0.5064419972567069,0.44374317437017946,-0.5055423522420127,-0.9444483385817053,0.0,0.18457119988205792,1.0,1.0,0.0,1.0,0.0,1.0,0.5793156974750526,1.0,0.0,0.0,0.0,1.0,0.0,0.0,1.0,0
0.0,-1.1827117017612818,1.0,0.0,1.0,-0.5064419972567069,1.794030072681136,-0.7700060939580742,-1.02857282701046,1.0,-0.6833528948014285,1.0,1.0,0.0,1.0,1.0,1.0,-2.0005886812701847,0.0,0.0,0.0,1.0,0.0,0.0,0.0,1.0,1
1.0,-0.10530258634732491,0.0,0.0,0.0,-0.5064419972567069,-1.002742385831743,1.1934212202343542,-0.6259297468480853,0.0,-0.7701453042697771,1.0,0.0,0.0,0.0,0.0,0.0,0.5793156974750526,1.0,0.0,0.0,0.0,0.0,0.0,1.0,0.0,0
1.0,0.07426559955500123,0.0,0.0,1.0,-0.5064419972567069,-1.0966128553213574,1.2597946010201975,1.1473557997330703,1.0,-0.8569377137381258,0.0,1.0,0.0,1.0,0.0,1.0,-0.2806524287733598,0.0,0.0,0.0,1.0,0.0,1.0,0.0,1.0,0
1.0,0.3136898474247694,0.0,0.0,0.0,-0.5064419972567069,0.8467250560800954,-0.6292513053999207,-0.9546208723343387,0.0,-0.9871263279406487,1.0,1.0,0.0,0.0,1.0,1.0,-0.2806524287733598,0.0,0.0,0.0,1.0,0.0,1.0,0.0,1.0,0
0.0,0.13412166152244326,0.0,0.0,1.0,-0.5064419972567069,0.6690048868616822,-1.128148110918291,-0.18723331450195882,1.0,-1.2041073516115204,1.0,1.0,1.0,0.0,1.0,1.0,-0.2806524287733598,1.0,0.0,0.0,0.0,0.0,0.0,0.0,1.0,0
0.0,1.8100913966108205,0.0,1.0,1.0,-0.5064419972567069,-1.3594442665214779,1.176608838867368,0.6141730887636463,1.0,-0.5531642805989055,1.0,1.0,0.0,1.0,1.0,1.0,-1.1406205550217723,0.0,0.0,1.0,0.0,1.0,0.0,0.0,1.0,1
1.0,0.43340197135965347,0.0,0.0,0.0,-0.5064419972567069,1.0442409258170073,-1.4666633797075028,-0.6014210376208103,0.0,-1.290899761079869,1.0,1.0,0.0,0.0,1.0,0.0,-2.0005886812701847,1.0,0.0,0.0,0.0,0.0,0.0,0.0,1.0,1
0.0,-1.1827117017612818,1.0,0.0,1.0,-0.5064419972567069,-0.872454992301149,0.8613097893533144,0.4039091818022371,1.0,-1.2041073516115204,1.0,1.0,0.0,1.0,1.0,1.0,0.5793156974750526,0.0,0.0,0.0,0.0,1.0,0.0,0.0,1.0,0
1.0,1.5706671487410524,0.0,1.0,1.0,-0.5064419972567069,0.40407656600657266,-0.9238569155870752,-0.7048969972348073,1.0,1.5298535466414618,1.0,1.0,1.0,1.0,0.0,1.0,-0.2806524287733598,0.0,0.0,0.0,0.0,0.0,0.0,0.0,0.0,0
1.0,1.3312429008712843,0.0,1.0,1.0,-0.5064419972567069,-0.9585394817837314,0.9096670702489389,0.6803655293214798,1.0,1.5298535466414618,1.0,1.0,1.0,0.0,1.0,0.0,0.5793156974750526,0.0,0.0,0.0,0.0,0.0,0.0,0.0,0.0,0
1.0,0.8523944051317478,0.0,0.0,1.0,-0.5064419972567069,-0.34361041477651216,-0.463147376626447,-0.5210343639197675,1.0,-0.075806028522988,1.0,1.0,0.0,0.0,0.0,0.0,-0.2806524287733598,0.0,0.0,1.0,0.0,0.0,0.0,0.0,1.0,1
1.0,0.7925383431643057,0.0,0.0,0.0,-0.5064419972567069,-0.8823140258756925,0.6165964433989948,0.1222482821304844,0.0,1.0524952945655444,1.0,1.0,0.0,1.0,1.0,1.0,0.5793156974750526,1.0,0.0,0.0,0.0,0.0,1.0,0.0,0.0,0
1.0,1.9298035205457047,0.0,1.0,0.0,-0.5064419972567069,-0.9507086199850135,0.780923630113077,1.40214228465368,0.0,-0.46637187113055684,1.0,1.0,0.0,0.0,1.0,1.0,1.439283823723465,1.0,0.0,0.0,0.0,0.0,1.0,0.0,0.0,0
1.0,-0.7637192679891874,0.0,0.0,1.0,2.611872331624339,0.7404283953993723,-0.8705661880954779,-0.9246237262916894,1.0,-0.5531642805989055,0.0,1.0,1.0,1.0,1.0,1.0,-0.2806524287733598,0.0,0.0,1.0,0.0,0.0,1.0,0.0,0.0,0
0.0,-0.46443895815197717,0.0,0.0,0.0,-0.5064419972567069,-0.8361751396780318,0.643719096072464,-0.23303337344404795,0.0,-0.3361832569280339,1.0,1.0,0.0,0.0,0.0,0.0,0.5793156974750526,1.0,0.0,0.0,0.0,0.0,0.0,0.0,1.0,0
1.0,0.7326822811968637,0.0,0.0,1.0,-0.5064419972567069,0.9331932646646053,-1.4071967318817002,0.0842077373066831,1.0,1.00909908983137,1.0,1.0,1.0,0.0,1.0,1.0,0.5793156974750526,1.0,0.0,0.0,0.0,0.0,0.0,0.0,0.0,0
0.0,0.07426559955500123,0.0,0.0,0.0,-0.5064419972567069,0.5890801200331834,-1.0945579510548573,0.20433826380871234,0.0,-0.075806028522988,1.0,1.0,1.0,1.0,0.0,1.0,-0.2806524287733598,1.0,0.0,0.0,0.0,0.0,1.0,0.0,1.0,0
0.0,0.9122504670991899,0.0,0.0,1.0,1.5724342219973237,-0.7896642602519504,0.599908170994351,-0.22754493662867364,1.0,1.5298535466414618,1.0,1.0,1.0,1.0,0.0,1.0,-0.2806524287733598,1.0,0.0,0.0,0.0,0.0,1.0,0.0,0.0,0
0.0,0.43340197135965347,0.0,0.0,0.0,-0.5064419972567069,-1.2687717257748858,1.2577917868732635,1.294502683317675,0.0,0.9223066803630213,1.0,1.0,1.0,0.0,1.0,1.0,-0.2806524287733598,0.0,1.0,0.0,0.0,0.0,0.0,0.0,0.0,0
0.0,0.37354590939221144,0.0,0.0,1.0,-0.5064419972567069,0.6424372922240686,-0.7143812875055648,-0.5245829222055699,0.0,-1.3776921705482175,1.0,0.0,0.0,0.0,0.0,0.0,-2.0005886812701847,0.0,0.0,0.0,0.0,0.0,0.0,1.0,1.0,1
1.0,-1.0629995778263976,1.0,0.0,1.0,-0.5064419972567069,-0.8562918865262729,0.7862543176628638,0.5108390714810815,1.0,0.7053256566921497,1.0,1.0,0.0,1.0,1.0,1.0,-0.2806524287733598,1.0,0.0,0.0,0.0,0.0,0.0,0.0,0.0,0
1.0,0.6129701572619797,0.0,0.0,0.0,-0.5064419972567069,1.4898508054611324,-0.8156163683043275,-1.0358592000239741,0.0,-0.7701453042697771,1.0,1.0,0.0,0.0,1.0,1.0,1.439283823723465,0.0,0.0,0.0,1.0,1.0,0.0,0.0,1.0,0
0.0,0.8523944051317478,0.0,0.0,0.0,1.5724342219973237,0.592494775265806,-1.2212990384154045,-0.8651972035321192,0.0,-0.2927870521938596,1.0,0.0,0.0,0.0,0.0,0.0,-0.2806524287733598,0.0,0.0,1.0,0.0,0.0,0.0,1.0,0.0,0
1.0,-0.40458289618453513,0.0,0.0,1.0,-0.5064419972567069,0.7309910889305258,-1.1417170498865419,-0.6347301713968752,1.0,0.44494842828710385,1.0,1.0,0.0,1.0,1.0,1.0,-1.1406205550217723,1.0,0.0,0.0,0.0,1.0,0.0,0.0,1.0,1
0.0,0.37354590939221144,0.0,0.0,0.0,-0.5064419972567069,1.9101133899930485,-1.87860547841369,-0.9622384441211944,0.0,-1.0739187374089973,1.0,1.0,0.0,0.0,0.0,1.0,1.439283823723465,0.0,0.0,0.0,1.0,0.0,1.0,0.0,1.0,0
1.0,0.014409537587559178,0.0,0.0,0.0,-0.5064419972567069,-0.2860808533203327,-0.5345903086323893,-0.8848325593802256,0.0,-0.46637187113055684,0.0,1.0,0.0,1.0,1.0,1.0,1.439283823723465,1.0,0.0,0.0,0.0,0.0,1.0,0.0,1.0,0
1.0,-1.0031435158589557,0.0,0.0,0.0,-0.5064419972567069,0.3172901414755759,-0.07843865977945678,1.2928940035614445,0.0,1.4430611371731132,1.0,0.0,0.0,0.0,0.0,0.0,0.5793156974750526,1.0,0.0,0.0,0.0,0.0,0.0,1.0,0.0,0
0.0,1.091818653001516,0.0,1.0,1.0,-0.5064419972567069,1.510708708382957,-1.8091118414482354,-1.0277211730218674,1.0,1.3996649324389387,1.0,1.0,0.0,0.0,0.0,0.0,-2.0005886812701847,1.0,0.0,0.0,0.0,0.0,0.0,0.0,1.0,1
0.0,0.9721065290666319,0.0,0.0,0.0,-0.5064419972567069,-0.8142825295045469,0.3538277809678502,0.1430664907405249,0.0,0.5751370424896268,1.0,1.0,0.0,1.0,1.0,1.0,1.439283823723465,1.0,0.0,0.0,0.0,0.0,1.0,0.0,0.0,0
1.0,0.014409537587559178,0.0,0.0,1.0,1.5724342219973237,-0.8705671266669145,0.6111033530434711,1.051733982458316,1.0,-0.5965604853330798,1.0,0.0,0.0,0.0,0.0,0.0,1.439283823723465,1.0,0.0,0.0,0.0,0.0,0.0,1.0,0.0,0
0.0,-1.0629995778263976,1.0,0.0,0.0,-0.5064419972567069,1.1171989064219339,-1.0554963853014434,-0.8102655212678986,0.0,0.7053256566921497,1.0,0.0,0.0,0.0,0.0,0.0,1.439283823723465,0.0,1.0,0.0,0.0,0.0,0.0,1.0,0.0,0
0.0,-1.1827117017612818,1.0,0.0,0.0,-0.5064419972567069,-1.4128172079905221,1.1943384269895003,0.26419061356257884,0.0,-0.8569377137381258,1.0,1.0,0.0,0.0,0.0,1.0,0.5793156974750526,1.0,0.0,0.0,0.0,1.0,0.0,0.0,0.0,0
1.0,-1.601704135533376,1.0,0.0,1.0,0.5329961123703084,-1.32263634525019,1.1552417969939346,-0.377388724510488,1.0,1.5298535466414618,1.0,1.0,1.0,1.0,1.0,1.0,-0.2806524287733598,1.0,0.0,0.0,0.0,0.0,1.0,0.0,0.0,0
1.0,-0.225014710282209,0.0,0.0,1.0,-0.5064419972567069,-0.863043967962571,1.1543093649757494,-0.4623648669278352,1.0,-1.160711146877346,0.0,1.0,1.0,1.0,0.0,1.0,-0.2806524287733598,1.0,0.0,0.0,0.0,1.0,0.0,0.0,0.0,0
0.0,0.7925383431643057,0.0,0.0,0.0,-0.5064419972567069,-1.0104462847242406,0.9349050199069252,-0.9065024219788587,0.0,0.748721861426324,1.0,1.0,1.0,1.0,1.0,0.0,-0.2806524287733598,1.0,0.0,0.0,0.0,0.0,1.0,0.0,0.0,0
1.0,0.3136898474247694,0.0,0.0,1.0,1.5724342219973237,0.9738917498966171,-0.8458195991991828,-0.13585019052354064,1.0,1.0524952945655444,1.0,1.0,1.0,1.0,1.0,1.0,-0.2806524287733598,0.0,1.0,0.0,0.0,0.0,1.0,0.0,0.0,0
1.0,-0.5242950201194192,0.0,0.0,1.0,-0.5064419972567069,0.31308419195162923,0.18996888643509105,-0.9126059422304388,1.0,1.5298535466414618,1.0,1.0,1.0,1.0,1.0,1.0,-0.2806524287733598,0.0,0.0,0.0,0.0,0.0,1.0,0.0,0.0,0
1.0,-0.225014710282209,0.0,0.0,1.0,1.5724342219973237,-0.9427932510289677,0.7532934686716719,2.411683459909213,1.0,0.878910475628847,1.0,0.0,0.0,0.0,0.0,0.0,1.439283823723465,1.0,0.0,0.0,0.0,0.0,0.0,1.0,0.0,0
1.0,-1.3622798876636077,1.0,0.0,0.0,-0.5064419972567069,-0.8562918865262729,0.7862543176628638,0.5108390714810815,0.0,-1.3776921705482175,1.0,1.0,0.0,0.0,0.0,1.0,-0.2806524287733598,1.0,0.0,0.0,0.0,0.0,1.0,0.0,1.0,0
1.0,0.7326822811968637,0.0,0.0,0.0,-0.5064419972567069,1.9661012012536132,-1.3566770022630479,-1.0024554380269546,0.0,-0.2927870521938596,1.0,1.0,1.0,1.0,1.0,0.0,-1.1406205550217723,1.0,0.0,0.0,0.0,1.0,0.0,0.0,0.0,1
0.0,-0.3447268342170931,0.0,0.0,0.0,-0.5064419972567069,0.8360864540877315,-1.045973213956872,2.6383180490957905,0.0,-0.8569377137381258,1.0,0.0,0.0,0.0,0.0,0.0,-0.2806524287733598,1.0,0.0,0.0,0.0,0.0,0.0,1.0,0.0,0
0.0,1.3312429008712843,0.0,1.0,1.0,-0.5064419972567069,-0.9811590961144996,0.9090248409716949,0.7567778177424239,1.0,1.5298535466414618,1.0,1.0,1.0,1.0,0.0,0.0,0.5793156974750526,0.0,0.0,0.0,0.0,0.0,1.0,0.0,0.0,0
1.0,-0.5841510820868613,0.0,0.0,1.0,-0.5064419972567069,-0.32898582447353064,0.9165890284720186,-1.0316482441914887,1.0,-1.3776921705482175,1.0,1.0,1.0,1.0,1.0,1.0,-2.0005886812701847,1.0,0.0,0.0,0.0,1.0,0.0,0.0,1.0,1
0.0,-1.601704135533376,1.0,0.0,0.0,0.5329961123703084,-0.9069476600659833,1.125852425614214,1.2646001654959804,0.0,-1.3342959658140432,1.0,0.0,0.0,0.0,0.0,0.0,0.5793156974750526,1.0,0.0,0.0,0.0,0.0,0.0,1.0,1.0,0
0.0,-0.8235753299566294,0.0,0.0,0.0,-0.5064419972567069,0.4651335936852975,-1.1330497228733676,-0.7248635518562552,0.0,1.5298535466414618,1.0,1.0,1.0,1.0,1.0,1.0,-0.2806524287733598,0.0,0.0,0.0,0.0,0.0,0.0,0.0,0.0,0
0.0,-1.42213594963105,1.0,0.0,0.0,-0.5064419972567069,0.31368908528827966,-0.5513777759325899,0.3407921584254325,0.0,-1.2475035563456947,1.0,0.0,0.0,0.0,0.0,0.0,-0.2806524287733598,0.0,0.0,0.0,0.0,0.0,0.0,1.0,1.0,0
1.0,-1.481992011598492,1.0,0.0,1.0,0.5329961123703084,0.9411595805193268,-0.23580651717027729,-0.7769090733813565,1.0,1.4864573419072875,1.0,1.0,1.0,1.0,1.0,0.0,1.439283823723465,0.0,0.0,0.0,0.0,0.0,1.0,0.0,0.0,0
0.0,-1.481992011598492,1.0,0.0,0.0,-0.5064419972567069,0.034089270636168,-0.03028530513422526,0.4020639314936199,0.0,0.5317408377554524,0.0,1.0,0.0,1.0,0.0,1.0,0.5793156974750526,0.0,1.0,0.0,0.0,1.0,0.0,0.0,1.0,0
0.0,1.4509550248061682,0.0,1.0,1.0,-0.5064419972567069,-0.8793267585152892,0.7011012669768582,-0.576723071951626,1.0,1.269476318236416,1.0,1.0,0.0,1.0,0.0,1.0,0.5793156974750526,1.0,0.0,0.0,0.0,0.0,0.0,0.0,0.0,0
0.0,0.6129701572619797,0.0,0.0,1.0,-0.5064419972567069,0.7223466941148705,-1.3278920276887767,-0.9686258490356386,1.0,-1.0739187374089973,1.0,1.0,1.0,0.0,0.0,1.0,-2.0005886812701847,1.0,0.0,0.0,0.0,0.0,0.0,0.0,1.0,1
1.0,0.07426559955500123,0.0,0.0,0.0,-0.5064419972567069,-0.966282601701401,1.5160136321152904,1.0039940449866551,0.0,0.9657028850971957,1.0,1.0,0.0,1.0,0.0,1.0,-0.2806524287733598,0.0,1.0,0.0,0.0,0.0,0.0,0.0,1.0,0
1.0,-1.481992011598492,1.0,0.0,0.0,-0.5064419972567069,-0.8759796281404332,0.6942891151963007,-1.0361903987973156,0.0,0.05438258567953497,1.0,1.0,0.0,1.0,1.0,0.0,1.439283823723465,0.0,0.0,1.0,0.0,0.0,0.0,0.0,1.0,0
0.0,0.43340197135965347,0.0,0.0,1.0,-0.5064419972567069,-1.004202054912829,0.8956192275523995,1.5680255559873209,1.0,0.9223066803630213,1.0,0.0,0.0,0.0,0.0,0.0,-0.2806524287733598,0.0,1.0,0.0,0.0,0.0,0.0,1.0,0.0,0
1.0,1.3312429008712843,0.0,1.0,1.0,-0.5064419972567069,0.8467250560800954,-0.6292513053999207,-0.9546208723343387,1.0,0.5751370424896268,1.0,1.0,0.0,0.0,0.0,1.0,-0.2806524287733598,1.0,0.0,0.0,0.0,1.0,0.0,0.0,1.0,1
1.0,-1.2425677637287238,1.0,0.0,1.0,0.5329961123703084,0.32834319244525845,-1.0250984555883422,-0.6414014609741836,1.0,1.5298535466414618,1.0,1.0,1.0,1.0,1.0,1.0,-0.2806524287733598,0.0,0.0,0.0,0.0,1.0,0.0,0.0,0.0,0
0.0,-0.7038632060217453,0.0,0.0,1.0,1.5724342219973237,-0.7816817707786023,0.6108772809559351,0.5425868396113934,1.0,0.4015522235529295,1.0,0.0,0.0,0.0,0.0,0.0,1.439283823723465,1.0,0.0,0.0,0.0,0.0,0.0,1.0,0.0,0
1.0,-0.5841510820868613,0.0,0.0,0.0,-0.5064419972567069,-0.9616553294122222,0.7759892607738921,-0.04879222724518939,0.0,-0.5965604853330798,1.0,1.0,1.0,0.0,0.0,1.0,0.5793156974750526,1.0,0.0,0.0,0.0,0.0,0.0,0.0,1.0,0
1.0,-1.2425677637287238,1.0,0.0,0.0,-0.5064419972567069,0.502147728594079,-1.1420787652266047,0.653680371012246,0.0,-0.5097680758647312,1.0,1.0,1.0,0.0,1.0,1.0,-0.2806524287733598,1.0,0.0,0.0,0.0,0.0,1.0,0.0,1.0,0
0.0,-1.3024238256961658,1.0,0.0,1.0,-0.5064419972567069,-0.9284500816900919,1.1603874745292224,1.858676136649773,1.0,-0.37957946166220824,1.0,1.0,0.0,1.0,0.0,1.0,1.439283823723465,1.0,0.0,0.0,0.0,0.0,0.0,0.0,1.0,0
1.0,1.6305232107084944,0.0,1.0,1.0,2.611872331624339,1.2289476939418151,-0.9305657201276212,-0.6257878045166533,1.0,-0.5965604853330798,1.0,1.0,0.0,1.0,0.0,1.0,1.439283823723465,1.0,0.0,0.0,0.0,0.0,0.0,0.0,0.0,0
1.0,0.07426559955500123,0.0,0.0,0.0,-0.5064419972567069,-0.7985508550065452,1.239872113648959,-1.0221854220960156,0.0,-0.5531642805989055,1.0,1.0,0.0,1.0,1.0,0.0,1.439283823723465,1.0,0.0,0.0,0.0,0.0,0.0,0.0,1.0,0
1.0,-1.481992011598492,1.0,0.0,1.0,0.5329961123703084,-0.8846632439812605,0.841347624023857,2.982859401591961,1.0,-1.3776921705482175,0.0,1.0,0.0,0.0,0.0,1.0,-0.2806524287733598,1.0,0.0,0.0,0.0,0.0,1.0,0.0,1.0,0
0.0,-1.3622798876636077,1.0,0.0,0.0,-0.5064419972567069,1.7979380232818802,-2.0669613598032344,-0.9687204772565934,0.0,-1.3342959658140432,1.0,0.0,0.0,0.0,0.0,0.0,-0.2806524287733598,0.0,0.0,0.0,0.0,0.0,0.0,1.0,0.0,0
0.0,-0.5242950201194192,0.0,0.0,1.0,2.611872331624339,-1.4466160275162607,1.2803011848461665,-0.42758899572697207,1.0,0.7921180661604984,1.0,1.0,0.0,1.0,0.0,1.0,1.439283823723465,0.0,1.0,0.0,0.0,0.0,0.0,0.0,1.0,0
0.0,0.3136898474247694,0.0,0.0,1.0,-0.5064419972567069,0.15240131259488002,-0.7761464886785215,-0.9832459091731444,1.0,1.5298535466414618,0.0,1.0,1.0,1.0,1.0,1.0,-0.2806524287733598,1.0,0.0,0.0,0.0,0.0,1.0,0.0,0.0,0
0.0,-0.9432874538915136,0.0,0.0,1.0,0.5329961123703084,1.679296443843645,-1.7373459493172436,-1.0043006883355718,1.0,-1.290899761079869,1.0,0.0,0.0,0.0,0.0,0.0,-0.2806524287733598,1.0,0.0,0.0,0.0,0.0,0.0,1.0,1.0,0
1.0,-0.7637192679891874,0.0,0.0,1.0,-0.5064419972567069,-0.879931247511472,0.6957659657110042,-0.8704490697951067,1.0,-0.46637187113055684,0.0,1.0,1.0,1.0,0.0,0.0,0.5793156974750526,1.0,0.0,0.0,0.0,1.0,0.0,0.0,0.0,0
0.0,0.5531140952945376,0.0,0.0,0.0,-0.5064419972567069,-0.878687496239057,0.7872208911799821,1.1224685776219765,0.0,-0.20599464272551093,1.0,1.0,0.0,1.0,1.0,1.0,1.439283823723465,1.0,0.0,0.0,0.0,0.0,1.0,0.0,0.0,0
1.0,-1.661560197500818,1.0,0.0,0.0,-0.5064419972567069,-1.0491436889916275,0.9911563690020334,0.9591402682541131,0.0,0.7921180661604984,1.0,1.0,1.0,1.0,0.0,1.0,0.5793156974750526,1.0,0.0,0.0,0.0,0.0,0.0,0.0,0.0,0
0.0,-0.7038632060217453,0.0,0.0,0.0,-0.5064419972567069,-0.8378778173789867,0.5982375444046205,0.007748134775261562,0.0,-0.9003339184723,1.0,0.0,0.0,0.0,0.0,0.0,-2.0005886812701847,0.0,0.0,0.0,1.0,0.0,0.0,1.0,1.0,1
0.0,1.9298035205457047,0.0,1.0,1.0,-0.5064419972567069,2.0698036135065703,-1.1676119927132051,-0.6913651616382809,1.0,1.3562687277047645,0.0,1.0,1.0,1.0,0.0,1.0,-0.2806524287733598,1.0,0.0,0.0,0.0,1.0,0.0,0.0,0.0,0
1.0,0.37354590939221144,0.0,0.0,0.0,-0.5064419972567069,-0.8182527485370057,0.5856019601977668,1.3307452919433365,0.0,-0.8569377137381258,1.0,1.0,0.0,1.0,0.0,1.0,1.439283823723465,1.0,0.0,0.0,0.0,0.0,1.0,0.0,1.0,0
1.0,0.5531140952945376,0.0,0.0,1.0,-0.5064419972567069,0.7309910889305258,-1.1417170498865419,-0.6347301713968752,1.0,0.8355142708946727,1.0,1.0,1.0,1.0,0.0,1.0,-0.2806524287733598,0.0,1.0,0.0,0.0,0.0,0.0,0.0,0.0,0
0.0,0.43340197135965347,0.0,0.0,1.0,2.611872331624339,-0.6925263154592178,0.48950009990089577,0.012101032939179125,1.0,-1.2475035563456947,1.0,0.0,0.0,0.0,0.0,0.0,1.439283823723465,0.0,0.0,0.0,0.0,0.0,0.0,1.0,0.0,0
1.0,0.37354590939221144,0.0,0.0,1.0,0.5329961123703084,-0.9917993154687278,0.8259567285787036,0.07379863300166284,1.0,1.5298535466414618,1.0,1.0,1.0,1.0,1.0,1.0,0.5793156974750526,0.0,0.0,0.0,0.0,0.0,0.0,0.0,0.0,0
1.0,0.49325803332709556,0.0,0.0,0.0,-0.5064419972567069,-0.8580155899314443,0.855050360758204,0.5628372788957056,0.0,0.22796740461623224,1.0,1.0,1.0,0.0,1.0,1.0,0.5793156974750526,1.0,0.0,0.0,0.0,1.0,0.0,0.0,0.0,0
1.0,-1.661560197500818,1.0,0.0,0.0,-0.5064419972567069,-1.071233212971896,0.9164436964157451,0.15541547357511715,0.0,-0.7701453042697771,1.0,1.0,0.0,0.0,0.0,1.0,0.5793156974750526,1.0,0.0,0.0,0.0,1.0,0.0,0.0,0.0,0
0.0,1.031962591034074,0.0,0.0,0.0,-0.5064419972567069,-1.0367033458842188,1.092649817900841,0.7853082263602749,0.0,-0.11920223325716231,1.0,1.0,1.0,1.0,1.0,1.0,-0.2806524287733598,0.0,0.0,1.0,0.0,0.0,0.0,0.0,0.0,0
0.0,0.6129701572619797,0.0,0.0,0.0,1.5724342219973237,0.696314041913344,-1.181550951710441,-0.3755434742018708,0.0,-1.3776921705482175,1.0,1.0,0.0,0.0,0.0,1.0,1.439283823723465,1.0,0.0,0.0,0.0,0.0,1.0,0.0,1.0,0
1.0,-0.10530258634732491,0.0,0.0,1.0,2.611872331624339,-1.0883845268448795,1.427236507454599,-0.8599926513796091,1.0,-1.160711146877346,1.0,1.0,0.0,0.0,1.0,1.0,0.5793156974750526,1.0,0.0,0.0,0.0,0.0,0.0,0.0,1.0,0
0.0,-1.0031435158589557,0.0,0.0,0.0,-0.5064419972567069,-0.9509136206011102,0.7748173768915627,-0.2613272115095121,0.0,1.0524952945655444,1.0,1.0,1.0,1.0,1.0,1.0,-0.2806524287733598,0.0,1.0,0.0,0.0,0.0,0.0,0.0,0.0,0
0.0,-0.8834313919240715,0.0,0.0,1.0,2.611872331624339,1.11049938924617,-1.3249503223211596,-0.3991532153300758,1.0,-0.7701453042697771,1.0,0.0,0.0,0.0,0.0,0.0,-0.2806524287733598,1.0,0.0,0.0,0.0,0.0,0.0,1.0,0.0,0
1.0,0.13412166152244326,0.0,0.0,1.0,0.5329961123703084,-0.9353990769331763,0.7738978632783798,3.8462946036933916,1.0,0.7053256566921497,1.0,0.0,0.0,0.0,0.0,0.0,1.439283823723465,0.0,1.0,0.0,0.0,0.0,0.0,1.0,0.0,0
1.0,1.7502353346433785,0.0,1.0,1.0,0.5329961123703084,0.3498917088824526,-0.851877408401937,-0.7688656746002045,1.0,0.4015522235529295,1.0,1.0,1.0,0.0,0.0,1.0,-0.2806524287733598,0.0,1.0,0.0,0.0,0.0,0.0,0.0,0.0,0
1.0,-0.8834313919240715,0.0,0.0,1.0,0.5329961123703084,1.822601578666633,-2.0565006813528046,-1.026396377928501,1.0,-1.1173149421431716,1.0,0.0,0.0,0.0,0.0,0.0,1.439283823723465,0.0,0.0,0.0,1.0,0.0,0.0,1.0,0.0,0
1.0,0.6129701572619797,0.0,0.0,1.0,-0.5064419972567069,1.0016731746121839,-1.6963922986026236,-1.001603784038362,1.0,-0.7267490995356027,1.0,1.0,0.0,1.0,1.0,1.0,-1.1406205550217723,1.0,0.0,0.0,0.0,0.0,0.0,0.0,1.0,1
0.0,0.2538337854573274,0.0,0.0,1.0,2.611872331624339,-1.003093757696415,0.9111946716404393,-0.20947094642632028,1.0,-0.46637187113055684,1.0,1.0,0.0,1.0,1.0,1.0,0.5793156974750526,0.0,0.0,1.0,0.0,0.0,1.0,0.0,0.0,0
1.0,-0.40458289618453513,0.0,0.0,1.0,0.5329961123703084,0.41756212921775165,-0.09126617457491329,-0.9911946797333417,1.0,-1.3342959658140432,1.0,0.0,0.0,0.0,0.0,0.0,-0.2806524287733598,0.0,0.0,0.0,0.0,0.0,0.0,1.0,1.0,0
0.0,-1.1228556397938396,1.0,0.0,0.0,-0.5064419972567069,-0.8038448847236216,0.9679498385306284,-1.034960231924904,0.0,-0.5531642805989055,1.0,1.0,1.0,0.0,0.0,1.0,-0.2806524287733598,1.0,0.0,0.0,0.0,0.0,1.0,0.0,1.0,0
0.0,-0.6440071440543034,0.0,0.0,1.0,-0.5064419972567069,-0.9093676377530466,0.7329566695971561,3.944282126492014,1.0,1.5298535466414618,0.0,1.0,1.0,1.0,0.0,1.0,0.5793156974750526,0.0,0.0,0.0,0.0,1.0,0.0,0.0,0.0,0
0.0,-0.5242950201194192,0.0,0.0,1.0,-0.5064419972567069,-1.1280572003154734,0.9922179850702411,0.6162549096246503,1.0,-1.2475035563456947,1.0,0.0,0.0,0.0,0.0,0.0,1.439283823723465,1.0,0.0,0.0,0.0,0.0,0.0,1.0,1.0,0
0.0,-0.8235753299566294,0.0,0.0,1.0,-0.5064419972567069,-0.778442599308082,0.5334065289017041,0.6341869574955716,1.0,0.9657028850971957,1.0,0.0,0.0,0.0,0.0,0.0,-0.2806524287733598,0.0,1.0,0.0,0.0,0.0,0.0,1.0,0.0,0
0.0,0.3136898474247694,0.0,0.0,1.0,-0.5064419972567069,0.9180272624780849,-1.1580865145106036,1.9884114275787073,1.0,1.139287704033893,1.0,1.0,1.0,0.0,0.0,0.0,0.5793156974750526,0.0,1.0,0.0,0.0,0.0,0.0,0.0,0.0,0
0.0,-0.3447268342170931,0.0,0.0,0.0,-0.5064419972567069,0.8944210574110707,-0.4992432456886769,-1.0266802625913654,0.0,-1.0739187374089973,1.0,1.0,0.0,0.0,0.0,1.0,-1.1406205550217723,1.0,0.0,0.0,0.0,0.0,0.0,0.0,1.0,1
1.0,0.6129701572619797,0.0,0.0,0.0,-0.5064419972567069,1.1716413284226876,-0.208779829791116,-0.9965884883277613,0.0,-1.421088375282392,1.0,1.0,0.0,0.0,0.0,1.0,0.5793156974750526,0.0,0.0,0.0,0.0,0.0,1.0,0.0,1.0,0
0.0,1.271386838903842,0.0,1.0,0.0,-0.5064419972567069,-1.3790208145075797,1.211248619137219,0.15664564044752863,0.0,-0.9003339184723,0.0,1.0,0.0,0.0,0.0,1.0,-2.0005886812701847,1.0,0.0,0.0,0.0,0.0,1.0,0.0,1.0,1
0.0,0.37354590939221144,0.0,0.0,0.0,-0.5064419972567069,0.4572792801395695,-0.9655769045412819,1.4092394012252847,0.0,-1.030522532674823,1.0,1.0,0.0,0.0,0.0,0.0,1.439283823723465,0.0,0.0,0.0,1.0,0.0,0.0,0.0,1.0,0
1.0,0.014409537587559178,0.0,0.0,1.0,-0.5064419972567069,0.5008696083820822,-1.086706790414848,1.1155607174922813,0.0,0.9223066803630213,1.0,1.0,1.0,0.0,0.0,0.0,-0.2806524287733598,1.0,0.0,0.0,0.0,0.0,1.0,0.0,1.0,0
0.0,-0.225014710282209,0.0,0.0,0.0,-0.5064419972567069,-0.864580057391669,0.8794112429908625,0.14888612632924078,0.0,1.0958914992997186,1.0,0.0,0.0,0.0,0.0,0.0,0.5793156974750526,1.0,0.0,0.0,0.0,0.0,0.0,1.0,0.0,0
1.0,0.6728262192294217,0.0,0.0,1.0,2.611872331624339,0.568130027485188,-1.232160187420897,0.8348461000300759,1.0,0.8355142708946727,1.0,0.0,0.0,0.0,0.0,0.0,0.5793156974750526,1.0,0.0,0.0,0.0,0.0,0.0,1.0,0.0,0
1.0,-0.5242950201194192,0.0,0.0,0.0,-0.5064419972567069,-0.7173479679660495,0.8605259189926517,-0.9608663349173509,0.0,0.878910475628847,1.0,1.0,1.0,1.0,1.0,1.0,-2.0005886812701847,1.0,0.0,0.0,0.0,0.0,0.0,0.0,0.0,1
1.0,-1.0629995778263976,1.0,0.0,1.0,-0.5064419972567069,0.9423010336539259,-0.6951531644031853,-0.9932291864838684,1.0,1.5298535466414618,1.0,1.0,1.0,1.0,1.0,1.0,-0.2806524287733598,0.0,0.0,0.0,0.0,0.0,1.0,0.0,0.0,0
1.0,0.9721065290666319,0.0,0.0,1.0,-0.5064419972567069,-0.863043967962571,1.1543093649757494,-0.4623648669278352,1.0,-0.16259843799133664,1.0,1.0,0.0,0.0,1.0,1.0,-1.1406205550217723,1.0,0.0,0.0,0.0,0.0,0.0,0.0,1.0,1
0.0,1.1516747149689581,0.0,1.0,0.0,-0.5064419972567069,-0.7884269784269842,0.45747029881307083,2.028864992036854,0.0,1.5298535466414618,1.0,0.0,0.0,0.0,0.0,0.0,1.439283823723465,0.0,0.0,0.0,0.0,0.0,0.0,1.0,0.0,0
1.0,0.07426559955500123,0.0,0.0,1.0,-0.5064419972567069,-1.3608542017252852,1.1578928382490044,0.9792014510965159,1.0,1.4864573419072875,1.0,1.0,0.0,1.0,1.0,1.0,1.439283823723465,1.0,0.0,0.0,0.0,1.0,0.0,0.0,0.0,0
0.0,-1.42213594963105,1.0,0.0,1.0,1.5724342219973237,-0.8541432212916787,1.1361101005574692,1.0709435113121262,1.0,1.0958914992997186,1.0,1.0,0.0,1.0,0.0,1.0,0.5793156974750526,0.0,1.0,0.0,0.0,0.0,0.0,0.0,0.0,0
0.0,1.031962591034074,0.0,0.0,0.0,-0.5064419972567069,-0.8038448847236216,0.9679498385306284,-1.034960231924904,0.0,0.5751370424896268,1.0,0.0,0.0,0.0,0.0,0.0,0.5793156974750526,0.0,1.0,0.0,0.0,0.0,0.0,1.0,0.0,0
1.0,1.6903792726759364,0.0,1.0,0.0,-0.5064419972567069,0.41987293497908273,-1.057375551857634,0.4101073302747719,0.0,0.7053256566921497,1.0,1.0,0.0,0.0,0.0,1.0,-0.2806524287733598,1.0,0.0,0.0,0.0,0.0,0.0,0.0,1.0,0
1.0,0.2538337854573274,0.0,0.0,0.0,-0.5064419972567069,0.6629325017481823,-1.1444308376801922,-0.4482179478951031,0.0,-0.6399566900672541,0.0,1.0,0.0,0.0,1.0,1.0,-0.2806524287733598,1.0,0.0,0.0,0.0,1.0,0.0,0.0,1.0,0
1.0,-0.6440071440543034,0.0,0.0,1.0,0.5329961123703084,1.162375462311288,-1.725916390491659,-0.9845233901560333,1.0,1.5298535466414618,1.0,1.0,1.0,1.0,1.0,1.0,-0.2806524287733598,1.0,0.0,0.0,0.0,0.0,1.0,0.0,0.0,0
0.0,-1.0031435158589557,0.0,0.0,0.0,-0.5064419972567069,-0.9420023610781083,0.6286857636229058,0.560045746377541,0.0,-1.2041073516115204,1.0,1.0,0.0,0.0,1.0,1.0,-0.2806524287733598,0.0,0.0,0.0,0.0,0.0,0.0,0.0,1.0,0
1.0,-1.541848073565934,1.0,0.0,0.0,-0.5064419972567069,1.0456743127678247,-0.17202466070217232,-1.036001142355406,0.0,1.3562687277047645,1.0,1.0,1.0,1.0,1.0,0.0,-0.2806524287733598,0.0,0.0,0.0,0.0,1.0,0.0,0.0,0.0,0
1.0,0.07426559955500123,0.0,0.0,1.0,2.611872331624339,0.842983693751211,-0.38405305788642075,-0.9085842428398627,1.0,-1.2475035563456947,1.0,0.0,0.0,0.0,0.0,0.0,0.5793156974750526,1.0,0.0,0.0,0.0,0.0,0.0,1.0,0.0,0
0.0,-0.46443895815197717,0.0,0.0,1.0,2.611872331624339,1.8268398754278352,-2.0064506280303,0.07800958883414831,1.0,1.00909908983137,1.0,1.0,0.0,0.0,1.0,1.0,0.5793156974750526,1.0,0.0,0.0,0.0,0.0,1.0,0.0,0.0,0
1.0,-0.40458289618453513,0.0,0.0,1.0,1.5724342219973237,-0.19120195870932635,-0.6751434777981865,-1.0148990490825014,0.0,0.9657028850971957,1.0,0.0,0.0,0.0,0.0,0.0,0.5793156974750526,0.0,1.0,0.0,0.0,0.0,0.0,1.0,0.0,0
1.0,-1.0629995778263976,1.0,0.0,0.0,-0.5064419972567069,-0.9253035041862128,1.1064738953678812,0.9701171418848619,0.0,-0.24939084745968526,1.0,1.0,1.0,1.0,0.0,0.0,-2.0005886812701847,0.0,0.0,1.0,0.0,1.0,0.0,0.0,1.0,1
0.0,0.43340197135965347,0.0,0.0,0.0,2.611872331624339,1.5935172314126462,-0.49616497432532103,-0.9395276710920594,0.0,-0.3361832569280339,1.0,0.0,0.0,0.0,0.0,0.0,0.5793156974750526,0.0,0.0,1.0,0.0,0.0,0.0,1.0,0.0,0
1.0,-0.10530258634732491,0.0,0.0,0.0,-0.5064419972567069,0.9753388844232643,-0.49947808383674747,-0.8433380844915767,0.0,-1.4644845800165662,1.0,1.0,0.0,0.0,1.0,1.0,-2.0005886812701847,1.0,0.0,0.0,0.0,0.0,1.0,0.0,1.0,1
1.0,0.5531140952945376,0.0,0.0,1.0,-0.5064419972567069,1.603103335172859,-1.8387835722515746,-1.0294717951095298,1.0,-0.46637187113055684,1.0,0.0,0.0,0.0,0.0,0.0,1.439283823723465,1.0,0.0,0.0,0.0,0.0,0.0,1.0,0.0,0
1.0,-0.6440071440543034,0.0,0.0,1.0,2.611872331624339,-0.8278008442934432,0.37544257939435627,0.750295784607025,1.0,0.7921180661604984,1.0,0.0,0.0,0.0,0.0,0.0,1.439283823723465,0.0,1.0,0.0,0.0,0.0,0.0,1.0,0.0,0
0.0,1.8699474585782625,0.0,1.0,0.0,-0.5064419972567069,-1.0409780332873289,0.957697238675053,1.7626758064911998,0.0,-0.9437301232064743,1.0,1.0,0.0,0.0,0.0,1.0,-2.0005886812701847,1.0,0.0,0.0,0.0,0.0,0.0,0.0,1.0,1
1.0,-1.661560197500818,1.0,0.0,1.0,1.5724342219973237,0.580306740608976,-0.029052058828133578,-1.009789125150946,1.0,-0.5965604853330798,1.0,1.0,1.0,0.0,0.0,1.0,-0.2806524287733598,1.0,0.0,0.0,0.0,0.0,0.0,0.0,1.0,0
1.0,0.07426559955500123,0.0,0.0,1.0,-0.5064419972567069,0.6978634745778073,-1.2106049059317159,0.3089024479636886,1.0,1.5298535466414618,1.0,1.0,1.0,1.0,0.0,1.0,-0.2806524287733598,0.0,0.0,0.0,0.0,0.0,0.0,0.0,0.0,0
1.0,-0.9432874538915136,0.0,0.0,1.0,-0.5064419972567069,-1.2687717257748858,1.2577917868732635,1.294502683317675,1.0,-1.2041073516115204,1.0,1.0,1.0,0.0,0.0,1.0,-0.2806524287733598,0.0,0.0,0.0,0.0,0.0,1.0,0.0,0.0,0
0.0,0.2538337854573274,0.0,0.0,1.0,2.611872331624339,-0.9670480182029241,1.2262201277914089,-0.6897091677715731,1.0,-0.5531642805989055,1.0,1.0,1.0,0.0,1.0,1.0,-0.2806524287733598,0.0,0.0,1.0,0.0,1.0,0.0,0.0,1.0,0
1.0,0.6728262192294217,0.0,0.0,0.0,-0.5064419972567069,-1.01090642417418,0.778065894377978,-0.9848072748188974,0.0,-1.0739187374089973,0.0,1.0,1.0,1.0,1.0,1.0,-0.2806524287733598,0.0,0.0,0.0,1.0,0.0,1.0,0.0,0.0,0
0.0,-0.7038632060217453,0.0,0.0,0.0,-0.5064419972567069,1.1749945239045279,-0.7530820606621411,-0.7696700144783196,0.0,-0.8569377137381258,1.0,0.0,0.0,0.0,0.0,0.0,-0.2806524287733598,1.0,0.0,0.0,0.0,0.0,0.0,1.0,0.0,0
1.0,-0.16515864831476695,0.0,0.0,0.0,0.5329961123703084,0.5009816106910756,0.191471112388193,-1.0081804453947156,0.0,-0.9871263279406487,1.0,1.0,0.0,1.0,0.0,1.0,0.5793156974750526,0.0,0.0,0.0,1.0,0.0,1.0,0.0,1.0,0
0.0,-0.6440071440543034,0.0,0.0,0.0,-0.5064419972567069,-0.5906034055956951,-0.23798649801438107,-0.9743508564033998,0.0,1.139287704033893,1.0,1.0,1.0,1.0,1.0,1.0,0.5793156974750526,1.0,0.0,0.0,0.0,0.0,0.0,0.0,0.0,0
0.0,-1.3622798876636077,1.0,0.0,1.0,-0.5064419972567069,0.16433784748205757,0.040384829429632424,-0.7705689825773896,1.0,-1.2475035563456947,1.0,1.0,0.0,0.0,0.0,1.0,1.439283823723465,0.0,0.0,0.0,0.0,0.0,1.0,0.0,1.0,0
1.0,-1.3024238256961658,1.0,0.0,1.0,-0.5064419972567069,1.5611522031781895,-0.5526262475017141,-1.0287620834523694,1.0,0.7053256566921497,1.0,0.0,0.0,0.0,0.0,0.0,-0.2806524287733598,0.0,1.0,0.0,0.0,0.0,0.0,1.0,0.0,1
0.0,1.3910989628387262,0.0,1.0,1.0,-0.5064419972567069,1.1176093119945918,-0.5669329196699109,-0.9649826625288815,1.0,1.4864573419072875,1.0,1.0,1.0,1.0,0.0,1.0,-0.2806524287733598,1.0,0.0,0.0,0.0,0.0,0.0,0.0,0.0,0
0.0,1.9298035205457047,0.0,1.0,0.0,-0.5064419972567069,1.023025181583062,-0.6570766270311776,-0.05896476099782282,0.0,1.1826839087680672,1.0,0.0,0.0,0.0,0.0,0.0,0.5793156974750526,1.0,0.0,0.0,0.0,0.0,0.0,1.0,0.0,0
1.0,-0.7038632060217453,0.0,0.0,1.0,0.5329961123703084,0.6862831636408889,-1.0373792450292436,0.19402378772464682,1.0,0.5317408377554524,1.0,1.0,1.0,1.0,0.0,1.0,-0.2806524287733598,1.0,0.0,0.0,0.0,0.0,1.0,0.0,1.0,0
1.0,0.8523944051317478,0.0,0.0,1.0,-0.5064419972567069,-0.966282601701401,1.5160136321152904,1.0039940449866551,1.0,1.1826839087680672,1.0,1.0,0.0,0.0,1.0,1.0,-0.2806524287733598,0.0,1.0,0.0,0.0,0.0,0.0,0.0,0.0,0
0.0,1.091818653001516,0.0,1.0,1.0,-0.5064419972567069,2.0405649457527084,-0.33713156543244965,-1.0240779865151102,1.0,1.139287704033893,1.0,1.0,1.0,1.0,1.0,1.0,-0.2806524287733598,1.0,0.0,0.0,0.0,0.0,1.0,0.0,0.0,0
1.0,-0.04544652437988287,0.0,0.0,1.0,-0.5064419972567069,-0.8297558304449798,1.6048830310974285,-0.6519998217211134,1.0,1.0958914992997186,1.0,1.0,1.0,0.0,1.0,1.0,0.5793156974750526,0.0,1.0,0.0,0.0,1.0,0.0,0.0,0.0,0
0.0,1.6903792726759364,0.0,1.0,1.0,-0.5064419972567069,-0.8554953358088939,1.2546886014431284,-0.6906554499811204,1.0,1.5298535466414618,1.0,1.0,1.0,1.0,1.0,0.0,-0.2806524287733598,0.0,0.0,0.0,0.0,0.0,0.0,0.0,0.0,0
0.0,-1.2425677637287238,1.0,0.0,0.0,-0.5064419972567069,-0.9420132782706797,2.077559165434443,-0.9915731926171606,0.0,-0.46637187113055684,1.0,1.0,0.0,1.0,1.0,1.0,-0.2806524287733598,1.0,0.0,0.0,0.0,0.0,0.0,0.0,1.0,0
1.0,-0.7038632060217453,0.0,0.0,1.0,2.611872331624339,1.2628480029244378,-0.6873596752140767,-0.9653138613022232,1.0,1.00909908983137,1.0,1.0,1.0,0.0,0.0,1.0,0.5793156974750526,0.0,1.0,0.0,0.0,0.0,0.0,0.0,0.0,0
0.0,-1.1827117017612818,1.0,0.0,0.0,-0.5064419972567069,-0.8560994204646122,0.6036522015869186,-0.5418052584193307,0.0,1.00909908983137,1.0,1.0,0.0,0.0,0.0,1.0,-0.2806524287733598,0.0,1.0,0.0,0.0,0.0,0.0,0.0,1.0,0
1.0,-1.601704135533376,1.0,0.0,0.0,-0.5064419972567069,-0.8655055927176001,0.7300924746595526,1.1846866328997112,0.0,-0.8569377137381258,1.0,1.0,0.0,0.0,1.0,1.0,-2.0005886812701847,1.0,0.0,0.0,0.0,1.0,0.0,0.0,1.0,1
1.0,-0.8235753299566294,0.0,0.0,0.0,-0.5064419972567069,0.3268305547631678,0.032044614885968575,-0.9839556208303049,0.0,-1.160711146877346,1.0,1.0,0.0,0.0,1.0,0.0,-2.0005886812701847,1.0,0.0,0.0,0.0,0.0,0.0,0.0,1.0,1
0.0,0.3136898474247694,0.0,0.0,1.0,1.5724342219973237,-1.383809822983028,1.2876572937516364,1.5781980897399543,1.0,0.4015522235529295,1.0,1.0,1.0,1.0,0.0,1.0,0.5793156974750526,0.0,1.0,0.0,0.0,0.0,1.0,0.0,0.0,0
0.0,1.1516747149689581,0.0,1.0,1.0,-0.5064419972567069,-0.9854948389279277,0.6910202973591667,1.4857463178671835,1.0,1.4430611371731132,1.0,1.0,0.0,1.0,0.0,1.0,1.439283823723465,1.0,0.0,0.0,0.0,0.0,0.0,0.0,0.0,0
1.0,1.3910989628387262,0.0,1.0,1.0,-0.5064419972567069,-0.08993933682624948,-0.11116097964971657,-0.9515927692637873,1.0,0.6619294519579755,1.0,1.0,0.0,1.0,0.0,0.0,1.439283823723465,1.0,0.0,0.0,0.0,0.0,0.0,0.0,0.0,0
1.0,-1.601704135533376,1.0,0.0,0.0,-0.5064419972567069,-0.7844757633964129,0.24848464737842696,1.1815639016082051,0.0,-1.3342959658140432,1.0,1.0,1.0,1.0,1.0,1.0,-2.0005886812701847,0.0,0.0,0.0,0.0,0.0,0.0,0.0,1.0,1
1.0,1.3910989628387262,0.0,1.0,1.0,1.5724342219973237,1.7783930138521047,-1.2700849335341333,-1.0122021447852916,1.0,1.269476318236416,1.0,1.0,1.0,0.0,0.0,1.0,0.5793156974750526,1.0,0.0,0.0,0.0,0.0,0.0,0.0,0.0,0
1.0,-1.3622798876636077,1.0,0.0,0.0,1.5724342219973237,1.15493236301915,-0.8978498594598593,0.27748587860671836,0.0,-0.46637187113055684,0.0,1.0,0.0,1.0,0.0,1.0,-0.2806524287733598,1.0,0.0,0.0,0.0,0.0,1.0,0.0,1.0,0
1.0,1.9896595825131467,0.0,1.0,0.0,-0.5064419972567069,-1.2837068495555057,1.3500162801830835,0.5291023181253444,0.0,-0.2927870521938596,1.0,1.0,0.0,1.0,0.0,1.0,0.5793156974750526,1.0,0.0,0.0,0.0,0.0,0.0,0.0,0.0,0
0.0,-0.10530258634732491,0.0,0.0,1.0,-0.5064419972567069,0.21516223099595655,0.03658451150098886,1.5509451621049923,1.0,1.2260801135022417,1.0,1.0,1.0,1.0,1.0,1.0,0.5793156974750526,0.0,1.0,0.0,0.0,0.0,1.0,0.0,0.0,0
1.0,1.8699474585782625,0.0,1.0,0.0,-0.5064419972567069,-0.8422374162798897,1.0607911856792942,1.5455040394000952,0.0,-0.6399566900672541,1.0,1.0,1.0,1.0,1.0,1.0,-0.2806524287733598,0.0,0.0,0.0,1.0,0.0,1.0,0.0,0.0,0
0.0,0.6129701572619797,0.0,0.0,1.0,-0.5064419972567069,-0.8403050731944312,0.9709252240255724,0.06670151643005812,1.0,-1.2475035563456947,1.0,1.0,1.0,0.0,0.0,1.0,-0.2806524287733598,0.0,0.0,0.0,0.0,0.0,0.0,0.0,1.0,0
0.0,1.4509550248061682,0.0,1.0,0.0,-0.5064419972567069,-1.0209017204856539,1.5443510762305568,0.3510120062885433,0.0,-1.1173149421431716,1.0,1.0,0.0,0.0,1.0,1.0,-0.2806524287733598,1.0,0.0,0.0,0.0,0.0,0.0,0.0,0.0,0
1.0,0.43340197135965347,0.0,0.0,1.0,-0.5064419972567069,0.7749344063995747,-1.2935327613561132,-0.2598604740847138,1.0,-1.3776921705482175,1.0,1.0,0.0,0.0,1.0,1.0,-0.2806524287733598,1.0,0.0,0.0,0.0,0.0,0.0,0.0,1.0,1
0.0,0.7925383431643057,0.0,0.0,0.0,-0.5064419972567069,-1.1597692186978652,1.079359547383347,3.610906904068502,0.0,-0.075806028522988,1.0,1.0,1.0,0.0,1.0,1.0,0.5793156974750526,0.0,0.0,1.0,0.0,0.0,0.0,0.0,0.0,0
0.0,0.13412166152244326,0.0,0.0,1.0,-0.5064419972567069,0.5863576956777977,-0.3999856035984431,-0.6440983652713934,0.0,1.3128725229705902,1.0,1.0,1.0,1.0,1.0,1.0,-2.0005886812701847,1.0,0.0,0.0,0.0,0.0,1.0,0.0,0.0,1
1.0,0.014409537587559178,0.0,0.0,0.0,-0.5064419972567069,-1.2435619064210068,1.966610366817331,-0.665437029096685,0.0,-0.7701453042697771,1.0,0.0,0.0,0.0,0.0,0.0,1.439283823723465,1.0,0.0,0.0,0.0,0.0,0.0,1.0,1.0,0
0.0,0.9122504670991899,0.0,0.0,0.0,1.5724342219973237,-0.8895630417443054,0.6312085435711652,-0.318246086413782,0.0,-0.7701453042697771,1.0,0.0,0.0,0.0,0.0,0.0,0.5793156974750526,1.0,0.0,0.0,0.0,0.0,0.0,1.0,0.0,0
1.0,1.031962591034074,0.0,0.0,1.0,-0.5064419972567069,-1.0966128553213574,1.2597946010201975,1.1473557997330703,1.0,0.1411749951478836,1.0,1.0,0.0,1.0,0.0,1.0,-1.1406205550217723,0.0,1.0,0.0,0.0,0.0,0.0,0.0,1.0,1
0.0,0.6728262192294217,0.0,0.0,0.0,-0.5064419972567069,0.07212921730636736,-0.16604574604424968,-0.9495582625132607,0.0,1.0958914992997186,1.0,1.0,0.0,1.0,1.0,1.0,-1.1406205550217723,0.0,1.0,0.0,0.0,0.0,0.0,0.0,0.0,1
1.0,1.271386838903842,0.0,1.0,0.0,-0.5064419972567069,-0.7773626059242654,0.4956571039992069,1.2824848992564244,0.0,-1.290899761079869,1.0,1.0,1.0,0.0,0.0,1.0,-0.2806524287733598,0.0,0.0,0.0,0.0,0.0,1.0,0.0,0.0,0
1.0,1.091818653001516,0.0,1.0,0.0,-0.5064419972567069,-0.627351484478065,1.0260129939272797,-0.13916217825695618,0.0,1.5298535466414618,1.0,1.0,0.0,1.0,1.0,1.0,1.439283823723465,0.0,0.0,0.0,0.0,0.0,0.0,0.0,0.0,0
1.0,-0.10530258634732491,0.0,0.0,0.0,-0.5064419972567069,-1.2359611143472544,1.1945612694757874,1.4545663190626001,0.0,-1.2041073516115204,1.0,0.0,0.0,0.0,0.0,0.0,0.5793156974750526,0.0,0.0,0.0,0.0,0.0,0.0,1.0,1.0,0
1.0,-0.7038632060217453,0.0,0.0,1.0,0.5329961123703084,0.7623222185942542,-1.1476027674798126,0.7237525686292232,0.0,-0.16259843799133664,1.0,0.0,0.0,0.0,0.0,0.0,0.5793156974750526,1.0,0.0,0.0,0.0,0.0,0.0,1.0,0.0,0
0.0,-1.541848073565934,1.0,0.0,1.0,1.5724342219973237,-0.8995902809525701,0.74283694256571,-0.5732691418867784,1.0,-1.290899761079869,0.0,1.0,1.0,1.0,1.0,1.0,-0.2806524287733598,0.0,0.0,0.0,0.0,1.0,0.0,0.0,1.0,0
1.0,1.7502353346433785,0.0,1.0,1.0,-0.5064419972567069,-0.8533705266617747,0.7060370204308677,1.2118449323137186,1.0,0.27136360935040654,1.0,1.0,1.0,0.0,0.0,1.0,-0.2806524287733598,1.0,0.0,0.0,0.0,0.0,0.0,0.0,1.0,0
1.0,1.3312429008712843,0.0,1.0,0.0,-0.5064419972567069,-0.7708397855320035,0.4160861883889224,0.5234246248680606,0.0,1.269476318236416,1.0,1.0,0.0,1.0,0.0,0.0,-0.2806524287733598,0.0,0.0,0.0,0.0,0.0,0.0,0.0,0.0,0
1.0,0.19397772348988532,0.0,0.0,0.0,-0.5064419972567069,0.9967313254407114,-0.5977617704641466,0.005051230478051768,0.0,0.7921180661604984,1.0,1.0,0.0,0.0,0.0,1.0,0.5793156974750526,1.0,0.0,0.0,0.0,0.0,0.0,0.0,1.0,0
0.0,-0.46443895815197717,0.0,0.0,0.0,-0.5064419972567069,-0.8965561100981463,0.6133285483050794,1.5747441596751068,0.0,-1.421088375282392,1.0,1.0,0.0,1.0,1.0,1.0,-1.1406205550217723,1.0,0.0,0.0,0.0,0.0,1.0,0.0,1.0,1
1.0,0.49325803332709556,0.0,0.0,0.0,-0.5064419972567069,-0.8715197528040434,0.6353152122470076,-0.6434832818351877,0.0,0.4015522235529295,1.0,1.0,0.0,1.0,1.0,1.0,1.439283823723465,1.0,0.0,0.0,0.0,0.0,0.0,0.0,0.0,0
0.0,0.9721065290666319,0.0,0.0,1.0,2.611872331624339,-1.0465296278810419,1.0116352705315739,0.48954772176626743,1.0,-1.290899761079869,1.0,1.0,1.0,0.0,1.0,1.0,-0.2806524287733598,0.0,0.0,0.0,0.0,1.0,0.0,0.0,1.0,0
0.0,-0.7038632060217453,0.0,0.0,1.0,1.5724342219973237,1.3005199997708714,-0.8268037070361249,-0.9778521005787248,1.0,0.7053256566921497,1.0,1.0,1.0,0.0,0.0,1.0,-0.2806524287733598,0.0,1.0,0.0,0.0,0.0,1.0,0.0,0.0,0
1.0,0.5531140952945376,0.0,0.0,0.0,-0.5064419972567069,0.4747750920893085,-1.0173700197958508,-0.42063382148679945,0.0,0.9223066803630213,1.0,1.0,1.0,1.0,0.0,1.0,-0.2806524287733598,1.0,0.0,0.0,0.0,1.0,0.0,0.0,0.0,0
1.0,1.8699474585782625,0.0,1.0,0.0,-0.5064419972567069,-0.8039520349470249,0.6559357548599601,1.169498803436477,0.0,0.6619294519579755,0.0,1.0,0.0,1.0,0.0,1.0,-0.2806524287733598,1.0,0.0,0.0,0.0,0.0,1.0,0.0,0.0,0
1.0,-1.481992011598492,1.0,0.0,0.0,-0.5064419972567069,0.17714331002997377,0.07599810379071224,-0.9442117680293184,0.0,-0.11920223325716231,1.0,1.0,1.0,1.0,0.0,1.0,-0.2806524287733598,1.0,0.0,0.0,0.0,0.0,1.0,0.0,0.0,0
1.0,1.8100913966108205,0.0,1.0,1.0,-0.5064419972567069,-1.396615689871409,1.2168445953611544,0.5281087218053198,1.0,0.7053256566921497,1.0,1.0,0.0,1.0,0.0,1.0,-0.2806524287733598,1.0,0.0,0.0,0.0,0.0,0.0,0.0,0.0,0
0.0,-1.481992011598492,1.0,0.0,0.0,-0.5064419972567069,0.5741057752273916,-1.0507917790226493,2.4164148709569493,0.0,-0.8135415090039514,1.0,1.0,1.0,1.0,0.0,1.0,-0.2806524287733598,0.0,0.0,0.0,1.0,0.0,1.0,0.0,1.0,0
0.0,-0.28487077224965107,0.0,0.0,1.0,-0.5064419972567069,-0.8912232636963654,0.7612876545099246,1.916399351432158,1.0,1.3128725229705902,1.0,1.0,0.0,1.0,1.0,0.0,0.5793156974750526,0.0,0.0,0.0,0.0,0.0,0.0,0.0,0.0,0
1.0,1.3312429008712843,0.0,1.0,0.0,-0.5064419972567069,0.7627378805929669,-1.1194364922308242,1.4072995226957126,0.0,1.0958914992997186,1.0,1.0,0.0,0.0,0.0,1.0,0.5793156974750526,1.0,0.0,0.0,0.0,0.0,0.0,0.0,0.0,0
0.0,0.13412166152244326,0.0,0.0,0.0,-0.5064419972567069,-0.8650555617793028,0.7904772519837199,0.392222596514328,0.0,-0.7267490995356027,1.0,1.0,0.0,0.0,0.0,1.0,-1.1406205550217723,0.0,0.0,0.0,1.0,0.0,0.0,0.0,1.0,1
0.0,1.1516747149689581,0.0,1.0,1.0,-0.5064419972567069,0.2346348634823781,-0.019023224202057206,0.2204250613710164,1.0,1.5298535466414618,1.0,1.0,0.0,1.0,1.0,0.0,0.5793156974750526,0.0,0.0,0.0,0.0,0.0,0.0,0.0,0.0,0
0.0,-1.42213594963105,1.0,0.0,1.0,-0.5064419972567069,0.577919514499633,0.24386631759018113,-0.6340204597397148,0.0,-0.11920223325716231,0.0,1.0,1.0,0.0,0.0,1.0,0.5793156974750526,1.0,0.0,0.0,0.0,0.0,1.0,0.0,0.0,0
1.0,-0.10530258634732491,0.0,0.0,0.0,-0.5064419972567069,0.49989110445514934,-1.2217013544568915,-0.1888893083686666,0.0,-1.290899761079869,1.0,1.0,0.0,1.0,1.0,1.0,-0.2806524287733598,1.0,0.0,0.0,0.0,0.0,0.0,0.0,1.0,0
1.0,1.1516747149689581,0.0,1.0,0.0,-0.5064419972567069,0.5587541807671239,-1.2194438631827809,-0.07434184690296639,0.0,-1.290899761079869,1.0,1.0,0.0,1.0,0.0,0.0,-0.2806524287733598,0.0,0.0,0.0,0.0,0.0,0.0,0.0,0.0,0
0.0,-0.46443895815197717,0.0,0.0,0.0,-0.5064419972567069,-0.8355625638725329,0.5877685612652558,-0.4159970386600177,0.0,-0.46637187113055684,0.0,1.0,1.0,0.0,1.0,1.0,0.5793156974750526,1.0,0.0,0.0,0.0,0.0,1.0,0.0,1.0,0
0.0,-0.8834313919240715,0.0,0.0,1.0,0.5329961123703084,-0.8995902809525701,0.74283694256571,-0.5732691418867784,1.0,1.5298535466414618,0.0,1.0,1.0,1.0,1.0,0.0,-0.2806524287733598,1.0,0.0,0.0,0.0,0.0,1.0,0.0,0.0,0
1.0,-0.5242950201194192,0.0,0.0,1.0,-0.5064419972567069,-0.8010589789151243,0.5581328174472804,0.18120166378528096,1.0,-0.8569377137381258,1.0,1.0,1.0,1.0,1.0,1.0,-2.0005886812701847,0.0,0.0,0.0,1.0,0.0,0.0,0.0,1.0,1
1.0,-0.5841510820868613,0.0,0.0,0.0,-0.5064419972567069,0.31883229601166097,-1.0639044214713609,-0.8212897090091247,0.0,0.09777879041370928,0.0,1.0,1.0,0.0,0.0,1.0,-0.2806524287733598,1.0,0.0,0.0,0.0,0.0,1.0,0.0,0.0,0
1.0,1.8100913966108205,0.0,1.0,1.0,-0.5064419972567069,-0.779602652104104,0.5789803548909875,1.2749146415800459,1.0,0.878910475628847,1.0,1.0,0.0,1.0,0.0,1.0,1.439283823723465,1.0,0.0,0.0,0.0,0.0,0.0,0.0,1.0,0
0.0,1.031962591034074,0.0,0.0,1.0,1.5724342219973237,0.16374993644496857,-0.8561460185119103,-0.4208230779287089,1.0,0.09777879041370928,1.0,0.0,0.0,0.0,0.0,0.0,1.439283823723465,1.0,0.0,0.0,0.0,0.0,0.0,1.0,0.0,0
1.0,-0.04544652437988287,0.0,0.0,1.0,1.5724342219973237,1.1716413284226876,-0.208779829791116,-0.9965884883277613,1.0,-1.4644845800165662,0.0,1.0,1.0,0.0,0.0,1.0,-2.0005886812701847,0.0,0.0,0.0,0.0,1.0,0.0,0.0,1.0,1
0.0,0.19397772348988532,0.0,0.0,0.0,-0.5064419972567069,0.8717448354151073,-0.8064406097799987,-1.0271060895856616,0.0,-0.8569377137381258,1.0,0.0,0.0,0.0,0.0,0.0,0.5793156974750526,0.0,0.0,0.0,1.0,0.0,0.0,1.0,0.0,0
0.0,-0.5242950201194192,0.0,0.0,1.0,0.5329961123703084,-0.864580057391669,0.8794112429908625,0.14888612632924078,1.0,0.9223066803630213,1.0,1.0,0.0,0.0,1.0,1.0,1.439283823723465,1.0,0.0,0.0,0.0,0.0,0.0,0.0,1.0,0
0.0,-0.7637192679891874,0.0,0.0,0.0,-0.5064419972567069,1.59579852031998,-1.7643444930283636,-1.024835012282748,0.0,0.6185332472238011,1.0,1.0,0.0,1.0,1.0,1.0,1.439283823723465,0.0,1.0,0.0,0.0,0.0,0.0,0.0,1.0,0
0.0,-1.3622798876636077,1.0,0.0,0.0,-0.5064419972567069,0.2304155707230634,0.28590142335211477,-1.0132430552157936,0.0,-0.24939084745968526,1.0,1.0,0.0,0.0,0.0,1.0,1.439283823723465,1.0,0.0,0.0,0.0,0.0,0.0,0.0,0.0,0
1.0,-0.3447268342170931,0.0,0.0,0.0,-0.5064419972567069,0.8947194606747378,-0.46629669921731187,-0.8190659458166885,0.0,0.3581560188187552,1.0,1.0,0.0,0.0,0.0,1.0,-1.1406205550217723,0.0,1.0,0.0,0.0,0.0,0.0,0.0,1.0,1
0.0,1.9298035205457047,0.0,1.0,1.0,-0.5064419972567069,-0.7338026032166765,0.21126072473655413,-0.7295003346830369,1.0,1.3128725229705902,1.0,1.0,0.0,0.0,0.0,1.0,0.5793156974750526,0.0,0.0,0.0,0.0,0.0,0.0,0.0,0.0,0
0.0,-0.8235753299566294,0.0,0.0,1.0,0.5329961123703084,-0.9415086613695192,0.6745474854950936,1.2224432930606484,1.0,-1.2041073516115204,1.0,1.0,0.0,0.0,1.0,1.0,-0.2806524287733598,1.0,0.0,0.0,0.0,0.0,0.0,0.0,1.0,0
1.0,-0.28487077224965107,0.0,0.0,1.0,-0.5064419972567069,-0.6424976739817685,-0.1257463202686639,-0.7670204242915872,1.0,-0.16259843799133664,1.0,1.0,0.0,0.0,0.0,1.0,-0.2806524287733598,1.0,0.0,0.0,0.0,0.0,1.0,0.0,0.0,0
1.0,-1.661560197500818,1.0,0.0,1.0,-0.5064419972567069,-0.9289983673615472,0.7471576876672982,0.9717258216410922,1.0,-1.290899761079869,1.0,1.0,1.0,0.0,0.0,1.0,-0.2806524287733598,1.0,0.0,0.0,0.0,0.0,1.0,0.0,1.0,0
0.0,1.2115307769364,0.0,1.0,0.0,-0.5064419972567069,0.1379368411163036,0.829340427946033,-1.0338246932734474,0.0,0.5317408377554524,1.0,1.0,1.0,1.0,1.0,1.0,0.5793156974750526,0.0,1.0,0.0,0.0,1.0,0.0,0.0,0.0,0
1.0,1.3312429008712843,0.0,1.0,0.0,-0.5064419972567069,-1.296560832959301,1.1808336186746546,-0.6768870438322072,0.0,-0.20599464272551093,1.0,1.0,0.0,0.0,0.0,0.0,1.439283823723465,1.0,0.0,0.0,0.0,0.0,1.0,0.0,0.0,0
1.0,-1.541848073565934,1.0,0.0,1.0,-0.5064419972567069,0.43962092332262875,-1.0706616700306604,1.5381703522761037,1.0,1.4430611371731132,1.0,1.0,1.0,1.0,1.0,1.0,-2.0005886812701847,0.0,0.0,0.0,0.0,0.0,0.0,0.0,0.0,1
1.0,0.6129701572619797,0.0,0.0,0.0,-0.5064419972567069,1.653643467339388,-1.8031260062162024,-1.0277684871323447,0.0,-0.37957946166220824,1.0,1.0,0.0,1.0,0.0,1.0,-0.2806524287733598,1.0,0.0,0.0,0.0,1.0,0.0,0.0,1.0,0
1.0,-0.5242950201194192,0.0,0.0,0.0,-0.5064419972567069,-0.9452864143403172,0.7038519644990843,1.201010001014402,0.0,-0.8569377137381258,1.0,0.0,0.0,0.0,0.0,0.0,0.5793156974750526,1.0,0.0,0.0,0.0,0.0,0.0,1.0,0.0,0
0.0,-0.8235753299566294,0.0,0.0,1.0,0.5329961123703084,-0.8421512917607,0.6985978646360987,0.9211470375407892,1.0,0.5751370424896268,1.0,0.0,0.0,0.0,0.0,0.0,1.439283823723465,1.0,0.0,0.0,0.0,0.0,0.0,1.0,0.0,0
1.0,0.2538337854573274,0.0,0.0,1.0,0.5329961123703084,-0.9707732069131821,0.7943472370250543,1.2028552513230193,1.0,1.3562687277047645,1.0,0.0,0.0,0.0,0.0,0.0,0.5793156974750526,0.0,0.0,0.0,0.0,0.0,0.0,1.0,0.0,0
0.0,-1.661560197500818,1.0,0.0,1.0,-0.5064419972567069,-0.8004815807301422,0.6988654601682843,0.34012976087874935,1.0,0.31475981408458087,1.0,1.0,0.0,1.0,0.0,1.0,1.439283823723465,1.0,0.0,0.0,0.0,0.0,1.0,0.0,0.0,0
1.0,-0.8834313919240715,0.0,0.0,0.0,-0.5064419972567069,1.3232803245836953,-1.6682287915832783,-0.39976829876628156,0.0,0.8355142708946727,1.0,1.0,1.0,1.0,0.0,1.0,0.5793156974750526,0.0,1.0,0.0,0.0,0.0,1.0,0.0,0.0,0
1.0,0.43340197135965347,0.0,0.0,1.0,-0.5064419972567069,0.9122354896477614,-0.7767698017198715,2.3788474672379216,1.0,-0.03240982378881367,1.0,1.0,1.0,1.0,1.0,0.0,-0.2806524287733598,1.0,0.0,0.0,0.0,0.0,0.0,0.0,0.0,0
1.0,0.49325803332709556,0.0,0.0,1.0,2.611872331624339,-0.8875081834977466,0.8587477928184356,0.45898280639788974,1.0,-1.3342959658140432,1.0,1.0,1.0,0.0,0.0,0.0,-2.0005886812701847,0.0,0.0,0.0,0.0,1.0,0.0,0.0,1.0,1
0.0,0.49325803332709556,0.0,0.0,0.0,-0.5064419972567069,-1.4247650644107415,1.3664115816171498,-0.6227597014461019,0.0,-1.421088375282392,1.0,1.0,0.0,1.0,1.0,1.0,-0.2806524287733598,1.0,0.0,0.0,0.0,0.0,0.0,0.0,1.0,0
0.0,1.1516747149689581,0.0,1.0,1.0,-0.5064419972567069,-0.8108254185230294,0.40551108977990347,0.9748958670430756,1.0,-0.5965604853330798,1.0,1.0,0.0,0.0,1.0,1.0,-0.2806524287733598,1.0,0.0,0.0,0.0,0.0,0.0,0.0,0.0,0
1.0,-0.46443895815197717,0.0,0.0,1.0,0.5329961123703084,1.0573953341867988,-1.0921486685219752,-0.9067863066417229,1.0,-1.2041073516115204,1.0,1.0,0.0,0.0,0.0,1.0,1.439283823723465,1.0,0.0,0.0,0.0,0.0,0.0,0.0,1.0,0
1.0,1.5706671487410524,0.0,1.0,1.0,-0.5064419972567069,0.4839152083158819,-1.0940605924622808,0.12163319869427866,1.0,-1.421088375282392,1.0,1.0,0.0,0.0,0.0,1.0,-0.2806524287733598,1.0,0.0,0.0,0.0,0.0,0.0,0.0,0.0,0
0.0,-0.225014710282209,0.0,0.0,0.0,-0.5064419972567069,-0.8016755981252784,0.5732205917464904,0.49139297207488464,0.0,1.269476318236416,1.0,1.0,0.0,0.0,1.0,1.0,0.5793156974750526,0.0,0.0,0.0,0.0,0.0,0.0,0.0,0.0,0
1.0,-0.8834313919240715,0.0,0.0,1.0,-0.5064419972567069,0.5333053961980313,-1.1742340593915905,0.7572509588471975,1.0,1.2260801135022417,1.0,1.0,0.0,1.0,1.0,1.0,-0.2806524287733598,0.0,1.0,0.0,0.0,0.0,0.0,0.0,0.0,0
1.0,0.43340197135965347,0.0,0.0,1.0,-0.5064419972567069,0.8793326885939592,-1.374794603906847,0.4236864799817756,1.0,0.010986380945360646,1.0,0.0,0.0,0.0,0.0,0.0,0.5793156974750526,1.0,0.0,0.0,0.0,0.0,0.0,1.0,0.0,0
1.0,1.2115307769364,0.0,1.0,0.0,-0.5064419972567069,0.6128238008585275,-0.550995760241815,-0.2553183194788868,0.0,-1.1173149421431716,1.0,1.0,0.0,0.0,1.0,1.0,-1.1406205550217723,1.0,0.0,0.0,0.0,0.0,0.0,0.0,1.0,1
0.0,1.5706671487410524,0.0,1.0,0.0,-0.5064419972567069,-0.8252082132275389,0.6128048915308858,0.8731705295167413,0.0,-1.3776921705482175,1.0,1.0,0.0,1.0,0.0,1.0,-2.0005886812701847,1.0,0.0,0.0,0.0,0.0,1.0,0.0,1.0,1
0.0,-0.10530258634732491,0.0,0.0,0.0,-0.5064419972567069,2.2839374720422403,-1.8612325305439341,-1.012012888343382,0.0,0.878910475628847,1.0,1.0,0.0,0.0,0.0,1.0,1.439283823723465,0.0,1.0,0.0,0.0,0.0,0.0,0.0,0.0,0
0.0,-1.1228556397938396,1.0,0.0,1.0,-0.5064419972567069,-0.8227591230269485,0.2469948784587212,0.16090391039049146,1.0,-0.5965604853330798,1.0,1.0,1.0,0.0,1.0,1.0,-2.0005886812701847,1.0,0.0,0.0,0.0,0.0,0.0,0.0,1.0,1
1.0,-0.6440071440543034,0.0,0.0,0.0,-0.5064419972567069,1.1577117993801984,-0.8273476641610373,-0.7325284377535882,0.0,0.18457119988205792,1.0,1.0,0.0,1.0,1.0,1.0,0.5793156974750526,1.0,0.0,0.0,0.0,0.0,1.0,0.0,0.0,0
1.0,0.8523944051317478,0.0,0.0,0.0,-0.5064419972567069,-0.9709660773153104,0.8238302668410395,2.8110145523381718,0.0,-1.0739187374089973,1.0,1.0,1.0,0.0,0.0,1.0,-0.2806524287733598,0.0,0.0,0.0,1.0,0.0,0.0,0.0,1.0,0
1.0,1.8699474585782625,0.0,1.0,0.0,0.5329961123703084,-0.8135583557305219,0.6274622061205609,1.6666281622221493,0.0,-1.1173149421431716,1.0,1.0,0.0,0.0,0.0,0.0,-2.0005886812701847,0.0,0.0,0.0,1.0,0.0,0.0,0.0,1.0,1
0.0,-1.0031435158589557,0.0,0.0,0.0,-0.5064419972567069,0.7258313002480534,-1.086722477049493,1.171296739634617,0.0,1.4864573419072875,1.0,1.0,1.0,1.0,1.0,1.0,-2.0005886812701847,0.0,0.0,0.0,0.0,0.0,0.0,0.0,0.0,1
0.0,1.8699474585782625,0.0,1.0,1.0,-0.5064419972567069,-0.7331103723394425,0.015261761301848161,-0.5173911774130104,1.0,-1.2475035563456947,1.0,1.0,0.0,1.0,1.0,1.0,1.439283823723465,0.0,0.0,0.0,0.0,1.0,0.0,0.0,0.0,0
0.0,-0.10530258634732491,0.0,0.0,1.0,-0.5064419972567069,0.9441452305178687,-1.2525122117584517,-1.026632948480888,1.0,1.4430611371731132,1.0,1.0,1.0,0.0,0.0,1.0,-0.2806524287733598,0.0,0.0,0.0,0.0,0.0,0.0,0.0,0.0,0
0.0,0.7326822811968637,0.0,0.0,0.0,-0.5064419972567069,-0.7995022681222772,1.3204432829036887,-0.7794640353471342,0.0,-0.46637187113055684,1.0,1.0,0.0,0.0,0.0,1.0,0.5793156974750526,0.0,0.0,1.0,0.0,0.0,0.0,0.0,0.0,0
0.0,1.6305232107084944,0.0,1.0,1.0,-0.5064419972567069,0.7797682966667144,-0.31378293250601996,-0.8312256722093713,1.0,0.18457119988205792,1.0,1.0,1.0,1.0,0.0,1.0,-2.0005886812701847,0.0,1.0,0.0,0.0,0.0,0.0,0.0,1.0,1
1.0,0.13412166152244326,0.0,0.0,0.0,-0.5064419972567069,0.47211614918703143,-1.1154723873816126,-0.9556617827648407,0.0,0.010986380945360646,1.0,0.0,0.0,0.0,0.0,0.0,1.439283823723465,1.0,0.0,0.0,0.0,0.0,0.0,1.0,0.0,0
1.0,1.5706671487410524,0.0,1.0,1.0,-0.5064419972567069,-0.30950065743267036,-0.43119554734024157,0.36042751427353886,1.0,0.09777879041370928,1.0,1.0,0.0,0.0,1.0,1.0,0.5793156974750526,1.0,0.0,0.0,0.0,0.0,0.0,0.0,1.0,0
0.0,-1.661560197500818,1.0,0.0,1.0,0.5329961123703084,-0.84389197746543,0.9912740187618718,0.8110944165704387,1.0,-0.2927870521938596,1.0,1.0,0.0,0.0,1.0,1.0,-0.2806524287733598,1.0,0.0,0.0,0.0,0.0,0.0,0.0,1.0,0
0.0,-0.40458289618453513,0.0,0.0,1.0,-0.5064419972567069,1.2408276211638005,-1.2253226602019411,-0.9972508858744444,0.0,1.1826839087680672,1.0,1.0,1.0,0.0,0.0,1.0,-0.2806524287733598,0.0,1.0,0.0,0.0,0.0,0.0,0.0,1.0,0
1.0,1.3312429008712843,0.0,1.0,0.0,-0.5064419972567069,-0.7981958440776828,0.976959964647965,0.05477836058976218,0.0,-1.421088375282392,1.0,1.0,0.0,1.0,0.0,1.0,-0.2806524287733598,1.0,0.0,0.0,0.0,0.0,0.0,0.0,1.0,1
0.0,1.1516747149689581,0.0,1.0,1.0,-0.5064419972567069,1.0171747793852173,-0.7860406027952898,-0.7439784524891105,1.0,1.0524952945655444,1.0,1.0,0.0,0.0,0.0,1.0,-0.2806524287733598,0.0,1.0,0.0,0.0,0.0,0.0,0.0,0.0,0
0.0,0.43340197135965347,0.0,0.0,0.0,-0.5064419972567069,0.9524232928716226,-0.7866500746884254,-0.27239871336121546,0.0,0.6619294519579755,1.0,1.0,1.0,1.0,1.0,0.0,0.5793156974750526,1.0,0.0,0.0,0.0,0.0,0.0,0.0,0.0,0
0.0,0.43340197135965347,0.0,0.0,0.0,-0.5064419972567069,1.537476047210615,-1.092325373847539,-1.0180217803740075,0.0,-1.2041073516115204,1.0,1.0,0.0,1.0,0.0,0.0,-0.2806524287733598,1.0,0.0,0.0,0.0,0.0,0.0,0.0,1.0,0
0.0,-0.16515864831476695,0.0,0.0,1.0,0.5329961123703084,0.034089270636168,-0.03028530513422526,0.4020639314936199,1.0,-1.1173149421431716,1.0,1.0,0.0,0.0,1.0,1.0,1.439283823723465,0.0,0.0,0.0,1.0,0.0,0.0,0.0,1.0,0
1.0,-1.2425677637287238,1.0,0.0,0.0,-0.5064419972567069,-0.8857573892813773,0.6656573159956322,1.193345115117069,0.0,0.3581560188187552,1.0,1.0,1.0,1.0,1.0,1.0,-0.2806524287733598,1.0,0.0,0.0,0.0,0.0,0.0,0.0,1.0,0
0.0,-1.1228556397938396,1.0,0.0,0.0,-0.5064419972567069,-0.3346421432478504,0.35798104817601534,0.6492328446273736,0.0,-1.2475035563456947,1.0,0.0,0.0,0.0,0.0,0.0,0.5793156974750526,0.0,0.0,0.0,0.0,0.0,0.0,1.0,1.0,0
1.0,1.5706671487410524,0.0,1.0,1.0,-0.5064419972567069,-0.8284320197603623,0.6784709896428678,0.09745568824034524,1.0,-0.6399566900672541,1.0,1.0,1.0,0.0,0.0,1.0,-0.2806524287733598,0.0,0.0,0.0,1.0,0.0,1.0,0.0,0.0,0
1.0,-1.1827117017612818,1.0,0.0,1.0,-0.5064419972567069,-1.143546270534068,0.6176428342041632,-0.8621691004615678,1.0,-0.5097680758647312,0.0,1.0,1.0,1.0,1.0,1.0,-2.0005886812701847,0.0,0.0,1.0,0.0,0.0,1.0,0.0,1.0,1
0.0,0.7326822811968637,0.0,0.0,0.0,-0.5064419972567069,0.9441452305178687,-1.2525122117584517,-1.026632948480888,0.0,-0.8135415090039514,0.0,1.0,0.0,1.0,0.0,1.0,-1.1406205550217723,0.0,0.0,0.0,1.0,0.0,1.0,0.0,1.0,1
0.0,0.7326822811968637,0.0,0.0,0.0,-0.5064419972567069,0.7627378805929669,-1.1194364922308242,1.4072995226957126,0.0,-0.6833528948014285,1.0,0.0,0.0,0.0,0.0,0.0,-0.2806524287733598,0.0,0.0,0.0,1.0,0.0,0.0,1.0,1.0,0
0.0,1.4509550248061682,0.0,1.0,0.0,-0.5064419972567069,-1.2445974223535996,1.2885159063126697,1.2665400440255523,0.0,-1.160711146877346,1.0,1.0,0.0,0.0,0.0,1.0,-2.0005886812701847,0.0,0.0,0.0,1.0,0.0,0.0,0.0,1.0,1
1.0,-0.46443895815197717,0.0,0.0,1.0,-0.5064419972567069,0.782586954052932,-0.8495433294410316,-0.942082633057837,0.0,0.4015522235529295,1.0,0.0,0.0,0.0,0.0,0.0,-0.2806524287733598,0.0,1.0,0.0,0.0,0.0,0.0,1.0,0.0,0
0.0,-0.5242950201194192,0.0,0.0,1.0,-0.5064419972567069,-0.8352156397529837,0.5382393964873018,0.19241510796841643,1.0,1.269476318236416,0.0,1.0,1.0,1.0,0.0,1.0,0.5793156974750526,1.0,0.0,0.0,0.0,0.0,1.0,0.0,0.0,0
1.0,1.9298035205457047,0.0,1.0,0.0,-0.5064419972567069,1.2961535270820521,-1.0516005634500978,-1.0137635104310447,0.0,-1.2475035563456947,1.0,1.0,0.0,1.0,0.0,1.0,-0.2806524287733598,1.0,0.0,0.0,0.0,0.0,0.0,0.0,1.0,1
0.0,0.2538337854573274,0.0,0.0,1.0,-0.5064419972567069,-0.8253760145207926,0.5279480414167196,0.6719436176565088,1.0,1.2260801135022417,1.0,1.0,0.0,1.0,1.0,1.0,1.439283823723465,0.0,1.0,0.0,0.0,0.0,1.0,0.0,0.0,0
0.0,0.37354590939221144,0.0,0.0,0.0,-0.5064419972567069,0.7185551935682396,-1.1689776526705682,-0.24623401026723274,0.0,-0.8135415090039514,0.0,1.0,1.0,1.0,0.0,1.0,0.5793156974750526,1.0,0.0,0.0,0.0,0.0,1.0,0.0,1.0,0
0.0,0.49325803332709556,0.0,0.0,1.0,2.611872331624339,1.9440379594036135,-0.41957682615569697,-1.03377737916297,1.0,-1.421088375282392,1.0,1.0,0.0,0.0,0.0,1.0,-0.2806524287733598,0.0,0.0,0.0,0.0,0.0,1.0,0.0,1.0,1
0.0,-0.225014710282209,0.0,0.0,1.0,-0.5064419972567069,0.03328988953553074,0.34223720345134695,-0.40634496012263527,1.0,-0.3361832569280339,0.0,1.0,0.0,0.0,1.0,0.0,0.5793156974750526,1.0,0.0,0.0,0.0,0.0,1.0,0.0,1.0,0
0.0,0.49325803332709556,0.0,0.0,1.0,2.611872331624339,-0.8710503135233938,0.7738235824496154,1.8784534348293114,1.0,0.1411749951478836,1.0,1.0,0.0,1.0,0.0,1.0,-0.2806524287733598,1.0,0.0,0.0,0.0,0.0,0.0,0.0,1.0,0
1.0,1.4509550248061682,0.0,1.0,0.0,-0.5064419972567069,1.8706327782436507,-0.25938491315710444,-1.034297834378221,0.0,0.3581560188187552,1.0,1.0,1.0,0.0,0.0,1.0,-0.2806524287733598,1.0,0.0,0.0,0.0,0.0,0.0,0.0,0.0,0
0.0,-1.3622798876636077,1.0,0.0,0.0,-0.5064419972567069,0.4695623348058315,-1.073153538081242,0.48363345795659685,0.0,-1.160711146877346,1.0,0.0,0.0,0.0,0.0,0.0,-0.2806524287733598,0.0,0.0,0.0,1.0,0.0,0.0,1.0,1.0,0
1.0,0.3136898474247694,0.0,0.0,0.0,-0.5064419972567069,-0.9273648318802233,1.0151910615083937,0.024686586326158163,0.0,-1.0739187374089973,1.0,1.0,1.0,1.0,0.0,1.0,-2.0005886812701847,0.0,0.0,0.0,1.0,0.0,1.0,0.0,1.0,1
1.0,-1.1827117017612818,1.0,0.0,0.0,-0.5064419972567069,-0.8626808702243954,0.7166937818143677,0.7803875588706289,0.0,0.22796740461623224,1.0,1.0,1.0,1.0,0.0,1.0,-0.2806524287733598,0.0,1.0,0.0,0.0,1.0,0.0,0.0,1.0,0
1.0,-1.481992011598492,1.0,0.0,0.0,-0.5064419972567069,0.03414062187530831,0.17733699320109894,1.0796966217504387,0.0,-0.2927870521938596,1.0,1.0,1.0,0.0,1.0,0.0,0.5793156974750526,1.0,0.0,0.0,0.0,0.0,0.0,0.0,1.0,0
1.0,0.9122504670991899,0.0,0.0,0.0,-0.5064419972567069,-0.8940229170806954,0.6520330124345107,0.42255094133031884,0.0,0.4883446330212782,0.0,1.0,1.0,0.0,0.0,1.0,-0.2806524287733598,1.0,0.0,0.0,0.0,1.0,0.0,0.0,1.0,0
0.0,1.031962591034074,0.0,0.0,0.0,-0.5064419972567069,-1.3794037249285722,1.2452521679607178,0.17259049567840057,0.0,0.22796740461623224,1.0,1.0,0.0,0.0,1.0,1.0,-1.1406205550217723,1.0,0.0,0.0,0.0,0.0,0.0,0.0,1.0,1
0.0,1.2115307769364,0.0,1.0,0.0,-0.5064419972567069,0.9731546372276916,-0.7234287847230899,1.7463051242660315,0.0,-0.9871263279406487,1.0,1.0,0.0,0.0,0.0,1.0,-0.2806524287733598,0.0,0.0,0.0,1.0,0.0,0.0,0.0,1.0,1
1.0,0.13412166152244326,0.0,0.0,0.0,0.5329961123703084,-1.0191925733372473,0.9607302956208976,-0.5197568829368787,0.0,-1.1173149421431716,0.0,1.0,0.0,0.0,0.0,1.0,-0.2806524287733598,1.0,0.0,0.0,0.0,0.0,1.0,0.0,1.0,0
1.0,1.3312429008712843,0.0,1.0,1.0,-0.5064419972567069,0.9166981953674124,-0.7262154692306799,-0.4979923921172909,1.0,0.6185332472238011,1.0,1.0,1.0,0.0,0.0,1.0,-2.0005886812701847,1.0,0.0,0.0,0.0,0.0,0.0,0.0,1.0,1
0.0,-1.0629995778263976,1.0,0.0,0.0,2.611872331624339,-0.8619728700689998,1.059271888976729,2.872380953627314,0.0,-0.8135415090039514,1.0,1.0,0.0,1.0,0.0,1.0,1.439283823723465,0.0,0.0,0.0,1.0,0.0,0.0,0.0,1.0,0
0.0,-0.40458289618453513,0.0,0.0,0.0,-0.5064419972567069,-1.3474373763932725,1.203189379902349,2.4750370538384043,0.0,-1.030522532674823,1.0,1.0,0.0,0.0,1.0,1.0,-2.0005886812701847,1.0,0.0,0.0,0.0,0.0,0.0,0.0,1.0,1
0.0,0.2538337854573274,0.0,0.0,0.0,-0.5064419972567069,-0.8742251948598705,0.965345395807888,1.5297957547216101,0.0,0.9657028850971957,1.0,0.0,0.0,0.0,0.0,0.0,-0.2806524287733598,1.0,0.0,0.0,0.0,0.0,0.0,1.0,0.0,1
0.0,0.7925383431643057,0.0,0.0,0.0,-0.5064419972567069,-0.8052487548204447,0.31378441643427246,0.990367581169174,0.0,-1.0739187374089973,1.0,1.0,0.0,1.0,1.0,1.0,-1.1406205550217723,1.0,0.0,0.0,0.0,1.0,0.0,0.0,1.0,1
1.0,0.9122504670991899,0.0,0.0,1.0,0.5329961123703084,-0.9372481258827063,0.6663673668991363,0.21389571412514005,1.0,-1.2475035563456947,1.0,1.0,1.0,0.0,0.0,1.0,-0.2806524287733598,0.0,0.0,0.0,0.0,0.0,1.0,0.0,1.0,0
0.0,-0.16515864831476695,0.0,0.0,0.0,-0.5064419972567069,0.7947539630055453,-0.2787006968648502,-1.021333768107423,0.0,-1.0739187374089973,1.0,1.0,1.0,1.0,0.0,1.0,-2.0005886812701847,0.0,0.0,0.0,1.0,0.0,0.0,0.0,1.0,1
1.0,0.6129701572619797,0.0,0.0,1.0,0.5329961123703084,-1.0266429507577692,0.8889334915922151,0.027336176512890595,1.0,-0.9437301232064743,1.0,0.0,0.0,0.0,0.0,0.0,0.5793156974750526,1.0,0.0,0.0,0.0,0.0,0.0,1.0,1.0,0
0.0,1.031962591034074,0.0,0.0,1.0,-0.5064419972567069,0.8724888218719491,-1.5123493189973454,-0.9527283079152441,1.0,0.6619294519579755,1.0,1.0,1.0,1.0,1.0,1.0,0.5793156974750526,0.0,1.0,0.0,0.0,1.0,0.0,0.0,0.0,0
0.0,0.43340197135965347,0.0,0.0,0.0,-0.5064419972567069,-0.7512527246937948,1.1176755366195057,2.20454228423931,0.0,-0.11920223325716231,1.0,0.0,0.0,0.0,0.0,0.0,-0.2806524287733598,1.0,0.0,0.0,0.0,0.0,0.0,1.0,0.0,0
1.0,0.19397772348988532,0.0,0.0,1.0,-0.5064419972567069,0.5551361422802691,-0.5044050712302225,-0.7144071334407576,1.0,-0.46637187113055684,1.0,1.0,0.0,0.0,0.0,1.0,-0.2806524287733598,1.0,0.0,0.0,0.0,0.0,0.0,0.0,1.0,0
0.0,-0.10530258634732491,0.0,0.0,0.0,-0.5064419972567069,0.8812427929538043,-1.43113222949251,0.4421389830679479,0.0,-1.0739187374089973,0.0,1.0,1.0,0.0,0.0,1.0,-0.2806524287733598,0.0,0.0,0.0,1.0,0.0,1.0,0.0,1.0,0
1.0,1.7502353346433785,0.0,1.0,0.0,-0.5064419972567069,-0.3973893140730971,-0.4462980855308846,0.4760158861697411,0.0,0.6619294519579755,1.0,1.0,1.0,1.0,0.0,1.0,0.5793156974750526,1.0,0.0,0.0,0.0,0.0,0.0,0.0,0.0,0
1.0,-0.04544652437988287,0.0,0.0,0.0,-0.5064419972567069,0.6649319653509428,-1.1606581998492291,-0.10211522975317953,0.0,-1.421088375282392,1.0,1.0,0.0,0.0,0.0,1.0,-2.0005886812701847,1.0,0.0,0.0,0.0,0.0,0.0,0.0,1.0,1
1.0,-0.3447268342170931,0.0,0.0,1.0,-0.5064419972567069,-0.8340446697643903,0.2965683349109742,2.643427973027346,1.0,0.010986380945360646,1.0,1.0,0.0,0.0,1.0,1.0,-0.2806524287733598,1.0,0.0,0.0,0.0,0.0,1.0,0.0,0.0,0
0.0,1.031962591034074,0.0,0.0,1.0,-0.5064419972567069,1.6475565259691232,-0.34723145128603505,-0.8908414514108509,1.0,-0.2927870521938596,1.0,0.0,0.0,0.0,0.0,0.0,0.5793156974750526,1.0,0.0,0.0,0.0,0.0,0.0,1.0,0.0,0
0.0,1.271386838903842,0.0,1.0,1.0,-0.5064419972567069,-1.071233212971896,0.9164436964157451,0.15541547357511715,1.0,0.31475981408458087,1.0,1.0,0.0,0.0,1.0,1.0,-0.2806524287733598,1.0,0.0,0.0,0.0,1.0,0.0,0.0,0.0,1
1.0,0.13412166152244326,0.0,0.0,1.0,1.5724342219973237,0.41218480536474394,-0.9542825275966049,1.784251040868878,1.0,1.3128725229705902,1.0,1.0,1.0,0.0,0.0,1.0,-0.2806524287733598,1.0,0.0,0.0,0.0,1.0,0.0,0.0,0.0,0
1.0,-1.661560197500818,1.0,0.0,1.0,2.611872331624339,-0.84777526329777,0.7599270696402413,-0.41462492945617413,1.0,-0.9437301232064743,1.0,1.0,0.0,1.0,1.0,1.0,-0.2806524287733598,0.0,0.0,0.0,1.0,0.0,0.0,0.0,1.0,0
0.0,0.8523944051317478,0.0,0.0,1.0,-0.5064419972567069,0.05797568364589398,-0.9733417886907432,0.5174157328374352,1.0,1.0958914992997186,0.0,1.0,0.0,0.0,0.0,1.0,0.5793156974750526,1.0,0.0,0.0,0.0,1.0,0.0,0.0,0.0,0
0.0,-1.1228556397938396,1.0,0.0,1.0,2.611872331624339,-1.2687717257748858,1.2577917868732635,1.294502683317675,0.0,1.4430611371731132,1.0,0.0,0.0,0.0,0.0,0.0,-0.2806524287733598,1.0,0.0,0.0,0.0,0.0,0.0,1.0,0.0,0
1.0,-1.2425677637287238,1.0,0.0,0.0,-0.5064419972567069,0.10864560910190453,-0.29881926716915264,-0.9536272760143141,0.0,-1.2475035563456947,1.0,1.0,1.0,0.0,1.0,1.0,-2.0005886812701847,0.0,0.0,0.0,0.0,0.0,0.0,0.0,1.0,1
0.0,0.2538337854573274,0.0,0.0,0.0,-0.5064419972567069,-1.3977450127920368,1.2399662334568295,1.6543738076085117,0.0,-0.8135415090039514,1.0,1.0,0.0,0.0,0.0,1.0,0.5793156974750526,1.0,0.0,0.0,0.0,0.0,0.0,0.0,1.0,0
1.0,1.8699474585782625,0.0,1.0,0.0,-0.5064419972567069,0.7084301039672818,-1.0203181843659657,0.8500812436037873,0.0,0.44494842828710385,1.0,1.0,0.0,1.0,0.0,1.0,-2.0005886812701847,1.0,0.0,0.0,0.0,0.0,0.0,0.0,1.0,1
0.0,-1.3622798876636077,1.0,0.0,1.0,-0.5064419972567069,-1.0966128553213574,1.2597946010201975,1.1473557997330703,1.0,-0.16259843799133664,1.0,1.0,0.0,1.0,1.0,0.0,-1.1406205550217723,0.0,0.0,1.0,0.0,0.0,0.0,0.0,0.0,1
1.0,-1.3024238256961658,1.0,0.0,0.0,-0.5064419972567069,-0.8787885813554761,1.2679368871443601,0.9299001479791017,0.0,0.8355142708946727,1.0,1.0,1.0,0.0,1.0,1.0,0.5793156974750526,0.0,1.0,0.0,0.0,0.0,0.0,0.0,1.0,0
1.0,1.9298035205457047,0.0,1.0,0.0,-0.5064419972567069,0.4995894664677563,-1.1272013763802855,-0.7118521714749798,0.0,-0.37957946166220824,1.0,1.0,0.0,1.0,0.0,1.0,-1.1406205550217723,1.0,0.0,0.0,0.0,0.0,0.0,0.0,1.0,1
1.0,-1.1228556397938396,1.0,0.0,1.0,0.5329961123703084,1.8086817537953213,-1.2041157142762144,-0.7401933236509214,1.0,1.5298535466414618,1.0,1.0,1.0,1.0,1.0,1.0,-0.2806524287733598,1.0,0.0,0.0,0.0,0.0,0.0,0.0,0.0,0
1.0,-1.1827117017612818,1.0,0.0,1.0,-0.5064419972567069,-0.9521149161246303,0.7291466628647592,3.299816627679828,1.0,1.4430611371731132,1.0,1.0,1.0,1.0,1.0,1.0,0.5793156974750526,0.0,0.0,0.0,0.0,0.0,0.0,0.0,0.0,0
1.0,0.07426559955500123,0.0,0.0,1.0,-0.5064419972567069,-0.9194862579065528,0.8156815215143791,-0.1330586580053761,1.0,1.1826839087680672,0.0,1.0,0.0,0.0,1.0,1.0,0.5793156974750526,1.0,0.0,0.0,0.0,0.0,1.0,0.0,0.0,0
1.0,-0.28487077224965107,0.0,0.0,0.0,-0.5064419972567069,-1.371593080153136,1.410083633841487,-0.257163569787504,0.0,0.3581560188187552,1.0,1.0,0.0,1.0,1.0,1.0,-0.2806524287733598,0.0,1.0,0.0,0.0,0.0,0.0,0.0,1.0,0
0.0,1.8699474585782625,0.0,1.0,0.0,-0.5064419972567069,1.679296443843645,-1.7373459493172436,-1.0043006883355718,0.0,-0.16259843799133664,1.0,1.0,0.0,1.0,0.0,1.0,-1.1406205550217723,1.0,0.0,0.0,0.0,0.0,0.0,0.0,1.0,1
1.0,-1.3622798876636077,1.0,0.0,1.0,-0.5064419972567069,-0.8529896379431084,1.0985770589387547,2.5531053361260563,1.0,1.3128725229705902,1.0,1.0,1.0,0.0,1.0,1.0,-0.2806524287733598,0.0,0.0,0.0,0.0,0.0,1.0,0.0,0.0,0
1.0,-0.5841510820868613,0.0,0.0,0.0,0.5329961123703084,1.0588586423320754,-1.3712032873162696,-0.9619072453478529,0.0,-0.5097680758647312,1.0,1.0,0.0,0.0,0.0,1.0,1.439283823723465,0.0,0.0,1.0,0.0,0.0,1.0,0.0,0.0,0
0.0,0.9122504670991899,0.0,0.0,1.0,-0.5064419972567069,-0.7517080120581441,0.20929297483177198,0.5194029254774847,1.0,1.5298535466414618,1.0,1.0,0.0,1.0,1.0,1.0,1.439283823723465,0.0,0.0,0.0,0.0,0.0,1.0,0.0,0.0,0
0.0,-0.04544652437988287,0.0,0.0,0.0,-0.5064419972567069,0.4853570864164772,-1.0625073882447076,0.27918918658390346,0.0,-1.030522532674823,1.0,1.0,1.0,0.0,1.0,0.0,-2.0005886812701847,1.0,0.0,0.0,0.0,0.0,0.0,0.0,1.0,1
0.0,1.091818653001516,0.0,1.0,0.0,-0.5064419972567069,1.5979350553406058,-0.6277375451566412,-1.033114981616287,0.0,-0.6399566900672541,1.0,1.0,0.0,0.0,1.0,0.0,-2.0005886812701847,0.0,0.0,0.0,1.0,0.0,0.0,0.0,1.0,1
1.0,1.3910989628387262,0.0,1.0,1.0,-0.5064419972567069,0.9196846540468836,-1.3920162218894376,-1.0146624785301146,1.0,1.3562687277047645,1.0,1.0,0.0,0.0,0.0,1.0,-2.0005886812701847,0.0,0.0,0.0,0.0,0.0,0.0,0.0,1.0,1
1.0,1.031962591034074,0.0,0.0,0.0,-0.5064419972567069,-1.3016078106518507,1.2401309431206098,0.9846898879118902,0.0,-0.9437301232064743,1.0,0.0,0.0,0.0,0.0,0.0,-0.2806524287733598,0.0,0.0,0.0,1.0,0.0,0.0,1.0,0.0,0
0.0,0.2538337854573274,0.0,0.0,0.0,-0.5064419972567069,-1.3724413864501228,1.1813840350020648,1.3859135447599438,0.0,1.3996649324389387,1.0,1.0,1.0,1.0,1.0,1.0,-2.0005886812701847,0.0,0.0,0.0,0.0,0.0,1.0,0.0,0.0,1
0.0,-0.9432874538915136,0.0,0.0,0.0,-0.5064419972567069,0.642762381958469,-1.1579153456443256,-0.4835142743112173,0.0,-0.42297566639638257,1.0,0.0,0.0,0.0,0.0,0.0,1.439283823723465,1.0,0.0,0.0,0.0,0.0,0.0,1.0,0.0,0
0.0,0.43340197135965347,0.0,0.0,1.0,-0.5064419972567069,1.077108953590763,-0.6455349549050404,-0.7487571776473244,1.0,-0.9437301232064743,1.0,1.0,0.0,0.0,0.0,0.0,0.5793156974750526,0.0,0.0,0.0,1.0,0.0,0.0,0.0,1.0,0
0.0,-0.46443895815197717,0.0,0.0,1.0,0.5329961123703084,1.3661117057721366,-1.048343741274754,-0.9683892784832518,1.0,-0.9437301232064743,1.0,1.0,1.0,0.0,0.0,1.0,0.5793156974750526,1.0,0.0,0.0,0.0,0.0,0.0,0.0,1.0,0
0.0,1.8100913966108205,0.0,1.0,0.0,-0.5064419972567069,0.2764056596293579,-0.2003547228717222,0.30814542219605073,0.0,0.878910475628847,1.0,1.0,1.0,0.0,1.0,1.0,-0.2806524287733598,1.0,0.0,0.0,0.0,0.0,0.0,0.0,0.0,0
0.0,-0.16515864831476695,0.0,0.0,1.0,3.651310441251354,-1.0007097663107976,0.8185355662766232,-0.6274437983833611,1.0,1.5298535466414618,1.0,1.0,1.0,1.0,1.0,1.0,-0.2806524287733598,1.0,0.0,0.0,0.0,0.0,0.0,0.0,0.0,0
1.0,0.9122504670991899,0.0,0.0,1.0,-0.5064419972567069,-0.8444637148838926,0.4966919605141979,0.08231517288758851,1.0,0.1411749951478836,1.0,1.0,0.0,0.0,0.0,1.0,1.439283823723465,1.0,0.0,0.0,0.0,0.0,1.0,0.0,1.0,0
1.0,-0.3447268342170931,0.0,0.0,1.0,-0.5064419972567069,1.8507727875911142,-2.027389055680629,0.06163890660898008,1.0,0.3581560188187552,1.0,1.0,1.0,1.0,1.0,1.0,-0.2806524287733598,1.0,0.0,0.0,0.0,1.0,0.0,0.0,0.0,0
0.0,-1.541848073565934,1.0,0.0,1.0,-0.5064419972567069,0.4486166900029559,-0.9571393405884985,1.7941396899586473,1.0,1.4430611371731132,0.0,1.0,1.0,1.0,1.0,1.0,0.5793156974750526,0.0,0.0,0.0,0.0,0.0,1.0,0.0,0.0,0
0.0,0.9721065290666319,0.0,0.0,1.0,-0.5064419972567069,-0.9284500816900919,1.1603874745292224,1.858676136649773,1.0,1.5298535466414618,1.0,1.0,1.0,1.0,1.0,1.0,-0.2806524287733598,0.0,0.0,0.0,0.0,0.0,1.0,0.0,0.0,0
0.0,0.7326822811968637,0.0,0.0,1.0,-0.5064419972567069,-1.387503068796501,1.1661809178010467,1.1433341003424944,1.0,-0.7701453042697771,1.0,1.0,0.0,0.0,1.0,0.0,-1.1406205550217723,1.0,0.0,0.0,0.0,0.0,0.0,0.0,1.0,1
0.0,1.3910989628387262,0.0,1.0,1.0,-0.5064419972567069,0.580306740608976,-0.029052058828133578,-1.009789125150946,1.0,-0.5965604853330798,1.0,1.0,1.0,0.0,0.0,1.0,-0.2806524287733598,0.0,0.0,0.0,1.0,0.0,0.0,0.0,1.0,0
1.0,0.19397772348988532,0.0,0.0,1.0,0.5329961123703084,0.3909096230823453,-0.9612856872225531,0.7176963624881205,1.0,1.1826839087680672,1.0,0.0,0.0,0.0,0.0,0.0,0.5793156974750526,1.0,0.0,0.0,0.0,0.0,0.0,1.0,0.0,0
1.0,-1.2425677637287238,1.0,0.0,1.0,-0.5064419972567069,-1.0289553738809618,2.3271099926904273,0.1295346551439986,0.0,-0.42297566639638257,1.0,1.0,0.0,0.0,0.0,1.0,-0.2806524287733598,0.0,0.0,1.0,0.0,0.0,0.0,0.0,1.0,0
0.0,0.49325803332709556,0.0,0.0,0.0,-0.5064419972567069,-1.066776572359229,1.205483319533436,-0.17081531816631323,0.0,0.1411749951478836,1.0,1.0,0.0,1.0,1.0,1.0,-2.0005886812701847,1.0,0.0,0.0,0.0,0.0,0.0,0.0,1.0,1
0.0,0.6129701572619797,0.0,0.0,0.0,-0.5064419972567069,1.16443840736716,-0.6357455721431082,-0.18922050714200814,0.0,-1.2041073516115204,1.0,1.0,0.0,0.0,0.0,0.0,-2.0005886812701847,0.0,0.0,0.0,0.0,0.0,1.0,0.0,1.0,1
0.0,-1.1228556397938396,1.0,0.0,0.0,-0.5064419972567069,0.28801023099421874,-0.9192219764209721,2.8019302431265176,0.0,-0.46637187113055684,1.0,0.0,0.0,0.0,0.0,0.0,-0.2806524287733598,0.0,0.0,1.0,0.0,0.0,0.0,1.0,0.0,0
1.0,0.2538337854573274,0.0,0.0,1.0,-0.5064419972567069,-0.845505700263937,0.7899988096270374,0.4263833842789854,1.0,1.5298535466414618,1.0,0.0,0.0,0.0,0.0,0.0,0.5793156974750526,0.0,0.0,0.0,0.0,0.0,0.0,1.0,0.0,0
0.0,-0.7038632060217453,0.0,0.0,1.0,2.611872331624339,0.6756190881991858,-1.169658637162819,-0.28574129251583236,1.0,1.4864573419072875,1.0,1.0,1.0,1.0,1.0,1.0,-0.2806524287733598,0.0,0.0,0.0,0.0,0.0,1.0,0.0,0.0,0
0.0,-1.2425677637287238,1.0,0.0,1.0,1.5724342219973237,0.6192330015799344,-0.6820954251757319,-0.09719456226353358,1.0,-0.8135415090039514,0.0,1.0,0.0,0.0,0.0,1.0,-0.2806524287733598,0.0,0.0,0.0,1.0,0.0,1.0,0.0,1.0,0
1.0,0.6728262192294217,0.0,0.0,1.0,-0.5064419972567069,-0.20585525718537298,0.4052393419032503,-1.0330203533953322,1.0,0.22796740461623224,1.0,1.0,0.0,1.0,0.0,1.0,-0.2806524287733598,1.0,0.0,0.0,0.0,0.0,0.0,0.0,1.0,1
0.0,-0.10530258634732491,0.0,0.0,0.0,-0.5064419972567069,-0.5975956652686065,0.6361876659562486,1.295827478411041,0.0,-1.3342959658140432,1.0,1.0,0.0,0.0,0.0,0.0,-1.1406205550217723,1.0,0.0,0.0,0.0,0.0,0.0,0.0,1.0,1
1.0,-0.7038632060217453,0.0,0.0,1.0,-0.5064419972567069,2.0346268016738125,-1.0820058751089154,-0.9621438159002397,1.0,-0.46637187113055684,1.0,1.0,0.0,0.0,1.0,0.0,1.439283823723465,1.0,0.0,0.0,0.0,0.0,1.0,0.0,1.0,0
0.0,0.2538337854573274,0.0,0.0,0.0,-0.5064419972567069,0.9196846540468836,-1.3920162218894376,-1.0146624785301146,0.0,-0.11920223325716231,1.0,1.0,0.0,0.0,1.0,1.0,-0.2806524287733598,1.0,0.0,0.0,0.0,0.0,0.0,0.0,1.0,0
0.0,-0.28487077224965107,0.0,0.0,1.0,-0.5064419972567069,-1.0266429507577692,0.8889334915922151,0.027336176512890595,1.0,1.4864573419072875,1.0,1.0,1.0,1.0,1.0,1.0,-0.2806524287733598,1.0,0.0,0.0,0.0,0.0,0.0,0.0,0.0,0
1.0,-0.28487077224965107,0.0,0.0,0.0,-0.5064419972567069,-0.7323401037523322,0.41288334669162435,-0.27954314404329755,0.0,0.1411749951478836,1.0,0.0,0.0,0.0,0.0,0.0,-0.2806524287733598,1.0,0.0,0.0,0.0,0.0,0.0,1.0,0.0,0
1.0,-1.1827117017612818,1.0,0.0,0.0,-0.5064419972567069,0.7223466941148705,-1.3278920276887767,-0.9686258490356386,0.0,0.3581560188187552,1.0,1.0,1.0,0.0,1.0,1.0,-0.2806524287733598,1.0,0.0,0.0,0.0,0.0,0.0,0.0,0.0,0
0.0,0.19397772348988532,0.0,0.0,0.0,-0.5064419972567069,-0.01313729141415773,-0.2896388949287501,-0.18382669854758857,0.0,-1.3342959658140432,1.0,1.0,1.0,1.0,1.0,1.0,1.439283823723465,0.0,0.0,0.0,0.0,1.0,0.0,0.0,0.0,0
1.0,0.9122504670991899,0.0,0.0,0.0,-0.5064419972567069,0.6071957859168025,-1.2242762693967726,0.8618624571126511,0.0,-0.9003339184723,1.0,0.0,0.0,0.0,0.0,0.0,1.439283823723465,0.0,0.0,0.0,1.0,0.0,0.0,1.0,0.0,0
0.0,-0.5242950201194192,0.0,0.0,0.0,-0.5064419972567069,-0.8418148804932606,0.7162370239232222,0.2812710074449075,0.0,0.1411749951478836,0.0,1.0,1.0,1.0,1.0,1.0,-0.2806524287733598,1.0,0.0,0.0,0.0,1.0,0.0,0.0,0.0,0
0.0,1.271386838903842,0.0,1.0,1.0,-0.5064419972567069,0.5468261370297243,-0.8763970024674841,2.5553290993184925,1.0,1.0958914992997186,1.0,1.0,1.0,1.0,0.0,1.0,0.5793156974750526,1.0,0.0,0.0,0.0,0.0,0.0,0.0,1.0,0
0.0,0.9122504670991899,0.0,0.0,0.0,1.5724342219973237,-0.146089692954013,0.20953519492555908,-0.5963111136892549,0.0,-0.9437301232064743,1.0,1.0,0.0,1.0,0.0,0.0,0.5793156974750526,0.0,0.0,0.0,1.0,0.0,1.0,0.0,0.0,0
1.0,-0.16515864831476695,0.0,0.0,0.0,0.5329961123703084,-0.7995022681222772,1.3204432829036887,-0.7794640353471342,0.0,-0.075806028522988,1.0,0.0,0.0,0.0,0.0,0.0,0.5793156974750526,1.0,0.0,0.0,0.0,0.0,0.0,1.0,0.0,0
1.0,0.8523944051317478,0.0,0.0,1.0,0.5329961123703084,0.4695623348058315,-1.073153538081242,0.48363345795659685,1.0,1.5298535466414618,0.0,1.0,1.0,1.0,1.0,1.0,-0.2806524287733598,0.0,0.0,0.0,0.0,1.0,0.0,0.0,0.0,0
1.0,1.9298035205457047,0.0,1.0,0.0,-0.5064419972567069,-1.387503068796501,1.1661809178010467,1.1433341003424944,0.0,-1.3776921705482175,0.0,1.0,0.0,0.0,0.0,1.0,-0.2806524287733598,1.0,0.0,0.0,0.0,0.0,1.0,0.0,1.0,1
0.0,-1.0031435158589557,0.0,0.0,1.0,1.5724342219973237,0.40407656600657266,-0.9238569155870752,-0.7048969972348073,1.0,-0.37957946166220824,1.0,0.0,0.0,0.0,0.0,0.0,-0.2806524287733598,1.0,0.0,0.0,0.0,0.0,0.0,1.0,0.0,0
0.0,-1.1827117017612818,1.0,0.0,1.0,-0.5064419972567069,0.5169724674275725,-1.1568182039623602,0.2922478810756562,1.0,0.5751370424896268,1.0,1.0,1.0,0.0,1.0,1.0,0.5793156974750526,0.0,1.0,0.0,0.0,0.0,0.0,0.0,1.0,0
1.0,-0.8834313919240715,0.0,0.0,0.0,-0.5064419972567069,-1.3885830621803177,1.3367629193941724,0.9024579639022301,0.0,-0.7267490995356027,1.0,0.0,0.0,0.0,0.0,0.0,1.439283823723465,1.0,0.0,0.0,0.0,0.0,0.0,1.0,0.0,0
1.0,-0.40458289618453513,0.0,0.0,1.0,2.611872331624339,-0.14817689843782747,0.6284956785207272,-0.948564666193236,1.0,1.3562687277047645,1.0,1.0,1.0,1.0,1.0,1.0,0.5793156974750526,1.0,0.0,0.0,0.0,0.0,0.0,0.0,0.0,0
1.0,1.9298035205457047,0.0,1.0,0.0,-0.5064419972567069,0.7691539551022901,-0.1725067940317163,-0.9767165619272681,0.0,1.4430611371731132,1.0,1.0,0.0,1.0,0.0,1.0,0.5793156974750526,0.0,0.0,0.0,0.0,1.0,0.0,0.0,0.0,0
0.0,-0.7637192679891874,0.0,0.0,0.0,-0.5064419972567069,-0.8381442777458658,0.8813120940125967,0.14439128583389113,0.0,-0.46637187113055684,1.0,1.0,0.0,0.0,0.0,1.0,-0.2806524287733598,1.0,0.0,0.0,0.0,0.0,0.0,0.0,1.0,1
1.0,0.43340197135965347,0.0,0.0,0.0,-0.5064419972567069,2.3220340263776347,-1.2769293813271996,-0.988639717767564,0.0,-1.030522532674823,1.0,1.0,1.0,0.0,1.0,1.0,-0.2806524287733598,0.0,0.0,0.0,1.0,0.0,1.0,0.0,1.0,0
1.0,-0.7038632060217453,0.0,0.0,1.0,-0.5064419972567069,0.7197455718991854,-0.8887059355764266,0.26901665283127,1.0,1.2260801135022417,1.0,1.0,1.0,0.0,0.0,1.0,0.5793156974750526,0.0,1.0,0.0,0.0,0.0,0.0,0.0,0.0,0
1.0,0.49325803332709556,0.0,0.0,0.0,-0.5064419972567069,-0.8361751396780318,0.643719096072464,-0.23303337344404795,0.0,-0.5965604853330798,1.0,1.0,0.0,1.0,0.0,1.0,-0.2806524287733598,0.0,0.0,0.0,1.0,0.0,1.0,0.0,0.0,0
1.0,-0.16515864831476695,0.0,0.0,0.0,-0.5064419972567069,-0.8183736463362418,0.7019801798886101,-0.23710238694510133,0.0,1.269476318236416,1.0,1.0,1.0,1.0,0.0,1.0,-0.2806524287733598,0.0,0.0,0.0,0.0,0.0,0.0,0.0,0.0,0
1.0,0.014409537587559178,0.0,0.0,0.0,-0.5064419972567069,-0.37597099526584615,1.6922192922287802,-0.9944120392458025,0.0,-1.421088375282392,0.0,1.0,1.0,0.0,0.0,1.0,-1.1406205550217723,0.0,0.0,0.0,0.0,0.0,1.0,0.0,1.0,1
1.0,-0.40458289618453513,0.0,0.0,1.0,2.611872331624339,-0.9452864143403172,0.7038519644990843,1.201010001014402,1.0,0.7053256566921497,0.0,1.0,1.0,1.0,1.0,1.0,0.5793156974750526,1.0,0.0,0.0,0.0,1.0,0.0,0.0,1.0,0
1.0,-0.40458289618453513,0.0,0.0,1.0,-0.5064419972567069,0.5543763865452656,-1.1748606020341894,0.49995682607128766,1.0,-1.160711146877346,1.0,1.0,1.0,1.0,1.0,1.0,-0.2806524287733598,1.0,0.0,0.0,0.0,0.0,1.0,0.0,0.0,0
0.0,0.19397772348988532,0.0,0.0,1.0,3.651310441251354,-0.8355928894074596,0.8117986180680359,0.9058645798566004,1.0,1.00909908983137,1.0,1.0,0.0,0.0,0.0,1.0,1.439283823723465,0.0,1.0,0.0,0.0,0.0,0.0,0.0,1.0,0
0.0,-0.9432874538915136,0.0,0.0,0.0,0.5329961123703084,-0.8545423053312976,1.1389489200566743,-0.9530121925781083,0.0,-0.9437301232064743,1.0,1.0,0.0,0.0,0.0,1.0,0.5793156974750526,0.0,0.0,0.0,1.0,0.0,0.0,0.0,1.0,0
0.0,0.7326822811968637,0.0,0.0,1.0,2.611872331624339,-0.106074138768528,0.19796860873262953,-0.8385593593333628,1.0,1.269476318236416,1.0,0.0,0.0,0.0,0.0,0.0,1.439283823723465,1.0,0.0,0.0,0.0,0.0,0.0,1.0,0.0,0
1.0,0.8523944051317478,0.0,0.0,1.0,-0.5064419972567069,-0.8008188006785139,0.5895033185083915,1.660524641970569,1.0,1.1826839087680672,0.0,1.0,1.0,1.0,1.0,1.0,-2.0005886812701847,1.0,0.0,0.0,0.0,0.0,1.0,0.0,0.0,1
1.0,-0.46443895815197717,0.0,0.0,1.0,-0.5064419972567069,1.4611701275499032,-1.5773141322663513,-0.9285507974613106,1.0,1.5298535466414618,1.0,1.0,1.0,1.0,1.0,1.0,0.5793156974750526,1.0,0.0,0.0,0.0,0.0,1.0,0.0,0.0,0
0.0,1.091818653001516,0.0,1.0,0.0,-0.5064419972567069,-0.8580155899314443,0.855050360758204,0.5628372788957056,0.0,-0.9437301232064743,1.0,1.0,0.0,0.0,0.0,1.0,-2.0005886812701847,0.0,0.0,0.0,1.0,0.0,0.0,0.0,1.0,1
0.0,-0.225014710282209,0.0,0.0,1.0,-0.5064419972567069,-0.8742251948598705,0.965345395807888,1.5297957547216101,1.0,-0.6399566900672541,1.0,0.0,0.0,0.0,0.0,0.0,0.5793156974750526,0.0,0.0,0.0,1.0,0.0,0.0,1.0,1.0,0
0.0,0.8523944051317478,0.0,0.0,1.0,-0.5064419972567069,0.7404283953993723,-0.8705661880954779,-0.9246237262916894,1.0,0.6619294519579755,1.0,1.0,1.0,1.0,0.0,0.0,-0.2806524287733598,0.0,1.0,0.0,0.0,0.0,0.0,0.0,0.0,0
1.0,-1.0031435158589557,0.0,0.0,0.0,-0.5064419972567069,-0.9073503831697954,0.6481178129756717,0.4190970112654712,0.0,-1.421088375282392,1.0,1.0,0.0,0.0,1.0,0.0,-2.0005886812701847,1.0,0.0,0.0,0.0,0.0,0.0,0.0,1.0,1
0.0,1.7502353346433785,0.0,1.0,1.0,-0.5064419972567069,0.517577360764223,-1.1240409808708491,0.49427913281400393,1.0,-0.6833528948014285,1.0,1.0,0.0,0.0,0.0,1.0,-1.1406205550217723,0.0,0.0,0.0,1.0,0.0,0.0,0.0,1.0,1
1.0,0.49325803332709556,0.0,0.0,1.0,-0.5064419972567069,-0.6925263154592178,0.48950009990089577,0.012101032939179125,1.0,1.4864573419072875,1.0,0.0,0.0,0.0,0.0,0.0,-0.2806524287733598,1.0,0.0,0.0,0.0,0.0,0.0,1.0,0.0,0
0.0,-0.46443895815197717,0.0,0.0,0.0,-0.5064419972567069,0.6880566009233363,-1.1911613222887725,0.8122772693323728,0.0,1.269476318236416,1.0,0.0,0.0,0.0,0.0,0.0,0.5793156974750526,0.0,0.0,0.0,0.0,0.0,0.0,1.0,0.0,0
0.0,-0.40458289618453513,0.0,0.0,0.0,-0.5064419972567069,0.9002969330582548,-0.8013286123720312,-0.608376211860983,0.0,-1.2041073516115204,1.0,1.0,1.0,0.0,1.0,1.0,-0.2806524287733598,0.0,0.0,0.0,0.0,1.0,0.0,0.0,1.0,0
1.0,1.8699474585782625,0.0,1.0,1.0,-0.5064419972567069,0.15170220792972683,-0.0670049486094046,-1.0246457558408386,1.0,-0.7701453042697771,1.0,1.0,0.0,0.0,0.0,1.0,1.439283823723465,1.0,0.0,0.0,0.0,0.0,0.0,0.0,0.0,0
0.0,0.014409537587559178,0.0,0.0,1.0,-0.5064419972567069,0.94492277723336,-0.8008497086437427,-0.02877835851326407,1.0,1.3562687277047645,1.0,0.0,0.0,0.0,0.0,0.0,-0.2806524287733598,0.0,0.0,0.0,0.0,0.0,0.0,1.0,0.0,0
0.0,0.13412166152244326,0.0,0.0,1.0,0.5329961123703084,-0.09030930835234137,-0.5042952647877001,-1.0054835410975058,1.0,0.6619294519579755,1.0,1.0,0.0,0.0,1.0,1.0,-0.2806524287733598,1.0,0.0,0.0,0.0,0.0,0.0,0.0,1.0,0
1.0,1.6305232107084944,0.0,1.0,1.0,0.5329961123703084,0.6282599024761204,-1.2232215739026755,0.052743853839235494,1.0,1.0524952945655444,1.0,1.0,0.0,1.0,0.0,1.0,0.5793156974750526,0.0,1.0,0.0,0.0,0.0,1.0,0.0,0.0,0
0.0,-1.1228556397938396,1.0,0.0,0.0,-0.5064419972567069,-0.8154995943062259,0.6053043733123612,1.392300949674388,0.0,-0.5531642805989055,0.0,1.0,1.0,0.0,1.0,1.0,-0.2806524287733598,0.0,0.0,1.0,0.0,0.0,1.0,0.0,0.0,0
0.0,-1.3024238256961658,1.0,0.0,1.0,-0.5064419972567069,0.6392203594791617,-1.2350732877488664,0.04725541702386118,1.0,-0.9003339184723,1.0,1.0,0.0,0.0,0.0,1.0,1.439283823723465,1.0,0.0,0.0,0.0,0.0,0.0,0.0,1.0,0
0.0,-0.28487077224965107,0.0,0.0,1.0,0.5329961123703084,0.5111580515311738,0.03718706282001406,-1.0335408086105833,1.0,-1.290899761079869,1.0,1.0,0.0,0.0,0.0,1.0,1.439283823723465,0.0,0.0,0.0,0.0,0.0,1.0,0.0,1.0,0
0.0,-1.1827117017612818,1.0,0.0,0.0,-0.5064419972567069,-0.9964237573746484,1.392520600869559,-0.8674209667245554,0.0,-0.8569377137381258,1.0,0.0,0.0,0.0,0.0,0.0,1.439283823723465,1.0,0.0,0.0,0.0,0.0,0.0,1.0,0.0,0
1.0,-0.16515864831476695,0.0,0.0,0.0,-0.5064419972567069,-0.9521149161246303,0.7291466628647592,3.299816627679828,0.0,-0.5965604853330798,1.0,1.0,0.0,1.0,0.0,0.0,1.439283823723465,1.0,0.0,0.0,0.0,1.0,0.0,0.0,1.0,0
1.0,0.13412166152244326,0.0,0.0,1.0,-0.5064419972567069,-0.7591980148442997,1.4858929867381283,-0.9339446060557303,1.0,1.3562687277047645,1.0,1.0,1.0,0.0,0.0,0.0,-0.2806524287733598,0.0,0.0,0.0,0.0,0.0,1.0,0.0,0.0,0
1.0,0.014409537587559178,0.0,0.0,0.0,-0.5064419972567069,0.7120077084075707,-1.1915474903240149,1.5991582406814269,0.0,-1.030522532674823,0.0,1.0,0.0,1.0,1.0,1.0,-0.2806524287733598,0.0,0.0,0.0,1.0,0.0,1.0,0.0,1.0,0
1.0,1.091818653001516,0.0,1.0,0.0,-0.5064419972567069,0.09917555105534052,0.30711990356802543,-0.6175078351831144,0.0,-0.6399566900672541,1.0,0.0,0.0,0.0,0.0,0.0,-0.2806524287733598,1.0,0.0,0.0,0.0,0.0,0.0,1.0,0.0,0
0.0,1.271386838903842,0.0,1.0,0.0,-0.5064419972567069,-0.8652516669051568,0.5590481787160023,0.029654567926281468,0.0,-0.7701453042697771,1.0,1.0,1.0,0.0,0.0,1.0,-2.0005886812701847,0.0,0.0,0.0,1.0,0.0,0.0,0.0,1.0,1
1.0,0.7925383431643057,0.0,0.0,1.0,-0.5064419972567069,0.12449049893029372,0.5375334979282587,-1.0345344049306078,1.0,-0.6399566900672541,1.0,1.0,0.0,1.0,0.0,1.0,-0.2806524287733598,0.0,0.0,0.0,1.0,1.0,0.0,0.0,1.0,0
1.0,-0.28487077224965107,0.0,0.0,0.0,-0.5064419972567069,-0.8779625137841027,0.6763994311264616,1.933385117093532,0.0,-1.4644845800165662,1.0,0.0,0.0,0.0,0.0,0.0,0.5793156974750526,0.0,0.0,0.0,0.0,0.0,0.0,1.0,1.0,0
1.0,-1.541848073565934,1.0,0.0,1.0,0.5329961123703084,0.6426479536066848,-1.143598523300776,0.3805360112264189,1.0,0.6185332472238011,1.0,1.0,1.0,0.0,1.0,1.0,-0.2806524287733598,0.0,1.0,0.0,0.0,0.0,0.0,0.0,0.0,0
0.0,-0.46443895815197717,0.0,0.0,1.0,-0.5064419972567069,-0.8220834701088057,1.2379454258172202,-0.7819243690919572,1.0,0.1411749951478836,0.0,1.0,1.0,1.0,0.0,1.0,-2.0005886812701847,0.0,1.0,0.0,0.0,0.0,1.0,0.0,0.0,1
1.0,-1.42213594963105,1.0,0.0,1.0,2.611872331624339,-0.7005290219558502,1.106249668766776,1.9547237809188236,1.0,0.4015522235529295,1.0,1.0,0.0,1.0,1.0,0.0,1.439283823723465,0.0,1.0,0.0,0.0,0.0,0.0,0.0,0.0,0
0.0,1.9896595825131467,0.0,1.0,0.0,-0.5064419972567069,-0.9267902640784995,0.696758376038127,0.7668084091636252,0.0,-0.42297566639638257,1.0,1.0,0.0,0.0,0.0,1.0,-0.2806524287733598,1.0,0.0,0.0,0.0,0.0,0.0,0.0,1.0,1
0.0,-0.9432874538915136,0.0,0.0,1.0,7.8090628797594155,-0.8867282107394616,0.593228432865065,-0.09208463833197819,1.0,0.748721861426324,1.0,1.0,0.0,0.0,0.0,1.0,-0.2806524287733598,0.0,1.0,0.0,0.0,0.0,0.0,0.0,0.0,0
1.0,-0.5841510820868613,0.0,0.0,0.0,-0.5064419972567069,-0.35564237401359217,0.33978316787255974,1.0724575628474018,0.0,0.5317408377554524,1.0,1.0,1.0,1.0,0.0,1.0,-0.2806524287733598,1.0,0.0,0.0,0.0,1.0,0.0,0.0,0.0,0
1.0,1.6903792726759364,0.0,1.0,0.0,-0.5064419972567069,0.9812285076462811,-0.7762198467640674,0.6137945758798274,0.0,-0.9003339184723,1.0,1.0,0.0,0.0,0.0,1.0,-2.0005886812701847,1.0,0.0,0.0,0.0,0.0,1.0,0.0,1.0,1
0.0,-1.3622798876636077,1.0,0.0,1.0,-0.5064419972567069,-0.8171994416239223,0.5341816332018255,0.0755965691998027,1.0,0.27136360935040654,1.0,1.0,1.0,0.0,1.0,1.0,-0.2806524287733598,0.0,1.0,0.0,0.0,0.0,1.0,0.0,0.0,0
1.0,1.5108110867736102,0.0,1.0,0.0,0.5329961123703084,-0.9016119832809412,0.7708209760298487,1.957231428774124,0.0,-0.42297566639638257,1.0,1.0,0.0,1.0,0.0,0.0,-2.0005886812701847,0.0,0.0,1.0,0.0,0.0,0.0,0.0,1.0,1
0.0,1.9298035205457047,0.0,1.0,0.0,-0.5064419972567069,0.6392203594791617,-1.2350732877488664,0.04725541702386118,0.0,0.09777879041370928,1.0,1.0,0.0,0.0,0.0,0.0,-2.0005886812701847,0.0,0.0,1.0,0.0,0.0,0.0,0.0,1.0,1
0.0,1.9896595825131467,0.0,1.0,1.0,-0.5064419972567069,-0.9509136206011102,0.7748173768915627,-0.2613272115095121,1.0,1.00909908983137,1.0,1.0,0.0,1.0,1.0,1.0,0.5793156974750526,1.0,0.0,0.0,0.0,0.0,0.0,0.0,0.0,0
1.0,0.19397772348988532,0.0,0.0,1.0,-0.5064419972567069,-0.8787885813554761,1.2679368871443601,0.9299001479791017,1.0,1.5298535466414618,1.0,1.0,0.0,1.0,1.0,1.0,0.5793156974750526,0.0,0.0,0.0,0.0,0.0,0.0,0.0,0.0,0
1.0,0.3136898474247694,0.0,0.0,0.0,-0.5064419972567069,-1.0966128553213574,1.2597946010201975,1.1473557997330703,0.0,0.09777879041370928,1.0,1.0,0.0,1.0,1.0,1.0,-1.1406205550217723,0.0,0.0,1.0,0.0,0.0,0.0,0.0,1.0,1
1.0,-0.5242950201194192,0.0,0.0,1.0,2.611872331624339,0.325215618943264,-1.0087640552064323,-0.5724174878981857,1.0,1.4430611371731132,1.0,0.0,0.0,0.0,0.0,0.0,-0.2806524287733598,1.0,0.0,0.0,0.0,0.0,0.0,1.0,0.0,0
1.0,1.3312429008712843,0.0,1.0,0.0,-0.5064419972567069,1.6939594464908694,-0.8395089583556695,-1.031317045418147,0.0,0.22796740461623224,1.0,1.0,0.0,1.0,0.0,1.0,-2.0005886812701847,1.0,0.0,0.0,0.0,0.0,0.0,0.0,1.0,1
1.0,1.3312429008712843,0.0,1.0,1.0,-0.5064419972567069,-0.897994349134551,0.8241283128993032,1.5029213399704668,1.0,-0.3361832569280339,0.0,1.0,1.0,1.0,0.0,1.0,-0.2806524287733598,1.0,0.0,0.0,0.0,1.0,0.0,0.0,0.0,0
1.0,0.37354590939221144,0.0,0.0,0.0,-0.5064419972567069,-1.013061558856226,1.6253005702032066,1.6269316235316402,0.0,-1.2475035563456947,1.0,1.0,0.0,0.0,1.0,1.0,-0.2806524287733598,1.0,0.0,0.0,0.0,0.0,0.0,0.0,1.0,1
0.0,0.7925383431643057,0.0,0.0,1.0,-0.5064419972567069,0.9771875290323297,-0.3516269385879939,-1.006003996312757,1.0,-0.5965604853330798,1.0,1.0,0.0,0.0,0.0,1.0,-1.1406205550217723,1.0,0.0,0.0,0.0,0.0,1.0,0.0,0.0,1
1.0,-1.0031435158589557,0.0,0.0,1.0,-0.5064419972567069,0.5278112179504456,-0.46043128197476,-0.7763413040556281,1.0,0.22796740461623224,1.0,1.0,0.0,0.0,0.0,1.0,-1.1406205550217723,0.0,1.0,0.0,0.0,1.0,0.0,0.0,1.0,1
0.0,-1.0629995778263976,1.0,0.0,0.0,-0.5064419972567069,-0.8998057944207736,0.6288380162532833,0.4751169180706712,0.0,-1.160711146877346,1.0,1.0,1.0,1.0,0.0,1.0,-0.2806524287733598,1.0,0.0,0.0,0.0,0.0,0.0,0.0,1.0,0
0.0,-1.42213594963105,1.0,0.0,1.0,2.611872331624339,-1.0121538145107858,0.9261763304699886,0.21280748958416065,1.0,1.3996649324389387,1.0,0.0,0.0,0.0,0.0,0.0,1.439283823723465,1.0,0.0,0.0,0.0,0.0,0.0,1.0,0.0,0
1.0,-0.16515864831476695,0.0,0.0,1.0,-0.5064419972567069,0.672209689392618,-0.9633881576366434,-0.36347837603014277,1.0,1.4430611371731132,1.0,0.0,0.0,0.0,0.0,0.0,0.5793156974750526,1.0,0.0,0.0,0.0,0.0,0.0,1.0,0.0,0
1.0,0.2538337854573274,0.0,0.0,0.0,-0.5064419972567069,1.2990526482209397,-0.6179020252339924,-1.0072814772956458,0.0,-0.8569377137381258,1.0,1.0,0.0,0.0,0.0,0.0,-2.0005886812701847,1.0,0.0,0.0,0.0,0.0,0.0,0.0,1.0,1
1.0,1.9298035205457047,0.0,1.0,1.0,-0.5064419972567069,-0.8252134696535938,0.6000336640715119,0.08160546123042803,1.0,-0.11920223325716231,1.0,1.0,0.0,0.0,0.0,1.0,-2.0005886812701847,0.0,0.0,1.0,0.0,0.0,0.0,0.0,1.0,1
1.0,-1.42213594963105,1.0,0.0,0.0,-0.5064419972567069,0.385081459610111,-1.0994235760245699,-0.5394395528954625,0.0,0.18457119988205792,1.0,1.0,1.0,1.0,1.0,1.0,-2.0005886812701847,0.0,1.0,0.0,0.0,0.0,0.0,0.0,1.0,1
1.0,-1.541848073565934,1.0,0.0,1.0,-0.5064419972567069,0.43922062626161024,-1.033874666300827,0.7404071355172557,1.0,0.9657028850971957,1.0,1.0,0.0,0.0,1.0,1.0,-1.1406205550217723,0.0,1.0,0.0,0.0,0.0,0.0,0.0,1.0,1
0.0,-0.28487077224965107,0.0,0.0,1.0,2.611872331624339,0.5633491058190501,-0.6221840151205739,0.4138451450024837,1.0,0.748721861426324,1.0,0.0,0.0,0.0,0.0,0.0,0.5793156974750526,1.0,0.0,0.0,0.0,0.0,0.0,1.0,0.0,0
0.0,1.9896595825131467,0.0,1.0,1.0,1.5724342219973237,1.1817158754654347,-1.389034838563602,-0.8951470354642911,1.0,-0.6399566900672541,0.0,1.0,1.0,0.0,0.0,1.0,-2.0005886812701847,1.0,0.0,0.0,0.0,1.0,0.0,0.0,1.0,1
1.0,0.6129701572619797,0.0,0.0,0.0,0.5329961123703084,-1.1067262190488116,1.3531300771601906,-0.9220687643259117,0.0,-0.5531642805989055,1.0,0.0,0.0,0.0,0.0,0.0,-0.2806524287733598,1.0,0.0,0.0,0.0,0.0,0.0,1.0,0.0,0
0.0,1.3910989628387262,0.0,1.0,1.0,0.5329961123703084,-0.46889854278950927,-0.38973254237126154,-0.6854035837181329,1.0,1.3562687277047645,1.0,1.0,0.0,1.0,0.0,1.0,-0.2806524287733598,0.0,0.0,0.0,0.0,0.0,0.0,0.0,0.0,0
1.0,-1.3622798876636077,1.0,0.0,0.0,-0.5064419972567069,0.4687047286781347,-1.0429032472824515,1.9913922165387812,0.0,1.0524952945655444,1.0,0.0,0.0,0.0,0.0,0.0,0.5793156974750526,0.0,1.0,0.0,0.0,0.0,0.0,1.0,0.0,0
0.0,1.8699474585782625,0.0,1.0,1.0,-0.5064419972567069,-0.9284500816900919,1.1603874745292224,1.858676136649773,1.0,-0.7267490995356027,1.0,1.0,1.0,1.0,0.0,1.0,-0.2806524287733598,1.0,0.0,0.0,0.0,0.0,0.0,0.0,0.0,0
0.0,1.2115307769364,0.0,1.0,1.0,-0.5064419972567069,-0.6493229410423557,0.6937446966997823,0.5736248960845447,1.0,0.9223066803630213,1.0,1.0,0.0,1.0,1.0,1.0,-2.0005886812701847,0.0,1.0,0.0,0.0,0.0,0.0,0.0,1.0,1
0.0,-0.7038632060217453,0.0,0.0,0.0,-0.5064419972567069,-0.8565498557433742,1.0063414927103695,1.421730326391309,0.0,0.010986380945360646,1.0,1.0,1.0,1.0,0.0,1.0,0.5793156974750526,1.0,0.0,0.0,0.0,1.0,0.0,0.0,0.0,0
0.0,-1.541848073565934,1.0,0.0,0.0,-0.5064419972567069,-0.6420909074732983,-0.2206292367792702,-0.8174572660604581,0.0,0.4015522235529295,1.0,1.0,1.0,0.0,0.0,1.0,-0.2806524287733598,0.0,1.0,0.0,0.0,0.0,0.0,0.0,1.0,0
0.0,1.091818653001516,0.0,1.0,1.0,0.5329961123703084,0.680531016176202,-0.7751107094203185,1.312292788857164,1.0,-1.1173149421431716,1.0,1.0,0.0,0.0,0.0,1.0,1.439283823723465,1.0,0.0,0.0,0.0,0.0,0.0,0.0,0.0,0
1.0,0.6129701572619797,0.0,0.0,1.0,-0.5064419972567069,0.6649319653509428,-1.1606581998492291,-0.10211522975317953,1.0,-0.8569377137381258,1.0,1.0,1.0,1.0,0.0,1.0,-2.0005886812701847,0.0,0.0,0.0,1.0,1.0,0.0,0.0,1.0,1
0.0,-1.541848073565934,1.0,0.0,1.0,-0.5064419972567069,-0.8378778173789867,0.5982375444046205,0.007748134775261562,1.0,0.44494842828710385,1.0,1.0,0.0,0.0,1.0,0.0,1.439283823723465,1.0,0.0,0.0,0.0,0.0,0.0,0.0,0.0,0
0.0,1.8100913966108205,0.0,1.0,0.0,-0.5064419972567069,0.7240663541153839,-1.351554393308115,-0.9886870318780413,0.0,-1.0739187374089973,0.0,1.0,0.0,1.0,0.0,1.0,-2.0005886812701847,1.0,0.0,0.0,0.0,0.0,1.0,0.0,1.0,1
1.0,1.7502353346433785,0.0,1.0,0.0,-0.5064419972567069,-1.3724413864501228,1.1813840350020648,1.3859135447599438,0.0,-0.9003339184723,1.0,1.0,0.0,0.0,0.0,1.0,-1.1406205550217723,1.0,0.0,0.0,0.0,0.0,0.0,0.0,1.0,1
1.0,1.1516747149689581,0.0,1.0,0.0,-0.5064419972567069,-0.09282268868697538,-0.5978997205747036,-1.011729003680518,0.0,-0.9003339184723,1.0,1.0,0.0,0.0,0.0,1.0,-0.2806524287733598,1.0,0.0,0.0,0.0,0.0,0.0,0.0,1.0,1
0.0,-0.8235753299566294,0.0,0.0,1.0,0.5329961123703084,-0.8578061415702251,1.4604506494581495,-0.8716319225570408,1.0,0.010986380945360646,1.0,1.0,0.0,1.0,0.0,1.0,0.5793156974750526,0.0,0.0,1.0,0.0,0.0,0.0,0.0,1.0,0
0.0,1.091818653001516,0.0,1.0,0.0,-0.5064419972567069,-0.9685630819278055,0.7606541912932153,0.7331680766142188,0.0,0.44494842828710385,1.0,1.0,1.0,0.0,1.0,0.0,-0.2806524287733598,1.0,0.0,0.0,0.0,0.0,0.0,0.0,1.0,1
1.0,-1.541848073565934,1.0,0.0,0.0,-0.5064419972567069,1.2203732500267201,-0.44300020128249723,-1.0284308846790278,0.0,-0.5965604853330798,1.0,0.0,0.0,0.0,0.0,0.0,-0.2806524287733598,1.0,0.0,0.0,0.0,0.0,0.0,1.0,0.0,0
0.0,1.5706671487410524,0.0,1.0,0.0,-0.5064419972567069,0.9771875290323297,-0.3516269385879939,-1.006003996312757,0.0,-1.2041073516115204,1.0,1.0,0.0,0.0,0.0,1.0,-2.0005886812701847,1.0,0.0,0.0,0.0,0.0,0.0,0.0,1.0,1
1.0,0.37354590939221144,0.0,0.0,1.0,-0.5064419972567069,-1.0358898128672813,1.2537658582286901,-0.8435273409334861,1.0,0.5751370424896268,1.0,1.0,0.0,1.0,1.0,1.0,-0.2806524287733598,0.0,1.0,0.0,0.0,0.0,1.0,0.0,0.0,0
1.0,0.8523944051317478,0.0,0.0,1.0,-0.5064419972567069,0.2378481571630946,0.39607419492588686,-1.0327837828429454,1.0,0.4015522235529295,1.0,1.0,0.0,0.0,0.0,1.0,0.5793156974750526,1.0,0.0,0.0,0.0,0.0,1.0,0.0,0.0,0
1.0,0.6728262192294217,0.0,0.0,0.0,-0.5064419972567069,1.350639213512633,-0.27019023619812693,-1.0264436920389786,0.0,-1.4644845800165662,1.0,1.0,0.0,1.0,1.0,0.0,1.439283823723465,0.0,0.0,0.0,0.0,1.0,0.0,0.0,0.0,0
0.0,0.6129701572619797,0.0,0.0,1.0,-0.5064419972567069,-0.12227848727090224,-0.17066407583248897,-0.34180851343150964,1.0,1.5298535466414618,1.0,1.0,0.0,1.0,1.0,1.0,0.5793156974750526,0.0,0.0,0.0,0.0,0.0,1.0,0.0,0.0,0
1.0,0.6728262192294217,0.0,0.0,1.0,-0.5064419972567069,1.1749945239045279,-0.7530820606621411,-0.7696700144783196,1.0,-0.7701453042697771,1.0,1.0,0.0,1.0,1.0,1.0,1.439283823723465,0.0,0.0,0.0,1.0,0.0,0.0,0.0,1.0,0
0.0,1.271386838903842,0.0,1.0,0.0,-0.5064419972567069,0.6504173556546201,-1.0829175454047757,-0.2560280311360473,0.0,-1.4644845800165662,1.0,1.0,0.0,1.0,0.0,1.0,-0.2806524287733598,0.0,0.0,0.0,0.0,0.0,0.0,0.0,1.0,1
0.0,0.9721065290666319,0.0,0.0,1.0,-0.5064419972567069,-1.3427114450304682,1.1797632365459059,-0.8357205127047209,1.0,-0.16259843799133664,1.0,0.0,0.0,0.0,0.0,0.0,1.439283823723465,1.0,0.0,0.0,0.0,0.0,0.0,1.0,0.0,0
1.0,-0.9432874538915136,0.0,0.0,0.0,-0.5064419972567069,0.8603687164133533,-1.3554206873765946,0.9757475210316682,0.0,0.6619294519579755,1.0,1.0,1.0,1.0,0.0,1.0,-0.2806524287733598,1.0,0.0,0.0,0.0,1.0,0.0,0.0,0.0,0
1.0,0.49325803332709556,0.0,0.0,1.0,-0.5064419972567069,-1.3594442665214779,1.176608838867368,0.6141730887636463,1.0,0.05438258567953497,1.0,1.0,1.0,0.0,1.0,1.0,-2.0005886812701847,0.0,0.0,1.0,0.0,0.0,1.0,0.0,0.0,1
0.0,-0.5242950201194192,0.0,0.0,1.0,0.5329961123703084,-1.1551128338951566,1.1351453725267753,0.9613167173360719,1.0,1.4430611371731132,1.0,0.0,0.0,0.0,0.0,0.0,1.439283823723465,0.0,0.0,0.0,0.0,0.0,0.0,1.0,0.0,0
1.0,1.9896595825131467,0.0,1.0,0.0,-0.5064419972567069,0.32834319244525845,-1.0250984555883422,-0.6414014609741836,0.0,-1.2475035563456947,1.0,1.0,0.0,0.0,0.0,1.0,1.439283823723465,1.0,0.0,0.0,0.0,0.0,0.0,0.0,1.0,0
0.0,0.8523944051317478,0.0,0.0,1.0,-0.5064419972567069,-0.7373260260345667,0.9344837876295374,-1.0176432674901885,1.0,0.5317408377554524,1.0,1.0,1.0,1.0,1.0,1.0,-1.1406205550217723,0.0,1.0,0.0,0.0,1.0,0.0,0.0,0.0,1
0.0,-1.42213594963105,1.0,0.0,1.0,-0.5064419972567069,2.1210743888945736,-1.2092235593397143,-0.7582199997427974,1.0,0.6185332472238011,1.0,1.0,1.0,1.0,1.0,1.0,0.5793156974750526,0.0,1.0,0.0,0.0,0.0,0.0,0.0,0.0,0
0.0,0.014409537587559178,0.0,0.0,1.0,-0.5064419972567069,1.6088207093574964,-0.19417972528073568,-0.9924248466057531,1.0,1.0958914992997186,1.0,1.0,0.0,1.0,0.0,1.0,1.439283823723465,0.0,1.0,0.0,0.0,1.0,0.0,0.0,0.0,0
0.0,-1.2425677637287238,1.0,0.0,0.0,-0.5064419972567069,0.6069717812988183,-1.2379079549036038,2.4222818206561425,0.0,-1.290899761079869,1.0,0.0,0.0,0.0,0.0,0.0,1.439283823723465,0.0,0.0,0.0,0.0,0.0,0.0,1.0,1.0,0
1.0,0.2538337854573274,0.0,0.0,0.0,-0.5064419972567069,0.9550506972175763,-1.170161993586294,-0.5913431320891317,0.0,-0.16259843799133664,1.0,1.0,0.0,0.0,1.0,0.0,-1.1406205550217723,1.0,0.0,0.0,0.0,0.0,0.0,0.0,1.0,1
0.0,-0.7637192679891874,0.0,0.0,0.0,1.5724342219973237,-0.8940229170806954,0.6520330124345107,0.42255094133031884,0.0,-1.2041073516115204,1.0,1.0,0.0,0.0,0.0,1.0,0.5793156974750526,0.0,0.0,0.0,0.0,1.0,0.0,0.0,1.0,0
1.0,-0.16515864831476695,0.0,0.0,1.0,-0.5064419972567069,0.5926395291525169,-0.9928928719181657,0.31448551300001765,1.0,-0.3361832569280339,1.0,0.0,0.0,0.0,0.0,0.0,-0.2806524287733598,0.0,0.0,1.0,0.0,0.0,0.0,1.0,0.0,0
1.0,-1.601704135533376,1.0,0.0,0.0,-0.5064419972567069,-1.1551128338951566,1.1351453725267753,0.9613167173360719,0.0,-1.3776921705482175,1.0,1.0,0.0,0.0,1.0,1.0,-1.1406205550217723,1.0,0.0,0.0,0.0,0.0,0.0,0.0,1.0,1
1.0,-0.7038632060217453,0.0,0.0,1.0,-0.5064419972567069,-1.3724413864501228,1.1813840350020648,1.3859135447599438,1.0,0.5317408377554524,1.0,1.0,0.0,0.0,1.0,1.0,-0.2806524287733598,1.0,0.0,0.0,0.0,0.0,0.0,0.0,0.0,1
0.0,0.6728262192294217,0.0,0.0,1.0,-0.5064419972567069,-1.0577852534240246,0.8942185033528848,-0.7723669187755294,0.0,1.3128725229705902,1.0,1.0,1.0,1.0,1.0,1.0,-0.2806524287733598,0.0,0.0,0.0,0.0,0.0,0.0,0.0,0.0,1
1.0,-0.5841510820868613,0.0,0.0,0.0,-0.5064419972567069,0.9969868686150161,-0.8229457176565806,-0.9967777447696707,0.0,-0.5965604853330798,1.0,1.0,0.0,0.0,1.0,1.0,-0.2806524287733598,0.0,0.0,0.0,1.0,0.0,1.0,0.0,0.0,0
1.0,-0.6440071440543034,0.0,0.0,1.0,2.611872331624339,1.8421405229894272,-1.6274416960188693,-1.0244564993989291,1.0,0.31475981408458087,1.0,1.0,1.0,0.0,0.0,0.0,-0.2806524287733598,0.0,1.0,0.0,0.0,0.0,1.0,0.0,1.0,0
0.0,0.07426559955500123,0.0,0.0,1.0,-0.5064419972567069,0.7641094034525343,-0.14698463946368723,-1.0048684576613,1.0,0.7053256566921497,1.0,1.0,0.0,0.0,1.0,1.0,-0.2806524287733598,0.0,1.0,0.0,0.0,0.0,0.0,0.0,0.0,1
1.0,0.07426559955500123,0.0,0.0,0.0,-0.5064419972567069,-0.14817689843782747,0.6284956785207272,-0.948564666193236,0.0,-1.421088375282392,0.0,1.0,0.0,0.0,0.0,1.0,-1.1406205550217723,0.0,0.0,0.0,0.0,1.0,0.0,0.0,1.0,1
1.0,0.3136898474247694,0.0,0.0,0.0,-0.5064419972567069,1.2155591724423973,-0.6441429967660668,-0.9614341042430792,0.0,-1.4644845800165662,1.0,1.0,0.0,0.0,1.0,1.0,-0.2806524287733598,1.0,0.0,0.0,0.0,0.0,0.0,0.0,1.0,0
1.0,-0.46443895815197717,0.0,0.0,1.0,-0.5064419972567069,1.9819760122764616,-1.1887691105053535,-1.026396377928501,1.0,-0.24939084745968526,1.0,1.0,0.0,0.0,1.0,0.0,-1.1406205550217723,1.0,0.0,0.0,0.0,1.0,0.0,0.0,1.0,1
0.0,0.9721065290666319,0.0,0.0,1.0,1.5724342219973237,-1.013061558856226,1.6253005702032066,1.6269316235316402,1.0,-0.2927870521938596,1.0,1.0,0.0,0.0,0.0,0.0,-0.2806524287733598,1.0,0.0,0.0,0.0,0.0,0.0,0.0,1.0,0
1.0,1.1516747149689581,0.0,1.0,1.0,-0.5064419972567069,2.112779344241258,-1.7125559914898683,-1.0276265448009125,1.0,0.010986380945360646,1.0,1.0,0.0,1.0,0.0,1.0,0.5793156974750526,1.0,0.0,0.0,0.0,0.0,0.0,0.0,0.0,0
0.0,0.6129701572619797,0.0,0.0,1.0,2.611872331624339,-0.5094761302222822,-0.33683167388776175,1.0296856069758642,0.0,1.4864573419072875,1.0,1.0,1.0,1.0,1.0,1.0,0.5793156974750526,0.0,0.0,0.0,0.0,0.0,1.0,0.0,0.0,0
1.0,0.3136898474247694,0.0,0.0,1.0,2.611872331624339,-0.8828809112085677,0.5797167039761089,-0.49264589763334865,1.0,0.5317408377554524,1.0,1.0,0.0,0.0,1.0,1.0,1.439283823723465,0.0,1.0,0.0,0.0,0.0,0.0,0.0,1.0,0
1.0,-0.7038632060217453,0.0,0.0,1.0,2.611872331624339,-0.9435473459974517,0.7167666785283076,1.3941461999830052,1.0,-1.1173149421431716,1.0,0.0,0.0,0.0,0.0,0.0,-2.0005886812701847,0.0,0.0,0.0,1.0,0.0,0.0,1.0,1.0,1
0.0,-1.2425677637287238,1.0,0.0,1.0,1.5724342219973237,-0.8665415129906573,0.6686659202462906,2.173173028992817,1.0,-0.3361832569280339,1.0,1.0,1.0,0.0,0.0,0.0,0.5793156974750526,0.0,0.0,1.0,0.0,0.0,1.0,0.0,0.0,0
0.0,-0.04544652437988287,0.0,0.0,0.0,1.5724342219973237,-0.84389197746543,0.9912740187618718,0.8110944165704387,0.0,-0.9003339184723,1.0,1.0,1.0,0.0,1.0,1.0,0.5793156974750526,0.0,0.0,0.0,1.0,0.0,1.0,0.0,1.0,0
0.0,-1.3024238256961658,1.0,0.0,1.0,0.5329961123703084,0.7161744369063482,-0.23151899082441005,-0.9653138613022232,1.0,0.31475981408458087,0.0,1.0,0.0,1.0,1.0,0.0,1.439283823723465,1.0,0.0,0.0,0.0,0.0,1.0,0.0,0.0,0
1.0,0.9721065290666319,0.0,0.0,1.0,-0.5064419972567069,-1.0565503976418549,0.8613683835474338,-0.8893747139860526,1.0,-1.290899761079869,1.0,1.0,0.0,1.0,0.0,1.0,-1.1406205550217723,0.0,0.0,0.0,0.0,0.0,0.0,0.0,1.0,1
0.0,0.014409537587559178,0.0,0.0,0.0,-0.5064419972567069,1.000630784891675,-0.8924845690395333,-0.3264314275263661,0.0,-1.3776921705482175,1.0,1.0,0.0,0.0,0.0,1.0,-2.0005886812701847,0.0,0.0,0.0,0.0,0.0,1.0,0.0,1.0,1
0.0,0.9122504670991899,0.0,0.0,0.0,-0.5064419972567069,-0.9073503831697954,0.6481178129756717,0.4190970112654712,0.0,0.6619294519579755,1.0,0.0,0.0,0.0,0.0,0.0,0.5793156974750526,1.0,0.0,0.0,0.0,0.0,0.0,1.0,0.0,0
0.0,1.7502353346433785,0.0,1.0,1.0,-0.5064419972567069,0.16832828353780077,-0.24389436144479465,-0.9837190502779181,1.0,0.4015522235529295,1.0,1.0,1.0,1.0,0.0,1.0,-2.0005886812701847,1.0,0.0,0.0,0.0,0.0,0.0,0.0,1.0,1
0.0,0.49325803332709556,0.0,0.0,0.0,-0.5064419972567069,0.6004562390349374,-1.0919225964344392,0.6929983968189362,0.0,0.8355142708946727,1.0,1.0,0.0,1.0,1.0,1.0,1.439283823723465,0.0,1.0,0.0,0.0,0.0,1.0,0.0,0.0,0
1.0,-1.541848073565934,1.0,0.0,1.0,2.611872331624339,0.5407149352315198,-1.1800538008450252,0.06963499127965474,1.0,-0.6399566900672541,1.0,1.0,1.0,1.0,0.0,0.0,-2.0005886812701847,0.0,0.0,0.0,1.0,0.0,1.0,0.0,1.0,1
1.0,0.5531140952945376,0.0,0.0,0.0,-0.5064419972567069,0.8268375702758934,-0.3483899553917627,-0.957128520189639,0.0,-1.3776921705482175,1.0,1.0,1.0,0.0,0.0,0.0,0.5793156974750526,1.0,0.0,0.0,0.0,1.0,0.0,0.0,1.0,0
0.0,0.9721065290666319,0.0,0.0,1.0,-0.5064419972567069,-0.9305146441078284,0.9883530751165862,-0.23293874522309324,1.0,1.0524952945655444,1.0,1.0,0.0,1.0,1.0,1.0,-0.2806524287733598,1.0,0.0,0.0,0.0,0.0,0.0,0.0,1.0,0
1.0,-0.16515864831476695,0.0,0.0,1.0,-0.5064419972567069,-0.8416814481395859,2.489042199391448,-0.9631847263307417,1.0,-0.5965604853330798,1.0,0.0,0.0,0.0,0.0,0.0,0.5793156974750526,1.0,0.0,0.0,0.0,0.0,0.0,1.0,0.0,0
0.0,-0.10530258634732491,0.0,0.0,1.0,1.5724342219973237,2.0900517710061544,-1.4000879181576973,-1.0234629030789044,1.0,0.8355142708946727,1.0,1.0,1.0,1.0,0.0,1.0,-0.2806524287733598,0.0,1.0,0.0,0.0,0.0,1.0,0.0,0.0,0
1.0,0.2538337854573274,0.0,0.0,1.0,1.5724342219973237,-0.8004815807301422,0.6988654601682843,0.34012976087874935,1.0,0.7921180661604984,1.0,1.0,1.0,0.0,0.0,1.0,-0.2806524287733598,1.0,0.0,0.0,0.0,0.0,0.0,0.0,1.0,0
1.0,-0.7038632060217453,0.0,0.0,0.0,-0.5064419972567069,1.489555636921191,-0.961291685053445,0.23892487856766603,0.0,0.09777879041370928,0.0,1.0,0.0,1.0,0.0,1.0,-0.2806524287733598,1.0,0.0,0.0,0.0,0.0,1.0,0.0,1.0,0
0.0,-0.7637192679891874,0.0,0.0,1.0,-0.5064419972567069,0.9771673120090454,0.12496393383626031,-1.031695558301966,1.0,1.4864573419072875,1.0,1.0,1.0,1.0,1.0,1.0,-0.2806524287733598,0.0,0.0,0.0,0.0,0.0,1.0,0.0,0.0,0
0.0,1.271386838903842,0.0,1.0,0.0,-0.5064419972567069,0.6880982479913019,-1.3368458664700371,-1.0002316748345184,0.0,-0.7267490995356027,1.0,1.0,1.0,0.0,0.0,1.0,0.5793156974750526,1.0,0.0,0.0,0.0,0.0,1.0,0.0,0.0,0
0.0,-0.46443895815197717,0.0,0.0,1.0,1.5724342219973237,-0.8066514118958708,0.5201314836472494,1.2926574330090577,1.0,-1.3342959658140432,1.0,1.0,0.0,1.0,1.0,1.0,-1.1406205550217723,1.0,0.0,0.0,0.0,0.0,0.0,0.0,1.0,1
1.0,0.5531140952945376,0.0,0.0,0.0,-0.5064419972567069,-0.9836065689532284,0.8200654745261539,0.44980386896528096,0.0,-1.4644845800165662,1.0,1.0,0.0,0.0,1.0,1.0,-0.2806524287733598,1.0,0.0,0.0,0.0,0.0,0.0,0.0,1.0,1
1.0,-0.6440071440543034,0.0,0.0,1.0,-0.5064419972567069,2.146717661227653,-1.474083619266371,-1.0232263325265176,1.0,1.5298535466414618,1.0,1.0,1.0,1.0,1.0,1.0,0.5793156974750526,1.0,0.0,0.0,0.0,0.0,1.0,0.0,0.0,0
1.0,0.13412166152244326,0.0,0.0,0.0,-0.5064419972567069,1.4258477531495022,-0.9611823399825352,0.6570396728561388,0.0,0.8355142708946727,1.0,1.0,0.0,1.0,1.0,0.0,-0.2806524287733598,1.0,0.0,0.0,0.0,0.0,0.0,0.0,0.0,0
0.0,-0.16515864831476695,0.0,0.0,0.0,-0.5064419972567069,0.602050553491092,-1.071977501854445,0.9357197835678176,0.0,-1.3342959658140432,1.0,1.0,1.0,1.0,1.0,0.0,-0.2806524287733598,0.0,0.0,0.0,0.0,0.0,1.0,0.0,1.0,0
0.0,0.19397772348988532,0.0,0.0,0.0,-0.5064419972567069,1.7297383212770163,-1.9240833391086722,-0.9864632686856052,0.0,0.4883446330212782,1.0,1.0,1.0,0.0,1.0,1.0,-0.2806524287733598,0.0,1.0,0.0,0.0,0.0,1.0,0.0,0.0,0
1.0,0.9721065290666319,0.0,0.0,0.0,-0.5064419972567069,-1.3594442665214779,1.176608838867368,0.6141730887636463,0.0,-0.11920223325716231,1.0,1.0,0.0,0.0,0.0,1.0,-0.2806524287733598,0.0,0.0,1.0,0.0,0.0,0.0,0.0,1.0,1
0.0,0.2538337854573274,0.0,0.0,0.0,-0.5064419972567069,-0.9253035041862128,1.1064738953678812,0.9701171418848619,0.0,-0.6399566900672541,0.0,1.0,0.0,1.0,1.0,1.0,-0.2806524287733598,0.0,0.0,0.0,1.0,0.0,1.0,0.0,0.0,1
1.0,-1.1827117017612818,1.0,0.0,0.0,-0.5064419972567069,0.45640792643603995,-1.026401830378731,1.4698014626363116,0.0,-1.3342959658140432,1.0,1.0,0.0,0.0,1.0,1.0,1.439283823723465,1.0,0.0,0.0,0.0,1.0,0.0,0.0,1.0,0
1.0,0.9721065290666319,0.0,0.0,0.0,-0.5064419972567069,-0.8689546168898044,0.6509141862870085,0.5194975536984393,0.0,-1.290899761079869,1.0,1.0,0.0,0.0,0.0,1.0,-0.2806524287733598,1.0,0.0,0.0,0.0,0.0,0.0,0.0,1.0,0
1.0,-0.3447268342170931,0.0,0.0,0.0,-0.5064419972567069,-1.2445974223535996,1.2885159063126697,1.2665400440255523,0.0,1.0958914992997186,1.0,1.0,0.0,1.0,1.0,1.0,-0.2806524287733598,0.0,1.0,0.0,0.0,0.0,0.0,0.0,0.0,1
1.0,1.6903792726759364,0.0,1.0,1.0,0.5329961123703084,0.5867660795481293,-0.5156090193398771,-0.4058718190178616,1.0,0.9657028850971957,1.0,1.0,0.0,1.0,0.0,1.0,-0.2806524287733598,1.0,0.0,0.0,0.0,0.0,0.0,0.0,1.0,0
1.0,-0.16515864831476695,0.0,0.0,0.0,2.611872331624339,-0.19120195870932635,-0.6751434777981865,-1.0148990490825014,0.0,-1.4644845800165662,0.0,1.0,0.0,0.0,0.0,1.0,-0.2806524287733598,1.0,0.0,0.0,0.0,0.0,1.0,0.0,1.0,0
0.0,-0.7637192679891874,0.0,0.0,0.0,-0.5064419972567069,0.5333053961980313,-1.1742340593915905,0.7572509588471975,0.0,0.3581560188187552,1.0,1.0,0.0,0.0,1.0,1.0,-2.0005886812701847,0.0,1.0,0.0,0.0,0.0,0.0,0.0,1.0,1
0.0,0.7925383431643057,0.0,0.0,0.0,-0.5064419972567069,0.21026809399943108,0.0029371415582604404,1.2338459936856934,0.0,-0.24939084745968526,1.0,1.0,0.0,1.0,0.0,0.0,-0.2806524287733598,0.0,0.0,1.0,0.0,0.0,1.0,0.0,1.0,1
0.0,0.49325803332709556,0.0,0.0,0.0,-0.5064419972567069,0.9406646677893409,-0.45367126518581763,-1.0199616589035796,0.0,-0.20599464272551093,1.0,0.0,0.0,0.0,0.0,0.0,0.5793156974750526,0.0,0.0,1.0,0.0,0.0,0.0,1.0,0.0,0
0.0,1.2115307769364,0.0,1.0,0.0,-0.5064419972567069,-0.8702998576191032,0.841084180836139,1.0493209628239706,0.0,-1.2041073516115204,1.0,1.0,0.0,0.0,0.0,1.0,-2.0005886812701847,1.0,0.0,0.0,0.0,0.0,0.0,0.0,1.0,1
0.0,0.3136898474247694,0.0,0.0,1.0,-0.5064419972567069,-0.872454992301149,0.8613097893533144,0.4039091818022371,1.0,-0.8135415090039514,1.0,1.0,0.0,1.0,1.0,1.0,-0.2806524287733598,1.0,0.0,0.0,0.0,0.0,0.0,0.0,1.0,1
0.0,-0.28487077224965107,0.0,0.0,0.0,-0.5064419972567069,0.6358821245945511,-1.2220063210892658,-0.38789245703646297,0.0,-1.421088375282392,1.0,1.0,0.0,0.0,1.0,0.0,-0.2806524287733598,0.0,0.0,0.0,0.0,0.0,0.0,0.0,1.0,1
0.0,0.07426559955500123,0.0,0.0,0.0,-0.5064419972567069,0.936340246508952,-0.7770092535840157,0.7149048299699561,0.0,-0.24939084745968526,1.0,1.0,1.0,1.0,0.0,1.0,0.5793156974750526,1.0,0.0,0.0,0.0,0.0,1.0,0.0,1.0,0
0.0,1.031962591034074,0.0,0.0,1.0,-0.5064419972567069,-1.3885830621803177,1.3367629193941724,0.9024579639022301,1.0,-0.075806028522988,1.0,1.0,0.0,0.0,0.0,0.0,0.5793156974750526,1.0,0.0,0.0,0.0,0.0,0.0,0.0,1.0,0
0.0,-1.2425677637287238,1.0,0.0,0.0,2.611872331624339,0.4839152083158819,-1.0940605924622808,0.12163319869427866,0.0,-0.42297566639638257,1.0,0.0,0.0,0.0,0.0,0.0,-0.2806524287733598,1.0,0.0,0.0,0.0,0.0,0.0,1.0,0.0,0
0.0,-0.10530258634732491,0.0,0.0,0.0,-0.5064419972567069,0.3588700889227565,-1.0796053586365615,-0.989538685866634,0.0,0.5317408377554524,1.0,1.0,0.0,0.0,1.0,0.0,1.439283823723465,1.0,0.0,0.0,0.0,0.0,0.0,0.0,0.0,0
0.0,-1.0031435158589557,0.0,0.0,1.0,2.611872331624339,-0.8541432212916787,1.1361101005574692,1.0709435113121262,1.0,-0.9003339184723,1.0,0.0,0.0,0.0,0.0,0.0,0.5793156974750526,0.0,0.0,0.0,1.0,0.0,0.0,1.0,1.0,0
1.0,1.6305232107084944,0.0,1.0,0.0,-0.5064419972567069,-0.9585394817837314,0.9096670702489389,0.6803655293214798,0.0,-1.421088375282392,1.0,1.0,0.0,1.0,0.0,1.0,-2.0005886812701847,1.0,0.0,0.0,0.0,1.0,0.0,0.0,1.0,1
0.0,-0.8834313919240715,0.0,0.0,0.0,-0.5064419972567069,-1.4684839729213415,1.440955392195197,-1.0328784110639,0.0,1.269476318236416,1.0,1.0,1.0,0.0,0.0,1.0,0.5793156974750526,0.0,0.0,0.0,0.0,0.0,1.0,0.0,0.0,0
1.0,0.5531140952945376,0.0,0.0,1.0,-0.5064419972567069,0.9411595805193268,-0.23580651717027729,-0.7769090733813565,1.0,-0.9871263279406487,1.0,0.0,0.0,0.0,0.0,0.0,-0.2806524287733598,1.0,0.0,0.0,0.0,0.0,0.0,1.0,0.0,0
1.0,0.5531140952945376,0.0,0.0,0.0,-0.5064419972567069,0.9731546372276916,-0.7234287847230899,1.7463051242660315,0.0,-1.2475035563456947,1.0,1.0,0.0,0.0,0.0,1.0,-0.2806524287733598,1.0,0.0,0.0,0.0,0.0,1.0,0.0,1.0,0
0.0,1.031962591034074,0.0,0.0,1.0,-0.5064419972567069,-1.3016078106518507,1.2401309431206098,0.9846898879118902,1.0,-1.2041073516115204,0.0,1.0,0.0,0.0,0.0,1.0,-2.0005886812701847,0.0,0.0,0.0,0.0,0.0,1.0,0.0,1.0,1
0.0,-0.225014710282209,0.0,0.0,1.0,-0.5064419972567069,0.4546684537527068,-0.9795398548620914,1.4389526626050697,1.0,1.269476318236416,1.0,1.0,1.0,1.0,0.0,1.0,-0.2806524287733598,0.0,0.0,0.0,0.0,0.0,1.0,0.0,0.0,0
1.0,-1.1228556397938396,1.0,0.0,1.0,1.5724342219973237,1.1585516145274046,-0.5231948913057378,-0.6338312032978053,1.0,1.4864573419072875,1.0,0.0,0.0,0.0,0.0,0.0,-0.2806524287733598,0.0,0.0,0.0,0.0,0.0,0.0,1.0,0.0,0
0.0,-0.7038632060217453,0.0,0.0,0.0,-0.5064419972567069,-1.1748232185753948,1.3008437556575063,-0.9134575962190313,0.0,0.4015522235529295,0.0,1.0,0.0,1.0,0.0,1.0,-0.2806524287733598,0.0,1.0,0.0,0.0,0.0,1.0,0.0,0.0,0
0.0,-0.5242950201194192,0.0,0.0,0.0,2.611872331624339,1.0166560105677565,-0.477610915141095,0.5784036212427586,0.0,-1.4644845800165662,1.0,0.0,0.0,0.0,0.0,0.0,1.439283823723465,0.0,0.0,0.0,0.0,0.0,0.0,1.0,1.0,0
1.0,1.9298035205457047,0.0,1.0,0.0,-0.5064419972567069,-1.3608542017252852,1.1578928382490044,0.9792014510965159,0.0,-0.8569377137381258,1.0,1.0,0.0,1.0,0.0,1.0,0.5793156974750526,0.0,0.0,0.0,1.0,0.0,0.0,0.0,0.0,0
0.0,-0.7637192679891874,0.0,0.0,1.0,-0.5064419972567069,0.9967313254407114,-0.5977617704641466,0.005051230478051768,1.0,-1.4644845800165662,1.0,1.0,0.0,1.0,0.0,1.0,0.5793156974750526,0.0,0.0,0.0,0.0,1.0,0.0,0.0,1.0,0
0.0,-1.661560197500818,1.0,0.0,0.0,-0.5064419972567069,-0.9186828334012576,0.6090908500927904,-0.504237854700303,0.0,-0.8135415090039514,1.0,1.0,0.0,0.0,0.0,1.0,-0.2806524287733598,0.0,0.0,0.0,1.0,0.0,0.0,0.0,1.0,0
1.0,-0.8834313919240715,0.0,0.0,1.0,1.5724342219973237,0.7119219882288486,-0.9419288414417638,3.263242820280825,1.0,-1.160711146877346,1.0,1.0,0.0,1.0,1.0,1.0,0.5793156974750526,0.0,0.0,0.0,1.0,0.0,1.0,0.0,0.0,0
1.0,0.6728262192294217,0.0,0.0,1.0,-0.5064419972567069,-0.8678814972939042,0.6400816423211634,-0.008622547449906662,1.0,1.139287704033893,1.0,1.0,1.0,1.0,0.0,1.0,0.5793156974750526,1.0,0.0,0.0,0.0,1.0,0.0,0.0,0.0,0
1.0,-1.42213594963105,1.0,0.0,1.0,2.611872331624339,-0.8722564611325012,0.6663618304398505,-0.9445902809131373,0.0,-0.37957946166220824,1.0,1.0,0.0,1.0,1.0,1.0,-0.2806524287733598,0.0,0.0,1.0,0.0,0.0,0.0,0.0,1.0,1
1.0,0.37354590939221144,0.0,0.0,0.0,-0.5064419972567069,-0.9597634203733296,0.8063904200882421,1.0655497027177065,0.0,0.18457119988205792,1.0,0.0,0.0,0.0,0.0,0.0,1.439283823723465,1.0,0.0,0.0,0.0,0.0,0.0,1.0,0.0,0
0.0,0.2538337854573274,0.0,0.0,0.0,-0.5064419972567069,-1.4555822773425964,1.46089172071465,-0.9943647251353251,0.0,0.4883446330212782,1.0,1.0,1.0,1.0,1.0,0.0,-0.2806524287733598,0.0,1.0,0.0,0.0,1.0,0.0,0.0,0.0,0
0.0,-0.5841510820868613,0.0,0.0,0.0,-0.5064419972567069,0.1687233241727644,0.1560234704341055,0.18933969078738772,0.0,0.44494842828710385,1.0,1.0,0.0,1.0,1.0,1.0,0.5793156974750526,1.0,0.0,0.0,0.0,0.0,0.0,0.0,0.0,0
1.0,0.2538337854573274,0.0,0.0,1.0,-0.5064419972567069,0.9919888161188132,-1.2194992277756513,-1.013810824541522,1.0,-1.2041073516115204,0.0,1.0,0.0,1.0,1.0,0.0,-1.1406205550217723,1.0,0.0,0.0,0.0,0.0,1.0,0.0,1.0,1
1.0,1.6305232107084944,0.0,1.0,1.0,-0.5064419972567069,1.0931159839458893,-0.7160440707779728,-0.31394050236034177,1.0,1.3128725229705902,1.0,1.0,1.0,0.0,1.0,1.0,-0.2806524287733598,1.0,0.0,0.0,0.0,0.0,0.0,0.0,0.0,0
0.0,-1.481992011598492,1.0,0.0,0.0,-0.5064419972567069,-0.8732280912715177,1.09297785311357,0.19274630674175797,0.0,-1.290899761079869,1.0,1.0,0.0,0.0,1.0,1.0,-0.2806524287733598,0.0,0.0,0.0,0.0,0.0,0.0,0.0,1.0,1
0.0,-0.04544652437988287,0.0,0.0,1.0,-0.5064419972567069,-0.9648277847059024,0.6772718848357091,-0.23009989859445135,1.0,0.5751370424896268,1.0,1.0,0.0,1.0,0.0,1.0,0.5793156974750526,0.0,1.0,0.0,0.0,0.0,1.0,0.0,0.0,0
0.0,0.19397772348988532,0.0,0.0,0.0,-0.5064419972567069,-1.3781365219091497,2.1256082500964446,-0.6557376364488252,0.0,-0.8135415090039514,1.0,0.0,0.0,0.0,0.0,0.0,1.439283823723465,0.0,0.0,0.0,1.0,0.0,0.0,1.0,1.0,0
0.0,-1.3024238256961658,1.0,0.0,0.0,-0.5064419972567069,-0.8164372598461251,0.5624383372858296,2.1810271713320595,0.0,1.5298535466414618,1.0,0.0,0.0,0.0,0.0,0.0,1.439283823723465,0.0,0.0,0.0,0.0,0.0,0.0,1.0,0.0,0
1.0,-1.541848073565934,1.0,0.0,1.0,-0.5064419972567069,0.6166403705140301,-1.2580445187005882,0.9953828768797747,1.0,1.5298535466414618,1.0,0.0,0.0,0.0,0.0,0.0,-0.2806524287733598,0.0,0.0,0.0,0.0,0.0,0.0,1.0,0.0,0
0.0,-1.481992011598492,1.0,0.0,1.0,1.5724342219973237,-0.8509691486361314,0.7707600749776925,0.07204801091400034,1.0,1.139287704033893,1.0,1.0,1.0,1.0,0.0,1.0,0.5793156974750526,1.0,0.0,0.0,0.0,0.0,1.0,0.0,0.0,0
0.0,0.19397772348988532,0.0,0.0,0.0,-0.5064419972567069,-0.8421512917607,0.6985978646360987,0.9211470375407892,0.0,-0.7701453042697771,0.0,1.0,0.0,1.0,0.0,1.0,-2.0005886812701847,1.0,0.0,0.0,0.0,0.0,1.0,0.0,1.0,1
0.0,-1.3622798876636077,1.0,0.0,1.0,-0.5064419972567069,0.696314041913344,-1.181550951710441,-0.3755434742018708,1.0,1.2260801135022417,1.0,1.0,1.0,1.0,1.0,1.0,-2.0005886812701847,0.0,1.0,0.0,0.0,1.0,0.0,0.0,0.0,1
1.0,0.2538337854573274,0.0,0.0,1.0,0.5329961123703084,-0.5302709560314598,0.24255879045533146,-0.9649826625288815,1.0,-1.030522532674823,1.0,1.0,1.0,0.0,0.0,1.0,-0.2806524287733598,0.0,0.0,0.0,1.0,0.0,1.0,0.0,0.0,0
1.0,0.2538337854573274,0.0,0.0,0.0,-0.5064419972567069,-1.0008391552598144,0.666928856145118,-0.030387038269494477,0.0,0.9223066803630213,1.0,1.0,1.0,1.0,1.0,1.0,-0.2806524287733598,0.0,1.0,0.0,0.0,0.0,0.0,0.0,0.0,0
1.0,-1.0629995778263976,1.0,0.0,1.0,-0.5064419972567069,-0.22930781287543092,0.14469310650407127,0.03968515934748281,1.0,0.4015522235529295,1.0,1.0,0.0,0.0,1.0,1.0,1.439283823723465,0.0,1.0,0.0,0.0,0.0,1.0,0.0,1.0,0
0.0,-1.0031435158589557,0.0,0.0,0.0,-0.5064419972567069,-0.9600557585300126,0.8340971692164421,1.8278273366185311,0.0,-1.2041073516115204,1.0,1.0,0.0,0.0,0.0,1.0,-0.2806524287733598,0.0,0.0,0.0,0.0,0.0,0.0,0.0,1.0,0
0.0,1.3312429008712843,0.0,1.0,0.0,-0.5064419972567069,-0.897994349134551,0.8241283128993032,1.5029213399704668,0.0,-0.2927870521938596,1.0,1.0,1.0,0.0,0.0,1.0,-0.2806524287733598,1.0,0.0,0.0,0.0,0.0,0.0,0.0,0.0,0
1.0,-0.28487077224965107,0.0,0.0,1.0,-0.5064419972567069,-0.14141066508522918,0.12053061406250688,-0.9873149226741977,1.0,-1.030522532674823,0.0,1.0,0.0,1.0,1.0,1.0,-1.1406205550217723,1.0,0.0,0.0,0.0,0.0,1.0,0.0,1.0,1
0.0,0.07426559955500123,0.0,0.0,1.0,-0.5064419972567069,-0.6449063301357929,-0.17433382559629196,-0.6606583039384711,1.0,-0.6399566900672541,1.0,1.0,1.0,0.0,0.0,1.0,-1.1406205550217723,0.0,0.0,0.0,1.0,0.0,1.0,0.0,1.0,1
1.0,1.5108110867736102,0.0,1.0,1.0,-0.5064419972567069,0.7717765073626565,-0.7602411638913218,0.007180365449533184,1.0,1.4864573419072875,1.0,1.0,1.0,1.0,1.0,1.0,-0.2806524287733598,0.0,0.0,0.0,0.0,0.0,1.0,0.0,0.0,0
0.0,1.8100913966108205,0.0,1.0,1.0,0.5329961123703084,0.9002969330582548,-0.8013286123720312,-0.608376211860983,1.0,1.4864573419072875,1.0,0.0,0.0,0.0,0.0,0.0,0.5793156974750526,1.0,0.0,0.0,0.0,0.0,0.0,1.0,0.0,0
1.0,0.2538337854573274,0.0,0.0,1.0,-0.5064419972567069,-0.9019969154042655,0.7259452052822792,0.2920586246337467,1.0,-0.075806028522988,1.0,1.0,1.0,0.0,0.0,1.0,0.5793156974750526,0.0,0.0,1.0,0.0,0.0,1.0,0.0,0.0,0
1.0,0.49325803332709556,0.0,0.0,0.0,-0.5064419972567069,2.244231642653461,-0.9968463652204119,-0.9985756809678106,0.0,-0.11920223325716231,1.0,1.0,1.0,0.0,1.0,1.0,-0.2806524287733598,1.0,0.0,0.0,0.0,0.0,1.0,0.0,0.0,0
0.0,0.5531140952945376,0.0,0.0,0.0,-0.5064419972567069,-0.9616553294122222,0.7759892607738921,-0.04879222724518939,0.0,1.3562687277047645,1.0,1.0,1.0,1.0,0.0,1.0,0.5793156974750526,1.0,0.0,0.0,0.0,0.0,0.0,0.0,0.0,0
0.0,0.2538337854573274,0.0,0.0,1.0,0.5329961123703084,-0.8824005547353467,0.48638353469414586,-1.0366635399020894,0.0,1.5298535466414618,1.0,1.0,1.0,1.0,1.0,1.0,-0.2806524287733598,0.0,0.0,0.0,0.0,0.0,0.0,0.0,0.0,0
0.0,0.9122504670991899,0.0,0.0,0.0,-0.5064419972567069,-0.8297558304449798,1.6048830310974285,-0.6519998217211134,0.0,-0.7267490995356027,1.0,0.0,0.0,0.0,0.0,0.0,1.439283823723465,1.0,0.0,0.0,0.0,0.0,0.0,1.0,0.0,0
1.0,-1.1228556397938396,1.0,0.0,0.0,-0.5064419972567069,-0.9085791738449809,1.4329372150333706,-0.9990961361830616,0.0,1.3128725229705902,1.0,1.0,1.0,1.0,0.0,1.0,-2.0005886812701847,0.0,0.0,0.0,0.0,0.0,0.0,0.0,1.0,1
1.0,0.37354590939221144,0.0,0.0,0.0,-0.5064419972567069,-1.003965515740409,0.6808239848396738,1.7372681291648548,0.0,-1.2475035563456947,1.0,1.0,1.0,0.0,1.0,1.0,-2.0005886812701847,0.0,0.0,0.0,0.0,0.0,1.0,0.0,1.0,1
1.0,-0.28487077224965107,0.0,0.0,0.0,-0.5064419972567069,-0.7189010396947061,0.11389055389143965,-0.21349264581689628,0.0,-1.3342959658140432,1.0,1.0,0.0,0.0,1.0,1.0,-1.1406205550217723,0.0,0.0,0.0,0.0,0.0,0.0,0.0,1.0,1
0.0,0.5531140952945376,0.0,0.0,1.0,-0.5064419972567069,1.2162869852806126,-0.15307889702341795,-0.9452526784598204,1.0,0.010986380945360646,1.0,1.0,0.0,1.0,1.0,0.0,-0.2806524287733598,1.0,0.0,0.0,0.0,0.0,0.0,0.0,1.0,0
0.0,0.13412166152244326,0.0,0.0,0.0,-0.5064419972567069,-0.8339925098443177,1.0866819761614899,-0.16102129729749873,0.0,-1.160711146877346,1.0,1.0,0.0,0.0,1.0,0.0,-1.1406205550217723,1.0,0.0,0.0,0.0,0.0,1.0,0.0,1.0,1
0.0,0.43340197135965347,0.0,0.0,1.0,1.5724342219973237,-0.9016119832809412,0.7708209760298487,1.957231428774124,1.0,1.5298535466414618,1.0,0.0,0.0,0.0,0.0,0.0,0.5793156974750526,0.0,0.0,0.0,0.0,0.0,0.0,1.0,0.0,0
0.0,-0.8834313919240715,0.0,0.0,1.0,0.5329961123703084,0.9276081098122427,-0.4358106475272319,-0.9969670012115802,1.0,-0.46637187113055684,1.0,1.0,0.0,1.0,0.0,1.0,1.439283823723465,0.0,0.0,1.0,0.0,0.0,1.0,0.0,0.0,0
1.0,-0.10530258634732491,0.0,0.0,1.0,-0.5064419972567069,-0.9197668701897321,0.7231539070586157,3.517603478207138,1.0,0.18457119988205792,1.0,1.0,1.0,1.0,1.0,1.0,-0.2806524287733598,0.0,1.0,0.0,0.0,0.0,0.0,0.0,0.0,0
0.0,-0.3447268342170931,0.0,0.0,1.0,0.5329961123703084,-0.8671573235198792,0.7446796607649308,0.4122837793567307,0.0,0.748721861426324,0.0,1.0,0.0,1.0,1.0,0.0,0.5793156974750526,0.0,1.0,0.0,0.0,0.0,1.0,0.0,0.0,0
0.0,0.6728262192294217,0.0,0.0,1.0,2.611872331624339,0.8587885538734988,-1.48353343252539,-1.0095525545985593,1.0,-1.2475035563456947,1.0,0.0,0.0,0.0,0.0,0.0,0.5793156974750526,0.0,0.0,0.0,0.0,0.0,0.0,1.0,1.0,0
0.0,-0.46443895815197717,0.0,0.0,1.0,-0.5064419972567069,-0.005617367433542958,0.3110604784652629,-0.3034367698343668,1.0,1.139287704033893,1.0,1.0,1.0,1.0,1.0,1.0,-0.2806524287733598,1.0,0.0,0.0,0.0,0.0,1.0,0.0,0.0,0
0.0,1.4509550248061682,0.0,1.0,1.0,-0.5064419972567069,-0.9080442314088937,0.6971302415535425,1.541056513015223,1.0,1.3996649324389387,1.0,1.0,0.0,1.0,0.0,1.0,1.439283823723465,1.0,0.0,0.0,0.0,0.0,0.0,0.0,0.0,0
0.0,-0.6440071440543034,0.0,0.0,1.0,-0.5064419972567069,-0.878706095900477,0.6060956256187403,0.9109745037881558,1.0,1.269476318236416,1.0,1.0,0.0,1.0,1.0,1.0,0.5793156974750526,1.0,0.0,0.0,0.0,0.0,0.0,0.0,0.0,0
0.0,0.2538337854573274,0.0,0.0,0.0,-0.5064419972567069,1.0158703770429518,-1.5244903128412588,-0.9260431496060103,0.0,-0.46637187113055684,1.0,1.0,0.0,1.0,0.0,1.0,1.439283823723465,1.0,0.0,0.0,0.0,0.0,0.0,0.0,0.0,0
1.0,-0.10530258634732491,0.0,0.0,0.0,-0.5064419972567069,0.8459818783041858,-0.8277093795010935,-1.0041114318936624,0.0,-1.3342959658140432,1.0,1.0,0.0,0.0,0.0,1.0,0.5793156974750526,1.0,0.0,0.0,0.0,0.0,0.0,0.0,1.0,0
1.0,-0.5841510820868613,0.0,0.0,0.0,-0.5064419972567069,-0.7112998432804891,-0.019648382729831403,-0.2575893967818003,0.0,-1.3776921705482175,1.0,1.0,0.0,0.0,0.0,0.0,0.5793156974750526,0.0,0.0,0.0,0.0,0.0,0.0,0.0,1.0,0
0.0,-1.1228556397938396,1.0,0.0,0.0,-0.5064419972567069,1.6756226063725272,-1.8801012451642878,-1.0182583509263943,0.0,-1.030522532674823,1.0,1.0,0.0,0.0,1.0,1.0,1.439283823723465,0.0,0.0,0.0,1.0,0.0,1.0,0.0,1.0,0
1.0,-1.601704135533376,1.0,0.0,1.0,2.611872331624339,-0.9424358140573117,0.6497044699328844,0.5383758837789079,1.0,1.3128725229705902,1.0,1.0,0.0,1.0,1.0,1.0,0.5793156974750526,1.0,0.0,0.0,0.0,0.0,0.0,0.0,0.0,0
0.0,1.6903792726759364,0.0,1.0,0.0,-0.5064419972567069,0.4873504849122536,-0.9173889470255047,0.8822548387283954,0.0,-1.290899761079869,0.0,1.0,0.0,0.0,0.0,1.0,0.5793156974750526,1.0,0.0,0.0,0.0,0.0,1.0,0.0,0.0,0
1.0,-0.6440071440543034,0.0,0.0,1.0,1.5724342219973237,-1.2796480799610666,1.1549815834074657,1.1925407752389539,1.0,0.8355142708946727,1.0,1.0,1.0,1.0,1.0,1.0,-0.2806524287733598,0.0,1.0,0.0,0.0,0.0,0.0,0.0,1.0,0
0.0,-0.28487077224965107,0.0,0.0,0.0,-0.5064419972567069,-0.013701750704239337,0.17752292595881,1.617184916773303,0.0,0.6619294519579755,0.0,1.0,0.0,0.0,0.0,1.0,-0.2806524287733598,0.0,1.0,0.0,0.0,1.0,0.0,0.0,0.0,0
0.0,-1.481992011598492,1.0,0.0,1.0,-0.5064419972567069,-0.8284320197603623,0.6784709896428678,0.09745568824034524,1.0,1.0524952945655444,1.0,0.0,0.0,0.0,0.0,0.0,0.5793156974750526,1.0,0.0,0.0,0.0,0.0,0.0,1.0,0.0,0
1.0,-0.6440071440543034,0.0,0.0,1.0,-0.5064419972567069,-0.8252082132275389,0.6128048915308858,0.8731705295167413,1.0,0.7053256566921497,1.0,1.0,0.0,1.0,1.0,1.0,0.5793156974750526,0.0,1.0,0.0,0.0,0.0,0.0,0.0,0.0,0
0.0,0.014409537587559178,0.0,0.0,1.0,-0.5064419972567069,-0.9971891738761685,0.6424858497663724,0.9151381455101639,1.0,-0.3361832569280339,0.0,1.0,0.0,0.0,0.0,1.0,-0.2806524287733598,0.0,0.0,1.0,0.0,0.0,1.0,0.0,1.0,0
0.0,1.4509550248061682,0.0,1.0,1.0,-0.5064419972567069,0.8139500266134456,-1.1833853652207396,0.23528169206090893,1.0,-1.290899761079869,1.0,1.0,0.0,1.0,1.0,1.0,-1.1406205550217723,1.0,0.0,0.0,0.0,0.0,0.0,0.0,1.0,1
1.0,-1.0629995778263976,1.0,0.0,1.0,-0.5064419972567069,0.8566043066779233,-0.5509639256009121,-0.5757767897420787,1.0,0.4015522235529295,1.0,1.0,0.0,1.0,1.0,1.0,1.439283823723465,1.0,0.0,0.0,0.0,0.0,0.0,0.0,0.0,0
1.0,-0.40458289618453513,0.0,0.0,1.0,0.5329961123703084,0.5851733824538361,-0.3005844749383665,-0.9544316158924292,1.0,1.5298535466414618,1.0,1.0,0.0,1.0,1.0,1.0,0.5793156974750526,0.0,0.0,0.0,0.0,0.0,0.0,0.0,0.0,0
0.0,1.5108110867736102,0.0,1.0,1.0,-0.5064419972567069,-1.3474373763932725,1.203189379902349,2.4750370538384043,1.0,-1.160711146877346,1.0,1.0,0.0,1.0,0.0,0.0,-2.0005886812701847,1.0,0.0,0.0,0.0,0.0,0.0,0.0,1.0,1
1.0,-1.601704135533376,1.0,0.0,0.0,-0.5064419972567069,-0.9811590961144996,0.9090248409716949,0.7567778177424239,0.0,-1.4644845800165662,0.0,1.0,0.0,0.0,0.0,1.0,-2.0005886812701847,0.0,0.0,0.0,0.0,0.0,1.0,0.0,1.0,1
1.0,-1.0031435158589557,0.0,0.0,0.0,-0.5064419972567069,-0.8945093386609034,0.6926729304562219,3.7517136968491394,0.0,0.4883446330212782,1.0,1.0,1.0,1.0,1.0,1.0,0.5793156974750526,1.0,0.0,0.0,0.0,0.0,1.0,0.0,0.0,0
0.0,-0.225014710282209,0.0,0.0,1.0,-0.5064419972567069,-1.4060962607700798,1.161070304507904,0.2856712197193025,1.0,0.8355142708946727,1.0,1.0,0.0,0.0,1.0,1.0,0.5793156974750526,1.0,0.0,0.0,0.0,0.0,0.0,0.0,1.0,0
0.0,0.49325803332709556,0.0,0.0,1.0,2.611872331624339,-0.8164372598461251,0.5624383372858296,2.1810271713320595,1.0,1.4864573419072875,1.0,1.0,1.0,1.0,1.0,1.0,-0.2806524287733598,0.0,0.0,0.0,0.0,0.0,0.0,0.0,0.0,0
1.0,0.43340197135965347,0.0,0.0,0.0,-0.5064419972567069,-1.0204848454655444,1.5914755721917022,0.0969825471355716,0.0,0.1411749951478836,1.0,1.0,0.0,1.0,0.0,1.0,-0.2806524287733598,0.0,1.0,0.0,0.0,0.0,0.0,0.0,1.0,0
1.0,-0.5841510820868613,0.0,0.0,1.0,1.5724342219973237,1.939994959087333,-0.7884517308146092,-0.9471925569893924,1.0,0.18457119988205792,0.0,1.0,1.0,1.0,0.0,1.0,0.5793156974750526,0.0,1.0,0.0,0.0,1.0,0.0,0.0,0.0,0
1.0,1.4509550248061682,0.0,1.0,1.0,-0.5064419972567069,-0.9389738509902039,0.7361567430648113,1.579570198943798,1.0,1.5298535466414618,1.0,1.0,1.0,1.0,1.0,1.0,-0.2806524287733598,0.0,0.0,0.0,0.0,0.0,1.0,0.0,0.0,0
1.0,-0.40458289618453513,0.0,0.0,0.0,-0.5064419972567069,1.489555636921191,-0.961291685053445,0.23892487856766603,0.0,1.139287704033893,1.0,1.0,0.0,1.0,1.0,1.0,1.439283823723465,0.0,1.0,0.0,0.0,0.0,0.0,0.0,1.0,0
1.0,0.5531140952945376,0.0,0.0,1.0,1.5724342219973237,1.3025138026071124,-0.6937035348133109,-0.97865644045684,1.0,-0.03240982378881367,1.0,0.0,0.0,0.0,0.0,0.0,1.439283823723465,0.0,0.0,1.0,0.0,0.0,0.0,1.0,1.0,0
0.0,-0.5242950201194192,0.0,0.0,1.0,1.5724342219973237,-0.8388668341580263,0.9179985187320681,0.6438863501434314,1.0,-1.160711146877346,1.0,0.0,0.0,0.0,0.0,0.0,1.439283823723465,0.0,0.0,0.0,0.0,0.0,0.0,1.0,0.0,0
0.0,-1.3024238256961658,1.0,0.0,1.0,-0.5064419972567069,-0.928048167267212,0.9071235285783548,-0.9705657275652106,1.0,-0.42297566639638257,0.0,1.0,0.0,1.0,1.0,0.0,0.5793156974750526,1.0,0.0,0.0,0.0,0.0,1.0,0.0,0.0,0
1.0,-1.661560197500818,1.0,0.0,0.0,-0.5064419972567069,1.5503732950442346,-0.45357483851991015,-1.0129118564424522,0.0,-0.5097680758647312,1.0,1.0,1.0,1.0,0.0,1.0,0.5793156974750526,1.0,0.0,0.0,0.0,1.0,0.0,0.0,1.0,0
0.0,1.271386838903842,0.0,1.0,0.0,-0.5064419972567069,-0.9178943694931918,0.698072362375481,1.0723629346264472,0.0,0.05438258567953497,1.0,1.0,0.0,0.0,0.0,1.0,-0.2806524287733598,1.0,0.0,0.0,0.0,0.0,0.0,0.0,0.0,0
1.0,0.6129701572619797,0.0,0.0,0.0,-0.5064419972567069,-0.8759796281404332,0.6942891151963007,-1.0361903987973156,0.0,-1.3776921705482175,1.0,0.0,0.0,0.0,0.0,0.0,-2.0005886812701847,1.0,0.0,0.0,0.0,0.0,0.0,1.0,1.0,1
1.0,0.49325803332709556,0.0,0.0,1.0,-0.5064419972567069,0.7219023239430927,-1.339685608712461,-1.0112558625757444,1.0,-0.6833528948014285,1.0,1.0,1.0,1.0,1.0,0.0,0.5793156974750526,1.0,0.0,0.0,0.0,0.0,1.0,0.0,0.0,0
1.0,1.031962591034074,0.0,0.0,1.0,-0.5064419972567069,-0.9990131537168269,0.8553322588102099,2.2753241935134474,1.0,1.4864573419072875,1.0,1.0,1.0,1.0,0.0,1.0,0.5793156974750526,1.0,0.0,0.0,0.0,0.0,1.0,0.0,0.0,0
0.0,-1.1228556397938396,1.0,0.0,0.0,-0.5064419972567069,0.6466153422558824,-0.5752805161592848,-0.49430189150005643,0.0,-1.4644845800165662,0.0,1.0,0.0,0.0,0.0,1.0,1.439283823723465,0.0,0.0,0.0,0.0,0.0,1.0,0.0,1.0,0
0.0,-0.5242950201194192,0.0,0.0,1.0,0.5329961123703084,-1.0104462847242406,0.9349050199069252,-0.9065024219788587,1.0,0.8355142708946727,1.0,1.0,0.0,1.0,1.0,1.0,-0.2806524287733598,0.0,1.0,0.0,0.0,0.0,0.0,0.0,0.0,0
0.0,0.49325803332709556,0.0,0.0,0.0,2.611872331624339,-0.8294768355236649,0.6885861007594922,0.0032532942799119047,0.0,-0.5097680758647312,1.0,0.0,0.0,0.0,0.0,0.0,1.439283823723465,1.0,0.0,0.0,0.0,0.0,0.0,1.0,1.0,0
1.0,-0.8834313919240715,0.0,0.0,1.0,-0.5064419972567069,-0.8772921172920146,1.057057305262086,0.3750002603005672,0.0,-1.2475035563456947,1.0,1.0,0.0,0.0,1.0,1.0,-2.0005886812701847,0.0,0.0,0.0,0.0,0.0,0.0,0.0,1.0,1
0.0,-1.481992011598492,1.0,0.0,1.0,-0.5064419972567069,2.146717661227653,-1.474083619266371,-1.0232263325265176,1.0,1.4430611371731132,1.0,1.0,1.0,1.0,1.0,1.0,-0.2806524287733598,1.0,0.0,0.0,0.0,1.0,0.0,0.0,0.0,0
0.0,-1.0629995778263976,1.0,0.0,1.0,-0.5064419972567069,-1.2445974223535996,1.2885159063126697,1.2665400440255523,1.0,1.0524952945655444,1.0,1.0,0.0,1.0,1.0,1.0,-0.2806524287733598,1.0,0.0,0.0,0.0,0.0,1.0,0.0,0.0,0
0.0,-1.0629995778263976,1.0,0.0,0.0,-0.5064419972567069,0.45760922195956005,-1.050679665722097,1.3318335164843158,0.0,-0.6833528948014285,0.0,1.0,1.0,0.0,0.0,1.0,0.5793156974750526,0.0,0.0,0.0,1.0,0.0,1.0,0.0,1.0,0
1.0,0.43340197135965347,0.0,0.0,0.0,-0.5064419972567069,0.5561672104677391,-1.0572357562606463,2.1078795565340536,0.0,-0.24939084745968526,1.0,1.0,0.0,1.0,1.0,1.0,-1.1406205550217723,1.0,0.0,0.0,0.0,0.0,0.0,0.0,1.0,1
0.0,-0.46443895815197717,0.0,0.0,0.0,-0.5064419972567069,0.7036932554119031,-0.7048161313447379,-0.7026259199318937,0.0,-1.4644845800165662,1.0,1.0,0.0,0.0,0.0,1.0,-1.1406205550217723,1.0,0.0,0.0,0.0,0.0,0.0,0.0,1.0,1
1.0,1.1516747149689581,0.0,1.0,0.0,-0.5064419972567069,0.5863576956777977,-0.3999856035984431,-0.6440983652713934,0.0,0.22796740461623224,1.0,1.0,0.0,1.0,0.0,1.0,0.5793156974750526,1.0,0.0,0.0,0.0,1.0,0.0,0.0,1.0,0
1.0,-0.7038632060217453,0.0,0.0,0.0,-0.5064419972567069,-0.3478964237126642,0.5688486343965059,-0.9888289742094735,0.0,-0.42297566639638257,1.0,1.0,1.0,0.0,0.0,1.0,-0.2806524287733598,1.0,0.0,0.0,0.0,0.0,1.0,0.0,1.0,0
0.0,-0.28487077224965107,0.0,0.0,1.0,2.611872331624339,1.4172437923804129,-1.8489757324266065,-1.0225639349798346,1.0,0.8355142708946727,1.0,1.0,1.0,1.0,1.0,1.0,-0.2806524287733598,0.0,1.0,0.0,0.0,0.0,0.0,0.0,0.0,0
0.0,0.6728262192294217,0.0,0.0,1.0,2.611872331624339,0.1379368411163036,0.829340427946033,-1.0338246932734474,1.0,-0.37957946166220824,0.0,1.0,0.0,1.0,1.0,1.0,1.439283823723465,1.0,0.0,0.0,0.0,0.0,1.0,0.0,0.0,0
0.0,1.6305232107084944,0.0,1.0,0.0,-0.5064419972567069,1.0271838232725263,-0.7052202928726623,0.41129018303670606,0.0,-0.5965604853330798,1.0,1.0,0.0,1.0,0.0,1.0,-2.0005886812701847,1.0,0.0,0.0,0.0,0.0,0.0,0.0,1.0,1
0.0,0.13412166152244326,0.0,0.0,1.0,1.5724342219973237,-1.3588923417858323,1.8903807043865075,-0.34895294411359173,1.0,1.3996649324389387,1.0,0.0,0.0,0.0,0.0,0.0,-0.2806524287733598,0.0,0.0,0.0,0.0,0.0,0.0,1.0,0.0,0
1.0,-0.16515864831476695,0.0,0.0,1.0,2.611872331624339,-0.9830121884686878,0.6251862599821623,0.14467517049675532,1.0,0.9223066803630213,1.0,1.0,0.0,0.0,0.0,0.0,0.5793156974750526,1.0,0.0,0.0,0.0,1.0,0.0,0.0,0.0,0
1.0,0.07426559955500123,0.0,0.0,1.0,2.611872331624339,-0.8378778173789867,0.5982375444046205,0.007748134775261562,1.0,0.7053256566921497,1.0,0.0,0.0,0.0,0.0,0.0,1.439283823723465,1.0,0.0,0.0,0.0,0.0,0.0,1.0,0.0,0
0.0,0.014409537587559178,0.0,0.0,1.0,0.5329961123703084,-1.3794037249285722,1.2452521679607178,0.17259049567840057,1.0,1.5298535466414618,1.0,1.0,1.0,1.0,1.0,1.0,-0.2806524287733598,1.0,0.0,0.0,0.0,0.0,0.0,0.0,0.0,0
1.0,0.9721065290666319,0.0,0.0,0.0,-0.5064419972567069,2.0190083425061984,-1.214354011611963,-0.9140726796552371,0.0,-0.8569377137381258,1.0,0.0,0.0,0.0,0.0,0.0,0.5793156974750526,0.0,0.0,0.0,1.0,0.0,0.0,1.0,0.0,0
0.0,-1.1228556397938396,1.0,0.0,1.0,1.5724342219973237,0.7223466941148705,-1.3278920276887767,-0.9686258490356386,1.0,1.0958914992997186,1.0,0.0,0.0,0.0,0.0,0.0,0.5793156974750526,1.0,0.0,0.0,0.0,0.0,0.0,1.0,0.0,0
1.0,0.3136898474247694,0.0,0.0,1.0,-0.5064419972567069,-1.3474373763932725,1.203189379902349,2.4750370538384043,1.0,-1.030522532674823,1.0,1.0,0.0,0.0,1.0,1.0,-1.1406205550217723,1.0,0.0,0.0,0.0,0.0,0.0,0.0,1.0,1
0.0,-0.9432874538915136,0.0,0.0,0.0,-0.5064419972567069,0.956858907780073,-0.7456908875145196,0.06816825385485642,0.0,-1.421088375282392,1.0,0.0,0.0,0.0,0.0,0.0,0.5793156974750526,1.0,0.0,0.0,0.0,0.0,0.0,1.0,1.0,0
0.0,0.07426559955500123,0.0,0.0,1.0,-0.5064419972567069,1.1941869484482375,-0.9438878252860113,-0.8861100403631145,1.0,1.2260801135022417,1.0,1.0,1.0,1.0,1.0,1.0,-0.2806524287733598,1.0,0.0,0.0,0.0,0.0,0.0,0.0,1.0,0
0.0,1.091818653001516,0.0,1.0,1.0,-0.5064419972567069,-0.005617367433542958,0.3110604784652629,-0.3034367698343668,1.0,1.0958914992997186,1.0,1.0,0.0,0.0,1.0,1.0,-0.2806524287733598,0.0,1.0,0.0,0.0,0.0,0.0,0.0,1.0,0
1.0,-1.3024238256961658,1.0,0.0,1.0,1.5724342219973237,1.223757984064881,-1.851080509698727,-0.9954529496763045,1.0,1.5298535466414618,1.0,0.0,0.0,0.0,0.0,0.0,0.5793156974750526,1.0,0.0,0.0,0.0,0.0,0.0,1.0,0.0,0
1.0,0.6129701572619797,0.0,0.0,0.0,-0.5064419972567069,-0.8541432212916787,1.1361101005574692,1.0709435113121262,0.0,-1.2041073516115204,1.0,0.0,0.0,0.0,0.0,0.0,0.5793156974750526,0.0,0.0,0.0,0.0,0.0,0.0,1.0,1.0,0
1.0,0.9721065290666319,0.0,0.0,1.0,0.5329961123703084,-0.8227591230269485,0.2469948784587212,0.16090391039049146,1.0,0.22796740461623224,1.0,0.0,0.0,0.0,0.0,0.0,-0.2806524287733598,0.0,1.0,0.0,0.0,0.0,0.0,1.0,0.0,0
1.0,0.3136898474247694,0.0,0.0,0.0,-0.5064419972567069,-1.3190243718703194,1.179945478330762,0.29712123445482475,0.0,1.0524952945655444,1.0,1.0,1.0,1.0,1.0,1.0,-0.2806524287733598,1.0,0.0,0.0,0.0,0.0,1.0,0.0,0.0,0
0.0,-1.1827117017612818,1.0,0.0,0.0,-0.5064419972567069,-0.8859207428295083,0.6485395066246655,1.185822171551168,0.0,-0.5097680758647312,1.0,1.0,1.0,1.0,1.0,1.0,-0.2806524287733598,1.0,0.0,0.0,0.0,0.0,0.0,0.0,1.0,0
0.0,-1.3024238256961658,1.0,0.0,1.0,2.611872331624339,0.7994374386194547,-0.3953377460273378,-0.8512395409412966,1.0,1.3562687277047645,1.0,1.0,1.0,1.0,0.0,1.0,-0.2806524287733598,0.0,0.0,0.0,0.0,0.0,0.0,0.0,0.0,0
0.0,0.6129701572619797,0.0,0.0,1.0,1.5724342219973237,0.6076304519174027,-0.16155337070477735,-0.9297336502232448,1.0,0.22796740461623224,1.0,0.0,0.0,0.0,0.0,0.0,0.5793156974750526,0.0,1.0,0.0,0.0,0.0,0.0,1.0,0.0,0
1.0,0.5531140952945376,0.0,0.0,1.0,0.5329961123703084,1.5032001059353781,-0.5988732146659322,-1.0229424478636535,1.0,1.3128725229705902,1.0,0.0,0.0,0.0,0.0,0.0,0.5793156974750526,0.0,0.0,0.0,0.0,0.0,0.0,1.0,0.0,0
0.0,1.4509550248061682,0.0,1.0,1.0,-0.5064419972567069,-0.6353800687644984,1.1363850780353648,-0.9941754686934157,1.0,1.2260801135022417,1.0,1.0,1.0,0.0,0.0,1.0,-0.2806524287733598,0.0,1.0,0.0,0.0,0.0,0.0,0.0,0.0,0
0.0,-0.9432874538915136,0.0,0.0,1.0,0.5329961123703084,-0.8253760145207926,0.5279480414167196,0.6719436176565088,1.0,0.010986380945360646,1.0,0.0,0.0,0.0,0.0,0.0,0.5793156974750526,1.0,0.0,0.0,0.0,0.0,0.0,1.0,0.0,0
1.0,0.6129701572619797,0.0,0.0,0.0,-0.5064419972567069,0.029465233070714997,0.06336436507028938,1.480115938720377,0.0,-1.2475035563456947,0.0,1.0,0.0,0.0,0.0,1.0,-0.2806524287733598,1.0,0.0,0.0,0.0,0.0,1.0,0.0,1.0,0
1.0,-0.40458289618453513,0.0,0.0,0.0,-0.5064419972567069,-0.6132193808622728,1.6916831784211905,-1.036095770576361,0.0,-1.4644845800165662,1.0,1.0,0.0,0.0,0.0,1.0,-0.2806524287733598,1.0,0.0,0.0,0.0,0.0,0.0,0.0,1.0,1
1.0,0.6728262192294217,0.0,0.0,0.0,-0.5064419972567069,-0.9844722618902384,0.8837481360987084,-0.3087359502078317,0.0,-0.9437301232064743,1.0,0.0,0.0,0.0,0.0,0.0,1.439283823723465,1.0,0.0,0.0,0.0,0.0,0.0,1.0,0.0,0
0.0,0.37354590939221144,0.0,0.0,1.0,2.611872331624339,1.3247852797969346,-0.9169561804579328,-1.0336827509420152,1.0,1.5298535466414618,0.0,1.0,1.0,1.0,0.0,1.0,-0.2806524287733598,1.0,0.0,0.0,0.0,0.0,1.0,0.0,0.0,0
0.0,-1.0629995778263976,1.0,0.0,0.0,-0.5064419972567069,-1.3080263112039705,1.2671853127962063,1.2324265703713724,0.0,-0.16259843799133664,1.0,1.0,1.0,0.0,0.0,1.0,0.5793156974750526,1.0,0.0,0.0,0.0,0.0,0.0,0.0,0.0,0
1.0,0.2538337854573274,0.0,0.0,0.0,2.611872331624339,0.30635556226233857,-1.0117182176074453,-0.5795146044697904,0.0,-1.421088375282392,1.0,0.0,0.0,0.0,0.0,0.0,-0.2806524287733598,0.0,0.0,0.0,0.0,0.0,0.0,1.0,1.0,0
1.0,-0.8235753299566294,0.0,0.0,1.0,1.5724342219973237,1.7973440471378042,-1.8940734229172445,-1.024693069951316,1.0,-0.6833528948014285,1.0,1.0,0.0,0.0,0.0,1.0,1.439283823723465,0.0,0.0,0.0,1.0,1.0,0.0,0.0,1.0,0
1.0,0.7326822811968637,0.0,0.0,1.0,2.611872331624339,-0.463204620351879,0.5111550376572332,0.18375662575105867,1.0,-1.4644845800165662,0.0,1.0,0.0,0.0,1.0,1.0,0.5793156974750526,0.0,0.0,0.0,0.0,1.0,0.0,0.0,1.0,0
0.0,1.1516747149689581,0.0,1.0,0.0,-0.5064419972567069,-0.01313729141415773,-0.2896388949287501,-0.18382669854758857,0.0,0.5317408377554524,1.0,1.0,0.0,0.0,0.0,1.0,-1.1406205550217723,0.0,1.0,0.0,0.0,0.0,0.0,0.0,1.0,1
0.0,0.07426559955500123,0.0,0.0,1.0,0.5329961123703084,-0.8857573892813773,0.6656573159956322,1.193345115117069,1.0,1.1826839087680672,0.0,1.0,1.0,1.0,1.0,1.0,0.5793156974750526,1.0,0.0,0.0,0.0,0.0,1.0,0.0,0.0,0
1.0,0.5531140952945376,0.0,0.0,0.0,-0.5064419972567069,1.4671422362279163,-1.2847081066248751,-1.0332096098372416,0.0,-0.9003339184723,1.0,1.0,0.0,0.0,1.0,0.0,-0.2806524287733598,1.0,0.0,0.0,0.0,0.0,1.0,0.0,1.0,0
1.0,-0.40458289618453513,0.0,0.0,1.0,1.5724342219973237,-0.9369161623603868,0.8512735727815215,-0.03615935974773298,1.0,0.8355142708946727,1.0,0.0,0.0,0.0,0.0,0.0,1.439283823723465,1.0,0.0,0.0,0.0,0.0,0.0,1.0,0.0,0
1.0,-0.40458289618453513,0.0,0.0,0.0,-0.5064419972567069,-0.4995827277081541,1.1629836125630344,-0.9457258195645941,0.0,-0.8135415090039514,1.0,1.0,0.0,0.0,0.0,1.0,-0.2806524287733598,1.0,0.0,0.0,0.0,0.0,1.0,0.0,1.0,0
1.0,0.7925383431643057,0.0,0.0,0.0,-0.5064419972567069,0.9101968050198288,-0.6251040360226473,-0.8133409384489274,0.0,-0.6833528948014285,1.0,1.0,0.0,0.0,0.0,1.0,1.439283823723465,0.0,0.0,0.0,1.0,0.0,0.0,0.0,1.0,0
1.0,-0.04544652437988287,0.0,0.0,1.0,0.5329961123703084,-1.3381585713869724,1.316404435854113,0.9631146535342118,1.0,1.3128725229705902,1.0,1.0,0.0,1.0,1.0,1.0,-0.2806524287733598,0.0,0.0,0.0,0.0,0.0,1.0,0.0,0.0,0
1.0,-0.8235753299566294,0.0,0.0,0.0,-0.5064419972567069,-1.3724413864501228,1.1813840350020648,1.3859135447599438,0.0,-1.421088375282392,1.0,1.0,0.0,1.0,0.0,1.0,-1.1406205550217723,1.0,0.0,0.0,0.0,0.0,0.0,0.0,1.0,1
0.0,-0.5841510820868613,0.0,0.0,1.0,1.5724342219973237,0.18132095572132287,-0.8495193381174513,1.7329625451114146,1.0,0.31475981408458087,1.0,0.0,0.0,0.0,0.0,0.0,1.439283823723465,1.0,0.0,0.0,0.0,0.0,0.0,1.0,0.0,0
1.0,-0.40458289618453513,0.0,0.0,1.0,2.611872331624339,0.4486166900029559,-0.9571393405884985,1.7941396899586473,1.0,-1.030522532674823,1.0,1.0,1.0,1.0,1.0,1.0,-0.2806524287733598,1.0,0.0,0.0,0.0,1.0,0.0,0.0,1.0,0
0.0,-0.8834313919240715,0.0,0.0,0.0,-0.5064419972567069,0.49741128437916776,-1.0310722951585851,-0.935600599922438,0.0,-1.290899761079869,1.0,1.0,0.0,1.0,1.0,1.0,-2.0005886812701847,0.0,0.0,0.0,0.0,0.0,0.0,0.0,1.0,1
1.0,0.8523944051317478,0.0,0.0,0.0,-0.5064419972567069,-1.0267525270239661,1.655556858832889,0.05908394464320238,0.0,1.269476318236416,1.0,1.0,1.0,1.0,1.0,1.0,0.5793156974750526,1.0,0.0,0.0,0.0,0.0,1.0,0.0,0.0,0
1.0,-1.0031435158589557,0.0,0.0,0.0,-0.5064419972567069,-0.9389208823892021,0.9078930964191904,0.8297361760985205,0.0,-1.4644845800165662,1.0,1.0,0.0,1.0,0.0,1.0,-0.2806524287733598,0.0,0.0,0.0,0.0,0.0,0.0,0.0,1.0,1
1.0,0.3136898474247694,0.0,0.0,1.0,1.5724342219973237,1.308525536650762,-1.8104055274348707,-0.3550564643651718,1.0,1.4430611371731132,0.0,1.0,0.0,1.0,1.0,1.0,1.439283823723465,0.0,0.0,0.0,0.0,1.0,0.0,0.0,0.0,0
1.0,-1.601704135533376,1.0,0.0,1.0,-0.5064419972567069,-0.9854948389279277,0.6910202973591667,1.4857463178671835,1.0,1.5298535466414618,1.0,1.0,1.0,1.0,1.0,1.0,-0.2806524287733598,0.0,0.0,0.0,0.0,0.0,0.0,0.0,0.0,0
0.0,-1.3622798876636077,1.0,0.0,1.0,-0.5064419972567069,-0.9755318898537068,1.264132878242855,-0.8263523188302027,1.0,1.5298535466414618,1.0,1.0,1.0,1.0,1.0,1.0,-0.2806524287733598,0.0,0.0,0.0,0.0,0.0,1.0,0.0,0.0,0
0.0,0.7326822811968637,0.0,0.0,1.0,1.5724342219973237,1.38208153680442,-0.21514814208553013,-0.9509776858275816,1.0,-0.5965604853330798,1.0,1.0,1.0,0.0,0.0,1.0,-0.2806524287733598,1.0,0.0,0.0,0.0,0.0,1.0,0.0,0.0,0
0.0,-1.2425677637287238,1.0,0.0,1.0,-0.5064419972567069,0.5403093817444464,-0.5313330250854394,-0.9364049398005533,1.0,-0.9437301232064743,1.0,0.0,0.0,0.0,0.0,0.0,1.439283823723465,0.0,0.0,0.0,1.0,0.0,0.0,1.0,1.0,0
1.0,-0.40458289618453513,0.0,0.0,0.0,-0.5064419972567069,-0.8594566593511074,0.6362102731650042,-0.07159762849527923,0.0,-1.2041073516115204,1.0,1.0,0.0,0.0,1.0,1.0,-2.0005886812701847,1.0,0.0,0.0,0.0,0.0,0.0,0.0,1.0,1
0.0,1.5706671487410524,0.0,1.0,1.0,-0.5064419972567069,-0.9454287421842346,0.8790199998679468,1.2419367065773226,1.0,1.5298535466414618,1.0,1.0,1.0,1.0,0.0,1.0,-0.2806524287733598,0.0,0.0,0.0,0.0,0.0,0.0,0.0,0.0,0
0.0,-0.10530258634732491,0.0,0.0,0.0,-0.5064419972567069,0.18132095572132287,-0.8495193381174513,1.7329625451114146,0.0,0.878910475628847,1.0,0.0,0.0,0.0,0.0,0.0,1.439283823723465,1.0,0.0,0.0,0.0,0.0,0.0,1.0,0.0,0
0.0,-0.04544652437988287,0.0,0.0,0.0,-0.5064419972567069,-0.9142981653914829,0.6697150792811019,1.1916418071398838,0.0,-1.4644845800165662,1.0,1.0,0.0,0.0,1.0,1.0,-2.0005886812701847,0.0,0.0,0.0,0.0,0.0,0.0,0.0,1.0,1
1.0,1.031962591034074,0.0,0.0,0.0,-0.5064419972567069,0.380418201019486,-1.008371889340298,-0.5559048633415854,0.0,-1.2041073516115204,1.0,1.0,0.0,1.0,1.0,0.0,1.439283823723465,1.0,0.0,0.0,0.0,0.0,0.0,0.0,1.0,0
0.0,0.19397772348988532,0.0,0.0,0.0,2.611872331624339,0.5811736465673829,-1.0557778219818432,-0.5097736056261547,0.0,-1.4644845800165662,1.0,0.0,0.0,0.0,0.0,0.0,0.5793156974750526,1.0,0.0,0.0,0.0,0.0,0.0,1.0,1.0,0
1.0,-1.2425677637287238,1.0,0.0,1.0,1.5724342219973237,2.0346268016738125,-1.0820058751089154,-0.9621438159002397,1.0,0.05438258567953497,1.0,0.0,0.0,0.0,0.0,0.0,0.5793156974750526,1.0,0.0,0.0,0.0,0.0,0.0,1.0,1.0,0
1.0,0.5531140952945376,0.0,0.0,1.0,2.611872331624339,1.6688248344636056,-0.28900635445525286,-1.0178798380425755,1.0,-1.030522532674823,1.0,0.0,0.0,0.0,0.0,0.0,0.5793156974750526,1.0,0.0,0.0,0.0,0.0,0.0,1.0,0.0,0
0.0,-1.42213594963105,1.0,0.0,1.0,-0.5064419972567069,-0.9282786413326478,0.7194380201340894,2.2677066217265915,1.0,0.010986380945360646,1.0,1.0,0.0,1.0,0.0,1.0,-0.2806524287733598,0.0,0.0,1.0,0.0,0.0,0.0,0.0,0.0,0
1.0,0.9122504670991899,0.0,0.0,1.0,1.5724342219973237,-0.9068061409029982,0.7816281445572955,0.48387002850898364,1.0,-1.160711146877346,1.0,1.0,1.0,0.0,1.0,1.0,-1.1406205550217723,1.0,0.0,0.0,0.0,0.0,0.0,0.0,1.0,1
0.0,0.5531140952945376,0.0,0.0,1.0,-0.5064419972567069,2.317406754088453,-2.0010050589503177,-0.9416094919530633,1.0,1.2260801135022417,1.0,1.0,1.0,0.0,1.0,1.0,-2.0005886812701847,0.0,1.0,0.0,0.0,0.0,1.0,0.0,0.0,1
1.0,1.271386838903842,0.0,1.0,0.0,-0.5064419972567069,-0.8741281531481094,0.6210320700307784,-0.9176212379410394,0.0,1.1826839087680672,1.0,1.0,0.0,1.0,0.0,1.0,0.5793156974750526,1.0,0.0,0.0,0.0,0.0,1.0,0.0,0.0,0
0.0,0.6728262192294217,0.0,0.0,0.0,-0.5064419972567069,1.5975489101958875,-1.687366485850642,-1.0249296405037027,0.0,-0.7701453042697771,1.0,0.0,0.0,0.0,0.0,0.0,0.5793156974750526,1.0,0.0,0.0,0.0,0.0,0.0,1.0,0.0,0
1.0,1.1516747149689581,0.0,1.0,0.0,-0.5064419972567069,0.2823486557938412,0.07670677057939825,1.17986059363102,0.0,-1.5078807847507405,1.0,1.0,0.0,0.0,0.0,1.0,0.5793156974750526,1.0,0.0,0.0,0.0,0.0,0.0,0.0,0.0,0
0.0,-0.6440071440543034,0.0,0.0,1.0,0.5329961123703084,0.5074627840153719,-0.5148454493299333,0.8811666141874159,1.0,1.3562687277047645,1.0,0.0,0.0,0.0,0.0,0.0,0.5793156974750526,1.0,0.0,0.0,0.0,0.0,0.0,1.0,0.0,0
1.0,1.5108110867736102,0.0,1.0,0.0,-0.5064419972567069,1.2155834328703368,-1.8258038048257408,-0.9873149226741977,0.0,-1.3776921705482175,1.0,1.0,1.0,0.0,0.0,1.0,0.5793156974750526,0.0,0.0,0.0,0.0,0.0,0.0,0.0,1.0,0
1.0,-1.3024238256961658,1.0,0.0,1.0,-0.5064419972567069,0.6192152105994437,-0.6331701958316213,-0.4388497540205849,1.0,1.1826839087680672,1.0,0.0,0.0,0.0,0.0,0.0,-0.2806524287733598,1.0,0.0,0.0,0.0,0.0,0.0,1.0,0.0,0
1.0,0.9122504670991899,0.0,0.0,1.0,0.5329961123703084,1.1941869484482375,-0.9438878252860113,-0.8861100403631145,1.0,-0.075806028522988,1.0,0.0,0.0,0.0,0.0,0.0,1.439283823723465,0.0,0.0,1.0,0.0,0.0,0.0,1.0,1.0,0
0.0,-1.3024238256961658,1.0,0.0,0.0,-0.5064419972567069,-0.9509136206011102,0.7748173768915627,-0.2613272115095121,0.0,0.09777879041370928,0.0,1.0,0.0,0.0,1.0,1.0,1.439283823723465,0.0,0.0,1.0,0.0,1.0,0.0,0.0,1.0,0
0.0,-1.541848073565934,1.0,0.0,0.0,-0.5064419972567069,-1.4122523443599757,1.275880322105816,1.6171376026628257,0.0,-0.5965604853330798,1.0,1.0,1.0,1.0,1.0,1.0,-0.2806524287733598,1.0,0.0,0.0,0.0,0.0,0.0,0.0,0.0,0
1.0,1.5108110867736102,0.0,1.0,0.0,-0.5064419972567069,-0.6623297651421751,0.38204665258005965,-0.013637843160507333,0.0,0.1411749951478836,1.0,1.0,0.0,0.0,0.0,1.0,-0.2806524287733598,1.0,0.0,0.0,0.0,0.0,0.0,0.0,0.0,0
1.0,-0.8235753299566294,0.0,0.0,1.0,1.5724342219973237,0.7084301039672818,-1.0203181843659657,0.8500812436037873,0.0,1.4864573419072875,1.0,0.0,0.0,0.0,0.0,0.0,-0.2806524287733598,0.0,0.0,0.0,0.0,0.0,0.0,1.0,0.0,0
1.0,0.8523944051317478,0.0,0.0,1.0,0.5329961123703084,-0.8569861391058359,0.6208572101916454,-0.024803973233165428,1.0,0.4015522235529295,1.0,0.0,0.0,0.0,0.0,0.0,0.5793156974750526,1.0,0.0,0.0,0.0,0.0,0.0,1.0,0.0,0
0.0,-1.0629995778263976,1.0,0.0,0.0,-0.5064419972567069,-1.0072463342788922,0.7726641556006821,-1.028951339894279,0.0,-0.8569377137381258,1.0,1.0,1.0,1.0,0.0,1.0,-0.2806524287733598,1.0,0.0,0.0,0.0,0.0,0.0,0.0,1.0,0
0.0,-0.225014710282209,0.0,0.0,0.0,-0.5064419972567069,-0.900442630654212,0.900662480590888,1.164436193615399,0.0,0.9657028850971957,0.0,1.0,0.0,0.0,1.0,1.0,-0.2806524287733598,1.0,0.0,0.0,0.0,0.0,1.0,0.0,1.0,0
0.0,0.3136898474247694,0.0,0.0,1.0,-0.5064419972567069,0.9539387609369716,-1.0448054824190103,-0.6394615824446117,1.0,1.4864573419072875,1.0,1.0,0.0,1.0,1.0,1.0,0.5793156974750526,0.0,0.0,0.0,0.0,0.0,0.0,0.0,0.0,0
0.0,-0.16515864831476695,0.0,0.0,1.0,-0.5064419972567069,-0.8967222940295384,0.7094700865601693,-0.8648660047587776,1.0,-1.0739187374089973,1.0,1.0,0.0,0.0,1.0,1.0,-0.2806524287733598,0.0,0.0,0.0,1.0,0.0,0.0,0.0,1.0,0
0.0,-0.225014710282209,0.0,0.0,1.0,-0.5064419972567069,-0.20585525718537298,0.4052393419032503,-1.0330203533953322,1.0,-1.2475035563456947,1.0,0.0,0.0,0.0,0.0,0.0,1.439283823723465,1.0,0.0,0.0,0.0,0.0,0.0,1.0,0.0,0
0.0,0.9122504670991899,0.0,0.0,0.0,-0.5064419972567069,0.13181310476366045,0.19445895491653312,-1.0227058773112667,0.0,0.8355142708946727,1.0,1.0,0.0,0.0,1.0,1.0,-0.2806524287733598,0.0,1.0,0.0,0.0,0.0,0.0,0.0,1.0,0
0.0,-1.1228556397938396,1.0,0.0,0.0,-0.5064419972567069,1.2040682207483915,-0.49679336245435074,-1.0206240564502627,0.0,-1.421088375282392,1.0,1.0,0.0,0.0,1.0,1.0,-1.1406205550217723,0.0,0.0,0.0,0.0,0.0,0.0,0.0,1.0,1
0.0,-1.481992011598492,1.0,0.0,0.0,-0.5064419972567069,-0.5975956652686065,0.6361876659562486,1.295827478411041,0.0,0.8355142708946727,1.0,1.0,1.0,0.0,0.0,1.0,-0.2806524287733598,0.0,1.0,0.0,0.0,0.0,1.0,0.0,0.0,0
0.0,1.7502353346433785,0.0,1.0,1.0,-0.5064419972567069,1.7906890074132673,-1.709415434959538,-1.0245038135094064,1.0,1.139287704033893,0.0,1.0,1.0,0.0,0.0,1.0,-0.2806524287733598,0.0,1.0,0.0,0.0,0.0,1.0,0.0,0.0,0
1.0,-0.9432874538915136,0.0,0.0,1.0,0.5329961123703084,-1.3370300571472737,1.4416146922219109,-0.9620965017897624,1.0,0.7921180661604984,1.0,0.0,0.0,0.0,0.0,0.0,0.5793156974750526,0.0,1.0,0.0,0.0,0.0,0.0,1.0,1.0,0
0.0,1.9896595825131467,0.0,1.0,0.0,-0.5064419972567069,0.5802602414554231,-1.2302256562718357,1.8300037857004898,0.0,-1.5078807847507405,1.0,0.0,0.0,0.0,0.0,0.0,1.439283823723465,1.0,0.0,0.0,0.0,0.0,0.0,1.0,0.0,0
1.0,-0.28487077224965107,0.0,0.0,1.0,2.611872331624339,-0.3543909402723286,0.3207511277032507,1.7369369303915132,1.0,0.6185332472238011,0.0,1.0,0.0,1.0,1.0,1.0,1.439283823723465,1.0,0.0,0.0,0.0,0.0,1.0,0.0,0.0,0
0.0,1.031962591034074,0.0,0.0,1.0,2.611872331624339,0.8173383997157996,-1.449180164023625,-1.0190153766940322,1.0,1.4864573419072875,1.0,0.0,0.0,0.0,0.0,0.0,1.439283823723465,0.0,0.0,0.0,0.0,0.0,0.0,1.0,0.0,0
1.0,0.7925383431643057,0.0,0.0,1.0,1.5724342219973237,0.8587885538734988,-1.48353343252539,-1.0095525545985593,0.0,-0.9871263279406487,1.0,1.0,0.0,0.0,0.0,1.0,0.5793156974750526,0.0,0.0,0.0,1.0,0.0,0.0,0.0,1.0,0
1.0,0.7925383431643057,0.0,0.0,0.0,-0.5064419972567069,0.6076304519174027,-0.16155337070477735,-0.9297336502232448,0.0,1.0524952945655444,1.0,1.0,0.0,1.0,1.0,1.0,-0.2806524287733598,0.0,1.0,0.0,0.0,0.0,0.0,0.0,1.0,0
1.0,1.091818653001516,0.0,1.0,1.0,-0.5064419972567069,-0.872454992301149,0.8613097893533144,0.4039091818022371,1.0,1.2260801135022417,1.0,1.0,0.0,1.0,1.0,1.0,0.5793156974750526,0.0,1.0,0.0,0.0,0.0,0.0,0.0,0.0,0
1.0,-0.40458289618453513,0.0,0.0,0.0,-0.5064419972567069,-1.3427114450304682,1.1797632365459059,-0.8357205127047209,0.0,-0.9003339184723,1.0,1.0,0.0,0.0,1.0,1.0,1.439283823723465,0.0,0.0,0.0,1.0,0.0,0.0,0.0,1.0,0
0.0,-0.04544652437988287,0.0,0.0,0.0,-0.5064419972567069,-0.8381442777458658,0.8813120940125967,0.14439128583389113,0.0,0.5751370424896268,1.0,1.0,1.0,1.0,1.0,0.0,-0.2806524287733598,0.0,1.0,0.0,0.0,0.0,0.0,0.0,0.0,0
0.0,1.5108110867736102,0.0,1.0,1.0,-0.5064419972567069,-0.9628954416204438,0.8717713905469626,0.5903267770830545,1.0,1.4864573419072875,1.0,1.0,1.0,1.0,0.0,1.0,0.5793156974750526,0.0,0.0,0.0,0.0,0.0,0.0,0.0,0.0,0
0.0,-0.16515864831476695,0.0,0.0,1.0,-0.5064419972567069,0.7272901606482072,-1.2853854001442708,0.30667868477125243,1.0,0.05438258567953497,1.0,1.0,1.0,0.0,0.0,0.0,-2.0005886812701847,1.0,0.0,0.0,0.0,0.0,0.0,0.0,1.0,1
0.0,-1.481992011598492,1.0,0.0,1.0,2.611872331624339,0.41894578229129026,-0.982639810690984,0.47336629598300867,1.0,1.5298535466414618,1.0,1.0,1.0,1.0,1.0,0.0,-0.2806524287733598,1.0,0.0,0.0,0.0,0.0,0.0,0.0,0.0,0
0.0,0.13412166152244326,0.0,0.0,0.0,-0.5064419972567069,-0.84389197746543,0.9912740187618718,0.8110944165704387,0.0,1.5298535466414618,1.0,1.0,0.0,1.0,1.0,1.0,-0.2806524287733598,1.0,0.0,0.0,0.0,0.0,0.0,0.0,0.0,0
0.0,-0.6440071440543034,0.0,0.0,1.0,2.611872331624339,-0.9452864143403172,0.7038519644990843,1.201010001014402,1.0,1.4864573419072875,1.0,1.0,1.0,1.0,1.0,0.0,-0.2806524287733598,1.0,0.0,0.0,0.0,0.0,0.0,0.0,0.0,0
0.0,-1.42213594963105,1.0,0.0,0.0,-0.5064419972567069,0.6004562390349374,-1.0919225964344392,0.6929983968189362,0.0,-1.030522532674823,1.0,0.0,0.0,0.0,0.0,0.0,-0.2806524287733598,0.0,0.0,0.0,1.0,0.0,0.0,1.0,0.0,0
0.0,0.43340197135965347,0.0,0.0,1.0,1.5724342219973237,-0.8699084560483301,0.9111383843043567,0.6688208863650027,1.0,0.9223066803630213,1.0,1.0,0.0,1.0,1.0,1.0,0.5793156974750526,0.0,1.0,0.0,0.0,0.0,0.0,0.0,0.0,0
1.0,0.07426559955500123,0.0,0.0,0.0,-0.5064419972567069,1.868295690352054,-1.9579420172475035,-0.11001668620289945,0.0,-0.03240982378881367,1.0,1.0,1.0,1.0,1.0,0.0,0.5793156974750526,1.0,0.0,0.0,0.0,1.0,0.0,0.0,0.0,0
1.0,0.2538337854573274,0.0,0.0,1.0,-0.5064419972567069,0.9996304465795961,-0.8499705595493111,-1.024693069951316,1.0,1.5298535466414618,0.0,1.0,0.0,1.0,1.0,1.0,-0.2806524287733598,0.0,0.0,0.0,0.0,1.0,0.0,0.0,0.0,1
0.0,-1.3622798876636077,1.0,0.0,0.0,-0.5064419972567069,-0.427504187616073,0.2609181508213118,-0.07008357696000356,0.0,1.139287704033893,1.0,1.0,1.0,1.0,1.0,1.0,-0.2806524287733598,1.0,0.0,0.0,0.0,0.0,1.0,0.0,0.0,0
1.0,1.271386838903842,0.0,1.0,1.0,-0.5064419972567069,0.5606456854655489,-0.4334747230798957,-0.9872676085637204,1.0,-1.421088375282392,1.0,1.0,1.0,0.0,0.0,1.0,-2.0005886812701847,1.0,0.0,0.0,0.0,0.0,0.0,0.0,1.0,1
0.0,-1.0629995778263976,1.0,0.0,0.0,-0.5064419972567069,-0.9257559611673037,1.38385419659959,-0.9257592649431462,0.0,-1.4644845800165662,0.0,1.0,1.0,0.0,0.0,1.0,-2.0005886812701847,1.0,0.0,0.0,0.0,0.0,1.0,0.0,1.0,1
0.0,-1.481992011598492,1.0,0.0,0.0,-0.5064419972567069,0.9967313254407114,-0.5977617704641466,0.005051230478051768,0.0,-0.075806028522988,1.0,0.0,0.0,0.0,0.0,0.0,0.5793156974750526,0.0,0.0,1.0,0.0,0.0,0.0,1.0,0.0,0
0.0,-0.225014710282209,0.0,0.0,1.0,2.611872331624339,1.3768615013925618,-0.8271704974638608,-0.19584448260883922,1.0,1.5298535466414618,1.0,1.0,1.0,1.0,1.0,1.0,0.5793156974750526,0.0,0.0,0.0,0.0,0.0,0.0,0.0,0.0,0
0.0,1.8699474585782625,0.0,1.0,0.0,-0.5064419972567069,-0.8741281531481094,0.6210320700307784,-0.9176212379410394,0.0,-0.5965604853330798,0.0,1.0,0.0,0.0,1.0,1.0,0.5793156974750526,1.0,0.0,0.0,0.0,1.0,0.0,0.0,1.0,0
0.0,0.014409537587559178,0.0,0.0,1.0,-0.5064419972567069,1.4772996730661268,-0.20247795500813734,-1.0064298233070532,1.0,1.4430611371731132,0.0,1.0,1.0,1.0,0.0,1.0,-0.2806524287733598,1.0,0.0,0.0,0.0,0.0,1.0,0.0,0.0,0
1.0,0.6129701572619797,0.0,0.0,0.0,-0.5064419972567069,-1.3724413864501228,1.1813840350020648,1.3859135447599438,0.0,-1.160711146877346,1.0,1.0,0.0,0.0,1.0,1.0,-1.1406205550217723,1.0,0.0,0.0,0.0,0.0,0.0,0.0,1.0,1
1.0,-1.2425677637287238,1.0,0.0,1.0,2.611872331624339,-0.6718709871106991,0.798437757694639,0.16317498769340497,1.0,1.4430611371731132,1.0,1.0,0.0,1.0,1.0,0.0,-0.2806524287733598,1.0,0.0,0.0,0.0,0.0,0.0,0.0,0.0,0
0.0,-1.3622798876636077,1.0,0.0,0.0,-0.5064419972567069,2.069008680151053,-1.976672320385694,-1.013810824541522,0.0,1.3128725229705902,1.0,0.0,0.0,0.0,0.0,0.0,1.439283823723465,0.0,0.0,0.0,0.0,0.0,0.0,1.0,0.0,0
1.0,-0.7038632060217453,0.0,0.0,0.0,-0.5064419972567069,-0.8606114557210746,0.75288976851536,1.5358519608627128,0.0,-0.7267490995356027,1.0,1.0,0.0,0.0,0.0,1.0,0.5793156974750526,0.0,0.0,0.0,1.0,1.0,0.0,0.0,1.0,0
1.0,0.3136898474247694,0.0,0.0,1.0,2.611872331624339,-0.9927931843333548,0.8436217246758315,1.0205539836537327,1.0,0.05438258567953497,1.0,0.0,0.0,0.0,0.0,0.0,1.439283823723465,0.0,0.0,1.0,0.0,0.0,0.0,1.0,0.0,0
1.0,1.4509550248061682,0.0,1.0,0.0,-0.5064419972567069,1.9720539015892742,-0.9776772976837579,-1.0246457558408386,0.0,-1.4644845800165662,1.0,1.0,0.0,0.0,0.0,1.0,-0.2806524287733598,0.0,0.0,0.0,0.0,0.0,0.0,0.0,1.0,1
1.0,0.5531140952945376,0.0,0.0,1.0,-0.5064419972567069,0.6616462947268694,-1.0310722951585851,-0.3186245992976009,1.0,1.5298535466414618,0.0,1.0,1.0,1.0,1.0,1.0,-0.2806524287733598,1.0,0.0,0.0,0.0,0.0,1.0,0.0,0.0,0
0.0,0.49325803332709556,0.0,0.0,0.0,-0.5064419972567069,-0.7981958440776828,0.976959964647965,0.05477836058976218,0.0,0.1411749951478836,0.0,1.0,0.0,0.0,0.0,0.0,-0.2806524287733598,1.0,0.0,0.0,0.0,1.0,0.0,0.0,0.0,0
0.0,0.8523944051317478,0.0,0.0,1.0,0.5329961123703084,-0.8569950345960813,0.6612249189650974,0.40911373395474726,1.0,0.44494842828710385,1.0,1.0,0.0,0.0,1.0,1.0,-2.0005886812701847,1.0,0.0,0.0,0.0,0.0,0.0,0.0,1.0,1
1.0,0.5531140952945376,0.0,0.0,0.0,0.5329961123703084,-1.1551128338951566,1.1351453725267753,0.9613167173360719,0.0,-1.0739187374089973,1.0,1.0,0.0,0.0,0.0,1.0,0.5793156974750526,1.0,0.0,0.0,0.0,0.0,0.0,0.0,1.0,0
0.0,0.49325803332709556,0.0,0.0,0.0,-0.5064419972567069,1.6475565259691232,-0.34723145128603505,-0.8908414514108509,0.0,1.5298535466414618,1.0,1.0,1.0,1.0,1.0,1.0,0.5793156974750526,0.0,0.0,0.0,0.0,0.0,1.0,0.0,0.0,0
0.0,1.9298035205457047,0.0,1.0,0.0,-0.5064419972567069,-1.1994871783006122,1.2798153605437677,-0.34758083490974817,0.0,1.4864573419072875,1.0,0.0,0.0,0.0,0.0,0.0,-0.2806524287733598,0.0,0.0,0.0,0.0,0.0,0.0,1.0,0.0,0
0.0,-1.0629995778263976,1.0,0.0,0.0,-0.5064419972567069,0.7159900576540007,-1.039088626833981,-0.15477583471448655,0.0,-1.3342959658140432,1.0,1.0,0.0,1.0,0.0,1.0,1.439283823723465,0.0,0.0,0.0,0.0,0.0,1.0,0.0,1.0,0
1.0,-1.0629995778263976,1.0,0.0,1.0,-0.5064419972567069,-0.885632852417948,0.7015206537678217,-0.8946738943595175,1.0,0.9657028850971957,1.0,0.0,0.0,0.0,0.0,0.0,1.439283823723465,1.0,0.0,0.0,0.0,0.0,0.0,1.0,0.0,0
0.0,-0.40458289618453513,0.0,0.0,0.0,-0.5064419972567069,-0.9830121884686878,0.6251862599821623,0.14467517049675532,0.0,-1.3776921705482175,1.0,1.0,0.0,1.0,1.0,1.0,-0.2806524287733598,1.0,0.0,0.0,0.0,0.0,0.0,0.0,1.0,0
1.0,0.2538337854573274,0.0,0.0,1.0,1.5724342219973237,-1.4276662072519581,1.3017060591913945,-0.9138834232133276,1.0,0.3581560188187552,1.0,1.0,1.0,1.0,0.0,1.0,-0.2806524287733598,0.0,1.0,0.0,0.0,0.0,1.0,0.0,1.0,0
1.0,0.6728262192294217,0.0,0.0,1.0,0.5329961123703084,-0.8507993256405487,0.5305058856071307,-0.7792747789052247,1.0,0.8355142708946727,1.0,0.0,0.0,0.0,0.0,0.0,-0.2806524287733598,0.0,1.0,0.0,0.0,0.0,0.0,1.0,0.0,0
1.0,1.031962591034074,0.0,0.0,0.0,-0.5064419972567069,-0.9022504368762412,0.6411095782620438,-0.6532299885935249,0.0,1.139287704033893,1.0,0.0,0.0,0.0,0.0,0.0,-0.2806524287733598,0.0,1.0,0.0,0.0,0.0,0.0,1.0,0.0,0
1.0,-0.10530258634732491,0.0,0.0,1.0,-0.5064419972567069,-1.37157124576799,1.2321981197061194,0.3919860259619412,1.0,0.8355142708946727,1.0,1.0,0.0,1.0,1.0,1.0,0.5793156974750526,1.0,0.0,0.0,0.0,0.0,0.0,0.0,0.0,0
1.0,-0.28487077224965107,0.0,0.0,1.0,2.611872331624339,0.7424517150896078,-0.3212451568811505,-1.0154195042977525,1.0,0.18457119988205792,1.0,1.0,1.0,1.0,1.0,1.0,-2.0005886812701847,1.0,0.0,0.0,0.0,1.0,0.0,0.0,1.0,1
0.0,0.8523944051317478,0.0,0.0,0.0,-0.5064419972567069,-1.3474373763932725,1.203189379902349,2.4750370538384043,0.0,-1.3342959658140432,1.0,1.0,0.0,0.0,0.0,1.0,-1.1406205550217723,0.0,0.0,0.0,0.0,0.0,0.0,0.0,1.0,1
0.0,-0.5242950201194192,0.0,0.0,0.0,-0.5064419972567069,-0.2364864735030189,-0.2461504686040806,-0.9778047864682474,0.0,-1.2475035563456947,1.0,1.0,0.0,0.0,0.0,1.0,-0.2806524287733598,0.0,0.0,0.0,0.0,0.0,1.0,0.0,1.0,0
1.0,-1.3622798876636077,1.0,0.0,1.0,-0.5064419972567069,-0.915074903426042,0.7561982643107128,0.14131586865286241,1.0,0.6619294519579755,1.0,0.0,0.0,0.0,0.0,0.0,-0.2806524287733598,0.0,1.0,0.0,0.0,0.0,0.0,1.0,0.0,0
1.0,-1.2425677637287238,1.0,0.0,1.0,0.5329961123703084,-0.7501343189657383,0.5280084810972632,-0.5670236793037662,1.0,-1.2475035563456947,1.0,0.0,0.0,0.0,0.0,0.0,-0.2806524287733598,1.0,0.0,0.0,0.0,0.0,0.0,1.0,0.0,0
1.0,1.8699474585782625,0.0,1.0,1.0,-0.5064419972567069,-0.9919901641685241,0.910402496590848,1.0501726168125631,1.0,1.5298535466414618,1.0,1.0,0.0,1.0,0.0,1.0,1.439283823723465,0.0,0.0,0.0,0.0,0.0,0.0,0.0,0.0,0
1.0,0.43340197135965347,0.0,0.0,1.0,1.5724342219973237,-0.8409867912195582,0.7351338822116105,-0.5520724203929189,1.0,0.3581560188187552,0.0,1.0,1.0,0.0,1.0,1.0,-0.2806524287733598,0.0,1.0,0.0,0.0,0.0,1.0,0.0,1.0,0
0.0,-0.28487077224965107,0.0,0.0,1.0,-0.5064419972567069,0.5633491058190501,-0.6221840151205739,0.4138451450024837,1.0,-1.160711146877346,1.0,1.0,0.0,0.0,0.0,1.0,-1.1406205550217723,1.0,0.0,0.0,0.0,0.0,0.0,0.0,1.0,1
0.0,-0.10530258634732491,0.0,0.0,1.0,-0.5064419972567069,-0.9257559611673037,1.38385419659959,-0.9257592649431462,1.0,1.5298535466414618,1.0,1.0,1.0,1.0,1.0,1.0,-0.2806524287733598,0.0,0.0,0.0,0.0,0.0,0.0,0.0,0.0,0
0.0,-1.481992011598492,1.0,0.0,1.0,-0.5064419972567069,0.895615883487139,-1.4343558329121329,-1.018731492031168,1.0,0.5317408377554524,0.0,1.0,0.0,0.0,1.0,1.0,0.5793156974750526,1.0,0.0,0.0,0.0,1.0,0.0,0.0,0.0,0
0.0,1.4509550248061682,0.0,1.0,1.0,-0.5064419972567069,0.2175300487629475,-0.02687899855814025,-0.26378754525433507,1.0,-0.7701453042697771,1.0,1.0,1.0,1.0,0.0,1.0,0.5793156974750526,1.0,0.0,0.0,0.0,0.0,1.0,0.0,1.0,0
1.0,-1.1827117017612818,1.0,0.0,0.0,-0.5064419972567069,0.5009816106910756,0.191471112388193,-1.0081804453947156,0.0,-1.160711146877346,1.0,0.0,0.0,0.0,0.0,0.0,1.439283823723465,1.0,0.0,0.0,0.0,0.0,0.0,1.0,1.0,0
0.0,0.07426559955500123,0.0,0.0,1.0,2.611872331624339,-0.8039520349470249,0.6559357548599601,1.169498803436477,1.0,1.00909908983137,1.0,1.0,1.0,1.0,1.0,0.0,-0.2806524287733598,1.0,0.0,0.0,0.0,0.0,0.0,0.0,0.0,0
1.0,1.6903792726759364,0.0,1.0,0.0,-0.5064419972567069,1.0010347210168837,-0.6974097329340839,1.0312942867320944,0.0,0.7921180661604984,1.0,1.0,0.0,1.0,0.0,1.0,0.5793156974750526,1.0,0.0,0.0,0.0,0.0,0.0,0.0,0.0,0
1.0,-0.04544652437988287,0.0,0.0,0.0,-0.5064419972567069,-0.9850989896120318,0.743461178350272,1.0194184450022759,0.0,-0.03240982378881367,0.0,1.0,1.0,1.0,1.0,1.0,-0.2806524287733598,1.0,0.0,0.0,0.0,1.0,0.0,0.0,0.0,0
1.0,0.07426559955500123,0.0,0.0,0.0,-0.5064419972567069,0.5741057752273916,-1.0507917790226493,2.4164148709569493,0.0,1.4864573419072875,1.0,1.0,1.0,1.0,0.0,1.0,-0.2806524287733598,0.0,0.0,0.0,0.0,0.0,1.0,0.0,0.0,0
1.0,0.9721065290666319,0.0,0.0,0.0,0.5329961123703084,-1.1280572003154734,0.9922179850702411,0.6162549096246503,0.0,-0.46637187113055684,1.0,1.0,0.0,1.0,1.0,1.0,1.439283823723465,0.0,0.0,1.0,0.0,0.0,0.0,0.0,0.0,0
1.0,-1.0031435158589557,0.0,0.0,0.0,-0.5064419972567069,0.2378481571630946,0.39607419492588686,-1.0327837828429454,0.0,-1.3776921705482175,1.0,1.0,0.0,0.0,1.0,1.0,-0.2806524287733598,0.0,0.0,0.0,0.0,0.0,0.0,0.0,1.0,1
1.0,0.014409537587559178,0.0,0.0,0.0,-0.5064419972567069,-0.9212791035313553,0.7526756920896076,0.8625721687698116,0.0,0.4883446330212782,1.0,1.0,0.0,1.0,0.0,1.0,-1.1406205550217723,1.0,0.0,0.0,0.0,0.0,0.0,0.0,0.0,1
1.0,-0.7038632060217453,0.0,0.0,1.0,0.5329961123703084,1.2623195299357994,-0.4737603077072606,-1.0303234490981223,1.0,0.9223066803630213,1.0,0.0,0.0,0.0,0.0,0.0,-0.2806524287733598,1.0,0.0,0.0,0.0,0.0,0.0,1.0,0.0,0
0.0,-1.541848073565934,1.0,0.0,1.0,-0.5064419972567069,0.48165413643182964,-1.1705629255129628,0.17259049567840057,1.0,0.7921180661604984,1.0,1.0,0.0,1.0,1.0,1.0,-2.0005886812701847,0.0,1.0,0.0,0.0,0.0,0.0,0.0,0.0,1
1.0,-0.8834313919240715,0.0,0.0,0.0,-0.5064419972567069,-0.8594566593511074,0.6362102731650042,-0.07159762849527923,0.0,-0.11920223325716231,1.0,1.0,0.0,0.0,0.0,1.0,1.439283823723465,0.0,0.0,1.0,0.0,1.0,0.0,0.0,1.0,0
1.0,1.2115307769364,0.0,1.0,0.0,-0.5064419972567069,-0.3378457327573922,0.013439804824945634,-1.0228951337531762,0.0,-0.7267490995356027,1.0,1.0,0.0,0.0,1.0,1.0,-2.0005886812701847,0.0,0.0,0.0,1.0,0.0,0.0,0.0,1.0,1
1.0,-0.3447268342170931,0.0,0.0,1.0,-0.5064419972567069,-0.4061097248962998,0.5395856788371582,-0.9692409324718444,1.0,0.27136360935040654,1.0,1.0,0.0,0.0,0.0,1.0,0.5793156974750526,0.0,1.0,0.0,0.0,0.0,0.0,0.0,1.0,0
0.0,-0.46443895815197717,0.0,0.0,0.0,-0.5064419972567069,0.05797568364589398,-0.9733417886907432,0.5174157328374352,0.0,-0.5531642805989055,1.0,1.0,0.0,0.0,1.0,1.0,-0.2806524287733598,0.0,0.0,1.0,0.0,0.0,0.0,0.0,1.0,0
0.0,-0.3447268342170931,0.0,0.0,1.0,-0.5064419972567069,0.24271358598655784,0.1474548769448689,0.33449938173194294,1.0,1.3996649324389387,1.0,1.0,1.0,1.0,1.0,1.0,-0.2806524287733598,1.0,0.0,0.0,0.0,0.0,1.0,0.0,0.0,0
1.0,-0.7637192679891874,0.0,0.0,0.0,-0.5064419972567069,0.7578728561099711,-1.161075741153762,-1.0296610515514393,0.0,-0.6399566900672541,0.0,1.0,0.0,1.0,1.0,1.0,0.5793156974750526,1.0,0.0,0.0,0.0,0.0,1.0,0.0,1.0,0
1.0,-0.8235753299566294,0.0,0.0,1.0,-0.5064419972567069,-0.7122573215032082,1.6703618123368744,-0.369865780944587,1.0,0.8355142708946727,1.0,1.0,1.0,0.0,1.0,1.0,-0.2806524287733598,0.0,1.0,0.0,0.0,0.0,0.0,0.0,0.0,0
0.0,-1.3622798876636077,1.0,0.0,0.0,2.611872331624339,2.1210743888945736,-1.2092235593397143,-0.7582199997427974,0.0,-0.9871263279406487,1.0,1.0,1.0,1.0,1.0,1.0,-0.2806524287733598,1.0,0.0,0.0,0.0,1.0,0.0,0.0,0.0,0
1.0,-1.42213594963105,1.0,0.0,1.0,0.5329961123703084,-1.1551128338951566,1.1351453725267753,0.9613167173360719,1.0,0.5317408377554524,1.0,1.0,0.0,1.0,1.0,1.0,1.439283823723465,1.0,0.0,0.0,0.0,0.0,1.0,0.0,0.0,0
1.0,-0.40458289618453513,0.0,0.0,0.0,-0.5064419972567069,1.0528703600354359,-0.7021341781919905,-0.3040991673810499,0.0,1.5298535466414618,1.0,1.0,1.0,0.0,0.0,1.0,-0.2806524287733598,1.0,0.0,0.0,0.0,0.0,1.0,0.0,0.0,0
1.0,-0.28487077224965107,0.0,0.0,0.0,-0.5064419972567069,0.09572086611661666,0.12631898224665136,-1.0066190797489627,0.0,-0.5097680758647312,1.0,0.0,0.0,0.0,0.0,0.0,-0.2806524287733598,0.0,0.0,1.0,0.0,0.0,0.0,1.0,0.0,0
1.0,1.6903792726759364,0.0,1.0,1.0,-0.5064419972567069,0.03414062187530831,0.17733699320109894,1.0796966217504387,0.0,0.748721861426324,1.0,1.0,0.0,0.0,1.0,1.0,-1.1406205550217723,0.0,1.0,0.0,0.0,0.0,0.0,0.0,0.0,1
0.0,-1.481992011598492,1.0,0.0,1.0,1.5724342219973237,-1.0707334481563227,0.9357068837602698,0.9139079786377524,1.0,1.5298535466414618,1.0,1.0,1.0,1.0,1.0,1.0,-0.2806524287733598,1.0,0.0,0.0,0.0,0.0,0.0,0.0,0.0,0
1.0,0.6129701572619797,0.0,0.0,0.0,-0.5064419972567069,-0.914987161544991,0.6465574542000629,0.7383726287667289,0.0,0.8355142708946727,1.0,0.0,0.0,0.0,0.0,0.0,1.439283823723465,0.0,1.0,0.0,0.0,0.0,0.0,1.0,0.0,0
1.0,-0.46443895815197717,0.0,0.0,1.0,0.5329961123703084,2.231395045889692,-1.5297028892595947,-1.0330203533953322,1.0,-0.03240982378881367,1.0,1.0,1.0,1.0,1.0,1.0,-0.2806524287733598,1.0,0.0,0.0,0.0,0.0,0.0,0.0,1.0,0
0.0,0.7326822811968637,0.0,0.0,1.0,1.5724342219973237,0.8717448354151073,-0.8064406097799987,-1.0271060895856616,1.0,0.878910475628847,1.0,1.0,0.0,0.0,0.0,0.0,1.439283823723465,0.0,1.0,0.0,0.0,0.0,0.0,0.0,1.0,0
0.0,-1.3622798876636077,1.0,0.0,1.0,-0.5064419972567069,-0.8700026673768329,1.3177345701977181,-0.9918570772800248,1.0,0.7921180661604984,1.0,1.0,1.0,0.0,1.0,0.0,0.5793156974750526,1.0,0.0,0.0,0.0,0.0,1.0,0.0,0.0,0
0.0,1.4509550248061682,0.0,1.0,1.0,-0.5064419972567069,0.8360864540877315,-1.045973213956872,2.6383180490957905,1.0,1.269476318236416,1.0,1.0,0.0,0.0,0.0,1.0,-1.1406205550217723,1.0,0.0,0.0,0.0,0.0,0.0,0.0,1.0,1
0.0,-0.40458289618453513,0.0,0.0,1.0,-0.5064419972567069,-0.5302709560314598,0.24255879045533146,-0.9649826625288815,1.0,1.3128725229705902,1.0,1.0,1.0,0.0,1.0,1.0,-0.2806524287733598,0.0,0.0,0.0,0.0,0.0,0.0,0.0,0.0,0
1.0,-1.3622798876636077,1.0,0.0,1.0,2.611872331624339,-0.8529896379431084,1.0985770589387547,2.5531053361260563,1.0,0.44494842828710385,1.0,0.0,0.0,0.0,0.0,0.0,0.5793156974750526,1.0,0.0,0.0,0.0,0.0,0.0,1.0,0.0,0
1.0,-1.1228556397938396,1.0,0.0,1.0,-0.5064419972567069,2.069008680151053,-1.976672320385694,-1.013810824541522,1.0,1.5298535466414618,1.0,0.0,0.0,0.0,0.0,0.0,-0.2806524287733598,1.0,0.0,0.0,0.0,0.0,0.0,1.0,0.0,0
0.0,-1.541848073565934,1.0,0.0,1.0,0.5329961123703084,0.7197455718991854,-0.8887059355764266,0.26901665283127,1.0,0.1411749951478836,1.0,0.0,0.0,0.0,0.0,0.0,1.439283823723465,0.0,1.0,0.0,0.0,0.0,0.0,1.0,0.0,0
1.0,-1.481992011598492,1.0,0.0,1.0,-0.5064419972567069,-0.9267902640784995,0.696758376038127,0.7668084091636252,1.0,-0.6833528948014285,1.0,1.0,1.0,1.0,1.0,1.0,-2.0005886812701847,0.0,0.0,0.0,1.0,0.0,0.0,0.0,1.0,1
1.0,1.2115307769364,0.0,1.0,0.0,-0.5064419972567069,1.1376929029246479,-0.9853526757414222,-1.0120602024538596,0.0,-0.9437301232064743,1.0,1.0,0.0,0.0,0.0,1.0,-1.1406205550217723,0.0,0.0,0.0,1.0,0.0,0.0,0.0,1.0,1
1.0,0.5531140952945376,0.0,0.0,0.0,1.5724342219973237,-0.7830674455544672,0.6676444435079144,-0.14994979544579534,0.0,1.5298535466414618,1.0,0.0,0.0,0.0,0.0,0.0,0.5793156974750526,1.0,0.0,0.0,0.0,0.0,0.0,1.0,0.0,0
0.0,1.9298035205457047,0.0,1.0,1.0,-0.5064419972567069,1.6019651167619857,-0.29202603162448926,-1.0144259079777278,1.0,0.05438258567953497,1.0,1.0,0.0,1.0,0.0,1.0,0.5793156974750526,0.0,0.0,1.0,0.0,0.0,0.0,0.0,0.0,0
0.0,0.49325803332709556,0.0,0.0,0.0,-0.5064419972567069,0.8360864540877315,-1.045973213956872,2.6383180490957905,0.0,-1.421088375282392,1.0,0.0,0.0,0.0,0.0,0.0,1.439283823723465,1.0,0.0,0.0,0.0,0.0,0.0,1.0,1.0,0
0.0,0.49325803332709556,0.0,0.0,0.0,2.611872331624339,-0.7816817707786023,0.6108772809559351,0.5425868396113934,0.0,-1.030522532674823,1.0,1.0,0.0,0.0,0.0,0.0,-0.2806524287733598,0.0,0.0,0.0,1.0,0.0,0.0,0.0,1.0,0
0.0,-0.5242950201194192,0.0,0.0,0.0,-0.5064419972567069,-0.7833880875437478,0.5553978065596994,0.2907811436508579,0.0,0.09777879041370928,1.0,1.0,1.0,1.0,1.0,1.0,0.5793156974750526,1.0,0.0,0.0,0.0,0.0,0.0,0.0,0.0,0
1.0,-1.42213594963105,1.0,0.0,0.0,-0.5064419972567069,-0.8945093386609034,0.6926729304562219,3.7517136968491394,0.0,-1.3342959658140432,0.0,1.0,0.0,1.0,1.0,1.0,-2.0005886812701847,0.0,0.0,0.0,0.0,0.0,1.0,0.0,1.0,1
1.0,-0.28487077224965107,0.0,0.0,0.0,-0.5064419972567069,0.8173383997157996,-1.449180164023625,-1.0190153766940322,0.0,-1.030522532674823,1.0,0.0,0.0,0.0,0.0,0.0,1.439283823723465,0.0,0.0,0.0,1.0,0.0,0.0,1.0,1.0,0
1.0,0.014409537587559178,0.0,0.0,1.0,-0.5064419972567069,-0.993302248979638,1.5849028722752891,-0.10500139049229879,1.0,-0.46637187113055684,1.0,1.0,0.0,0.0,1.0,1.0,-2.0005886812701847,1.0,0.0,0.0,0.0,0.0,0.0,0.0,1.0,1
0.0,-0.16515864831476695,0.0,0.0,0.0,-0.5064419972567069,0.22451503030747508,-0.8787739889878704,0.017542155644076077,0.0,-1.1173149421431716,1.0,1.0,0.0,0.0,0.0,0.0,1.439283823723465,0.0,0.0,0.0,1.0,0.0,1.0,0.0,1.0,0
0.0,0.5531140952945376,0.0,0.0,1.0,-0.5064419972567069,0.0673066485722666,0.247190038648573,-0.8234661580910835,1.0,0.010986380945360646,1.0,0.0,0.0,0.0,0.0,0.0,0.5793156974750526,1.0,0.0,0.0,0.0,0.0,0.0,1.0,1.0,0
0.0,0.8523944051317478,0.0,0.0,1.0,0.5329961123703084,0.1674536951105483,0.21274772542661047,-0.637427075694085,1.0,0.5317408377554524,1.0,1.0,0.0,0.0,1.0,1.0,-0.2806524287733598,0.0,1.0,0.0,0.0,0.0,0.0,0.0,0.0,0
1.0,-1.0031435158589557,0.0,0.0,0.0,-0.5064419972567069,-1.0319628582646496,0.9356063047498947,-0.7390577849994646,0.0,-0.3361832569280339,0.0,1.0,0.0,0.0,0.0,1.0,1.439283823723465,1.0,0.0,0.0,0.0,1.0,0.0,0.0,1.0,0
0.0,-0.7038632060217453,0.0,0.0,1.0,2.611872331624339,-0.8877487660748247,0.7397785101814668,2.2133427087880997,1.0,1.269476318236416,0.0,1.0,0.0,1.0,1.0,1.0,-0.2806524287733598,1.0,0.0,0.0,0.0,1.0,0.0,0.0,0.0,0
1.0,0.7925383431643057,0.0,0.0,1.0,2.611872331624339,1.1347852906359823,-1.6708706054062072,-0.972174407321441,1.0,-0.5531642805989055,1.0,1.0,0.0,1.0,0.0,1.0,1.439283823723465,1.0,0.0,0.0,0.0,0.0,0.0,0.0,0.0,0
1.0,0.8523944051317478,0.0,0.0,1.0,0.5329961123703084,1.3247852797969346,-0.9169561804579328,-1.0336827509420152,1.0,-1.290899761079869,1.0,0.0,0.0,0.0,0.0,0.0,-0.2806524287733598,1.0,0.0,0.0,0.0,0.0,0.0,1.0,1.0,0
0.0,-1.42213594963105,1.0,0.0,0.0,-0.5064419972567069,-1.3724413864501228,1.1813840350020648,1.3859135447599438,0.0,-0.5531642805989055,1.0,1.0,0.0,1.0,1.0,1.0,-0.2806524287733598,1.0,0.0,0.0,0.0,0.0,0.0,0.0,1.0,1
1.0,-0.5242950201194192,0.0,0.0,1.0,0.5329961123703084,0.8649272508233687,-0.3779966327984781,-1.0361903987973156,1.0,1.5298535466414618,1.0,1.0,1.0,1.0,1.0,1.0,-0.2806524287733598,1.0,0.0,0.0,0.0,0.0,0.0,0.0,0.0,0
0.0,-0.3447268342170931,0.0,0.0,0.0,-0.5064419972567069,0.66874893934691,-0.7068300184102433,-0.7961659163456439,0.0,-1.2475035563456947,1.0,1.0,0.0,0.0,0.0,1.0,0.5793156974750526,0.0,0.0,0.0,0.0,0.0,1.0,0.0,1.0,0
0.0,1.4509550248061682,0.0,1.0,1.0,0.5329961123703084,-1.3823133589195666,1.5117542494374645,-0.9612921619116471,1.0,0.05438258567953497,1.0,1.0,0.0,0.0,0.0,1.0,1.439283823723465,1.0,0.0,0.0,0.0,0.0,0.0,0.0,0.0,0
0.0,-1.3024238256961658,1.0,0.0,1.0,1.5724342219973237,2.1299019499411793,-0.5324043299573937,-1.0174540110482793,1.0,-0.8135415090039514,0.0,1.0,0.0,1.0,0.0,1.0,1.439283823723465,1.0,0.0,0.0,0.0,0.0,1.0,0.0,0.0,0
1.0,-0.5242950201194192,0.0,0.0,1.0,1.5724342219973237,0.6134561893468433,-1.2444598930976922,-0.060478812533098496,1.0,0.7053256566921497,1.0,1.0,0.0,1.0,1.0,1.0,0.5793156974750526,1.0,0.0,0.0,0.0,0.0,0.0,0.0,1.0,0
0.0,-0.16515864831476695,0.0,0.0,1.0,0.5329961123703084,-0.9831787767405445,0.8692642972333418,0.05917857286415711,1.0,-0.11920223325716231,1.0,0.0,0.0,0.0,0.0,0.0,-0.2806524287733598,0.0,0.0,1.0,0.0,0.0,0.0,1.0,1.0,0
1.0,0.19397772348988532,0.0,0.0,1.0,1.5724342219973237,-1.2445974223535996,1.2885159063126697,1.2665400440255523,1.0,1.3562687277047645,1.0,1.0,0.0,0.0,0.0,1.0,0.5793156974750526,0.0,0.0,0.0,0.0,0.0,0.0,0.0,0.0,0
0.0,0.9122504670991899,0.0,0.0,1.0,-0.5064419972567069,-0.830343337141607,0.6275669374754035,0.2617302798177559,1.0,-0.24939084745968526,1.0,1.0,0.0,1.0,0.0,0.0,-2.0005886812701847,1.0,0.0,0.0,0.0,0.0,0.0,0.0,1.0,1
0.0,-0.6440071440543034,0.0,0.0,1.0,-0.5064419972567069,1.3671726951540686,-0.4043197284766396,-1.0207186846712173,1.0,1.139287704033893,0.0,1.0,1.0,1.0,1.0,1.0,-0.2806524287733598,1.0,0.0,0.0,0.0,1.0,0.0,0.0,0.0,0
0.0,-1.2425677637287238,1.0,0.0,1.0,-0.5064419972567069,-0.8846276620202819,0.5854155660684497,0.0774891336188973,1.0,1.3562687277047645,1.0,1.0,0.0,1.0,1.0,1.0,-1.1406205550217723,0.0,0.0,0.0,0.0,0.0,0.0,0.0,0.0,1
1.0,0.014409537587559178,0.0,0.0,0.0,-0.5064419972567069,-0.1445232779899912,0.518266619610879,-1.0245984417303613,0.0,0.878910475628847,1.0,1.0,0.0,0.0,1.0,1.0,0.5793156974750526,1.0,0.0,0.0,0.0,0.0,0.0,0.0,0.0,0
1.0,-1.1228556397938396,1.0,0.0,1.0,1.5724342219973237,1.5979350553406058,-0.6277375451566412,-1.033114981616287,1.0,0.18457119988205792,1.0,1.0,0.0,1.0,1.0,1.0,1.439283823723465,1.0,0.0,0.0,0.0,0.0,0.0,0.0,0.0,0
1.0,1.8699474585782625,0.0,1.0,1.0,-0.5064419972567069,1.8979071600152662,-1.525273721830309,-1.0024554380269546,1.0,1.3562687277047645,1.0,1.0,0.0,1.0,0.0,1.0,1.439283823723465,1.0,0.0,0.0,0.0,0.0,1.0,0.0,0.0,0
0.0,0.014409537587559178,0.0,0.0,0.0,-0.5064419972567069,0.4546684537527068,-0.9795398548620914,1.4389526626050697,0.0,-1.290899761079869,0.0,1.0,1.0,1.0,0.0,1.0,0.5793156974750526,1.0,0.0,0.0,0.0,0.0,1.0,0.0,0.0,0
1.0,0.13412166152244326,0.0,0.0,1.0,0.5329961123703084,-0.8617872777952554,0.6610749731927501,0.5034580702466127,1.0,1.3562687277047645,1.0,1.0,1.0,1.0,1.0,0.0,-0.2806524287733598,1.0,0.0,0.0,0.0,0.0,1.0,0.0,0.0,0
1.0,-0.9432874538915136,0.0,0.0,0.0,1.5724342219973237,-0.8779625137841027,0.6763994311264616,1.933385117093532,0.0,-1.2475035563456947,1.0,1.0,0.0,1.0,1.0,1.0,-0.2806524287733598,1.0,0.0,0.0,0.0,1.0,0.0,0.0,1.0,1
0.0,-0.10530258634732491,0.0,0.0,0.0,-0.5064419972567069,-0.9518326864795895,0.6291628218647636,-0.15274132796395987,0.0,-0.7267490995356027,1.0,1.0,0.0,0.0,0.0,1.0,-0.2806524287733598,0.0,0.0,0.0,1.0,0.0,0.0,0.0,1.0,0
1.0,-0.04544652437988287,0.0,0.0,0.0,-0.5064419972567069,1.4116469116545465,-1.809861108938359,-1.028856711673324,0.0,-1.1173149421431716,1.0,1.0,0.0,0.0,0.0,1.0,-2.0005886812701847,0.0,0.0,0.0,1.0,1.0,0.0,0.0,1.0,1
0.0,-1.601704135533376,1.0,0.0,0.0,-0.5064419972567069,0.906191408366859,-1.3981035588750579,0.6720382458774635,0.0,-1.421088375282392,1.0,1.0,0.0,0.0,1.0,1.0,-1.1406205550217723,0.0,0.0,0.0,0.0,0.0,0.0,0.0,1.0,1
0.0,0.19397772348988532,0.0,0.0,0.0,-0.5064419972567069,0.7025841495145596,-0.5089112877179092,-1.0089847852728309,0.0,-0.3361832569280339,1.0,1.0,0.0,0.0,1.0,0.0,1.439283823723465,1.0,0.0,0.0,0.0,0.0,0.0,0.0,1.0,0
1.0,0.7326822811968637,0.0,0.0,0.0,1.5724342219973237,-1.2694364615004543,1.21144193384064,-0.1881795967115061,0.0,-0.7701453042697771,1.0,1.0,0.0,0.0,0.0,1.0,-0.2806524287733598,0.0,0.0,0.0,1.0,1.0,0.0,0.0,1.0,0
1.0,-0.5841510820868613,0.0,0.0,1.0,-0.5064419972567069,-0.9328586057873415,0.7027806596271299,0.3739593498700652,1.0,0.5751370424896268,1.0,0.0,0.0,0.0,0.0,0.0,0.5793156974750526,0.0,1.0,0.0,0.0,0.0,0.0,1.0,0.0,0
1.0,-1.661560197500818,1.0,0.0,1.0,2.611872331624339,-0.6554911548462199,0.9061731030674877,-0.7160631273074654,1.0,0.4883446330212782,1.0,0.0,0.0,0.0,0.0,0.0,1.439283823723465,1.0,0.0,0.0,0.0,0.0,0.0,1.0,0.0,0
0.0,1.7502353346433785,0.0,1.0,1.0,-0.5064419972567069,-0.9692294350152384,0.6901681440006379,1.5880867388297235,1.0,1.2260801135022417,1.0,1.0,0.0,0.0,0.0,1.0,-0.2806524287733598,1.0,0.0,0.0,0.0,0.0,0.0,0.0,0.0,0
0.0,-0.46443895815197717,0.0,0.0,1.0,0.5329961123703084,0.9727373578671146,-0.7491027305498904,0.6389656826537855,1.0,0.27136360935040654,1.0,0.0,0.0,0.0,0.0,0.0,0.5793156974750526,1.0,0.0,0.0,0.0,0.0,0.0,1.0,0.0,0
0.0,0.37354590939221144,0.0,0.0,1.0,-0.5064419972567069,-0.29462375867910706,0.21831278975286184,-0.31909774040237454,1.0,-0.9871263279406487,0.0,1.0,0.0,0.0,1.0,1.0,-0.2806524287733598,0.0,0.0,0.0,1.0,0.0,1.0,0.0,1.0,1
0.0,-0.3447268342170931,0.0,0.0,1.0,2.611872331624339,0.4747750920893085,-1.0173700197958508,-0.42063382148679945,1.0,-0.24939084745968526,0.0,1.0,1.0,0.0,0.0,1.0,-2.0005886812701847,1.0,0.0,0.0,0.0,0.0,1.0,0.0,1.0,1
1.0,-1.0031435158589557,0.0,0.0,1.0,1.5724342219973237,-0.9711791647407202,0.8994684508714091,-0.7563747494341801,1.0,-0.075806028522988,1.0,0.0,0.0,0.0,0.0,0.0,-0.2806524287733598,0.0,0.0,1.0,0.0,0.0,0.0,1.0,0.0,0
0.0,0.19397772348988532,0.0,0.0,1.0,-0.5064419972567069,-0.863043967962571,1.1543093649757494,-0.4623648669278352,0.0,0.3581560188187552,1.0,1.0,0.0,1.0,1.0,1.0,1.439283823723465,0.0,1.0,0.0,0.0,0.0,0.0,0.0,1.0,0
0.0,-0.40458289618453513,0.0,0.0,0.0,-0.5064419972567069,0.6330658932511273,-0.46881163584824875,0.16383738524008806,0.0,-0.5531642805989055,1.0,1.0,0.0,0.0,0.0,1.0,-1.1406205550217723,1.0,0.0,0.0,0.0,0.0,0.0,0.0,1.0,1
1.0,0.7326822811968637,0.0,0.0,0.0,-0.5064419972567069,0.7885639148165323,-0.7155637829348596,-0.8396002697638648,0.0,-1.030522532674823,1.0,1.0,1.0,0.0,0.0,0.0,-0.2806524287733598,0.0,0.0,0.0,1.0,0.0,0.0,0.0,1.0,0
0.0,-1.541848073565934,1.0,0.0,1.0,0.5329961123703084,-0.8875081834977466,0.8587477928184356,0.45898280639788974,1.0,-0.24939084745968526,1.0,1.0,0.0,0.0,1.0,1.0,1.439283823723465,1.0,0.0,0.0,0.0,0.0,1.0,0.0,1.0,0
0.0,-1.541848073565934,1.0,0.0,0.0,-0.5064419972567069,0.6466153422558824,-0.5752805161592848,-0.49430189150005643,0.0,-1.4644845800165662,1.0,1.0,0.0,1.0,1.0,1.0,1.439283823723465,0.0,0.0,0.0,0.0,0.0,0.0,0.0,1.0,0
0.0,0.2538337854573274,0.0,0.0,1.0,-0.5064419972567069,0.8516386014189731,-1.3298284043242685,-0.8584785998443334,1.0,1.139287704033893,1.0,1.0,0.0,1.0,1.0,1.0,0.5793156974750526,1.0,0.0,0.0,0.0,1.0,0.0,0.0,0.0,0
1.0,0.014409537587559178,0.0,0.0,0.0,-0.5064419972567069,-0.8296632364783414,0.7357438154763521,0.28245386020684166,0.0,-1.030522532674823,1.0,1.0,0.0,0.0,0.0,1.0,-0.2806524287733598,1.0,0.0,0.0,0.0,0.0,0.0,0.0,1.0,0
1.0,0.13412166152244326,0.0,0.0,1.0,-0.5064419972567069,1.0442409258170073,-1.4666633797075028,-0.6014210376208103,1.0,-0.6833528948014285,1.0,1.0,0.0,1.0,0.0,1.0,-0.2806524287733598,0.0,0.0,0.0,1.0,0.0,0.0,0.0,0.0,0
1.0,1.2115307769364,0.0,1.0,0.0,-0.5064419972567069,0.9426649400730337,-0.7830855176510645,-0.3290810177130985,0.0,-1.3342959658140432,1.0,0.0,0.0,0.0,0.0,0.0,-0.2806524287733598,0.0,0.0,0.0,0.0,0.0,0.0,1.0,0.0,0
0.0,-0.6440071440543034,0.0,0.0,0.0,-0.5064419972567069,-1.0267525270239661,1.655556858832889,0.05908394464320238,0.0,-1.4644845800165662,1.0,1.0,1.0,1.0,1.0,1.0,0.5793156974750526,0.0,0.0,0.0,0.0,1.0,0.0,0.0,1.0,0
0.0,1.6903792726759364,0.0,1.0,1.0,-0.5064419972567069,-1.0007097663107976,0.8185355662766232,-0.6274437983833611,1.0,-1.290899761079869,1.0,1.0,0.0,0.0,0.0,1.0,-1.1406205550217723,1.0,0.0,0.0,0.0,0.0,0.0,0.0,1.0,1
0.0,-1.2425677637287238,1.0,0.0,0.0,-0.5064419972567069,0.68269625936989,-1.0921339046305423,0.09816539989750571,0.0,0.9223066803630213,1.0,1.0,0.0,1.0,0.0,1.0,0.5793156974750526,0.0,1.0,0.0,0.0,0.0,1.0,0.0,0.0,0
0.0,-1.481992011598492,1.0,0.0,0.0,-0.5064419972567069,-1.3427114450304682,1.1797632365459059,-0.8357205127047209,0.0,-0.6399566900672541,1.0,1.0,0.0,0.0,0.0,1.0,-0.2806524287733598,1.0,0.0,0.0,0.0,0.0,1.0,0.0,0.0,1
1.0,0.07426559955500123,0.0,0.0,1.0,-0.5064419972567069,0.4695623348058315,-1.073153538081242,0.48363345795659685,1.0,1.139287704033893,1.0,1.0,1.0,1.0,0.0,0.0,-1.1406205550217723,0.0,1.0,0.0,0.0,0.0,0.0,0.0,1.0,1
0.0,0.07426559955500123,0.0,0.0,1.0,1.5724342219973237,0.0784725105318691,0.41768299552150107,-0.9275098870308086,0.0,1.5298535466414618,1.0,0.0,0.0,0.0,0.0,0.0,-0.2806524287733598,0.0,0.0,0.0,0.0,0.0,0.0,1.0,0.0,0
0.0,0.5531140952945376,0.0,0.0,1.0,-0.5064419972567069,1.0931159839458893,-0.7160440707779728,-0.31394050236034177,1.0,-0.24939084745968526,1.0,1.0,0.0,1.0,1.0,1.0,0.5793156974750526,0.0,0.0,1.0,0.0,1.0,0.0,0.0,1.0,0
0.0,1.2115307769364,0.0,1.0,0.0,-0.5064419972567069,-0.6942225237127239,0.6207409445466252,0.8590236104840092,0.0,0.6185332472238011,1.0,0.0,0.0,0.0,0.0,0.0,0.5793156974750526,1.0,0.0,0.0,0.0,0.0,0.0,1.0,0.0,0
1.0,-0.9432874538915136,0.0,0.0,1.0,0.5329961123703084,-0.28116488193866135,0.6272730437616074,-0.9447322232445694,0.0,0.7921180661604984,1.0,0.0,0.0,0.0,0.0,0.0,-0.2806524287733598,0.0,1.0,0.0,0.0,0.0,0.0,1.0,0.0,0
1.0,0.13412166152244326,0.0,0.0,0.0,-0.5064419972567069,-0.8951769047697303,0.5917128271353548,0.19766697423140392,0.0,1.3562687277047645,1.0,0.0,0.0,0.0,0.0,0.0,0.5793156974750526,0.0,0.0,0.0,0.0,0.0,0.0,1.0,0.0,0
1.0,0.9122504670991899,0.0,0.0,0.0,0.5329961123703084,-0.8396577241088857,1.1345824991659688,0.12882494348683812,0.0,1.0524952945655444,1.0,0.0,0.0,0.0,0.0,0.0,0.5793156974750526,0.0,1.0,0.0,0.0,0.0,0.0,1.0,0.0,0
0.0,-0.5841510820868613,0.0,0.0,0.0,-0.5064419972567069,-0.01783249290157079,-0.024817128845487417,-0.9553778981019765,0.0,-1.4644845800165662,1.0,1.0,1.0,0.0,0.0,1.0,0.5793156974750526,1.0,0.0,0.0,0.0,0.0,1.0,0.0,1.0,0
1.0,0.014409537587559178,0.0,0.0,1.0,6.7696247701324,0.22896196674896444,-0.39925571371582624,-0.5881257725766709,1.0,-0.7267490995356027,1.0,0.0,0.0,0.0,0.0,0.0,0.5793156974750526,0.0,0.0,0.0,1.0,0.0,0.0,1.0,1.0,0
0.0,0.13412166152244326,0.0,0.0,1.0,1.5724342219973237,-0.7331103723394425,0.015261761301848161,-0.5173911774130104,1.0,-0.5097680758647312,1.0,0.0,0.0,0.0,0.0,0.0,0.5793156974750526,1.0,0.0,0.0,0.0,0.0,0.0,1.0,1.0,0
1.0,0.5531140952945376,0.0,0.0,0.0,1.5724342219973237,0.7399165003698279,-1.1388496253476894,-0.8861100403631145,0.0,0.09777879041370928,0.0,1.0,0.0,1.0,0.0,0.0,-0.2806524287733598,1.0,0.0,0.0,0.0,0.0,1.0,0.0,1.0,1
1.0,1.031962591034074,0.0,0.0,1.0,-0.5064419972567069,-0.986963403499259,0.7572801807296391,-1.0170754981644603,1.0,-0.24939084745968526,1.0,1.0,0.0,0.0,1.0,1.0,-0.2806524287733598,0.0,0.0,1.0,0.0,0.0,0.0,0.0,1.0,0
0.0,-1.0031435158589557,0.0,0.0,1.0,-0.5064419972567069,0.6192152105994437,-0.6331701958316213,-0.4388497540205849,1.0,1.1826839087680672,1.0,1.0,1.0,1.0,0.0,1.0,0.5793156974750526,1.0,0.0,0.0,0.0,0.0,1.0,0.0,0.0,0
1.0,0.2538337854573274,0.0,0.0,1.0,1.5724342219973237,1.0297251030992904,-0.20745938425125757,-1.0285255128999826,1.0,0.8355142708946727,1.0,1.0,1.0,1.0,0.0,1.0,0.5793156974750526,0.0,1.0,0.0,0.0,1.0,0.0,0.0,0.0,0
1.0,0.014409537587559178,0.0,0.0,1.0,1.5724342219973237,-0.9750571941470052,0.6514835188503193,0.6128009795598027,1.0,-0.2927870521938596,1.0,1.0,1.0,0.0,1.0,1.0,-0.2806524287733598,0.0,0.0,1.0,0.0,0.0,1.0,0.0,1.0,0
0.0,-0.46443895815197717,0.0,0.0,1.0,0.5329961123703084,-0.8723401596088972,0.6837878360444336,1.0448261223286208,0.0,0.4883446330212782,1.0,0.0,0.0,0.0,0.0,0.0,-0.2806524287733598,0.0,1.0,0.0,0.0,0.0,0.0,1.0,0.0,0
1.0,-1.2425677637287238,1.0,0.0,0.0,-0.5064419972567069,1.653643467339388,-1.8031260062162024,-1.0277684871323447,0.0,-1.421088375282392,1.0,1.0,0.0,0.0,0.0,1.0,-0.2806524287733598,1.0,0.0,0.0,0.0,0.0,0.0,0.0,1.0,0
0.0,-1.661560197500818,1.0,0.0,1.0,-0.5064419972567069,0.8000075586760559,-1.0414277808825727,0.8212669503230721,1.0,1.5298535466414618,1.0,0.0,0.0,0.0,0.0,0.0,-0.2806524287733598,0.0,0.0,0.0,0.0,0.0,0.0,1.0,0.0,0
0.0,1.091818653001516,0.0,1.0,1.0,-0.5064419972567069,-0.13447986516310023,-0.3915411190715492,-0.9110445765846857,1.0,0.4883446330212782,1.0,1.0,0.0,1.0,1.0,1.0,0.5793156974750526,1.0,0.0,0.0,0.0,0.0,0.0,0.0,0.0,0
0.0,-1.42213594963105,1.0,0.0,0.0,-0.5064419972567069,0.8516386014189731,-1.3298284043242685,-0.8584785998443334,0.0,-1.3776921705482175,1.0,1.0,0.0,1.0,0.0,1.0,0.5793156974750526,1.0,0.0,0.0,0.0,0.0,1.0,0.0,1.0,0
1.0,0.49325803332709556,0.0,0.0,0.0,-0.5064419972567069,1.5598122188749428,-0.8000889068634417,-0.9732626318624205,0.0,-0.37957946166220824,1.0,1.0,0.0,0.0,0.0,1.0,1.439283823723465,1.0,0.0,0.0,0.0,1.0,0.0,0.0,1.0,0
1.0,-1.0629995778263976,1.0,0.0,0.0,1.5724342219973237,0.48599351830944815,-0.3873546331076631,-0.49482234671530745,0.0,-1.030522532674823,1.0,1.0,0.0,1.0,1.0,1.0,-0.2806524287733598,0.0,0.0,0.0,1.0,0.0,0.0,0.0,0.0,0
1.0,-1.1228556397938396,1.0,0.0,1.0,0.5329961123703084,2.0346268016738125,-1.0820058751089154,-0.9621438159002397,1.0,-1.3342959658140432,1.0,1.0,0.0,0.0,0.0,1.0,-0.2806524287733598,0.0,0.0,0.0,0.0,1.0,0.0,0.0,1.0,0
0.0,0.6728262192294217,0.0,0.0,1.0,-0.5064419972567069,0.47512161186839014,-0.16943728872890168,-0.9905322821866586,1.0,1.3128725229705902,1.0,0.0,0.0,0.0,0.0,0.0,-0.2806524287733598,0.0,0.0,0.0,0.0,0.0,0.0,1.0,0.0,0
1.0,0.7925383431643057,0.0,0.0,1.0,1.5724342219973237,0.4098703605392252,-1.0092097401790063,0.11931480728088778,1.0,0.05438258567953497,1.0,0.0,0.0,0.0,0.0,0.0,-0.2806524287733598,1.0,0.0,0.0,0.0,0.0,0.0,1.0,0.0,0
0.0,-0.9432874538915136,0.0,0.0,1.0,1.5724342219973237,1.4502816431497512,-1.7398705747519339,-0.9091520121655912,1.0,1.3562687277047645,1.0,1.0,1.0,0.0,1.0,1.0,-0.2806524287733598,0.0,0.0,0.0,0.0,0.0,0.0,0.0,0.0,0
0.0,-0.10530258634732491,0.0,0.0,1.0,-0.5064419972567069,-0.9436735002227397,1.1234657502900744,-0.22588894276196586,1.0,1.00909908983137,1.0,1.0,1.0,0.0,0.0,1.0,-0.2806524287733598,1.0,0.0,0.0,0.0,0.0,1.0,0.0,0.0,0
0.0,-1.0629995778263976,1.0,0.0,0.0,-0.5064419972567069,-0.9427932510289677,0.7532934686716719,2.411683459909213,0.0,-0.5097680758647312,1.0,0.0,0.0,0.0,0.0,0.0,0.5793156974750526,0.0,0.0,1.0,0.0,0.0,0.0,1.0,0.0,0
1.0,-1.601704135533376,1.0,0.0,1.0,-0.5064419972567069,-0.8770288916488586,0.7441823021723543,0.5374296015693606,1.0,1.139287704033893,1.0,1.0,1.0,1.0,1.0,1.0,0.5793156974750526,0.0,1.0,0.0,0.0,0.0,0.0,0.0,0.0,0
0.0,0.13412166152244326,0.0,0.0,0.0,-0.5064419972567069,0.6679940356974967,-1.147238283910107,-0.03388828244481947,0.0,-0.9437301232064743,1.0,0.0,0.0,0.0,0.0,0.0,0.5793156974750526,1.0,0.0,0.0,0.0,0.0,0.0,1.0,0.0,0
0.0,1.271386838903842,0.0,1.0,1.0,-0.5064419972567069,-1.4614262100929896,1.2844885935532715,-0.5982036781083496,1.0,1.4864573419072875,1.0,1.0,1.0,1.0,0.0,0.0,-0.2806524287733598,1.0,0.0,0.0,0.0,0.0,0.0,0.0,1.0,0
1.0,0.07426559955500123,0.0,0.0,1.0,0.5329961123703084,1.0383820324693847,-1.3041752202197863,-0.6686543886091457,0.0,-1.0739187374089973,1.0,0.0,0.0,0.0,0.0,0.0,-0.2806524287733598,0.0,0.0,0.0,1.0,0.0,0.0,1.0,1.0,0
1.0,-0.8834313919240715,0.0,0.0,1.0,1.5724342219973237,0.5404965913800552,-1.1591601262405948,0.4712844751220046,1.0,0.09777879041370928,1.0,1.0,0.0,1.0,0.0,1.0,-0.2806524287733598,0.0,0.0,1.0,0.0,1.0,0.0,0.0,1.0,0
1.0,1.4509550248061682,0.0,1.0,1.0,-0.5064419972567069,0.5800625189677104,0.7052397702935967,-1.0210971975550363,1.0,0.4015522235529295,1.0,1.0,0.0,0.0,0.0,1.0,1.439283823723465,1.0,0.0,0.0,0.0,0.0,0.0,0.0,0.0,0
0.0,1.2115307769364,0.0,1.0,0.0,-0.5064419972567069,-0.8787885813554761,1.2679368871443601,0.9299001479791017,0.0,-0.20599464272551093,1.0,1.0,0.0,0.0,0.0,1.0,-1.1406205550217723,0.0,0.0,1.0,0.0,0.0,0.0,0.0,1.0,1
0.0,-1.3622798876636077,1.0,0.0,0.0,-0.5064419972567069,-1.433740614067787,1.5165986513132397,-0.8889488869917563,0.0,-0.075806028522988,1.0,1.0,1.0,1.0,0.0,1.0,-0.2806524287733598,1.0,0.0,0.0,0.0,0.0,1.0,0.0,0.0,0
1.0,1.8100913966108205,0.0,1.0,0.0,-0.5064419972567069,1.6041861589399338,-1.2126441684356197,0.21370645768323057,0.0,0.010986380945360646,1.0,1.0,1.0,0.0,0.0,1.0,-2.0005886812701847,0.0,0.0,1.0,0.0,0.0,0.0,0.0,1.0,1
0.0,1.6305232107084944,0.0,1.0,0.0,-0.5064419972567069,0.8793326885939592,-1.374794603906847,0.4236864799817756,0.0,0.27136360935040654,1.0,1.0,0.0,0.0,1.0,1.0,-2.0005886812701847,1.0,0.0,0.0,0.0,0.0,0.0,0.0,1.0,1
0.0,-0.40458289618453513,0.0,0.0,0.0,-0.5064419972567069,0.380418201019486,-1.008371889340298,-0.5559048633415854,0.0,-0.7701453042697771,1.0,1.0,0.0,1.0,0.0,1.0,0.5793156974750526,0.0,0.0,0.0,1.0,0.0,1.0,0.0,1.0,0
0.0,-0.16515864831476695,0.0,0.0,0.0,-0.5064419972567069,1.7906890074132673,-1.709415434959538,-1.0245038135094064,0.0,-1.290899761079869,1.0,0.0,0.0,0.0,0.0,0.0,1.439283823723465,0.0,0.0,0.0,0.0,0.0,0.0,1.0,1.0,0
1.0,1.1516747149689581,0.0,1.0,1.0,-0.5064419972567069,-0.9062594725934073,0.7118383070200144,2.6587104307115346,1.0,-0.9003339184723,1.0,1.0,0.0,0.0,0.0,1.0,-1.1406205550217723,0.0,0.0,0.0,1.0,0.0,0.0,0.0,1.0,1
1.0,-1.42213594963105,1.0,0.0,1.0,1.5724342219973237,-0.9858919012652203,0.7201854421377821,1.9500396839815644,1.0,1.4864573419072875,1.0,1.0,1.0,1.0,1.0,1.0,0.5793156974750526,0.0,0.0,0.0,0.0,0.0,0.0,0.0,0.0,0
1.0,-1.481992011598492,1.0,0.0,1.0,-0.5064419972567069,-1.0409780332873289,0.957697238675053,1.7626758064911998,1.0,-0.37957946166220824,1.0,0.0,0.0,0.0,0.0,0.0,-0.2806524287733598,1.0,0.0,0.0,0.0,0.0,0.0,1.0,0.0,0
0.0,-0.7038632060217453,0.0,0.0,1.0,-0.5064419972567069,-0.41829856823405903,0.16493578577071644,-0.3304531269169421,1.0,-0.8569377137381258,1.0,1.0,0.0,0.0,0.0,1.0,-2.0005886812701847,1.0,0.0,0.0,0.0,0.0,0.0,0.0,1.0,1
1.0,-1.0629995778263976,1.0,0.0,0.0,-0.5064419972567069,0.6192330015799344,-0.6820954251757319,-0.09719456226353358,0.0,-0.03240982378881367,1.0,1.0,1.0,1.0,1.0,1.0,-0.2806524287733598,1.0,0.0,0.0,0.0,0.0,1.0,0.0,0.0,0
0.0,0.6728262192294217,0.0,0.0,0.0,-0.5064419972567069,1.2425286815028909,-0.7200081756271846,-0.9673010539422725,0.0,-0.8135415090039514,1.0,1.0,0.0,0.0,0.0,0.0,-1.1406205550217723,1.0,0.0,0.0,0.0,0.0,0.0,0.0,1.0,1
1.0,0.7925383431643057,0.0,0.0,1.0,-0.5064419972567069,1.2408276211638005,-1.2253226602019411,-0.9972508858744444,1.0,0.9657028850971957,1.0,0.0,0.0,0.0,0.0,0.0,0.5793156974750526,0.0,1.0,0.0,0.0,0.0,0.0,1.0,0.0,0
0.0,-1.0629995778263976,1.0,0.0,1.0,1.5724342219973237,-0.914987161544991,0.6465574542000629,0.7383726287667289,1.0,-0.6399566900672541,1.0,1.0,0.0,0.0,0.0,1.0,1.439283823723465,1.0,0.0,0.0,0.0,1.0,0.0,0.0,1.0,0
1.0,-1.3024238256961658,1.0,0.0,0.0,-0.5064419972567069,-0.8177869483205467,0.7463973472586032,0.6776213109137925,0.0,1.269476318236416,0.0,1.0,1.0,1.0,1.0,0.0,-0.2806524287733598,0.0,0.0,0.0,0.0,0.0,1.0,0.0,0.0,0
0.0,-1.481992011598492,1.0,0.0,0.0,-0.5064419972567069,2.069008680151053,-1.976672320385694,-1.013810824541522,0.0,-0.46637187113055684,0.0,1.0,1.0,0.0,1.0,1.0,0.5793156974750526,0.0,0.0,1.0,0.0,1.0,0.0,0.0,0.0,0
1.0,0.19397772348988532,0.0,0.0,0.0,-0.5064419972567069,-0.942531642747676,1.1453467601339478,-0.9896333140875887,0.0,-1.3342959658140432,1.0,0.0,0.0,0.0,0.0,0.0,1.439283823723465,0.0,0.0,0.0,0.0,0.0,0.0,1.0,1.0,0
0.0,-0.04544652437988287,0.0,0.0,1.0,-0.5064419972567069,-0.8525569936448373,0.6922512368072216,0.3495925829742223,1.0,1.0524952945655444,1.0,1.0,0.0,0.0,1.0,1.0,1.439283823723465,1.0,0.0,0.0,0.0,0.0,0.0,0.0,0.0,0
1.0,-0.225014710282209,0.0,0.0,1.0,1.5724342219973237,-1.0966128553213574,1.2597946010201975,1.1473557997330703,1.0,1.4864573419072875,1.0,0.0,0.0,0.0,0.0,0.0,0.5793156974750526,1.0,0.0,0.0,0.0,0.0,0.0,1.0,0.0,0
1.0,-1.541848073565934,1.0,0.0,1.0,2.611872331624339,1.1741975688466812,-1.4201861881112876,-0.9320047275261583,1.0,1.1826839087680672,1.0,1.0,0.0,1.0,1.0,1.0,0.5793156974750526,1.0,0.0,0.0,0.0,0.0,0.0,0.0,0.0,0
1.0,-1.481992011598492,1.0,0.0,1.0,-0.5064419972567069,-0.9231334089069374,1.3427935076721038,0.18631158771683637,1.0,0.6619294519579755,0.0,1.0,1.0,1.0,1.0,1.0,0.5793156974750526,1.0,0.0,0.0,0.0,0.0,1.0,0.0,0.0,0
0.0,0.2538337854573274,0.0,0.0,1.0,1.5724342219973237,-0.8707401843862229,0.7018786781350229,0.41043852904811345,1.0,-0.7701453042697771,1.0,1.0,0.0,0.0,0.0,0.0,1.439283823723465,0.0,0.0,0.0,1.0,0.0,1.0,0.0,1.0,0
1.0,0.9721065290666319,0.0,0.0,0.0,-0.5064419972567069,0.4529322157931024,-0.9306621467935287,1.04951021926588,0.0,-0.5531642805989055,1.0,1.0,0.0,1.0,0.0,1.0,-0.2806524287733598,0.0,0.0,1.0,0.0,0.0,0.0,0.0,1.0,0
1.0,0.3136898474247694,0.0,0.0,0.0,-0.5064419972567069,-0.864580057391669,0.8794112429908625,0.14888612632924078,0.0,0.010986380945360646,1.0,1.0,1.0,1.0,0.0,0.0,-0.2806524287733598,1.0,0.0,0.0,0.0,0.0,0.0,0.0,1.0,0
0.0,-1.601704135533376,1.0,0.0,0.0,-0.5064419972567069,1.38208153680442,-0.21514814208553013,-0.9509776858275816,0.0,-1.1173149421431716,1.0,1.0,0.0,0.0,0.0,1.0,0.5793156974750526,1.0,0.0,0.0,0.0,0.0,0.0,0.0,1.0,0
1.0,1.8699474585782625,0.0,1.0,0.0,-0.5064419972567069,-0.8560994204646122,0.6036522015869186,-0.5418052584193307,0.0,-0.075806028522988,1.0,1.0,1.0,0.0,1.0,1.0,0.5793156974750526,0.0,0.0,1.0,0.0,0.0,0.0,0.0,1.0,0
0.0,-0.5242950201194192,0.0,0.0,0.0,-0.5064419972567069,0.6282599024761204,-1.2232215739026755,0.052743853839235494,0.0,-1.421088375282392,1.0,1.0,0.0,0.0,0.0,1.0,0.5793156974750526,1.0,0.0,0.0,0.0,0.0,1.0,0.0,1.0,0
1.0,-1.2425677637287238,1.0,0.0,1.0,-0.5064419972567069,1.4502816431497512,-1.7398705747519339,-0.9091520121655912,1.0,1.4864573419072875,1.0,0.0,0.0,0.0,0.0,0.0,0.5793156974750526,1.0,0.0,0.0,0.0,0.0,0.0,1.0,0.0,0
0.0,-1.1228556397938396,1.0,0.0,0.0,-0.5064419972567069,-0.9011583132784562,0.9674916965246582,2.5264674919273,0.0,-1.2041073516115204,1.0,0.0,0.0,0.0,0.0,0.0,0.5793156974750526,1.0,0.0,0.0,0.0,0.0,0.0,1.0,0.0,0
1.0,-1.3622798876636077,1.0,0.0,0.0,-0.5064419972567069,-1.3594442665214779,1.176608838867368,0.6141730887636463,0.0,0.27136360935040654,1.0,1.0,0.0,1.0,1.0,1.0,-2.0005886812701847,1.0,0.0,0.0,0.0,0.0,0.0,0.0,0.0,1
1.0,1.031962591034074,0.0,0.0,0.0,-0.5064419972567069,0.9621598112850686,-0.5550655191890748,0.1332724698717104,0.0,0.010986380945360646,1.0,1.0,0.0,1.0,1.0,1.0,1.439283823723465,0.0,0.0,1.0,0.0,0.0,0.0,0.0,1.0,0
1.0,0.6129701572619797,0.0,0.0,0.0,-0.5064419972567069,-0.9372481258827063,0.6663673668991363,0.21389571412514005,0.0,0.18457119988205792,1.0,1.0,1.0,1.0,1.0,1.0,0.5793156974750526,1.0,0.0,0.0,0.0,0.0,1.0,0.0,0.0,0
1.0,0.6129701572619797,0.0,0.0,1.0,-0.5064419972567069,-1.4347365046347431,1.2294538813863911,1.9130873636987424,1.0,1.5298535466414618,1.0,1.0,0.0,1.0,1.0,1.0,0.5793156974750526,0.0,0.0,0.0,0.0,0.0,0.0,0.0,0.0,0
1.0,-1.1827117017612818,1.0,0.0,0.0,-0.5064419972567069,-0.8340446697643903,0.2965683349109742,2.643427973027346,0.0,1.0958914992997186,1.0,1.0,1.0,1.0,0.0,1.0,-0.2806524287733598,1.0,0.0,0.0,0.0,0.0,0.0,0.0,0.0,0
1.0,-0.5242950201194192,0.0,0.0,0.0,-0.5064419972567069,0.5169724674275725,-1.1568182039623602,0.2922478810756562,0.0,0.7921180661604984,1.0,1.0,1.0,0.0,0.0,1.0,-0.2806524287733598,0.0,1.0,0.0,0.0,0.0,1.0,0.0,1.0,0
0.0,0.6728262192294217,0.0,0.0,0.0,2.611872331624339,1.9819760122764616,-1.1887691105053535,-1.026396377928501,0.0,0.1411749951478836,1.0,0.0,0.0,0.0,0.0,0.0,1.439283823723465,0.0,1.0,0.0,0.0,0.0,0.0,1.0,0.0,0
0.0,-0.04544652437988287,0.0,0.0,0.0,-0.5064419972567069,1.835723235458704,-1.4668488510936013,-0.8598033949376996,0.0,-0.24939084745968526,1.0,1.0,0.0,0.0,0.0,0.0,-2.0005886812701847,1.0,0.0,0.0,0.0,0.0,0.0,0.0,1.0,1
0.0,0.9721065290666319,0.0,0.0,0.0,-0.5064419972567069,-0.8177869483205467,0.7463973472586032,0.6776213109137925,0.0,0.4883446330212782,1.0,0.0,0.0,0.0,0.0,0.0,1.439283823723465,1.0,0.0,0.0,0.0,0.0,0.0,1.0,0.0,0
0.0,-0.7637192679891874,0.0,0.0,0.0,1.5724342219973237,1.1372149724942204,-0.4849596421008482,-0.7668311678496778,0.0,-1.2041073516115204,1.0,0.0,0.0,0.0,0.0,0.0,0.5793156974750526,0.0,0.0,0.0,0.0,0.0,0.0,1.0,1.0,0
0.0,-1.481992011598492,1.0,0.0,1.0,1.5724342219973237,-0.734692556581626,0.30690029068298735,0.5010450506122671,1.0,0.5751370424896268,1.0,1.0,0.0,0.0,0.0,1.0,1.439283823723465,1.0,0.0,0.0,0.0,0.0,1.0,0.0,0.0,0
1.0,0.9122504670991899,0.0,0.0,0.0,-0.5064419972567069,0.380418201019486,-1.008371889340298,-0.5559048633415854,0.0,0.6185332472238011,1.0,1.0,1.0,1.0,1.0,1.0,-0.2806524287733598,1.0,0.0,0.0,0.0,0.0,0.0,0.0,0.0,0
0.0,-0.225014710282209,0.0,0.0,0.0,-0.5064419972567069,-0.24724718631601558,0.5968751140485063,-0.7739282844212825,0.0,-1.1173149421431716,1.0,0.0,0.0,0.0,0.0,0.0,1.439283823723465,0.0,0.0,0.0,1.0,0.0,0.0,1.0,1.0,0
1.0,-0.40458289618453513,0.0,0.0,0.0,-0.5064419972567069,1.289553477660846,-1.5158368269762987,-0.948044210977985,0.0,-1.1173149421431716,1.0,0.0,0.0,0.0,0.0,0.0,-0.2806524287733598,1.0,0.0,0.0,0.0,0.0,0.0,1.0,1.0,0
1.0,1.6903792726759364,0.0,1.0,0.0,-0.5064419972567069,2.244231642653461,-0.9968463652204119,-0.9985756809678106,0.0,1.2260801135022417,0.0,1.0,0.0,1.0,0.0,1.0,-0.2806524287733598,0.0,1.0,0.0,0.0,1.0,0.0,0.0,0.0,0
1.0,1.1516747149689581,0.0,1.0,1.0,0.5329961123703084,0.7404283953993723,-0.8705661880954779,-0.9246237262916894,1.0,-0.20599464272551093,1.0,1.0,0.0,1.0,0.0,1.0,1.439283823723465,0.0,0.0,1.0,0.0,0.0,0.0,0.0,0.0,0
0.0,1.8100913966108205,0.0,1.0,1.0,-0.5064419972567069,-0.4726791261435657,-0.33660929277308077,-0.30831012321353535,1.0,-0.20599464272551093,1.0,1.0,0.0,1.0,0.0,1.0,-1.1406205550217723,1.0,0.0,0.0,0.0,0.0,0.0,0.0,1.0,1
1.0,0.3136898474247694,0.0,0.0,0.0,-0.5064419972567069,2.3220340263776347,-1.2769293813271996,-0.988639717767564,0.0,-0.2927870521938596,1.0,1.0,1.0,1.0,0.0,0.0,-0.2806524287733598,1.0,0.0,0.0,0.0,0.0,1.0,0.0,0.0,0
0.0,0.07426559955500123,0.0,0.0,0.0,-0.5064419972567069,-0.9934672198896334,1.0479087676625798,-0.41320550614185314,0.0,0.6185332472238011,1.0,1.0,0.0,0.0,0.0,1.0,0.5793156974750526,1.0,0.0,0.0,0.0,0.0,1.0,0.0,0.0,0
1.0,0.2538337854573274,0.0,0.0,0.0,-0.5064419972567069,-0.6623297651421751,0.38204665258005965,-0.013637843160507333,0.0,-1.290899761079869,1.0,1.0,0.0,0.0,0.0,1.0,-0.2806524287733598,1.0,0.0,0.0,0.0,0.0,0.0,0.0,1.0,0
0.0,-0.16515864831476695,0.0,0.0,0.0,-0.5064419972567069,0.2175300487629475,-0.02687899855814025,-0.26378754525433507,0.0,-0.42297566639638257,1.0,0.0,0.0,0.0,0.0,0.0,1.439283823723465,1.0,0.0,0.0,0.0,0.0,0.0,1.0,0.0,0
0.0,-1.0031435158589557,0.0,0.0,0.0,-0.5064419972567069,-0.914987161544991,0.6465574542000629,0.7383726287667289,0.0,-1.3776921705482175,1.0,0.0,0.0,0.0,0.0,0.0,-0.2806524287733598,0.0,0.0,0.0,0.0,0.0,0.0,1.0,1.0,1
0.0,1.8699474585782625,0.0,1.0,1.0,-0.5064419972567069,-0.9420132782706797,2.077559165434443,-0.9915731926171606,1.0,-0.16259843799133664,1.0,1.0,1.0,1.0,0.0,1.0,-0.2806524287733598,1.0,0.0,0.0,0.0,0.0,0.0,0.0,0.0,0
1.0,-0.7637192679891874,0.0,0.0,1.0,-0.5064419972567069,0.8787645902396841,-0.3026301966447682,-1.0166023570596865,1.0,-1.030522532674823,1.0,1.0,0.0,0.0,0.0,1.0,-0.2806524287733598,1.0,0.0,0.0,0.0,0.0,1.0,0.0,0.0,0
0.0,1.8699474585782625,0.0,1.0,1.0,-0.5064419972567069,-0.9618587126664544,0.7435520685568938,0.39042466031618817,0.0,-1.290899761079869,1.0,1.0,1.0,0.0,1.0,1.0,-2.0005886812701847,1.0,0.0,0.0,0.0,0.0,0.0,0.0,1.0,1
1.0,-0.10530258634732491,0.0,0.0,0.0,-0.5064419972567069,0.9596565394620767,-0.8212510997432698,-0.43364520186807476,0.0,-0.20599464272551093,1.0,1.0,1.0,0.0,1.0,1.0,0.5793156974750526,0.0,0.0,1.0,0.0,0.0,1.0,0.0,0.0,0
1.0,-1.661560197500818,1.0,0.0,0.0,-0.5064419972567069,0.7837882495764521,-0.81210994408948,-0.9675376244946593,0.0,-0.5531642805989055,1.0,0.0,0.0,0.0,0.0,0.0,1.439283823723465,1.0,0.0,0.0,0.0,0.0,0.0,1.0,0.0,0
0.0,1.031962591034074,0.0,0.0,0.0,-0.5064419972567069,-1.389660225180873,1.2659599098074372,0.098591226891802,0.0,0.09777879041370928,1.0,1.0,0.0,0.0,0.0,1.0,-0.2806524287733598,0.0,0.0,1.0,0.0,0.0,0.0,0.0,1.0,1
0.0,1.5108110867736102,0.0,1.0,1.0,-0.5064419972567069,1.822601578666633,-2.0565006813528046,-1.026396377928501,1.0,-0.42297566639638257,1.0,1.0,1.0,1.0,0.0,1.0,-0.2806524287733598,1.0,0.0,0.0,0.0,0.0,0.0,0.0,0.0,0
1.0,0.6129701572619797,0.0,0.0,1.0,1.5724342219973237,0.6087181277700678,-1.1369801475952457,-0.3749757048761424,1.0,1.0958914992997186,1.0,0.0,0.0,0.0,0.0,0.0,1.439283823723465,1.0,0.0,0.0,0.0,0.0,0.0,1.0,0.0,0
0.0,-0.7637192679891874,0.0,0.0,0.0,-0.5064419972567069,-1.471889732663716,1.218485232796413,0.2243048184301603,0.0,-0.5965604853330798,1.0,1.0,0.0,0.0,1.0,0.0,0.5793156974750526,1.0,0.0,0.0,0.0,1.0,0.0,0.0,0.0,0
1.0,0.37354590939221144,0.0,0.0,0.0,-0.5064419972567069,0.5462325652261129,-1.2022250134298398,0.8717511062024204,0.0,-1.2041073516115204,1.0,1.0,0.0,0.0,1.0,1.0,-0.2806524287733598,0.0,0.0,0.0,0.0,0.0,0.0,0.0,1.0,1
0.0,1.9896595825131467,0.0,1.0,1.0,-0.5064419972567069,-1.4614262100929896,1.2844885935532715,-0.5982036781083496,1.0,0.6185332472238011,1.0,1.0,0.0,1.0,0.0,1.0,-1.1406205550217723,0.0,1.0,0.0,0.0,1.0,0.0,0.0,1.0,1
0.0,-0.5841510820868613,0.0,0.0,1.0,-0.5064419972567069,-0.8714688059053677,1.1967320228877438,0.6980610066400141,1.0,-1.3776921705482175,0.0,1.0,0.0,0.0,0.0,1.0,-2.0005886812701847,0.0,0.0,0.0,0.0,0.0,1.0,0.0,1.0,1
1.0,-0.7038632060217453,0.0,0.0,1.0,1.5724342219973237,0.3268305547631678,0.032044614885968575,-0.9839556208303049,1.0,1.3128725229705902,1.0,1.0,1.0,0.0,1.0,1.0,-0.2806524287733598,0.0,0.0,0.0,0.0,0.0,0.0,0.0,0.0,0
1.0,-1.481992011598492,1.0,0.0,0.0,-0.5064419972567069,0.21026809399943108,0.0029371415582604404,1.2338459936856934,0.0,1.139287704033893,1.0,1.0,0.0,0.0,1.0,1.0,-0.2806524287733598,0.0,1.0,0.0,0.0,0.0,0.0,0.0,0.0,1
0.0,0.13412166152244326,0.0,0.0,1.0,0.5329961123703084,1.8480143769342823,-0.7910280298693083,-1.0184002932578264,1.0,-1.3342959658140432,1.0,1.0,0.0,1.0,0.0,1.0,-1.1406205550217723,0.0,0.0,0.0,0.0,0.0,1.0,0.0,1.0,1
1.0,0.8523944051317478,0.0,0.0,1.0,-0.5064419972567069,-0.8418152848337253,0.6602689569949446,-0.009143002665157676,1.0,-0.11920223325716231,1.0,0.0,0.0,0.0,0.0,0.0,-0.2806524287733598,1.0,0.0,0.0,0.0,0.0,0.0,1.0,0.0,0
1.0,-1.3622798876636077,1.0,0.0,1.0,-0.5064419972567069,-0.5322356463541711,0.6222814643431278,-0.3307370115798063,1.0,1.5298535466414618,1.0,1.0,1.0,1.0,1.0,1.0,0.5793156974750526,0.0,0.0,0.0,0.0,0.0,0.0,0.0,0.0,0
0.0,-0.04544652437988287,0.0,0.0,0.0,-0.5064419972567069,-0.9273648318802233,1.0151910615083937,0.024686586326158163,0.0,-0.7267490995356027,1.0,0.0,0.0,0.0,0.0,0.0,0.5793156974750526,0.0,0.0,0.0,1.0,0.0,0.0,1.0,1.0,0
0.0,0.19397772348988532,0.0,0.0,0.0,-0.5064419972567069,-0.9188134353716711,1.2836941116456433,-0.19873064334795848,0.0,0.31475981408458087,1.0,1.0,0.0,1.0,1.0,1.0,0.5793156974750526,1.0,0.0,0.0,0.0,0.0,0.0,0.0,1.0,0
0.0,0.5531140952945376,0.0,0.0,1.0,0.5329961123703084,-0.8610044746537092,0.6759975764565739,0.9364294952249781,1.0,-1.160711146877346,1.0,0.0,0.0,0.0,0.0,0.0,-0.2806524287733598,1.0,0.0,0.0,0.0,0.0,0.0,1.0,0.0,0
1.0,-0.8235753299566294,0.0,0.0,1.0,-0.5064419972567069,0.2603731558248954,-0.932716634560465,-0.9946486097981894,1.0,1.5298535466414618,1.0,1.0,1.0,1.0,0.0,0.0,-0.2806524287733598,0.0,0.0,0.0,0.0,0.0,0.0,0.0,0.0,0
1.0,1.3910989628387262,0.0,1.0,1.0,-0.5064419972567069,1.2990526482209397,-0.6179020252339924,-1.0072814772956458,1.0,1.4864573419072875,1.0,1.0,0.0,1.0,1.0,1.0,0.5793156974750526,1.0,0.0,0.0,0.0,0.0,0.0,0.0,0.0,0
1.0,-1.0031435158589557,0.0,0.0,0.0,-0.5064419972567069,-1.2435619064210068,1.966610366817331,-0.665437029096685,0.0,1.3996649324389387,1.0,1.0,0.0,1.0,1.0,1.0,0.5793156974750526,0.0,0.0,0.0,0.0,0.0,0.0,0.0,0.0,0
0.0,1.6305232107084944,0.0,1.0,1.0,-0.5064419972567069,0.6945454567164812,-1.279085370847723,-0.7167255248541484,1.0,0.7053256566921497,1.0,1.0,0.0,1.0,0.0,1.0,-2.0005886812701847,1.0,0.0,0.0,0.0,0.0,0.0,0.0,1.0,1
0.0,0.014409537587559178,0.0,0.0,1.0,-0.5064419972567069,-0.9308777418460038,0.6267553848183056,-0.27821834894993136,1.0,1.3996649324389387,1.0,1.0,0.0,0.0,0.0,1.0,-0.2806524287733598,1.0,0.0,0.0,0.0,0.0,0.0,0.0,0.0,0
0.0,-0.9432874538915136,0.0,0.0,0.0,2.611872331624339,-0.833839264807829,0.558953597536519,0.2603581706139123,0.0,-0.9437301232064743,1.0,1.0,1.0,1.0,1.0,1.0,0.5793156974750526,1.0,0.0,0.0,0.0,0.0,1.0,0.0,0.0,0
1.0,0.2538337854573274,0.0,0.0,0.0,-0.5064419972567069,0.1687233241727644,0.1560234704341055,0.18933969078738772,0.0,0.44494842828710385,1.0,1.0,0.0,1.0,1.0,1.0,0.5793156974750526,0.0,1.0,0.0,0.0,0.0,0.0,0.0,1.0,0
0.0,0.6728262192294217,0.0,0.0,0.0,0.5329961123703084,0.5619270404012745,-0.6936103377486524,-1.0242199288465423,0.0,0.748721861426324,1.0,1.0,1.0,0.0,1.0,0.0,0.5793156974750526,1.0,0.0,0.0,0.0,0.0,0.0,0.0,0.0,0
0.0,-1.2425677637287238,1.0,0.0,1.0,-0.5064419972567069,-0.9942326363911564,0.7521695674364965,0.4462079965690013,1.0,-1.290899761079869,0.0,1.0,1.0,1.0,0.0,1.0,0.5793156974750526,1.0,0.0,0.0,0.0,1.0,0.0,0.0,0.0,0
1.0,1.3910989628387262,0.0,1.0,0.0,-0.5064419972567069,0.7344235351436391,-1.1242730507892769,-1.0289986540047562,0.0,-0.24939084745968526,1.0,1.0,0.0,0.0,0.0,1.0,-2.0005886812701847,1.0,0.0,0.0,0.0,0.0,0.0,0.0,1.0,1
0.0,1.6903792726759364,0.0,1.0,0.0,-0.5064419972567069,0.6616462947268694,-1.0310722951585851,-0.3186245992976009,0.0,1.3128725229705902,1.0,1.0,0.0,0.0,0.0,1.0,0.5793156974750526,0.0,0.0,0.0,0.0,0.0,0.0,0.0,1.0,0
0.0,1.3910989628387262,0.0,1.0,1.0,-0.5064419972567069,1.517032997606574,-0.5910866460509341,-0.7443569653729295,1.0,-0.8569377137381258,1.0,1.0,0.0,0.0,0.0,1.0,-1.1406205550217723,1.0,0.0,0.0,0.0,0.0,0.0,0.0,1.0,1
1.0,1.7502353346433785,0.0,1.0,1.0,-0.5064419972567069,-0.8294768355236649,0.6885861007594922,0.0032532942799119047,0.0,0.05438258567953497,1.0,1.0,1.0,0.0,0.0,1.0,-0.2806524287733598,1.0,0.0,0.0,0.0,0.0,0.0,0.0,0.0,0
1.0,-0.7038632060217453,0.0,0.0,1.0,4.69074855087837,0.26646292757841855,-0.8626568946329551,-0.8775935004771888,1.0,0.9657028850971957,1.0,1.0,0.0,0.0,1.0,1.0,-0.2806524287733598,1.0,0.0,0.0,0.0,0.0,0.0,0.0,1.0,0
0.0,0.37354590939221144,0.0,0.0,0.0,2.611872331624339,0.4747750920893085,-1.0173700197958508,-0.42063382148679945,0.0,-0.9437301232064743,1.0,0.0,0.0,0.0,0.0,0.0,-0.2806524287733598,1.0,0.0,0.0,0.0,0.0,0.0,1.0,1.0,0
0.0,1.6305232107084944,0.0,1.0,0.0,-0.5064419972567069,-0.8444107462828908,0.3992442792390765,-0.15075413532391055,0.0,0.27136360935040654,1.0,1.0,0.0,0.0,0.0,1.0,0.5793156974750526,1.0,0.0,0.0,0.0,0.0,0.0,0.0,0.0,0
1.0,-0.28487077224965107,0.0,0.0,1.0,0.5329961123703084,0.7208449736253542,-0.7220299060100059,1.3268655348841925,1.0,1.4864573419072875,1.0,0.0,0.0,0.0,0.0,0.0,0.5793156974750526,1.0,0.0,0.0,0.0,0.0,0.0,1.0,0.0,0
0.0,0.19397772348988532,0.0,0.0,0.0,-0.5064419972567069,1.537476047210615,-1.092325373847539,-1.0180217803740075,0.0,-0.6399566900672541,1.0,1.0,0.0,0.0,1.0,1.0,0.5793156974750526,1.0,0.0,0.0,0.0,0.0,0.0,0.0,1.0,0
1.0,0.5531140952945376,0.0,0.0,1.0,0.5329961123703084,0.2823486557938412,0.07670677057939825,1.17986059363102,1.0,1.0524952945655444,1.0,0.0,0.0,0.0,0.0,0.0,-0.2806524287733598,1.0,0.0,0.0,0.0,0.0,0.0,1.0,0.0,0
0.0,0.2538337854573274,0.0,0.0,1.0,0.5329961123703084,0.9325717933688639,-1.5009949637437308,-0.804729770342047,1.0,1.5298535466414618,1.0,0.0,0.0,0.0,0.0,0.0,1.439283823723465,1.0,0.0,0.0,0.0,0.0,0.0,1.0,0.0,0
0.0,-0.40458289618453513,0.0,0.0,0.0,-0.5064419972567069,0.642762381958469,-1.1579153456443256,-0.4835142743112173,0.0,-0.3361832569280339,0.0,1.0,0.0,0.0,0.0,1.0,1.439283823723465,1.0,0.0,0.0,0.0,0.0,1.0,0.0,1.0,0
1.0,-0.16515864831476695,0.0,0.0,0.0,-0.5064419972567069,-0.9043360249981913,1.24680514479061,-0.6901823088763468,0.0,-0.8135415090039514,1.0,0.0,0.0,0.0,0.0,0.0,-0.2806524287733598,0.0,0.0,0.0,1.0,0.0,0.0,1.0,1.0,0
0.0,-0.9432874538915136,0.0,0.0,1.0,0.5329961123703084,0.5587541807671239,-1.2194438631827809,-0.07434184690296639,1.0,-0.11920223325716231,0.0,1.0,0.0,0.0,0.0,1.0,1.439283823723465,1.0,0.0,0.0,0.0,0.0,1.0,0.0,0.0,0
1.0,-0.16515864831476695,0.0,0.0,0.0,-0.5064419972567069,-0.8432717191910855,1.0317612227815929,-0.42508134787167173,0.0,-1.290899761079869,1.0,1.0,1.0,0.0,1.0,1.0,0.5793156974750526,0.0,0.0,0.0,0.0,1.0,0.0,0.0,1.0,0
0.0,0.37354590939221144,0.0,0.0,0.0,-0.5064419972567069,-0.84777526329777,0.7599270696402413,-0.41462492945617413,0.0,-0.7701453042697771,1.0,1.0,0.0,0.0,0.0,1.0,-0.2806524287733598,1.0,0.0,0.0,0.0,0.0,1.0,0.0,1.0,0
1.0,-0.16515864831476695,0.0,0.0,1.0,2.611872331624339,0.639835765667916,-1.2190719976673654,-0.8792968084543739,1.0,-1.030522532674823,1.0,0.0,0.0,0.0,0.0,0.0,0.5793156974750526,1.0,0.0,0.0,0.0,0.0,0.0,1.0,0.0,0
0.0,-0.6440071440543034,0.0,0.0,0.0,-0.5064419972567069,-0.0006039499996429782,-0.14768592430665672,-0.7098649788349305,0.0,1.5298535466414618,0.0,1.0,1.0,1.0,1.0,1.0,-0.2806524287733598,0.0,0.0,0.0,0.0,1.0,0.0,0.0,0.0,0
1.0,-0.9432874538915136,0.0,0.0,0.0,-0.5064419972567069,-0.7331103723394425,0.015261761301848161,-0.5173911774130104,0.0,0.1411749951478836,0.0,1.0,1.0,0.0,1.0,0.0,-0.2806524287733598,0.0,1.0,0.0,0.0,0.0,1.0,0.0,0.0,0
1.0,0.014409537587559178,0.0,0.0,0.0,-0.5064419972567069,-0.877079029866602,0.7146965041267195,1.3015997998892797,0.0,-1.0739187374089973,1.0,1.0,0.0,0.0,0.0,1.0,-0.2806524287733598,0.0,0.0,0.0,1.0,0.0,0.0,0.0,1.0,0
1.0,0.19397772348988532,0.0,0.0,0.0,-0.5064419972567069,-0.778442599308082,0.5334065289017041,0.6341869574955716,0.0,-0.7267490995356027,1.0,1.0,1.0,0.0,0.0,0.0,-0.2806524287733598,1.0,0.0,0.0,0.0,0.0,0.0,0.0,1.0,0
1.0,-1.661560197500818,1.0,0.0,0.0,-0.5064419972567069,0.6807517860704603,0.042663543797673946,-0.8630680685606378,0.0,-1.421088375282392,0.0,1.0,1.0,1.0,1.0,0.0,-0.2806524287733598,0.0,0.0,0.0,0.0,1.0,0.0,0.0,1.0,0
0.0,0.6728262192294217,0.0,0.0,1.0,-0.5064419972567069,1.0174950170340302,-0.04519821959429571,-0.9919043913905021,1.0,0.5317408377554524,1.0,1.0,0.0,0.0,1.0,0.0,0.5793156974750526,0.0,1.0,0.0,0.0,0.0,0.0,0.0,0.0,0
0.0,0.6728262192294217,0.0,0.0,1.0,-0.5064419972567069,-0.878687496239057,0.7872208911799821,1.1224685776219765,1.0,1.5298535466414618,1.0,1.0,1.0,0.0,1.0,1.0,0.5793156974750526,0.0,0.0,0.0,0.0,0.0,0.0,0.0,0.0,0
1.0,0.014409537587559178,0.0,0.0,1.0,1.5724342219973237,1.3247852797969346,-0.9169561804579328,-1.0336827509420152,1.0,-1.3776921705482175,1.0,1.0,0.0,0.0,0.0,1.0,-0.2806524287733598,1.0,0.0,0.0,0.0,0.0,0.0,0.0,1.0,0
0.0,-1.0629995778263976,1.0,0.0,0.0,-0.5064419972567069,-1.0289553738809618,2.3271099926904273,0.1295346551439986,0.0,-1.290899761079869,1.0,0.0,0.0,0.0,0.0,0.0,1.439283823723465,1.0,0.0,0.0,0.0,0.0,0.0,1.0,0.0,0
0.0,-1.3024238256961658,1.0,0.0,0.0,-0.5064419972567069,-0.8560994204646122,0.6036522015869186,-0.5418052584193307,0.0,-0.7701453042697771,1.0,0.0,0.0,0.0,0.0,0.0,1.439283823723465,0.0,0.0,0.0,1.0,0.0,0.0,1.0,0.0,0
1.0,-1.2425677637287238,1.0,0.0,0.0,-0.5064419972567069,2.2693783848946962,-1.7197455452451271,-0.9759595361596303,0.0,0.05438258567953497,1.0,1.0,1.0,1.0,1.0,1.0,-2.0005886812701847,1.0,0.0,0.0,0.0,0.0,0.0,0.0,1.0,1
1.0,-0.46443895815197717,0.0,0.0,1.0,-0.5064419972567069,-0.8637810806314964,0.9329017443883918,1.1688837200002713,1.0,0.9657028850971957,1.0,1.0,0.0,1.0,0.0,1.0,1.439283823723465,1.0,0.0,0.0,0.0,1.0,0.0,0.0,0.0,0
1.0,0.9122504670991899,0.0,0.0,1.0,-0.5064419972567069,-1.3474373763932725,1.203189379902349,2.4750370538384043,1.0,-1.2041073516115204,1.0,1.0,0.0,0.0,1.0,1.0,-1.1406205550217723,0.0,0.0,0.0,0.0,0.0,0.0,0.0,1.0,1
0.0,0.07426559955500123,0.0,0.0,1.0,1.5724342219973237,-0.5158715833678564,-0.22916968660046552,0.407788938861381,1.0,-0.20599464272551093,0.0,1.0,0.0,1.0,1.0,1.0,-0.2806524287733598,1.0,0.0,0.0,0.0,0.0,1.0,0.0,1.0,0
0.0,1.7502353346433785,0.0,1.0,1.0,-0.5064419972567069,-0.7940905753296877,0.6176386818597023,3.5673306083188487,1.0,-1.421088375282392,1.0,1.0,0.0,0.0,0.0,1.0,-1.1406205550217723,1.0,0.0,0.0,0.0,0.0,0.0,0.0,1.0,1
1.0,0.3136898474247694,0.0,0.0,0.0,-0.5064419972567069,-0.9267902640784995,0.696758376038127,0.7668084091636252,0.0,0.748721861426324,0.0,1.0,1.0,0.0,1.0,1.0,-0.2806524287733598,1.0,0.0,0.0,0.0,0.0,1.0,0.0,0.0,0
0.0,-0.04544652437988287,0.0,0.0,1.0,-0.5064419972567069,0.44789251622893383,-0.9950880780253085,0.241385212312489,1.0,-0.5097680758647312,1.0,1.0,1.0,1.0,0.0,1.0,-0.2806524287733598,1.0,0.0,0.0,0.0,1.0,0.0,0.0,0.0,0
1.0,-0.7637192679891874,0.0,0.0,1.0,0.5329961123703084,0.8566043066779233,-0.5509639256009121,-0.5757767897420787,1.0,0.7921180661604984,1.0,1.0,1.0,0.0,1.0,1.0,0.5793156974750526,0.0,1.0,0.0,0.0,0.0,0.0,0.0,0.0,0
0.0,-0.16515864831476695,0.0,0.0,0.0,2.611872331624339,-0.8655055927176001,0.7300924746595526,1.1846866328997112,0.0,-1.0739187374089973,1.0,0.0,0.0,0.0,0.0,0.0,1.439283823723465,0.0,0.0,0.0,1.0,0.0,0.0,1.0,0.0,0
0.0,-1.541848073565934,1.0,0.0,1.0,0.5329961123703084,-0.9990766351699384,0.8771122282721022,1.714462727914765,1.0,0.3581560188187552,1.0,1.0,1.0,0.0,0.0,1.0,-0.2806524287733598,1.0,0.0,0.0,0.0,1.0,0.0,0.0,0.0,0
0.0,0.2538337854573274,0.0,0.0,0.0,-0.5064419972567069,1.2448459567116736,-1.6111534327976824,-0.7535359028055383,0.0,0.4015522235529295,1.0,0.0,0.0,0.0,0.0,0.0,1.439283823723465,1.0,0.0,0.0,0.0,0.0,0.0,1.0,0.0,0
1.0,1.4509550248061682,0.0,1.0,0.0,-0.5064419972567069,-0.7116536411879546,0.9828535255585582,-0.8346796022742189,0.0,-0.8569377137381258,1.0,0.0,0.0,0.0,0.0,0.0,0.5793156974750526,0.0,0.0,0.0,1.0,0.0,0.0,1.0,0.0,0
0.0,0.37354590939221144,0.0,0.0,0.0,-0.5064419972567069,0.7837882495764521,-0.81210994408948,-0.9675376244946593,0.0,-1.3342959658140432,1.0,1.0,0.0,0.0,1.0,1.0,-0.2806524287733598,1.0,0.0,0.0,0.0,0.0,0.0,0.0,1.0,1
1.0,-0.04544652437988287,0.0,0.0,1.0,-0.5064419972567069,-1.3724413864501228,1.1813840350020648,1.3859135447599438,1.0,-1.0739187374089973,0.0,1.0,0.0,0.0,0.0,1.0,-2.0005886812701847,1.0,0.0,0.0,0.0,0.0,1.0,0.0,1.0,1
1.0,1.8699474585782625,0.0,1.0,0.0,-0.5064419972567069,0.9590051469718734,-0.6466445536203954,-1.0230370760846081,0.0,-1.3776921705482175,1.0,1.0,0.0,1.0,0.0,1.0,-2.0005886812701847,1.0,0.0,0.0,0.0,0.0,0.0,0.0,1.0,1
0.0,0.49325803332709556,0.0,0.0,0.0,-0.5064419972567069,-0.8678814972939042,0.6400816423211634,-0.008622547449906662,0.0,-0.7701453042697771,1.0,1.0,0.0,1.0,0.0,0.0,-1.1406205550217723,0.0,0.0,0.0,1.0,1.0,0.0,0.0,1.0,1
0.0,1.7502353346433785,0.0,1.0,1.0,-0.5064419972567069,1.0012005006078113,-0.7141335309524853,0.932786308718221,1.0,0.748721861426324,0.0,1.0,0.0,0.0,0.0,1.0,-0.2806524287733598,0.0,1.0,0.0,0.0,0.0,1.0,0.0,1.0,0
0.0,1.5706671487410524,0.0,1.0,0.0,-0.5064419972567069,0.636888528013614,-1.2282888182647378,1.6280198480726196,0.0,-0.5097680758647312,1.0,1.0,0.0,1.0,0.0,1.0,-1.1406205550217723,0.0,0.0,1.0,0.0,0.0,0.0,0.0,1.0,1
1.0,-0.10530258634732491,0.0,0.0,1.0,2.611872331624339,0.0005674243294180545,-0.5632248760627073,-0.35221761773652993,1.0,1.4430611371731132,1.0,1.0,1.0,1.0,1.0,1.0,0.5793156974750526,0.0,0.0,0.0,0.0,0.0,0.0,0.0,0.0,0
1.0,-0.8834313919240715,0.0,0.0,0.0,-0.5064419972567069,1.0109774530678233,-0.9699880784778793,0.7866330214536411,0.0,0.4883446330212782,1.0,0.0,0.0,0.0,0.0,0.0,-0.2806524287733598,1.0,0.0,0.0,0.0,0.0,0.0,1.0,0.0,0
0.0,-1.1827117017612818,1.0,0.0,1.0,-0.5064419972567069,-0.8699084560483301,0.9111383843043567,0.6688208863650027,1.0,0.5317408377554524,1.0,1.0,0.0,1.0,1.0,0.0,-2.0005886812701847,1.0,0.0,0.0,0.0,0.0,0.0,0.0,1.0,1
0.0,-1.3622798876636077,1.0,0.0,0.0,-0.5064419972567069,-0.9369832828776887,0.8078866482104458,1.213453612069949,0.0,-0.9437301232064743,1.0,1.0,0.0,0.0,1.0,1.0,1.439283823723465,1.0,0.0,0.0,0.0,0.0,0.0,0.0,1.0,0
1.0,1.9298035205457047,0.0,1.0,0.0,-0.5064419972567069,0.818879341230485,-1.4746603337753919,-1.0215703386598098,0.0,-0.11920223325716231,1.0,1.0,0.0,0.0,0.0,1.0,0.5793156974750526,1.0,0.0,0.0,0.0,0.0,0.0,0.0,0.0,0
1.0,0.9122504670991899,0.0,0.0,1.0,-0.5064419972567069,-1.387503068796501,1.1661809178010467,1.1433341003424944,1.0,-1.3342959658140432,1.0,0.0,0.0,0.0,0.0,0.0,-0.2806524287733598,1.0,0.0,0.0,0.0,0.0,0.0,1.0,1.0,1
0.0,-0.10530258634732491,0.0,0.0,0.0,-0.5064419972567069,-0.005617367433542958,0.3110604784652629,-0.3034367698343668,0.0,0.3581560188187552,1.0,1.0,1.0,0.0,0.0,1.0,-0.2806524287733598,1.0,0.0,0.0,0.0,0.0,1.0,0.0,1.0,0
0.0,-1.1827117017612818,1.0,0.0,0.0,-0.5064419972567069,-0.9510494789975757,0.6594020397449828,0.4616323965846222,0.0,-1.4644845800165662,1.0,1.0,0.0,0.0,1.0,1.0,-2.0005886812701847,1.0,0.0,0.0,0.0,0.0,0.0,0.0,1.0,1
0.0,0.3136898474247694,0.0,0.0,1.0,1.5724342219973237,0.4529322157931024,-0.9306621467935287,1.04951021926588,1.0,1.4864573419072875,1.0,0.0,0.0,0.0,0.0,0.0,0.5793156974750526,0.0,0.0,0.0,0.0,0.0,0.0,1.0,0.0,0
1.0,-0.7038632060217453,0.0,0.0,1.0,2.611872331624339,0.8919436633778828,0.13115600217671666,-0.9741615999614903,1.0,0.09777879041370928,1.0,1.0,0.0,0.0,1.0,1.0,-0.2806524287733598,1.0,0.0,0.0,0.0,0.0,0.0,0.0,1.0,0
1.0,-1.42213594963105,1.0,0.0,1.0,-0.5064419972567069,0.9218737533280464,-1.459975798260894,-0.7430794843900406,1.0,1.4864573419072875,0.0,1.0,1.0,1.0,1.0,1.0,0.5793156974750526,1.0,0.0,0.0,0.0,1.0,0.0,0.0,0.0,0
1.0,0.9721065290666319,0.0,0.0,0.0,-0.5064419972567069,1.552031090953501,-1.808321050513469,-0.9225419054306854,0.0,-1.3342959658140432,1.0,1.0,1.0,0.0,0.0,1.0,-0.2806524287733598,1.0,0.0,0.0,0.0,0.0,1.0,0.0,1.0,0
1.0,-1.3024238256961658,1.0,0.0,1.0,1.5724342219973237,0.21516223099595655,0.03658451150098886,1.5509451621049923,1.0,1.4864573419072875,1.0,0.0,0.0,0.0,0.0,0.0,1.439283823723465,0.0,0.0,0.0,0.0,0.0,0.0,1.0,0.0,0
1.0,-1.42213594963105,1.0,0.0,1.0,-0.5064419972567069,1.1585516145274046,-0.5231948913057378,-0.6338312032978053,1.0,-1.160711146877346,1.0,0.0,0.0,0.0,0.0,0.0,1.439283823723465,1.0,0.0,0.0,0.0,0.0,0.0,1.0,0.0,0
0.0,-1.1827117017612818,1.0,0.0,0.0,-0.5064419972567069,1.223757984064881,-1.851080509698727,-0.9954529496763045,0.0,-1.4644845800165662,1.0,0.0,0.0,0.0,0.0,0.0,0.5793156974750526,0.0,0.0,0.0,0.0,0.0,0.0,1.0,1.0,0
1.0,0.13412166152244326,0.0,0.0,0.0,-0.5064419972567069,-0.8182527485370057,0.5856019601977668,1.3307452919433365,0.0,-0.9437301232064743,0.0,1.0,0.0,0.0,1.0,1.0,0.5793156974750526,1.0,0.0,0.0,0.0,0.0,1.0,0.0,0.0,0
0.0,1.6903792726759364,0.0,1.0,1.0,-0.5064419972567069,1.1741975688466812,-1.4201861881112876,-0.9320047275261583,1.0,-1.290899761079869,1.0,1.0,0.0,0.0,0.0,1.0,-1.1406205550217723,0.0,0.0,0.0,0.0,0.0,0.0,0.0,1.0,1
0.0,1.2115307769364,0.0,1.0,0.0,-0.5064419972567069,-0.8816137081891424,0.8160017134097858,0.4201852358064506,0.0,-1.4644845800165662,0.0,1.0,0.0,1.0,1.0,1.0,-1.1406205550217723,0.0,0.0,0.0,0.0,0.0,1.0,0.0,1.0,1
0.0,0.07426559955500123,0.0,0.0,1.0,-0.5064419972567069,1.1964350814373865,-0.18583628113582293,-0.8478329249869263,1.0,-0.9871263279406487,1.0,1.0,0.0,0.0,0.0,1.0,-0.2806524287733598,1.0,0.0,0.0,0.0,0.0,1.0,0.0,1.0,0
0.0,1.5706671487410524,0.0,1.0,1.0,-0.5064419972567069,1.6673263486978152,-1.985426846632635,-1.0333042380581963,1.0,1.3996649324389387,1.0,1.0,0.0,1.0,1.0,1.0,-0.2806524287733598,1.0,0.0,0.0,0.0,0.0,0.0,0.0,0.0,0
1.0,-0.40458289618453513,0.0,0.0,1.0,2.611872331624339,1.2032292142821177,-0.8045711320275547,0.7650577870759627,1.0,-0.46637187113055684,0.0,1.0,1.0,0.0,0.0,0.0,0.5793156974750526,0.0,0.0,1.0,0.0,1.0,0.0,0.0,1.0,0
0.0,0.5531140952945376,0.0,0.0,0.0,-0.5064419972567069,-0.8396577241088857,1.1345824991659688,0.12882494348683812,0.0,-1.5078807847507405,1.0,0.0,0.0,0.0,0.0,0.0,-0.2806524287733598,1.0,0.0,0.0,0.0,0.0,0.0,1.0,0.0,1
0.0,-1.1228556397938396,1.0,0.0,0.0,-0.5064419972567069,0.6801060543467764,-1.2973810619319108,0.32200845656591864,0.0,-1.4644845800165662,1.0,1.0,0.0,1.0,1.0,1.0,-0.2806524287733598,0.0,0.0,0.0,0.0,0.0,0.0,0.0,1.0,1
0.0,0.13412166152244326,0.0,0.0,1.0,-0.5064419972567069,0.4861285680249844,-1.0379005949454003,-0.23355382865929897,1.0,0.3581560188187552,1.0,1.0,1.0,1.0,0.0,1.0,-0.2806524287733598,1.0,0.0,0.0,0.0,0.0,0.0,0.0,1.0,0
0.0,0.9122504670991899,0.0,0.0,0.0,-0.5064419972567069,-0.8576395532983654,0.8270621749495976,2.60079795948724,0.0,1.3562687277047645,1.0,1.0,1.0,0.0,1.0,1.0,0.5793156974750526,1.0,0.0,0.0,0.0,0.0,1.0,0.0,0.0,0
1.0,-0.6440071440543034,0.0,0.0,1.0,0.5329961123703084,-0.06546258673664085,0.538911614919018,-1.0281470000161637,1.0,-0.075806028522988,0.0,1.0,0.0,0.0,0.0,1.0,-0.2806524287733598,1.0,0.0,0.0,0.0,0.0,1.0,0.0,0.0,0
1.0,0.014409537587559178,0.0,0.0,1.0,1.5724342219973237,-1.3945559795392628,1.9150913062974453,1.0310104020692303,1.0,1.3562687277047645,1.0,1.0,1.0,1.0,0.0,1.0,0.5793156974750526,1.0,0.0,0.0,0.0,0.0,1.0,0.0,0.0,0
1.0,1.3312429008712843,0.0,1.0,0.0,-0.5064419972567069,0.8894399872144263,-1.0448004073313306,0.5035526984675675,0.0,-0.8135415090039514,1.0,1.0,0.0,0.0,0.0,1.0,-0.2806524287733598,1.0,0.0,0.0,0.0,1.0,0.0,0.0,0.0,0
1.0,-0.8235753299566294,0.0,0.0,0.0,-0.5064419972567069,1.740757407647579,-1.3320522154710521,-0.9940808404724609,0.0,-0.5097680758647312,1.0,1.0,0.0,0.0,1.0,1.0,1.439283823723465,1.0,0.0,0.0,0.0,0.0,1.0,0.0,1.0,0
0.0,-1.42213594963105,1.0,0.0,1.0,-0.5064419972567069,-1.2953013124087243,1.1477823408484469,-0.5463000989146803,1.0,0.6185332472238011,1.0,1.0,1.0,0.0,1.0,1.0,-0.2806524287733598,1.0,0.0,0.0,0.0,0.0,0.0,0.0,0.0,0
1.0,-1.0629995778263976,1.0,0.0,1.0,1.5724342219973237,1.2289476939418151,-0.9305657201276212,-0.6257878045166533,1.0,1.3996649324389387,0.0,1.0,1.0,1.0,0.0,1.0,0.5793156974750526,1.0,0.0,0.0,0.0,0.0,1.0,0.0,0.0,0
1.0,-0.3447268342170931,0.0,0.0,0.0,-0.5064419972567069,-0.8361751396780318,0.643719096072464,-0.23303337344404795,0.0,-1.160711146877346,0.0,1.0,0.0,0.0,0.0,1.0,-0.2806524287733598,0.0,0.0,0.0,1.0,1.0,0.0,0.0,0.0,0
1.0,-1.481992011598492,1.0,0.0,1.0,-0.5064419972567069,-0.8355625638725329,0.5877685612652558,-0.4159970386600177,1.0,0.44494842828710385,1.0,1.0,1.0,0.0,1.0,0.0,-0.2806524287733598,0.0,1.0,0.0,0.0,0.0,1.0,0.0,0.0,0
1.0,0.9721065290666319,0.0,0.0,1.0,-0.5064419972567069,-1.1551128338951566,1.1351453725267753,0.9613167173360719,1.0,0.6185332472238011,1.0,1.0,0.0,0.0,0.0,0.0,0.5793156974750526,0.0,1.0,0.0,0.0,0.0,0.0,0.0,1.0,0
0.0,-0.7038632060217453,0.0,0.0,0.0,-0.5064419972567069,-0.7985508550065452,1.239872113648959,-1.0221854220960156,0.0,-1.290899761079869,1.0,1.0,0.0,1.0,0.0,0.0,-2.0005886812701847,1.0,0.0,0.0,0.0,0.0,0.0,0.0,1.0,1
0.0,1.9298035205457047,0.0,1.0,0.0,-0.5064419972567069,1.15493236301915,-0.8978498594598593,0.27748587860671836,0.0,-1.2041073516115204,1.0,1.0,1.0,0.0,0.0,1.0,-2.0005886812701847,0.0,0.0,0.0,0.0,0.0,1.0,0.0,1.0,1
0.0,0.7925383431643057,0.0,0.0,0.0,-0.5064419972567069,-1.387503068796501,1.1661809178010467,1.1433341003424944,0.0,-1.1173149421431716,1.0,1.0,0.0,1.0,0.0,1.0,-2.0005886812701847,0.0,0.0,0.0,1.0,0.0,1.0,0.0,1.0,1
1.0,0.9721065290666319,0.0,0.0,0.0,-0.5064419972567069,0.0390679147900187,0.022682462232322554,-0.9012978698263485,0.0,-1.421088375282392,1.0,1.0,0.0,0.0,0.0,0.0,-2.0005886812701847,0.0,0.0,0.0,0.0,0.0,0.0,0.0,1.0,1
1.0,0.3136898474247694,0.0,0.0,1.0,0.5329961123703084,0.2603731558248954,-0.932716634560465,-0.9946486097981894,1.0,0.44494842828710385,1.0,0.0,0.0,0.0,0.0,0.0,1.439283823723465,1.0,0.0,0.0,0.0,0.0,0.0,1.0,0.0,0
1.0,-0.8235753299566294,0.0,0.0,0.0,1.5724342219973237,1.8624440751328093,-1.9790396181023269,-0.9572704625210711,0.0,1.2260801135022417,0.0,1.0,0.0,0.0,0.0,1.0,1.439283823723465,1.0,0.0,0.0,0.0,0.0,1.0,0.0,0.0,0
1.0,-0.46443895815197717,0.0,0.0,0.0,-0.5064419972567069,-0.928048167267212,0.9071235285783548,-0.9705657275652106,0.0,1.0524952945655444,1.0,1.0,0.0,1.0,1.0,1.0,-0.2806524287733598,1.0,0.0,0.0,0.0,0.0,0.0,0.0,0.0,1
0.0,-1.601704135533376,1.0,0.0,1.0,1.5724342219973237,-0.08993933682624948,-0.11116097964971657,-0.9515927692637873,0.0,0.27136360935040654,1.0,1.0,0.0,1.0,1.0,1.0,1.439283823723465,1.0,0.0,0.0,0.0,0.0,0.0,0.0,0.0,0
0.0,-1.3622798876636077,1.0,0.0,0.0,-0.5064419972567069,1.0528703600354359,-0.7021341781919905,-0.3040991673810499,0.0,-0.6399566900672541,1.0,0.0,0.0,0.0,0.0,0.0,0.5793156974750526,0.0,0.0,0.0,1.0,0.0,0.0,1.0,0.0,0
0.0,-0.7637192679891874,0.0,0.0,0.0,-0.5064419972567069,-0.9755318898537068,1.264132878242855,-0.8263523188302027,0.0,-1.0739187374089973,1.0,0.0,0.0,0.0,0.0,0.0,0.5793156974750526,0.0,0.0,0.0,1.0,0.0,0.0,1.0,1.0,0
0.0,-0.40458289618453513,0.0,0.0,1.0,-0.5064419972567069,1.2155591724423973,-0.6441429967660668,-0.9614341042430792,1.0,0.6619294519579755,1.0,1.0,1.0,0.0,0.0,1.0,-2.0005886812701847,1.0,0.0,0.0,0.0,0.0,0.0,0.0,1.0,1
1.0,1.6903792726759364,0.0,1.0,1.0,-0.5064419972567069,-1.4466160275162607,1.2803011848461665,-0.42758899572697207,1.0,0.8355142708946727,1.0,1.0,1.0,1.0,0.0,1.0,0.5793156974750526,1.0,0.0,0.0,0.0,1.0,0.0,0.0,0.0,0
0.0,-1.661560197500818,1.0,0.0,0.0,0.5329961123703084,1.8834964658186237,-0.9808155473560513,-1.016791613501596,0.0,-1.3776921705482175,1.0,0.0,0.0,0.0,0.0,0.0,-0.2806524287733598,0.0,0.0,0.0,0.0,0.0,0.0,1.0,0.0,0
1.0,0.07426559955500123,0.0,0.0,0.0,-0.5064419972567069,0.5909380644729589,-1.2555281979548267,1.9595498201875148,0.0,0.6185332472238011,0.0,1.0,1.0,1.0,1.0,1.0,-0.2806524287733598,1.0,0.0,0.0,0.0,0.0,1.0,0.0,0.0,0
0.0,0.9122504670991899,0.0,0.0,1.0,-0.5064419972567069,1.2040682207483915,-0.49679336245435074,-1.0206240564502627,1.0,-1.0739187374089973,1.0,1.0,1.0,1.0,0.0,1.0,0.5793156974750526,0.0,0.0,0.0,1.0,0.0,0.0,0.0,1.0,0
0.0,-1.3622798876636077,1.0,0.0,1.0,-0.5064419972567069,0.3809640606481476,-0.8716951644183395,0.9361456105621139,1.0,1.4430611371731132,1.0,1.0,1.0,1.0,0.0,1.0,-0.2806524287733598,0.0,0.0,0.0,0.0,0.0,1.0,0.0,0.0,0
0.0,-0.46443895815197717,0.0,0.0,0.0,-0.5064419972567069,1.0942210464385775,-1.2867967358907446,-0.9120854870151878,0.0,0.9223066803630213,1.0,0.0,0.0,0.0,0.0,0.0,1.439283823723465,1.0,0.0,0.0,0.0,0.0,0.0,1.0,0.0,0
1.0,-0.40458289618453513,0.0,0.0,0.0,-0.5064419972567069,-0.7005290219558502,1.106249668766776,1.9547237809188236,0.0,-0.9437301232064743,1.0,1.0,0.0,0.0,0.0,1.0,-2.0005886812701847,0.0,0.0,0.0,1.0,0.0,0.0,0.0,1.0,1
1.0,-0.9432874538915136,0.0,0.0,1.0,-0.5064419972567069,-1.0542824519698861,0.966180478416947,1.1568186218285434,1.0,1.269476318236416,1.0,1.0,1.0,1.0,1.0,1.0,-0.2806524287733598,1.0,0.0,0.0,0.0,1.0,0.0,0.0,0.0,0
1.0,-0.8235753299566294,0.0,0.0,0.0,-0.5064419972567069,1.2990526482209397,-0.6179020252339924,-1.0072814772956458,0.0,-0.20599464272551093,1.0,1.0,0.0,1.0,1.0,1.0,1.439283823723465,1.0,0.0,0.0,0.0,0.0,0.0,0.0,1.0,0
0.0,-1.1228556397938396,1.0,0.0,1.0,1.5724342219973237,0.03211366312088237,0.2579007805101188,-0.6282008241509989,1.0,-0.11920223325716231,1.0,1.0,0.0,0.0,1.0,1.0,-0.2806524287733598,1.0,0.0,0.0,0.0,0.0,0.0,0.0,1.0,0
0.0,0.014409537587559178,0.0,0.0,0.0,-0.5064419972567069,0.6807517860704603,0.042663543797673946,-0.8630680685606378,0.0,0.05438258567953497,1.0,1.0,1.0,0.0,1.0,1.0,0.5793156974750526,0.0,0.0,1.0,0.0,0.0,0.0,0.0,0.0,0
0.0,0.19397772348988532,0.0,0.0,1.0,-0.5064419972567069,2.3099361596446495,-0.17344153290793826,-1.026254435597069,1.0,1.4430611371731132,1.0,1.0,0.0,1.0,0.0,0.0,0.5793156974750526,0.0,0.0,0.0,0.0,0.0,1.0,0.0,0.0,0
1.0,1.3312429008712843,0.0,1.0,0.0,-0.5064419972567069,-0.23518166682028602,-0.0613868265483261,-0.9188040907029735,0.0,1.2260801135022417,1.0,1.0,0.0,1.0,0.0,1.0,0.5793156974750526,1.0,0.0,0.0,0.0,0.0,0.0,0.0,0.0,0
0.0,-0.7637192679891874,0.0,0.0,1.0,-0.5064419972567069,-1.3190243718703194,1.179945478330762,0.29712123445482475,1.0,1.3128725229705902,1.0,1.0,0.0,1.0,0.0,1.0,-1.1406205550217723,0.0,0.0,0.0,0.0,1.0,0.0,0.0,0.0,1
1.0,-1.661560197500818,1.0,0.0,1.0,1.5724342219973237,0.9095781641073486,-1.3013096411673646,0.17964029813952792,1.0,0.9657028850971957,1.0,0.0,0.0,0.0,0.0,0.0,0.5793156974750526,1.0,0.0,0.0,0.0,0.0,0.0,1.0,0.0,0
0.0,-1.42213594963105,1.0,0.0,1.0,-0.5064419972567069,0.8603687164133533,-1.3554206873765946,0.9757475210316682,1.0,-0.16259843799133664,1.0,1.0,0.0,0.0,0.0,1.0,0.5793156974750526,0.0,0.0,1.0,0.0,0.0,1.0,0.0,1.0,0
1.0,-0.7637192679891874,0.0,0.0,0.0,-0.5064419972567069,0.8944210574110707,-0.4992432456886769,-1.0266802625913654,0.0,-0.5965604853330798,1.0,0.0,0.0,0.0,0.0,0.0,-0.2806524287733598,0.0,0.0,0.0,1.0,0.0,0.0,1.0,0.0,0
0.0,0.7925383431643057,0.0,0.0,0.0,-0.5064419972567069,-0.734692556581626,0.30690029068298735,0.5010450506122671,0.0,1.2260801135022417,1.0,1.0,0.0,1.0,1.0,0.0,-1.1406205550217723,0.0,1.0,0.0,0.0,0.0,0.0,0.0,1.0,1
0.0,0.13412166152244326,0.0,0.0,1.0,-0.5064419972567069,-0.878706095900477,0.6060956256187403,0.9109745037881558,1.0,-0.5097680758647312,1.0,1.0,0.0,1.0,0.0,1.0,1.439283823723465,0.0,0.0,1.0,0.0,0.0,1.0,0.0,1.0,0
0.0,1.9298035205457047,0.0,1.0,1.0,-0.5064419972567069,-0.8142825295045469,0.3538277809678502,0.1430664907405249,1.0,0.6619294519579755,1.0,1.0,1.0,1.0,0.0,1.0,-0.2806524287733598,1.0,0.0,0.0,0.0,0.0,0.0,0.0,0.0,0
0.0,0.2538337854573274,0.0,0.0,0.0,-0.5064419972567069,-0.9403077701864666,1.0281985112306629,1.0860367125544057,0.0,0.4015522235529295,1.0,1.0,0.0,1.0,1.0,1.0,0.5793156974750526,1.0,0.0,0.0,0.0,0.0,0.0,0.0,0.0,0
1.0,1.7502353346433785,0.0,1.0,0.0,-0.5064419972567069,-0.9328586057873415,0.7027806596271299,0.3739593498700652,0.0,-1.5078807847507405,1.0,1.0,0.0,0.0,0.0,1.0,-0.2806524287733598,1.0,0.0,0.0,0.0,0.0,0.0,0.0,0.0,0
0.0,1.091818653001516,0.0,1.0,0.0,-0.5064419972567069,-0.8569861391058359,0.6208572101916454,-0.024803973233165428,0.0,-0.9871263279406487,1.0,1.0,0.0,0.0,1.0,1.0,-0.2806524287733598,1.0,0.0,0.0,0.0,0.0,0.0,0.0,1.0,0
0.0,1.091818653001516,0.0,1.0,1.0,-0.5064419972567069,-0.7476172995669138,0.5794352672957024,0.41734638917780875,1.0,0.18457119988205792,1.0,1.0,0.0,0.0,1.0,0.0,-0.2806524287733598,0.0,1.0,0.0,0.0,0.0,0.0,0.0,1.0,0
1.0,0.014409537587559178,0.0,0.0,1.0,-0.5064419972567069,-0.9085791738449809,1.4329372150333706,-0.9990961361830616,1.0,0.878910475628847,1.0,1.0,0.0,1.0,1.0,1.0,-2.0005886812701847,1.0,0.0,0.0,0.0,0.0,0.0,0.0,1.0,1
0.0,0.49325803332709556,0.0,0.0,0.0,-0.5064419972567069,1.0988770269008215,-1.5493300988022125,-0.9722217214319184,0.0,0.748721861426324,1.0,1.0,1.0,1.0,0.0,1.0,-0.2806524287733598,1.0,0.0,0.0,0.0,0.0,0.0,0.0,1.0,0
0.0,0.07426559955500123,0.0,0.0,1.0,0.5329961123703084,-0.966073962021114,0.7279410988551027,0.4558600751063837,1.0,-0.03240982378881367,1.0,0.0,0.0,0.0,0.0,0.0,-0.2806524287733598,1.0,0.0,0.0,0.0,0.0,0.0,1.0,0.0,0
1.0,0.19397772348988532,0.0,0.0,0.0,-0.5064419972567069,1.2645911146719613,-0.9225226288990024,-0.5752563345268277,0.0,-0.5097680758647312,1.0,0.0,0.0,0.0,0.0,0.0,1.439283823723465,0.0,0.0,1.0,0.0,0.0,0.0,1.0,1.0,0
0.0,0.3136898474247694,0.0,0.0,0.0,-0.5064419972567069,0.5380624617766944,0.4257759148836981,-0.6484039493248336,0.0,0.9223066803630213,1.0,1.0,0.0,0.0,0.0,1.0,1.439283823723465,1.0,0.0,0.0,0.0,0.0,0.0,0.0,1.0,0
0.0,1.8100913966108205,0.0,1.0,0.0,-0.5064419972567069,-1.4347365046347431,1.2294538813863911,1.9130873636987424,0.0,0.7921180661604984,0.0,1.0,1.0,0.0,0.0,1.0,-0.2806524287733598,0.0,1.0,0.0,0.0,0.0,1.0,0.0,1.0,0
0.0,1.9896595825131467,0.0,1.0,1.0,-0.5064419972567069,0.4974169451456873,-1.118247998970631,0.8109997883494839,1.0,-1.290899761079869,1.0,1.0,0.0,0.0,0.0,1.0,0.5793156974750526,1.0,0.0,0.0,0.0,0.0,0.0,0.0,1.0,0
1.0,-0.46443895815197717,0.0,0.0,0.0,-0.5064419972567069,0.43922062626161024,-1.033874666300827,0.7404071355172557,0.0,-1.030522532674823,1.0,1.0,0.0,0.0,0.0,1.0,1.439283823723465,1.0,0.0,0.0,0.0,0.0,0.0,0.0,0.0,0
1.0,0.37354590939221144,0.0,0.0,0.0,-0.5064419972567069,-1.387503068796501,1.1661809178010467,1.1433341003424944,0.0,-1.3342959658140432,1.0,1.0,0.0,0.0,0.0,1.0,-2.0005886812701847,1.0,0.0,0.0,0.0,0.0,0.0,0.0,1.0,1
1.0,0.6129701572619797,0.0,0.0,0.0,-0.5064419972567069,0.6998690032875549,-1.0438255291252772,0.2589387472995913,0.0,-0.9437301232064743,1.0,1.0,1.0,1.0,0.0,1.0,0.5793156974750526,1.0,0.0,0.0,0.0,0.0,1.0,0.0,1.0,0
0.0,-0.46443895815197717,0.0,0.0,1.0,-0.5064419972567069,0.12177899176747949,-0.1651894403412533,-1.029992250324781,1.0,0.09777879041370928,1.0,0.0,0.0,0.0,0.0,0.0,1.439283823723465,1.0,0.0,0.0,0.0,0.0,0.0,1.0,0.0,0
1.0,0.9721065290666319,0.0,0.0,1.0,-0.5064419972567069,-0.8171994416239223,0.5341816332018255,0.0755965691998027,1.0,-1.2041073516115204,1.0,1.0,0.0,0.0,0.0,0.0,-0.2806524287733598,0.0,0.0,0.0,0.0,0.0,0.0,0.0,1.0,1
0.0,-0.16515864831476695,0.0,0.0,0.0,-0.5064419972567069,1.9991722079411367,-1.8200306619046354,-0.8933017851556739,0.0,-1.2475035563456947,1.0,1.0,0.0,1.0,1.0,0.0,-2.0005886812701847,1.0,0.0,0.0,0.0,0.0,0.0,0.0,1.0,1
0.0,-1.0629995778263976,1.0,0.0,0.0,-0.5064419972567069,0.5470384157742046,-1.017125031472421,2.1112388583779462,0.0,1.3128725229705902,1.0,1.0,1.0,1.0,1.0,0.0,0.5793156974750526,0.0,0.0,0.0,0.0,1.0,0.0,0.0,0.0,0
1.0,-0.8235753299566294,0.0,0.0,0.0,-0.5064419972567069,0.672209689392618,-0.9633881576366434,-0.36347837603014277,0.0,-0.3361832569280339,1.0,1.0,0.0,1.0,1.0,1.0,0.5793156974750526,1.0,0.0,0.0,0.0,0.0,0.0,0.0,1.0,0
0.0,-1.541848073565934,1.0,0.0,1.0,-0.5064419972567069,0.5703150833616929,-1.0892189588161418,0.25501167612997006,1.0,1.4864573419072875,1.0,1.0,0.0,1.0,1.0,1.0,1.439283823723465,0.0,0.0,0.0,0.0,0.0,1.0,0.0,0.0,0
0.0,0.9721065290666319,0.0,0.0,1.0,-0.5064419972567069,0.8611794190470325,-0.9886860856035607,-1.0290932822257108,1.0,-1.160711146877346,1.0,1.0,0.0,0.0,0.0,1.0,-1.1406205550217723,1.0,0.0,0.0,0.0,1.0,0.0,0.0,1.0,1
1.0,0.8523944051317478,0.0,0.0,1.0,0.5329961123703084,2.2422746347995957,-1.3431915715557021,-0.5859020093842348,1.0,0.6619294519579755,1.0,1.0,0.0,1.0,0.0,1.0,-0.2806524287733598,0.0,1.0,0.0,0.0,0.0,0.0,0.0,1.0,0
1.0,1.4509550248061682,0.0,1.0,0.0,-0.5064419972567069,1.4172437923804129,-1.8489757324266065,-1.0225639349798346,0.0,-0.7267490995356027,1.0,1.0,0.0,0.0,0.0,1.0,1.439283823723465,1.0,0.0,0.0,0.0,0.0,0.0,0.0,0.0,0
1.0,0.13412166152244326,0.0,0.0,1.0,0.5329961123703084,0.4311560556737307,-1.1368887960170178,-0.9604405079230546,1.0,-0.2927870521938596,1.0,0.0,0.0,0.0,0.0,0.0,0.5793156974750526,0.0,0.0,1.0,0.0,0.0,0.0,1.0,0.0,0
0.0,1.6903792726759364,0.0,1.0,1.0,-0.5064419972567069,1.3005199997708714,-0.8268037070361249,-0.9778521005787248,1.0,1.5298535466414618,1.0,1.0,0.0,0.0,1.0,1.0,1.439283823723465,1.0,0.0,0.0,0.0,0.0,0.0,0.0,0.0,0
0.0,0.7925383431643057,0.0,0.0,1.0,-0.5064419972567069,0.4861285680249844,-1.0379005949454003,-0.23355382865929897,1.0,1.3128725229705902,1.0,1.0,1.0,1.0,1.0,1.0,-0.2806524287733598,1.0,0.0,0.0,0.0,0.0,1.0,0.0,0.0,0
0.0,-1.601704135533376,1.0,0.0,1.0,-0.5064419972567069,0.9745657854528956,-1.3071584490320527,-0.6878166033524785,1.0,-1.030522532674823,1.0,1.0,0.0,1.0,1.0,1.0,-0.2806524287733598,0.0,0.0,0.0,1.0,1.0,0.0,0.0,0.0,1
1.0,-1.1827117017612818,1.0,0.0,1.0,2.611872331624339,0.20208262561231558,0.25713997872981775,-0.8883338035555506,0.0,0.1411749951478836,0.0,1.0,0.0,0.0,1.0,1.0,-0.2806524287733598,1.0,0.0,0.0,0.0,0.0,1.0,0.0,1.0,0
1.0,0.07426559955500123,0.0,0.0,0.0,-0.5064419972567069,-0.9273648318802233,1.0151910615083937,0.024686586326158163,0.0,0.1411749951478836,1.0,0.0,0.0,0.0,0.0,0.0,0.5793156974750526,1.0,0.0,0.0,0.0,0.0,0.0,1.0,0.0,0
1.0,0.5531140952945376,0.0,0.0,1.0,1.5724342219973237,1.939994959087333,-0.7884517308146092,-0.9471925569893924,1.0,-1.290899761079869,1.0,1.0,0.0,0.0,0.0,1.0,0.5793156974750526,0.0,0.0,0.0,0.0,0.0,1.0,0.0,1.0,0
1.0,0.07426559955500123,0.0,0.0,0.0,-0.5064419972567069,-1.010644411552421,0.8548994922426446,3.2772951110926023,0.0,-1.2041073516115204,1.0,1.0,0.0,0.0,0.0,1.0,-0.2806524287733598,1.0,0.0,0.0,0.0,0.0,1.0,0.0,1.0,0
0.0,-1.481992011598492,1.0,0.0,1.0,0.5329961123703084,-0.9972732766930291,1.6286233685183864,-0.9074013900779286,1.0,1.4864573419072875,1.0,1.0,0.0,0.0,1.0,1.0,1.439283823723465,0.0,0.0,0.0,0.0,0.0,0.0,0.0,0.0,0
1.0,-0.3447268342170931,0.0,0.0,1.0,0.5329961123703084,1.0791820071582772,-1.6054033584569387,-1.021333768107423,1.0,-0.46637187113055684,1.0,0.0,0.0,0.0,0.0,0.0,1.439283823723465,1.0,0.0,0.0,0.0,0.0,0.0,1.0,1.0,0
0.0,0.13412166152244326,0.0,0.0,0.0,4.69074855087837,-1.3381585713869724,1.316404435854113,0.9631146535342118,0.0,-0.9871263279406487,1.0,0.0,0.0,0.0,0.0,0.0,1.439283823723465,1.0,0.0,0.0,0.0,0.0,0.0,1.0,1.0,0
0.0,0.8523944051317478,0.0,0.0,0.0,-0.5064419972567069,-0.7940905753296877,0.6176386818597023,3.5673306083188487,0.0,-1.2041073516115204,0.0,1.0,0.0,0.0,0.0,1.0,1.439283823723465,1.0,0.0,0.0,0.0,0.0,1.0,0.0,1.0,0
0.0,1.7502353346433785,0.0,1.0,0.0,-0.5064419972567069,0.21431877678456,-0.012714890216580682,-0.38150505212201874,0.0,-0.5531642805989055,1.0,1.0,0.0,0.0,0.0,1.0,0.5793156974750526,1.0,0.0,0.0,0.0,0.0,0.0,0.0,0.0,0
1.0,1.3910989628387262,0.0,1.0,1.0,-0.5064419972567069,-0.9231362392901986,0.658550809129666,0.27710736572289946,1.0,1.5298535466414618,1.0,0.0,0.0,0.0,0.0,0.0,-0.2806524287733598,1.0,0.0,0.0,0.0,0.0,0.0,1.0,0.0,0
0.0,0.37354590939221144,0.0,0.0,0.0,-0.5064419972567069,1.7337772781886387,-0.2667710112170397,-1.0189680625835549,0.0,-0.7267490995356027,1.0,1.0,1.0,0.0,0.0,0.0,-0.2806524287733598,1.0,0.0,0.0,0.0,0.0,1.0,0.0,1.0,0
1.0,0.6129701572619797,0.0,0.0,0.0,-0.5064419972567069,-0.8793267585152892,0.7011012669768582,-0.576723071951626,0.0,-1.4644845800165662,1.0,1.0,0.0,0.0,0.0,1.0,-2.0005886812701847,0.0,0.0,0.0,0.0,0.0,1.0,0.0,1.0,1
0.0,-1.0629995778263976,1.0,0.0,0.0,-0.5064419972567069,1.9663539140446598,-0.6621604807711037,-1.0258286086027728,0.0,-1.160711146877346,1.0,1.0,1.0,0.0,0.0,1.0,0.5793156974750526,1.0,0.0,0.0,0.0,0.0,1.0,0.0,1.0,0
0.0,0.6129701572619797,0.0,0.0,1.0,2.611872331624339,1.6395780799004305,-2.053512838824471,-1.0229897619741308,1.0,1.4864573419072875,1.0,1.0,1.0,1.0,1.0,1.0,-0.2806524287733598,0.0,0.0,0.0,0.0,1.0,0.0,0.0,0.0,0
0.0,1.9298035205457047,0.0,1.0,1.0,-0.5064419972567069,-1.4107817580863182,1.2960168859028003,-0.6651531444338208,1.0,-1.2041073516115204,1.0,0.0,0.0,0.0,0.0,0.0,-0.2806524287733598,1.0,0.0,0.0,0.0,0.0,0.0,1.0,0.0,0
0.0,0.5531140952945376,0.0,0.0,1.0,-0.5064419972567069,0.40688471054068337,-1.1707387080953144,-0.9399534980863556,1.0,1.139287704033893,1.0,0.0,0.0,0.0,0.0,0.0,-0.2806524287733598,0.0,1.0,0.0,0.0,0.0,0.0,1.0,0.0,0
1.0,-0.9432874538915136,0.0,0.0,1.0,-0.5064419972567069,0.7320063878398368,-0.7511055446968178,-0.1330586580053761,0.0,1.4430611371731132,1.0,1.0,1.0,1.0,1.0,1.0,0.5793156974750526,0.0,0.0,0.0,0.0,0.0,1.0,0.0,0.0,0
1.0,0.43340197135965347,0.0,0.0,0.0,-0.5064419972567069,-1.1551128338951566,1.1351453725267753,0.9613167173360719,0.0,-1.3776921705482175,1.0,1.0,0.0,0.0,0.0,0.0,-1.1406205550217723,0.0,0.0,0.0,0.0,1.0,0.0,0.0,1.0,1
1.0,0.19397772348988532,0.0,0.0,0.0,-0.5064419972567069,1.7979380232818802,-2.0669613598032344,-0.9687204772565934,0.0,-1.030522532674823,1.0,0.0,0.0,0.0,0.0,0.0,1.439283823723465,0.0,0.0,0.0,1.0,0.0,0.0,1.0,1.0,0
1.0,0.9721065290666319,0.0,0.0,0.0,-0.5064419972567069,-0.9971891738761685,0.6424858497663724,0.9151381455101639,0.0,-0.075806028522988,1.0,1.0,0.0,0.0,0.0,1.0,1.439283823723465,0.0,0.0,1.0,0.0,0.0,0.0,0.0,1.0,0
0.0,1.4509550248061682,0.0,1.0,0.0,-0.5064419972567069,-1.4555822773425964,1.46089172071465,-0.9943647251353251,0.0,0.7921180661604984,0.0,1.0,0.0,1.0,0.0,1.0,0.5793156974750526,1.0,0.0,0.0,0.0,0.0,1.0,0.0,0.0,0
0.0,-1.1228556397938396,1.0,0.0,1.0,-0.5064419972567069,0.9539387609369716,-1.0448054824190103,-0.6394615824446117,1.0,1.00909908983137,1.0,0.0,0.0,0.0,0.0,0.0,1.439283823723465,0.0,1.0,0.0,0.0,0.0,0.0,1.0,0.0,0
0.0,-0.28487077224965107,0.0,0.0,0.0,1.5724342219973237,0.3210921548743164,-0.9771213448970619,0.10909495941777698,0.0,-0.42297566639638257,1.0,0.0,0.0,0.0,0.0,0.0,0.5793156974750526,1.0,0.0,0.0,0.0,0.0,0.0,1.0,0.0,0
0.0,1.1516747149689581,0.0,1.0,0.0,-0.5064419972567069,0.5246047980576455,-0.9869208778343534,1.1826521261491845,0.0,-1.2475035563456947,1.0,1.0,1.0,0.0,1.0,1.0,-2.0005886812701847,1.0,0.0,0.0,0.0,0.0,0.0,0.0,1.0,1
0.0,-1.1827117017612818,1.0,0.0,1.0,-0.5064419972567069,0.5909882026907024,-0.7778881664957678,2.2653882303132007,0.0,0.5751370424896268,1.0,1.0,1.0,1.0,1.0,1.0,-0.2806524287733598,1.0,0.0,0.0,0.0,0.0,0.0,0.0,0.0,0
0.0,-0.46443895815197717,0.0,0.0,0.0,-0.5064419972567069,1.1964350814373865,-0.18583628113582293,-0.8478329249869263,0.0,1.3562687277047645,1.0,1.0,1.0,1.0,1.0,1.0,-0.2806524287733598,1.0,0.0,0.0,0.0,0.0,0.0,0.0,0.0,0
0.0,1.3910989628387262,0.0,1.0,1.0,-0.5064419972567069,-0.8294768355236649,0.6885861007594922,0.0032532942799119047,1.0,0.878910475628847,0.0,1.0,0.0,0.0,1.0,1.0,-1.1406205550217723,1.0,0.0,0.0,0.0,1.0,0.0,0.0,1.0,1
0.0,0.014409537587559178,0.0,0.0,0.0,-0.5064419972567069,-0.5158715833678564,-0.22916968660046552,0.407788938861381,0.0,-1.421088375282392,1.0,0.0,0.0,0.0,0.0,0.0,0.5793156974750526,1.0,0.0,0.0,0.0,0.0,0.0,1.0,0.0,0
1.0,0.9122504670991899,0.0,0.0,1.0,1.5724342219973237,-0.8328700607116063,1.5382272908879666,-0.06790712787804477,1.0,-0.5965604853330798,1.0,1.0,1.0,1.0,0.0,1.0,-0.2806524287733598,1.0,0.0,0.0,0.0,0.0,1.0,0.0,0.0,0
0.0,-1.42213594963105,1.0,0.0,0.0,-0.5064419972567069,0.43922062626161024,-1.033874666300827,0.7404071355172557,0.0,-1.290899761079869,1.0,1.0,0.0,1.0,1.0,0.0,-0.2806524287733598,0.0,0.0,0.0,0.0,0.0,0.0,0.0,1.0,1
0.0,-1.2425677637287238,1.0,0.0,0.0,-0.5064419972567069,-0.7517080120581441,0.20929297483177198,0.5194029254774847,0.0,0.09777879041370928,1.0,0.0,0.0,0.0,0.0,0.0,0.5793156974750526,0.0,0.0,1.0,0.0,0.0,0.0,1.0,0.0,0
0.0,0.19397772348988532,0.0,0.0,0.0,-0.5064419972567069,0.30635556226233857,-1.0117182176074453,-0.5795146044697904,0.0,-0.20599464272551093,1.0,0.0,0.0,0.0,0.0,0.0,1.439283823723465,1.0,0.0,0.0,0.0,0.0,0.0,1.0,0.0,0
1.0,1.6305232107084944,0.0,1.0,1.0,-0.5064419972567069,-0.9468516162829422,0.8299166810834477,1.1442330684415642,1.0,1.5298535466414618,1.0,1.0,1.0,1.0,0.0,1.0,-0.2806524287733598,0.0,0.0,0.0,0.0,0.0,1.0,0.0,0.0,0
0.0,1.7502353346433785,0.0,1.0,0.0,-0.5064419972567069,1.8624440751328093,-1.9790396181023269,-0.9572704625210711,0.0,-0.9003339184723,1.0,1.0,0.0,0.0,0.0,1.0,-0.2806524287733598,1.0,0.0,0.0,0.0,0.0,0.0,0.0,1.0,1
0.0,-1.42213594963105,1.0,0.0,1.0,-0.5064419972567069,-0.8722685913464725,0.6267766079122365,-0.49993227064686285,1.0,1.5298535466414618,1.0,0.0,0.0,0.0,0.0,0.0,-0.2806524287733598,0.0,0.0,0.0,0.0,0.0,0.0,1.0,0.0,0
1.0,-1.661560197500818,1.0,0.0,1.0,-0.5064419972567069,-0.8665415129906573,0.6686659202462906,2.173173028992817,1.0,-1.4644845800165662,1.0,1.0,0.0,0.0,1.0,1.0,-1.1406205550217723,0.0,0.0,0.0,0.0,0.0,1.0,0.0,1.0,1
1.0,-0.3447268342170931,0.0,0.0,0.0,-0.5064419972567069,0.7946201263114088,0.21843966694484745,-0.998102539863037,0.0,1.139287704033893,1.0,1.0,0.0,1.0,0.0,1.0,-0.2806524287733598,0.0,1.0,0.0,0.0,0.0,0.0,0.0,0.0,0
0.0,1.3312429008712843,0.0,1.0,1.0,0.5329961123703084,0.42788696300875123,-1.0272263014408245,-0.3993424717719853,1.0,1.1826839087680672,1.0,0.0,0.0,0.0,0.0,0.0,-0.2806524287733598,1.0,0.0,0.0,0.0,0.0,0.0,1.0,0.0,0
1.0,0.13412166152244326,0.0,0.0,1.0,-0.5064419972567069,-0.9833801382924506,1.125441804883785,0.7047796103277999,1.0,1.0958914992997186,1.0,1.0,1.0,1.0,1.0,1.0,0.5793156974750526,0.0,1.0,0.0,0.0,1.0,0.0,0.0,0.0,0
1.0,0.7326822811968637,0.0,0.0,1.0,-0.5064419972567069,-0.8560994204646122,0.6036522015869186,-0.5418052584193307,1.0,0.18457119988205792,0.0,1.0,0.0,0.0,0.0,1.0,0.5793156974750526,1.0,0.0,0.0,0.0,1.0,0.0,0.0,0.0,0
0.0,1.6903792726759364,0.0,1.0,0.0,-0.5064419972567069,2.146717661227653,-1.474083619266371,-1.0232263325265176,0.0,-1.1173149421431716,1.0,1.0,0.0,1.0,0.0,0.0,-0.2806524287733598,1.0,0.0,0.0,0.0,0.0,0.0,0.0,0.0,0
0.0,-0.6440071440543034,0.0,0.0,0.0,-0.5064419972567069,1.6395780799004305,-2.053512838824471,-1.0229897619741308,0.0,-0.46637187113055684,1.0,1.0,0.0,0.0,1.0,1.0,-2.0005886812701847,1.0,0.0,0.0,0.0,0.0,0.0,0.0,1.0,1
1.0,0.13412166152244326,0.0,0.0,1.0,1.5724342219973237,-0.6992561581699054,-0.1528205289233731,1.327338675988966,1.0,1.5298535466414618,1.0,1.0,1.0,1.0,1.0,1.0,0.5793156974750526,0.0,0.0,0.0,0.0,0.0,0.0,0.0,0.0,0
1.0,-1.661560197500818,1.0,0.0,0.0,-0.5064419972567069,-0.8995902809525701,0.74283694256571,-0.5732691418867784,0.0,0.4015522235529295,1.0,1.0,0.0,1.0,0.0,1.0,-0.2806524287733598,0.0,1.0,0.0,0.0,0.0,0.0,0.0,1.0,0
0.0,1.9298035205457047,0.0,1.0,1.0,-0.5064419972567069,-0.9085791738449809,1.4329372150333706,-0.9990961361830616,1.0,0.6619294519579755,1.0,1.0,0.0,1.0,1.0,1.0,0.5793156974750526,1.0,0.0,0.0,0.0,0.0,0.0,0.0,0.0,0
1.0,-0.04544652437988287,0.0,0.0,0.0,-0.5064419972567069,0.5606456854655489,-0.4334747230798957,-0.9872676085637204,0.0,1.3996649324389387,1.0,1.0,1.0,0.0,0.0,1.0,-0.2806524287733598,0.0,0.0,0.0,0.0,1.0,0.0,0.0,0.0,0
1.0,-1.601704135533376,1.0,0.0,1.0,-0.5064419972567069,-0.8700026673768329,1.3177345701977181,-0.9918570772800248,1.0,1.0524952945655444,1.0,0.0,0.0,0.0,0.0,0.0,1.439283823723465,0.0,1.0,0.0,0.0,0.0,0.0,1.0,0.0,0
1.0,-1.1827117017612818,1.0,0.0,0.0,-0.5064419972567069,0.9178186227977949,-0.5220875994484196,-0.9321466698575904,0.0,-0.8135415090039514,0.0,1.0,0.0,0.0,1.0,0.0,-1.1406205550217723,1.0,0.0,0.0,0.0,0.0,1.0,0.0,1.0,1
1.0,-0.40458289618453513,0.0,0.0,0.0,-0.5064419972567069,1.517032997606574,-0.5910866460509341,-0.7443569653729295,0.0,-0.9003339184723,1.0,1.0,0.0,0.0,0.0,0.0,-2.0005886812701847,1.0,0.0,0.0,0.0,0.0,0.0,0.0,1.0,1
0.0,1.271386838903842,0.0,1.0,1.0,-0.5064419972567069,-0.3378457327573922,0.013439804824945634,-1.0228951337531762,1.0,-1.290899761079869,1.0,1.0,0.0,0.0,0.0,1.0,0.5793156974750526,1.0,0.0,0.0,0.0,0.0,0.0,0.0,1.0,0
0.0,1.4509550248061682,0.0,1.0,0.0,-0.5064419972567069,-0.12227848727090224,-0.17066407583248897,-0.34180851343150964,0.0,-0.6399566900672541,1.0,1.0,0.0,0.0,0.0,1.0,-2.0005886812701847,1.0,0.0,0.0,0.0,0.0,0.0,0.0,1.0,1
0.0,1.6903792726759364,0.0,1.0,1.0,-0.5064419972567069,-1.1551128338951566,1.1351453725267753,0.9613167173360719,0.0,-1.421088375282392,1.0,1.0,0.0,0.0,0.0,0.0,-1.1406205550217723,1.0,0.0,0.0,0.0,0.0,0.0,0.0,1.0,1
1.0,0.6129701572619797,0.0,0.0,1.0,0.5329961123703084,-0.897994349134551,0.8241283128993032,1.5029213399704668,1.0,1.5298535466414618,1.0,1.0,1.0,1.0,0.0,1.0,0.5793156974750526,1.0,0.0,0.0,0.0,0.0,0.0,0.0,0.0,0
1.0,-0.7637192679891874,0.0,0.0,1.0,-0.5064419972567069,1.8386340824710954,-1.86604740463685,-1.0298503079933488,0.0,-1.421088375282392,1.0,0.0,0.0,0.0,0.0,0.0,-2.0005886812701847,0.0,0.0,0.0,0.0,0.0,0.0,1.0,1.0,1
1.0,-1.601704135533376,1.0,0.0,0.0,-0.5064419972567069,-1.3009835089728508,1.1517621323323037,-0.46122932827637847,0.0,0.4883446330212782,1.0,1.0,0.0,1.0,1.0,1.0,-1.1406205550217723,1.0,0.0,0.0,0.0,0.0,0.0,0.0,1.0,1
1.0,1.8100913966108205,0.0,1.0,0.0,-0.5064419972567069,-1.4602325970383179,1.2459599120061853,2.328079426695709,0.0,-1.3342959658140432,1.0,1.0,0.0,0.0,0.0,1.0,-0.2806524287733598,0.0,0.0,0.0,0.0,0.0,0.0,0.0,0.0,0
1.0,0.6129701572619797,0.0,0.0,0.0,-0.5064419972567069,0.6424372922240686,-0.7143812875055648,-0.5245829222055699,0.0,-0.8569377137381258,1.0,1.0,1.0,0.0,0.0,1.0,-2.0005886812701847,0.0,0.0,0.0,1.0,0.0,0.0,0.0,1.0,1
0.0,-1.481992011598492,1.0,0.0,0.0,-0.5064419972567069,0.8268375702758934,-0.3483899553917627,-0.957128520189639,0.0,-1.290899761079869,1.0,1.0,0.0,0.0,0.0,1.0,0.5793156974750526,1.0,0.0,0.0,0.0,0.0,1.0,0.0,1.0,0
0.0,-0.5242950201194192,0.0,0.0,0.0,-0.5064419972567069,0.9812285076462811,-0.7762198467640674,0.6137945758798274,0.0,0.31475981408458087,0.0,1.0,0.0,1.0,1.0,1.0,-1.1406205550217723,0.0,1.0,0.0,0.0,1.0,0.0,0.0,0.0,1
1.0,1.271386838903842,0.0,1.0,0.0,-0.5064419972567069,-0.11333245446785391,0.33050313936499426,-0.7595447948361636,0.0,0.8355142708946727,1.0,1.0,0.0,1.0,0.0,1.0,-0.2806524287733598,1.0,0.0,0.0,0.0,0.0,0.0,0.0,0.0,1
1.0,-1.42213594963105,1.0,0.0,1.0,-0.5064419972567069,-0.9659397209865099,0.7778467428645459,-0.3344748263075181,1.0,1.1826839087680672,1.0,0.0,0.0,0.0,0.0,0.0,1.439283823723465,1.0,0.0,0.0,0.0,0.0,0.0,1.0,0.0,0
1.0,-0.46443895815197717,0.0,0.0,1.0,1.5724342219973237,2.1375694581917664,-0.18108369220988152,-0.9966358024382387,1.0,1.5298535466414618,1.0,0.0,0.0,0.0,0.0,0.0,1.439283823723465,1.0,0.0,0.0,0.0,0.0,0.0,1.0,0.0,0
0.0,-1.0031435158589557,0.0,0.0,1.0,-0.5064419972567069,-0.779602652104104,0.5789803548909875,1.2749146415800459,1.0,1.5298535466414618,0.0,1.0,1.0,1.0,1.0,1.0,-0.2806524287733598,0.0,0.0,0.0,0.0,1.0,0.0,0.0,0.0,0
0.0,-0.28487077224965107,0.0,0.0,0.0,-0.5064419972567069,-0.8287571094947656,0.6627451384108747,-0.16002770097747407,0.0,-1.030522532674823,1.0,0.0,0.0,0.0,0.0,0.0,-0.2806524287733598,1.0,0.0,0.0,0.0,0.0,0.0,1.0,0.0,0
0.0,0.37354590939221144,0.0,0.0,0.0,-0.5064419972567069,-0.8665415129906573,0.6686659202462906,2.173173028992817,0.0,0.3581560188187552,0.0,1.0,1.0,1.0,0.0,1.0,-0.2806524287733598,1.0,0.0,0.0,0.0,0.0,1.0,0.0,0.0,0
1.0,0.9122504670991899,0.0,0.0,0.0,-0.5064419972567069,0.16433784748205757,0.040384829429632424,-0.7705689825773896,0.0,0.7053256566921497,1.0,0.0,0.0,0.0,0.0,0.0,-0.2806524287733598,1.0,0.0,0.0,0.0,0.0,0.0,1.0,0.0,0
1.0,1.2115307769364,0.0,1.0,1.0,-0.5064419972567069,-0.43178170540244437,0.8454256876600456,-0.6437198523875746,1.0,-0.24939084745968526,1.0,1.0,0.0,1.0,0.0,1.0,-0.2806524287733598,1.0,0.0,0.0,0.0,0.0,0.0,0.0,0.0,0
0.0,-0.04544652437988287,0.0,0.0,1.0,-0.5064419972567069,-0.942531642747676,1.1453467601339478,-0.9896333140875887,1.0,1.0524952945655444,1.0,1.0,0.0,0.0,0.0,1.0,-0.2806524287733598,0.0,1.0,0.0,0.0,0.0,0.0,0.0,0.0,1
1.0,-0.40458289618453513,0.0,0.0,1.0,2.611872331624339,1.2032292142821177,-0.8045711320275547,0.7650577870759627,1.0,-0.9003339184723,1.0,0.0,0.0,0.0,0.0,0.0,1.439283823723465,1.0,0.0,0.0,0.0,0.0,0.0,1.0,1.0,0
0.0,1.9298035205457047,0.0,1.0,1.0,-0.5064419972567069,-0.8850121898031387,0.6276509071079148,1.7173488886538844,1.0,-1.5078807847507405,1.0,1.0,0.0,1.0,0.0,0.0,1.439283823723465,0.0,0.0,0.0,0.0,0.0,0.0,0.0,0.0,0
1.0,1.5706671487410524,0.0,1.0,0.0,-0.5064419972567069,-1.426797683931687,1.9971808495115282,0.2783375325953109,0.0,-1.5078807847507405,1.0,1.0,0.0,0.0,0.0,1.0,-0.2806524287733598,0.0,0.0,0.0,0.0,1.0,0.0,0.0,0.0,0
1.0,-1.42213594963105,1.0,0.0,0.0,-0.5064419972567069,-0.8911165178134267,0.5844582199834787,-0.7901570243150186,0.0,-0.24939084745968526,1.0,0.0,0.0,0.0,0.0,0.0,0.5793156974750526,1.0,0.0,0.0,0.0,0.0,0.0,1.0,0.0,0
1.0,-1.1827117017612818,1.0,0.0,1.0,1.5724342219973237,-0.9929306600916847,1.536407641269101,-0.44741360801698793,1.0,0.1411749951478836,1.0,0.0,0.0,0.0,0.0,0.0,1.439283823723465,0.0,1.0,0.0,0.0,0.0,0.0,1.0,0.0,0
0.0,1.4509550248061682,0.0,1.0,1.0,-0.5064419972567069,-1.0170705945733893,0.8931430461364629,-0.20346205439569495,1.0,0.3581560188187552,1.0,1.0,0.0,1.0,0.0,1.0,-0.2806524287733598,0.0,1.0,0.0,0.0,0.0,0.0,0.0,0.0,0
1.0,-1.541848073565934,1.0,0.0,1.0,-0.5064419972567069,1.120294941367602,-0.6248784253067174,-0.17620912676073283,0.0,0.6185332472238011,0.0,1.0,0.0,0.0,1.0,1.0,-0.2806524287733598,0.0,1.0,0.0,0.0,0.0,1.0,0.0,1.0,0
0.0,0.6728262192294217,0.0,0.0,0.0,-0.5064419972567069,1.0891004787812741,-0.6102797049111618,0.14301917663004757,0.0,-0.42297566639638257,1.0,1.0,1.0,1.0,1.0,1.0,0.5793156974750526,1.0,0.0,0.0,0.0,0.0,1.0,0.0,0.0,0
1.0,1.271386838903842,0.0,1.0,0.0,-0.5064419972567069,2.0405649457527084,-0.33713156543244965,-1.0240779865151102,0.0,0.748721861426324,1.0,1.0,0.0,0.0,0.0,1.0,1.439283823723465,0.0,1.0,0.0,0.0,1.0,0.0,0.0,0.0,0
1.0,-1.541848073565934,1.0,0.0,0.0,-0.5064419972567069,0.8268375702758934,-0.3483899553917627,-0.957128520189639,0.0,-0.8569377137381258,1.0,0.0,0.0,0.0,0.0,0.0,-0.2806524287733598,1.0,0.0,0.0,0.0,0.0,0.0,1.0,0.0,0
1.0,0.7326822811968637,0.0,0.0,1.0,-0.5064419972567069,1.2784502884734228,-0.6698630797535906,-1.0081331312842383,1.0,0.7921180661604984,1.0,1.0,1.0,0.0,1.0,1.0,0.5793156974750526,0.0,1.0,0.0,0.0,0.0,0.0,0.0,0.0,0
1.0,-0.28487077224965107,0.0,0.0,0.0,-0.5064419972567069,0.9984809066356839,-0.783215624444299,-0.3743133073294593,0.0,-1.290899761079869,1.0,1.0,0.0,1.0,1.0,1.0,0.5793156974750526,1.0,0.0,0.0,0.0,0.0,1.0,0.0,1.0,0
0.0,0.43340197135965347,0.0,0.0,1.0,-0.5064419972567069,-0.8527191341715714,0.739605495828758,0.09759763057177734,1.0,0.22796740461623224,1.0,1.0,0.0,1.0,1.0,1.0,-2.0005886812701847,1.0,0.0,0.0,0.0,0.0,0.0,0.0,1.0,1
0.0,1.3312429008712843,0.0,1.0,1.0,-0.5064419972567069,-1.3427114450304682,1.1797632365459059,-0.8357205127047209,0.0,-1.3342959658140432,1.0,1.0,0.0,1.0,0.0,1.0,-0.2806524287733598,0.0,0.0,0.0,0.0,0.0,0.0,0.0,1.0,1
0.0,1.091818653001516,0.0,1.0,0.0,-0.5064419972567069,-0.8734064054168811,0.6701861396920744,0.9982217235084165,0.0,0.5751370424896268,1.0,1.0,0.0,0.0,1.0,1.0,-0.2806524287733598,1.0,0.0,0.0,0.0,0.0,0.0,0.0,1.0,1
1.0,0.5531140952945376,0.0,0.0,1.0,-0.5064419972567069,1.1354091879745203,-0.8558290562177525,0.6172485059446751,1.0,1.5298535466414618,1.0,1.0,0.0,0.0,1.0,1.0,1.439283823723465,0.0,0.0,0.0,0.0,1.0,0.0,0.0,0.0,0
0.0,0.2538337854573274,0.0,0.0,0.0,-0.5064419972567069,-1.143546270534068,0.6176428342041632,-0.8621691004615678,0.0,-1.421088375282392,1.0,1.0,0.0,0.0,1.0,1.0,-0.2806524287733598,1.0,0.0,0.0,0.0,0.0,1.0,0.0,1.0,0
0.0,1.4509550248061682,0.0,1.0,0.0,-0.5064419972567069,0.7768841361250564,-0.9588607180550194,-1.030654647871464,0.0,-0.075806028522988,1.0,1.0,0.0,1.0,0.0,0.0,-2.0005886812701847,1.0,0.0,0.0,0.0,0.0,0.0,0.0,1.0,1
1.0,-0.8235753299566294,0.0,0.0,0.0,-0.5064419972567069,-0.6097994692035954,2.3335064486528827,-0.7775241568175622,0.0,0.05438258567953497,1.0,0.0,0.0,0.0,0.0,0.0,1.439283823723465,0.0,0.0,1.0,0.0,0.0,0.0,1.0,0.0,0
1.0,-1.42213594963105,1.0,0.0,0.0,-0.5064419972567069,0.6737409267361288,-1.2496549373949588,-0.41902514173056904,0.0,-1.3342959658140432,1.0,1.0,0.0,0.0,0.0,0.0,1.439283823723465,1.0,0.0,0.0,0.0,0.0,0.0,0.0,1.0,0
1.0,-1.2425677637287238,1.0,0.0,0.0,1.5724342219973237,1.5019203683615199,-0.8417060099492365,-0.5087800093061301,0.0,0.4015522235529295,1.0,1.0,0.0,1.0,1.0,1.0,1.439283823723465,1.0,0.0,0.0,0.0,0.0,0.0,0.0,1.0,0
0.0,1.6305232107084944,0.0,1.0,1.0,-0.5064419972567069,0.34402068532085867,-1.0381146713711462,-0.34762814902022554,1.0,1.4864573419072875,0.0,1.0,1.0,1.0,0.0,1.0,0.5793156974750526,0.0,0.0,0.0,0.0,0.0,1.0,0.0,0.0,0
1.0,-0.8834313919240715,0.0,0.0,1.0,2.611872331624339,0.8896166839979253,-1.2741099394354947,-0.9589737704982563,1.0,1.0958914992997186,1.0,1.0,1.0,0.0,1.0,0.0,-0.2806524287733598,1.0,0.0,0.0,0.0,0.0,0.0,0.0,0.0,0
1.0,-1.541848073565934,1.0,0.0,1.0,0.5329961123703084,0.45640792643603995,-1.026401830378731,1.4698014626363116,1.0,-0.7701453042697771,0.0,1.0,0.0,0.0,0.0,1.0,1.439283823723465,0.0,0.0,0.0,1.0,1.0,0.0,0.0,1.0,0
1.0,0.7326822811968637,0.0,0.0,1.0,2.611872331624339,1.0128584449141413,-0.5680508230741945,-0.8566806636461936,1.0,0.8355142708946727,1.0,1.0,1.0,1.0,0.0,1.0,-0.2806524287733598,1.0,0.0,0.0,0.0,1.0,0.0,0.0,0.0,0
0.0,1.3312429008712843,0.0,1.0,1.0,-0.5064419972567069,0.7161744369063482,-0.23151899082441005,-0.9653138613022232,1.0,1.4430611371731132,1.0,1.0,0.0,1.0,0.0,1.0,-2.0005886812701847,1.0,0.0,0.0,0.0,0.0,0.0,0.0,1.0,1
1.0,-1.601704135533376,1.0,0.0,0.0,-0.5064419972567069,-0.8877487660748247,0.7397785101814668,2.2133427087880997,0.0,-1.290899761079869,1.0,1.0,0.0,0.0,1.0,1.0,-0.2806524287733598,0.0,0.0,0.0,0.0,0.0,0.0,0.0,0.0,0
1.0,1.3910989628387262,0.0,1.0,0.0,-0.5064419972567069,0.9002969330582548,-0.8013286123720312,-0.608376211860983,0.0,0.31475981408458087,1.0,1.0,0.0,1.0,1.0,1.0,0.5793156974750526,0.0,1.0,0.0,0.0,0.0,0.0,0.0,0.0,0
0.0,0.8523944051317478,0.0,0.0,0.0,-0.5064419972567069,-0.8154995943062259,0.6053043733123612,1.392300949674388,0.0,1.5298535466414618,1.0,1.0,1.0,1.0,1.0,1.0,0.5793156974750526,1.0,0.0,0.0,0.0,0.0,1.0,0.0,0.0,0
1.0,0.3136898474247694,0.0,0.0,1.0,-0.5064419972567069,-0.8379554507483956,0.6126447955831859,0.3532357694809794,1.0,1.3562687277047645,1.0,1.0,1.0,0.0,0.0,1.0,-0.2806524287733598,0.0,0.0,0.0,0.0,0.0,0.0,0.0,0.0,0
0.0,-1.0031435158589557,0.0,0.0,1.0,-0.5064419972567069,-0.8855794794764786,1.1316541735749668,-0.5155932412148706,0.0,-0.075806028522988,1.0,1.0,0.0,0.0,1.0,0.0,-0.2806524287733598,1.0,0.0,0.0,0.0,0.0,0.0,0.0,1.0,0
1.0,-0.9432874538915136,0.0,0.0,0.0,-0.5064419972567069,-1.1597692186978652,1.079359547383347,3.610906904068502,0.0,-1.2475035563456947,1.0,0.0,0.0,0.0,0.0,0.0,0.5793156974750526,0.0,0.0,0.0,0.0,0.0,0.0,1.0,0.0,0
1.0,0.2538337854573274,0.0,0.0,0.0,-0.5064419972567069,0.8977726355310464,-1.3420386039092669,0.015554963004026756,0.0,0.4883446330212782,1.0,1.0,1.0,1.0,0.0,1.0,-2.0005886812701847,1.0,0.0,0.0,0.0,0.0,1.0,0.0,0.0,1
1.0,0.3136898474247694,0.0,0.0,1.0,1.5724342219973237,-1.0098163222787213,0.7920726750014738,0.4912510297434526,1.0,0.4015522235529295,1.0,0.0,0.0,0.0,0.0,0.0,1.439283823723465,0.0,1.0,0.0,0.0,0.0,0.0,1.0,0.0,0
1.0,-0.04544652437988287,0.0,0.0,0.0,-0.5064419972567069,-1.0367033458842188,1.092649817900841,0.7853082263602749,0.0,-1.030522532674823,0.0,1.0,0.0,0.0,0.0,1.0,-1.1406205550217723,1.0,0.0,0.0,0.0,1.0,0.0,0.0,1.0,1
0.0,-1.661560197500818,1.0,0.0,0.0,-0.5064419972567069,1.0442409258170073,-1.4666633797075028,-0.6014210376208103,0.0,-0.3361832569280339,0.0,1.0,0.0,0.0,0.0,1.0,1.439283823723465,1.0,0.0,0.0,0.0,0.0,1.0,0.0,0.0,0
1.0,0.2538337854573274,0.0,0.0,1.0,-0.5064419972567069,-1.0797866311827744,1.1192183632740385,0.6731737845289203,1.0,0.9223066803630213,1.0,1.0,1.0,0.0,1.0,1.0,-0.2806524287733598,1.0,0.0,0.0,0.0,0.0,0.0,0.0,0.0,0
1.0,0.7925383431643057,0.0,0.0,1.0,2.611872331624339,1.2125112540121437,-0.4759116835117105,-1.0016510981488393,1.0,1.3996649324389387,0.0,1.0,0.0,1.0,1.0,1.0,0.5793156974750526,0.0,0.0,0.0,0.0,1.0,0.0,0.0,0.0,0
0.0,-0.5242950201194192,0.0,0.0,1.0,2.611872331624339,-0.5069255505648053,1.2726963966444118,0.44341646405083673,1.0,1.5298535466414618,1.0,1.0,1.0,1.0,1.0,1.0,0.5793156974750526,0.0,0.0,0.0,0.0,0.0,0.0,0.0,0.0,0
0.0,0.9721065290666319,0.0,0.0,1.0,1.5724342219973237,0.6513558298754516,-0.6648378202077839,0.7010417956000882,1.0,0.22796740461623224,1.0,0.0,0.0,0.0,0.0,0.0,0.5793156974750526,1.0,0.0,0.0,0.0,0.0,0.0,1.0,0.0,0
0.0,-0.5242950201194192,0.0,0.0,1.0,2.611872331624339,0.9148382292253079,-0.3892374906367153,-0.9769531324796549,1.0,1.3128725229705902,1.0,1.0,0.0,0.0,1.0,1.0,0.5793156974750526,0.0,0.0,0.0,0.0,0.0,0.0,0.0,1.0,0
0.0,1.1516747149689581,0.0,1.0,1.0,-0.5064419972567069,-0.9589349267591626,0.7601019294793744,0.266934831970266,0.0,1.5298535466414618,1.0,1.0,0.0,1.0,0.0,1.0,-0.2806524287733598,1.0,0.0,0.0,0.0,0.0,0.0,0.0,0.0,1
0.0,0.3136898474247694,0.0,0.0,1.0,0.5329961123703084,0.5531928820022363,-0.9701910819850535,-0.9998058478402221,1.0,1.5298535466414618,1.0,1.0,1.0,0.0,0.0,1.0,-0.2806524287733598,1.0,0.0,0.0,0.0,0.0,1.0,0.0,0.0,0
1.0,-1.42213594963105,1.0,0.0,1.0,-0.5064419972567069,-0.8444637148838926,0.4966919605141979,0.08231517288758851,1.0,0.8355142708946727,1.0,0.0,0.0,0.0,0.0,0.0,1.439283823723465,1.0,0.0,0.0,0.0,0.0,0.0,1.0,0.0,0
1.0,-0.5242950201194192,0.0,0.0,1.0,-0.5064419972567069,0.8042244253925769,-0.267559956665382,-1.0317428724124433,1.0,1.3562687277047645,1.0,0.0,0.0,0.0,0.0,0.0,1.439283823723465,0.0,0.0,0.0,0.0,0.0,0.0,1.0,0.0,0
0.0,0.014409537587559178,0.0,0.0,1.0,-0.5064419972567069,1.4898508054611324,-0.8156163683043275,-1.0358592000239741,1.0,-0.20599464272551093,1.0,1.0,1.0,0.0,1.0,1.0,0.5793156974750526,1.0,0.0,0.0,0.0,0.0,1.0,0.0,0.0,0
0.0,-0.28487077224965107,0.0,0.0,1.0,2.611872331624339,-0.8478440011769335,1.1256900228084705,0.057948405991745625,1.0,1.139287704033893,1.0,1.0,0.0,1.0,1.0,1.0,1.439283823723465,0.0,1.0,0.0,0.0,0.0,0.0,0.0,0.0,0
0.0,-1.661560197500818,1.0,0.0,1.0,2.611872331624339,0.6144985790673523,-1.1144832066557386,0.44810056098809586,1.0,1.0958914992997186,1.0,1.0,1.0,0.0,1.0,1.0,0.5793156974750526,0.0,1.0,0.0,0.0,0.0,0.0,0.0,0.0,0
1.0,0.9721065290666319,0.0,0.0,1.0,2.611872331624339,0.5802602414554231,-1.2302256562718357,1.8300037857004898,1.0,-0.5531642805989055,1.0,1.0,1.0,1.0,1.0,1.0,0.5793156974750526,0.0,0.0,1.0,0.0,0.0,1.0,0.0,0.0,0
1.0,-0.8834313919240715,0.0,0.0,1.0,-0.5064419972567069,-1.1162237722470412,0.9665325049532565,-0.6839841604038119,1.0,1.3996649324389387,1.0,1.0,0.0,0.0,1.0,1.0,-0.2806524287733598,1.0,0.0,0.0,0.0,0.0,0.0,0.0,0.0,0
0.0,1.6903792726759364,0.0,1.0,1.0,-0.5064419972567069,0.10864560910190453,-0.29881926716915264,-0.9536272760143141,1.0,1.5298535466414618,1.0,1.0,1.0,1.0,1.0,1.0,-0.2806524287733598,0.0,0.0,0.0,0.0,0.0,0.0,0.0,0.0,0
1.0,0.6728262192294217,0.0,0.0,0.0,-0.5064419972567069,-0.8328700607116063,1.5382272908879666,-0.06790712787804477,0.0,-1.421088375282392,1.0,1.0,0.0,0.0,0.0,1.0,0.5793156974750526,1.0,0.0,0.0,0.0,1.0,0.0,0.0,1.0,0
0.0,-1.1228556397938396,1.0,0.0,1.0,-0.5064419972567069,0.3363337687279196,-1.0593917457811763,-1.0335408086105833,1.0,0.18457119988205792,1.0,1.0,0.0,1.0,0.0,1.0,0.5793156974750526,1.0,0.0,0.0,0.0,0.0,1.0,0.0,0.0,0
0.0,0.37354590939221144,0.0,0.0,0.0,-0.5064419972567069,0.1674536951105483,0.21274772542661047,-0.637427075694085,0.0,-0.075806028522988,1.0,0.0,0.0,0.0,0.0,0.0,-0.2806524287733598,1.0,0.0,0.0,0.0,0.0,0.0,1.0,0.0,0
1.0,0.7326822811968637,0.0,0.0,1.0,-0.5064419972567069,-1.424192113970882,1.2196026748290971,1.20697157893455,1.0,0.5751370424896268,1.0,1.0,0.0,0.0,0.0,1.0,-2.0005886812701847,1.0,0.0,0.0,0.0,0.0,0.0,0.0,1.0,1
1.0,-0.46443895815197717,0.0,0.0,0.0,2.611872331624339,-0.3543909402723286,0.3207511277032507,1.7369369303915132,0.0,0.31475981408458087,1.0,1.0,0.0,0.0,1.0,1.0,-0.2806524287733598,0.0,1.0,0.0,0.0,0.0,1.0,0.0,0.0,0
1.0,-0.40458289618453513,0.0,0.0,0.0,-0.5064419972567069,0.4583414825428953,-1.076373911899616,-0.02011987629590631,0.0,-1.3342959658140432,1.0,1.0,0.0,1.0,1.0,1.0,-2.0005886812701847,1.0,0.0,0.0,0.0,0.0,0.0,0.0,1.0,1
0.0,0.9122504670991899,0.0,0.0,1.0,2.611872331624339,0.526592940127367,-0.3076554561905748,-0.9823942551845518,1.0,1.0524952945655444,1.0,1.0,0.0,1.0,1.0,1.0,1.439283823723465,1.0,0.0,0.0,0.0,0.0,0.0,0.0,0.0,0
1.0,-1.481992011598492,1.0,0.0,0.0,0.5329961123703084,-0.34361041477651216,-0.463147376626447,-0.5210343639197675,0.0,-1.3776921705482175,1.0,1.0,0.0,0.0,0.0,0.0,0.5793156974750526,1.0,0.0,0.0,0.0,0.0,1.0,0.0,1.0,0
1.0,-1.1228556397938396,1.0,0.0,0.0,0.5329961123703084,1.0558871442498337,-1.1239874617644094,-1.026396377928501,0.0,1.3128725229705902,1.0,1.0,0.0,0.0,1.0,1.0,-0.2806524287733598,1.0,0.0,0.0,0.0,0.0,0.0,0.0,0.0,0
1.0,-0.6440071440543034,0.0,0.0,0.0,-0.5064419972567069,-0.8409867912195582,0.7351338822116105,-0.5520724203929189,0.0,-1.421088375282392,1.0,1.0,0.0,0.0,0.0,1.0,-1.1406205550217723,0.0,0.0,0.0,0.0,1.0,0.0,0.0,1.0,1
1.0,-0.8235753299566294,0.0,0.0,1.0,-0.5064419972567069,1.7973440471378042,-1.8940734229172445,-1.024693069951316,1.0,1.4864573419072875,1.0,0.0,0.0,0.0,0.0,0.0,0.5793156974750526,1.0,0.0,0.0,0.0,0.0,0.0,1.0,0.0,0
0.0,0.014409537587559178,0.0,0.0,1.0,-0.5064419972567069,0.21431877678456,-0.012714890216580682,-0.38150505212201874,1.0,1.139287704033893,1.0,1.0,0.0,1.0,1.0,1.0,0.5793156974750526,1.0,0.0,0.0,0.0,0.0,0.0,0.0,1.0,0
1.0,1.3312429008712843,0.0,1.0,1.0,-0.5064419972567069,-1.1708295477959287,1.445527123451107,-0.9801704919921157,1.0,1.1826839087680672,1.0,1.0,1.0,1.0,0.0,1.0,-0.2806524287733598,1.0,0.0,0.0,0.0,0.0,0.0,0.0,0.0,0
0.0,-0.8235753299566294,0.0,0.0,1.0,2.611872331624339,0.6584087406182134,-0.3352205642353561,-0.58490841306421,1.0,-0.5531642805989055,1.0,1.0,1.0,1.0,0.0,1.0,0.5793156974750526,1.0,0.0,0.0,0.0,1.0,0.0,0.0,0.0,0
0.0,0.49325803332709556,0.0,0.0,1.0,-0.5064419972567069,0.696314041913344,-1.181550951710441,-0.3755434742018708,1.0,-1.3776921705482175,1.0,1.0,0.0,0.0,0.0,0.0,-1.1406205550217723,1.0,0.0,0.0,0.0,0.0,0.0,0.0,1.0,1
0.0,-0.16515864831476695,0.0,0.0,0.0,-0.5064419972567069,-1.2445974223535996,1.2885159063126697,1.2665400440255523,0.0,-1.4644845800165662,1.0,1.0,0.0,0.0,0.0,0.0,-1.1406205550217723,1.0,0.0,0.0,0.0,0.0,0.0,0.0,1.0,1
0.0,0.6728262192294217,0.0,0.0,0.0,-0.5064419972567069,-0.08507309932185694,0.4006653037893035,2.065012972441561,0.0,0.9223066803630213,1.0,0.0,0.0,0.0,0.0,0.0,0.5793156974750526,0.0,1.0,0.0,0.0,0.0,0.0,1.0,0.0,0
0.0,-0.3447268342170931,0.0,0.0,0.0,-0.5064419972567069,-0.23659402806688687,-0.4467580730232791,0.6465359403301639,0.0,1.2260801135022417,1.0,1.0,0.0,1.0,1.0,1.0,-0.2806524287733598,0.0,1.0,0.0,0.0,0.0,1.0,0.0,0.0,0
0.0,-1.3024238256961658,1.0,0.0,0.0,-0.5064419972567069,-1.1708295477959287,1.445527123451107,-0.9801704919921157,0.0,-1.2041073516115204,1.0,1.0,0.0,0.0,0.0,1.0,1.439283823723465,1.0,0.0,0.0,0.0,0.0,0.0,0.0,1.0,0
1.0,0.7326822811968637,0.0,0.0,1.0,2.611872331624339,2.069008680151053,-1.976672320385694,-1.013810824541522,1.0,1.5298535466414618,1.0,0.0,0.0,0.0,0.0,0.0,0.5793156974750526,1.0,0.0,0.0,0.0,0.0,0.0,1.0,0.0,0
1.0,0.8523944051317478,0.0,0.0,0.0,-0.5064419972567069,-0.8702998576191032,0.841084180836139,1.0493209628239706,0.0,0.6185332472238011,1.0,0.0,0.0,0.0,0.0,0.0,1.439283823723465,0.0,1.0,0.0,0.0,0.0,0.0,1.0,0.0,0
0.0,1.3312429008712843,0.0,1.0,0.0,-0.5064419972567069,1.4671422362279163,-1.2847081066248751,-1.0332096098372416,0.0,0.6185332472238011,1.0,1.0,0.0,0.0,0.0,1.0,1.439283823723465,1.0,0.0,0.0,0.0,0.0,0.0,0.0,0.0,0
1.0,0.3136898474247694,0.0,0.0,1.0,2.611872331624339,0.6069717812988183,-1.2379079549036038,2.4222818206561425,1.0,1.2260801135022417,1.0,1.0,1.0,1.0,1.0,1.0,-0.2806524287733598,1.0,0.0,0.0,0.0,1.0,0.0,0.0,0.0,0
1.0,1.4509550248061682,0.0,1.0,0.0,-0.5064419972567069,0.6685948856294891,-1.1735876777698788,-0.6512427959534756,0.0,-1.2475035563456947,1.0,1.0,0.0,1.0,0.0,1.0,-2.0005886812701847,0.0,0.0,0.0,0.0,0.0,0.0,0.0,1.0,1
1.0,-0.04544652437988287,0.0,0.0,0.0,-0.5064419972567069,0.5404965913800552,-1.1591601262405948,0.4712844751220046,0.0,-0.9437301232064743,1.0,0.0,0.0,0.0,0.0,0.0,0.5793156974750526,1.0,0.0,0.0,0.0,0.0,0.0,1.0,1.0,0
0.0,-1.0629995778263976,1.0,0.0,0.0,-0.5064419972567069,-0.9964237573746484,1.392520600869559,-0.8674209667245554,0.0,-0.5097680758647312,1.0,0.0,0.0,0.0,0.0,0.0,-0.2806524287733598,0.0,0.0,1.0,0.0,0.0,0.0,1.0,0.0,0
0.0,0.6728262192294217,0.0,0.0,1.0,-0.5064419972567069,0.5872836353441905,-0.5755887123929078,1.464407654041892,1.0,-0.8569377137381258,1.0,1.0,0.0,0.0,0.0,1.0,-1.1406205550217723,0.0,0.0,0.0,1.0,0.0,0.0,0.0,1.0,1
0.0,-0.8834313919240715,0.0,0.0,1.0,-0.5064419972567069,1.8979071600152662,-1.525273721830309,-1.0024554380269546,1.0,0.5751370424896268,1.0,0.0,0.0,0.0,0.0,0.0,-0.2806524287733598,1.0,0.0,0.0,0.0,0.0,0.0,1.0,0.0,0
0.0,0.5531140952945376,0.0,0.0,0.0,-0.5064419972567069,0.4918018690988656,-0.594726868031871,-0.9658343165174742,0.0,0.5317408377554524,1.0,1.0,0.0,0.0,1.0,1.0,-0.2806524287733598,0.0,1.0,0.0,0.0,0.0,0.0,0.0,1.0,0
0.0,-1.2425677637287238,1.0,0.0,1.0,-0.5064419972567069,-0.3985230847388477,-0.39974476761947414,0.24252075096394576,1.0,-0.3361832569280339,1.0,1.0,0.0,1.0,0.0,1.0,0.5793156974750526,1.0,0.0,0.0,0.0,0.0,0.0,0.0,1.0,0
1.0,0.49325803332709556,0.0,0.0,1.0,0.5329961123703084,-0.9858919012652203,0.7201854421377821,1.9500396839815644,1.0,1.3996649324389387,1.0,0.0,0.0,0.0,0.0,0.0,0.5793156974750526,1.0,0.0,0.0,0.0,0.0,0.0,1.0,0.0,0
1.0,-1.661560197500818,1.0,0.0,1.0,-0.5064419972567069,1.0395764542049855,-0.6814264363452712,-0.019457478749223205,1.0,1.4864573419072875,1.0,1.0,1.0,1.0,1.0,1.0,0.5793156974750526,0.0,0.0,0.0,0.0,0.0,0.0,0.0,0.0,0
0.0,0.014409537587559178,0.0,0.0,1.0,2.611872331624339,-1.4684839729213415,1.440955392195197,-1.0328784110639,1.0,1.3996649324389387,1.0,1.0,1.0,1.0,1.0,1.0,-0.2806524287733598,1.0,0.0,0.0,0.0,0.0,1.0,0.0,0.0,0
0.0,-0.04544652437988287,0.0,0.0,0.0,-0.5064419972567069,-0.7896642602519504,0.599908170994351,-0.22754493662867364,0.0,0.6619294519579755,1.0,1.0,0.0,0.0,1.0,0.0,-0.2806524287733598,1.0,0.0,0.0,0.0,0.0,0.0,0.0,1.0,1
1.0,0.13412166152244326,0.0,0.0,1.0,-0.5064419972567069,-1.1551128338951566,1.1351453725267753,0.9613167173360719,1.0,-0.9871263279406487,1.0,1.0,0.0,1.0,1.0,1.0,-1.1406205550217723,1.0,0.0,0.0,0.0,0.0,0.0,0.0,1.0,1
1.0,1.031962591034074,0.0,0.0,1.0,-0.5064419972567069,0.7129971295270778,-0.2693104005431629,0.16175556437908403,1.0,1.5298535466414618,1.0,0.0,0.0,0.0,0.0,0.0,1.439283823723465,1.0,0.0,0.0,0.0,0.0,0.0,1.0,0.0,0
1.0,0.3136898474247694,0.0,0.0,0.0,-0.5064419972567069,-0.7338026032166765,0.21126072473655413,-0.7295003346830369,0.0,0.18457119988205792,1.0,0.0,0.0,0.0,0.0,0.0,1.439283823723465,0.0,1.0,0.0,0.0,0.0,0.0,1.0,1.0,0
0.0,1.5108110867736102,0.0,1.0,1.0,0.5329961123703084,-0.7116536411879546,0.9828535255585582,-0.8346796022742189,1.0,0.6619294519579755,1.0,1.0,0.0,1.0,1.0,1.0,-0.2806524287733598,1.0,0.0,0.0,0.0,0.0,1.0,0.0,0.0,0
1.0,-0.8834313919240715,0.0,0.0,1.0,1.5724342219973237,-0.9069476600659833,1.125852425614214,1.2646001654959804,1.0,0.010986380945360646,1.0,1.0,1.0,0.0,1.0,1.0,-0.2806524287733598,0.0,0.0,1.0,0.0,1.0,0.0,0.0,0.0,0
0.0,1.7502353346433785,0.0,1.0,1.0,-0.5064419972567069,-1.0319628582646496,0.9356063047498947,-0.7390577849994646,0.0,1.1826839087680672,1.0,0.0,0.0,0.0,0.0,0.0,1.439283823723465,1.0,0.0,0.0,0.0,0.0,0.0,1.0,0.0,0
0.0,0.7326822811968637,0.0,0.0,1.0,2.611872331624339,1.743475384257842,-1.10181255820674,-0.9979132834211275,1.0,0.4883446330212782,1.0,0.0,0.0,0.0,0.0,0.0,-0.2806524287733598,0.0,1.0,0.0,0.0,0.0,0.0,1.0,0.0,0
1.0,-0.225014710282209,0.0,0.0,0.0,-0.5064419972567069,-1.387503068796501,1.1661809178010467,1.1433341003424944,0.0,-1.3342959658140432,1.0,1.0,0.0,0.0,1.0,1.0,-2.0005886812701847,1.0,0.0,0.0,0.0,0.0,0.0,0.0,1.0,1
0.0,-1.661560197500818,1.0,0.0,0.0,-0.5064419972567069,-1.286840892504949,1.9169921573191795,-0.9241978992973932,0.0,1.0958914992997186,1.0,0.0,0.0,0.0,0.0,0.0,0.5793156974750526,1.0,0.0,0.0,0.0,0.0,0.0,1.0,0.0,0
1.0,-0.225014710282209,0.0,0.0,0.0,-0.5064419972567069,-0.9972732766930291,1.6286233685183864,-0.9074013900779286,0.0,0.18457119988205792,1.0,1.0,0.0,1.0,1.0,1.0,0.5793156974750526,0.0,1.0,0.0,0.0,0.0,0.0,0.0,1.0,0
1.0,-0.16515864831476695,0.0,0.0,1.0,2.611872331624339,1.311037703963999,-0.6624419174515036,-1.0247876981722708,1.0,1.3128725229705902,1.0,1.0,0.0,0.0,0.0,1.0,1.439283823723465,0.0,0.0,0.0,0.0,1.0,0.0,0.0,0.0,0
0.0,0.8523944051317478,0.0,0.0,1.0,-0.5064419972567069,-1.3190243718703194,1.179945478330762,0.29712123445482475,1.0,-1.1173149421431716,1.0,1.0,0.0,0.0,0.0,0.0,-2.0005886812701847,0.0,0.0,0.0,1.0,0.0,0.0,0.0,1.0,1
1.0,0.6129701572619797,0.0,0.0,0.0,-0.5064419972567069,1.6685478612446167,-0.14817959192637825,-1.0295191092200071,0.0,-1.290899761079869,1.0,1.0,0.0,0.0,1.0,1.0,-2.0005886812701847,0.0,0.0,0.0,0.0,0.0,1.0,0.0,1.0,1
1.0,-1.601704135533376,1.0,0.0,1.0,0.5329961123703084,1.2425286815028909,-0.7200081756271846,-0.9673010539422725,1.0,-0.7701453042697771,1.0,0.0,0.0,0.0,0.0,0.0,-0.2806524287733598,1.0,0.0,0.0,0.0,0.0,0.0,1.0,0.0,0
1.0,0.3136898474247694,0.0,0.0,1.0,1.5724342219973237,0.6880982479913019,-1.3368458664700371,-1.0002316748345184,1.0,-0.5097680758647312,1.0,0.0,0.0,0.0,0.0,0.0,0.5793156974750526,0.0,0.0,1.0,0.0,0.0,0.0,1.0,0.0,0
1.0,0.19397772348988532,0.0,0.0,1.0,-0.5064419972567069,0.45467613622155534,-0.5902677114481197,-0.6348247996178299,1.0,0.4015522235529295,0.0,1.0,1.0,0.0,0.0,1.0,0.5793156974750526,0.0,1.0,0.0,0.0,0.0,1.0,0.0,1.0,0
1.0,-1.1228556397938396,1.0,0.0,0.0,-0.5064419972567069,0.5935339302625892,-1.1060299560683102,-0.09965489600835656,0.0,-0.075806028522988,1.0,1.0,0.0,0.0,1.0,0.0,-1.1406205550217723,0.0,0.0,1.0,0.0,0.0,0.0,0.0,1.0,1
0.0,1.6903792726759364,0.0,1.0,1.0,-0.5064419972567069,-1.0966128553213574,1.2597946010201975,1.1473557997330703,1.0,0.9657028850971957,1.0,1.0,1.0,1.0,0.0,1.0,0.5793156974750526,1.0,0.0,0.0,0.0,0.0,0.0,0.0,0.0,0
1.0,-0.40458289618453513,0.0,0.0,0.0,-0.5064419972567069,-1.3865140520174613,1.8779928767327334,-0.9599673668182809,0.0,0.5317408377554524,1.0,1.0,1.0,0.0,0.0,1.0,-2.0005886812701847,0.0,1.0,0.0,0.0,0.0,1.0,0.0,1.0,1
1.0,-1.481992011598492,1.0,0.0,1.0,1.5724342219973237,-0.8863226572523882,0.6804608853847929,1.0931338291260104,1.0,-0.8569377137381258,1.0,1.0,1.0,0.0,1.0,1.0,-0.2806524287733598,0.0,0.0,0.0,1.0,0.0,1.0,0.0,1.0,0
0.0,-0.5242950201194192,0.0,0.0,1.0,2.611872331624339,1.4258853568128098,-0.37872467719467073,-1.0330203533953322,1.0,0.7053256566921497,1.0,0.0,0.0,0.0,0.0,0.0,-0.2806524287733598,1.0,0.0,0.0,0.0,0.0,0.0,1.0,0.0,0
1.0,0.2538337854573274,0.0,0.0,1.0,2.611872331624339,-0.7591980148442997,1.4858929867381283,-0.9339446060557303,1.0,-0.5965604853330798,1.0,1.0,0.0,1.0,0.0,1.0,1.439283823723465,0.0,0.0,0.0,1.0,0.0,0.0,0.0,1.0,0
0.0,-1.3622798876636077,1.0,0.0,1.0,-0.5064419972567069,0.6629325017481823,-1.1444308376801922,-0.4482179478951031,1.0,-1.421088375282392,1.0,1.0,0.0,0.0,0.0,1.0,-2.0005886812701847,1.0,0.0,0.0,0.0,0.0,0.0,0.0,1.0,1
1.0,-0.5841510820868613,0.0,0.0,1.0,0.5329961123703084,1.0155808692695272,-1.6408856032815653,-1.0018403545907488,1.0,1.5298535466414618,1.0,0.0,0.0,0.0,0.0,0.0,0.5793156974750526,1.0,0.0,0.0,0.0,0.0,0.0,1.0,0.0,0
0.0,-0.7637192679891874,0.0,0.0,1.0,-0.5064419972567069,-0.7995022681222772,1.3204432829036887,-0.7794640353471342,1.0,1.5298535466414618,1.0,1.0,1.0,1.0,1.0,1.0,-0.2806524287733598,0.0,0.0,0.0,0.0,1.0,0.0,0.0,0.0,0
0.0,0.49325803332709556,0.0,0.0,1.0,0.5329961123703084,1.6685478612446167,-0.14817959192637825,-1.0295191092200071,1.0,-0.7267490995356027,1.0,0.0,0.0,0.0,0.0,0.0,0.5793156974750526,1.0,0.0,0.0,0.0,0.0,0.0,1.0,0.0,0
0.0,-1.541848073565934,1.0,0.0,0.0,-0.5064419972567069,-1.0358898128672813,1.2537658582286901,-0.8435273409334861,0.0,-1.0739187374089973,1.0,1.0,0.0,1.0,1.0,1.0,1.439283823723465,1.0,0.0,0.0,0.0,0.0,1.0,0.0,1.0,0
0.0,-0.40458289618453513,0.0,0.0,1.0,0.5329961123703084,0.9245800040648059,-1.581122293512324,-1.0164604147282545,1.0,-0.9003339184723,1.0,0.0,0.0,0.0,0.0,0.0,0.5793156974750526,1.0,0.0,0.0,0.0,0.0,0.0,1.0,1.0,0
1.0,-0.6440071440543034,0.0,0.0,0.0,-0.5064419972567069,-0.8963078450522225,0.6793323704335439,1.6459518959435409,0.0,-1.0739187374089973,1.0,1.0,0.0,1.0,1.0,1.0,-2.0005886812701847,0.0,0.0,0.0,1.0,0.0,0.0,0.0,1.0,1
0.0,-0.5841510820868613,0.0,0.0,1.0,-0.5064419972567069,1.0395764542049855,-0.6814264363452712,-0.019457478749223205,1.0,-0.5097680758647312,0.0,1.0,0.0,1.0,0.0,0.0,1.439283823723465,1.0,0.0,0.0,0.0,1.0,0.0,0.0,0.0,0
0.0,-0.5841510820868613,0.0,0.0,1.0,-0.5064419972567069,-0.8863226572523882,0.6804608853847929,1.0931338291260104,0.0,0.5751370424896268,1.0,1.0,1.0,1.0,1.0,1.0,-2.0005886812701847,1.0,0.0,0.0,0.0,0.0,0.0,0.0,1.0,1
0.0,-0.5841510820868613,0.0,0.0,0.0,-0.5064419972567069,0.6530031129326109,-1.1554382414851767,-0.03899820637637487,0.0,1.1826839087680672,1.0,1.0,0.0,1.0,1.0,1.0,0.5793156974750526,1.0,0.0,0.0,0.0,0.0,0.0,0.0,0.0,0
1.0,-1.601704135533376,1.0,0.0,1.0,-0.5064419972567069,1.1932161269901504,-0.4975380162284006,-1.0179271521530528,1.0,-0.075806028522988,1.0,1.0,0.0,0.0,0.0,1.0,0.5793156974750526,1.0,0.0,0.0,0.0,0.0,1.0,0.0,1.0,0
1.0,-0.5242950201194192,0.0,0.0,0.0,-0.5064419972567069,1.4898508054611324,-0.8156163683043275,-1.0358592000239741,0.0,-1.4644845800165662,1.0,0.0,0.0,0.0,0.0,0.0,-0.2806524287733598,1.0,0.0,0.0,0.0,0.0,0.0,1.0,1.0,0
0.0,1.3312429008712843,0.0,1.0,1.0,-0.5064419972567069,0.5507676478891208,-0.0981553754138781,-1.0166969852806413,1.0,1.4430611371731132,1.0,1.0,1.0,1.0,0.0,1.0,-0.2806524287733598,1.0,0.0,0.0,0.0,0.0,1.0,0.0,0.0,0
1.0,0.9721065290666319,0.0,0.0,1.0,-0.5064419972567069,-0.867223635356249,0.4285376853244957,-0.10840800644666905,1.0,1.2260801135022417,1.0,1.0,1.0,1.0,0.0,1.0,-0.2806524287733598,1.0,0.0,0.0,0.0,0.0,1.0,0.0,1.0,0
0.0,0.9721065290666319,0.0,0.0,0.0,-0.5064419972567069,-1.2435619064210068,1.966610366817331,-0.665437029096685,0.0,-1.4644845800165662,1.0,1.0,0.0,0.0,0.0,1.0,-0.2806524287733598,1.0,0.0,0.0,0.0,1.0,0.0,0.0,1.0,1
1.0,-0.3447268342170931,0.0,0.0,1.0,0.5329961123703084,-0.8963078450522225,0.6793323704335439,1.6459518959435409,1.0,-1.3342959658140432,1.0,1.0,0.0,0.0,0.0,1.0,0.5793156974750526,1.0,0.0,0.0,0.0,0.0,1.0,0.0,1.0,0
1.0,0.37354590939221144,0.0,0.0,1.0,-0.5064419972567069,1.9663539140446598,-0.6621604807711037,-1.0258286086027728,1.0,0.22796740461623224,1.0,1.0,0.0,0.0,0.0,1.0,-2.0005886812701847,1.0,0.0,0.0,0.0,0.0,0.0,0.0,1.0,1
1.0,-1.661560197500818,1.0,0.0,0.0,-0.5064419972567069,-0.8576395532983654,0.8270621749495976,2.60079795948724,0.0,0.6185332472238011,1.0,1.0,0.0,1.0,1.0,1.0,0.5793156974750526,0.0,1.0,0.0,0.0,0.0,0.0,0.0,0.0,0
0.0,0.5531140952945376,0.0,0.0,0.0,-0.5064419972567069,0.9524232928716226,-0.7866500746884254,-0.27239871336121546,0.0,-0.5965604853330798,1.0,0.0,0.0,0.0,0.0,0.0,1.439283823723465,0.0,0.0,0.0,1.0,0.0,0.0,1.0,0.0,0
1.0,0.19397772348988532,0.0,0.0,1.0,-0.5064419972567069,0.0403626129611094,0.9997747906248483,-1.034155892046789,1.0,1.4864573419072875,1.0,1.0,1.0,1.0,1.0,1.0,-0.2806524287733598,1.0,0.0,0.0,0.0,1.0,0.0,0.0,0.0,0
1.0,-0.28487077224965107,0.0,0.0,1.0,1.5724342219973237,-1.2694364615004543,1.21144193384064,-0.1881795967115061,1.0,0.3581560188187552,1.0,0.0,0.0,0.0,0.0,0.0,0.5793156974750526,1.0,0.0,0.0,0.0,0.0,0.0,1.0,0.0,0
0.0,0.5531140952945376,0.0,0.0,0.0,-0.5064419972567069,-1.1551128338951566,1.1351453725267753,0.9613167173360719,0.0,-0.6399566900672541,1.0,1.0,0.0,0.0,0.0,0.0,1.439283823723465,0.0,0.0,0.0,1.0,0.0,0.0,0.0,1.0,0
1.0,0.13412166152244326,0.0,0.0,0.0,-0.5064419972567069,-1.2858138677221371,2.107618448387843,0.0696823053901321,0.0,-0.42297566639638257,1.0,1.0,0.0,0.0,1.0,1.0,0.5793156974750526,1.0,0.0,0.0,0.0,0.0,0.0,0.0,1.0,0
0.0,1.4509550248061682,0.0,1.0,1.0,-0.5064419972567069,-0.8606114557210746,0.75288976851536,1.5358519608627128,1.0,-1.4644845800165662,1.0,1.0,0.0,1.0,0.0,1.0,-1.1406205550217723,1.0,0.0,0.0,0.0,0.0,0.0,0.0,1.0,1
1.0,0.9721065290666319,0.0,0.0,0.0,-0.5064419972567069,0.22451503030747508,-0.8787739889878704,0.017542155644076077,0.0,-1.3776921705482175,1.0,1.0,1.0,0.0,0.0,1.0,0.5793156974750526,0.0,0.0,0.0,0.0,0.0,1.0,0.0,1.0,0
1.0,-1.1228556397938396,1.0,0.0,1.0,-0.5064419972567069,1.3005199997708714,-0.8268037070361249,-0.9778521005787248,1.0,-1.4644845800165662,1.0,0.0,0.0,0.0,0.0,0.0,-0.2806524287733598,1.0,0.0,0.0,0.0,0.0,0.0,1.0,1.0,0
1.0,-1.3024238256961658,1.0,0.0,1.0,-0.5064419972567069,1.1490827695022374,-0.19355964184063462,-0.9761014784910623,1.0,0.22796740461623224,1.0,1.0,1.0,1.0,1.0,1.0,0.5793156974750526,1.0,0.0,0.0,0.0,0.0,1.0,0.0,0.0,0
0.0,-1.0629995778263976,1.0,0.0,0.0,-0.5064419972567069,1.2623195299357994,-0.4737603077072606,-1.0303234490981223,0.0,-0.46637187113055684,1.0,0.0,0.0,0.0,0.0,0.0,0.5793156974750526,1.0,0.0,0.0,0.0,0.0,0.0,1.0,0.0,0
1.0,0.19397772348988532,0.0,0.0,1.0,-0.5064419972567069,-1.2146818886601978,1.487316779517998,-1.0211445116655136,1.0,0.7053256566921497,1.0,0.0,0.0,0.0,0.0,0.0,1.439283823723465,0.0,1.0,0.0,0.0,0.0,0.0,1.0,0.0,0
0.0,-0.28487077224965107,0.0,0.0,1.0,2.611872331624339,-0.8410102429665685,0.7526618509413933,0.08614761583625505,0.0,1.4864573419072875,1.0,1.0,1.0,0.0,0.0,1.0,-0.2806524287733598,0.0,0.0,0.0,0.0,0.0,1.0,0.0,0.0,0
0.0,-1.601704135533376,1.0,0.0,0.0,-0.5064419972567069,-0.9646183363446831,0.6669717637045922,0.8887368718637944,0.0,-0.7267490995356027,1.0,0.0,0.0,0.0,0.0,0.0,-0.2806524287733598,0.0,0.0,0.0,1.0,0.0,0.0,1.0,1.0,0
0.0,-0.7637192679891874,0.0,0.0,1.0,-0.5064419972567069,-1.0715716459416644,0.9780894023424327,-1.0206240564502627,1.0,1.4864573419072875,1.0,1.0,1.0,0.0,0.0,1.0,-0.2806524287733598,1.0,0.0,0.0,0.0,0.0,1.0,0.0,0.0,0
1.0,-1.3024238256961658,1.0,0.0,0.0,-0.5064419972567069,-1.066776572359229,1.205483319533436,-0.17081531816631323,0.0,-0.3361832569280339,1.0,1.0,0.0,0.0,0.0,1.0,1.439283823723465,0.0,0.0,1.0,0.0,0.0,0.0,0.0,1.0,0
0.0,-0.5841510820868613,0.0,0.0,1.0,-0.5064419972567069,0.5054831330954282,-0.42109796834469293,-0.9989068797411521,1.0,0.22796740461623224,0.0,1.0,1.0,0.0,0.0,1.0,0.5793156974750526,0.0,1.0,0.0,0.0,0.0,1.0,0.0,1.0,0
1.0,-1.42213594963105,1.0,0.0,0.0,-0.5064419972567069,0.5403093817444464,-0.5313330250854394,-0.9364049398005533,0.0,0.09777879041370928,1.0,0.0,0.0,0.0,0.0,0.0,0.5793156974750526,1.0,0.0,0.0,0.0,0.0,0.0,1.0,0.0,0
1.0,1.6903792726759364,0.0,1.0,1.0,-0.5064419972567069,0.7197455718991854,-0.8887059355764266,0.26901665283127,1.0,-1.2475035563456947,1.0,1.0,0.0,0.0,0.0,1.0,-0.2806524287733598,1.0,0.0,0.0,0.0,0.0,0.0,0.0,1.0,1
1.0,1.031962591034074,0.0,0.0,1.0,-0.5064419972567069,0.3722950010640852,0.04748579983630624,-1.0289986540047562,1.0,0.010986380945360646,1.0,1.0,1.0,1.0,0.0,1.0,0.5793156974750526,1.0,0.0,0.0,0.0,0.0,1.0,0.0,0.0,0
1.0,1.3312429008712843,0.0,1.0,1.0,-0.5064419972567069,-1.1551128338951566,1.1351453725267753,0.9613167173360719,1.0,-0.20599464272551093,1.0,1.0,0.0,0.0,0.0,1.0,-0.2806524287733598,1.0,0.0,0.0,0.0,0.0,0.0,0.0,1.0,1
1.0,0.2538337854573274,0.0,0.0,0.0,-0.5064419972567069,0.4873504849122536,-0.9173889470255047,0.8822548387283954,0.0,-1.4644845800165662,1.0,1.0,0.0,0.0,0.0,1.0,-2.0005886812701847,0.0,0.0,0.0,0.0,1.0,0.0,0.0,1.0,1
1.0,0.19397772348988532,0.0,0.0,1.0,2.611872331624339,0.9738917498966171,-0.8458195991991828,-0.13585019052354064,1.0,0.5751370424896268,1.0,1.0,1.0,1.0,1.0,1.0,-0.2806524287733598,0.0,1.0,0.0,0.0,0.0,1.0,0.0,0.0,0
1.0,1.3910989628387262,0.0,1.0,1.0,-0.5064419972567069,-0.08507309932185694,0.4006653037893035,2.065012972441561,1.0,-0.075806028522988,1.0,1.0,0.0,1.0,1.0,1.0,1.439283823723465,1.0,0.0,0.0,0.0,0.0,0.0,0.0,0.0,0
0.0,1.7502353346433785,0.0,1.0,0.0,-0.5064419972567069,1.5032001059353781,-0.5988732146659322,-1.0229424478636535,0.0,0.09777879041370928,1.0,1.0,0.0,0.0,1.0,1.0,0.5793156974750526,1.0,0.0,0.0,0.0,0.0,0.0,0.0,0.0,0
0.0,1.9298035205457047,0.0,1.0,0.0,-0.5064419972567069,1.0371217032378757,-0.7442984680039401,0.16544606499631848,0.0,0.748721861426324,1.0,1.0,0.0,1.0,0.0,1.0,0.5793156974750526,0.0,1.0,0.0,0.0,0.0,1.0,0.0,0.0,0
0.0,-0.5841510820868613,0.0,0.0,1.0,0.5329961123703084,1.2371647008852542,-0.301856937831071,-1.0330203533953322,1.0,0.4015522235529295,1.0,1.0,1.0,1.0,1.0,1.0,0.5793156974750526,1.0,0.0,0.0,0.0,1.0,0.0,0.0,0.0,0
1.0,-1.3024238256961658,1.0,0.0,0.0,1.5724342219973237,-0.8355625638725329,0.5877685612652558,-0.4159970386600177,0.0,0.5751370424896268,1.0,1.0,1.0,1.0,0.0,1.0,0.5793156974750526,0.0,1.0,0.0,0.0,0.0,1.0,0.0,0.0,0
1.0,0.6728262192294217,0.0,0.0,1.0,-0.5064419972567069,-0.9702326037105754,0.709404571791946,0.6498479280635794,1.0,0.4883446330212782,1.0,1.0,0.0,1.0,1.0,1.0,1.439283823723465,0.0,1.0,0.0,0.0,0.0,0.0,0.0,1.0,0
0.0,1.6305232107084944,0.0,1.0,0.0,-0.5064419972567069,0.526592940127367,-0.3076554561905748,-0.9823942551845518,0.0,-1.2041073516115204,1.0,1.0,0.0,0.0,0.0,1.0,0.5793156974750526,1.0,0.0,0.0,0.0,0.0,1.0,0.0,0.0,0
1.0,-0.16515864831476695,0.0,0.0,1.0,-0.5064419972567069,0.66874893934691,-0.7068300184102433,-0.7961659163456439,1.0,1.00909908983137,1.0,1.0,1.0,0.0,1.0,1.0,-0.2806524287733598,0.0,1.0,0.0,0.0,0.0,0.0,0.0,1.0,0
0.0,1.4509550248061682,0.0,1.0,1.0,-0.5064419972567069,-1.0273347772945385,0.8556339958413286,1.2436873286649852,1.0,0.8355142708946727,1.0,1.0,1.0,1.0,0.0,1.0,-0.2806524287733598,1.0,0.0,0.0,0.0,0.0,1.0,0.0,0.0,0
0.0,-0.40458289618453513,0.0,0.0,1.0,1.5724342219973237,-1.471889732663716,1.218485232796413,0.2243048184301603,1.0,0.05438258567953497,1.0,0.0,0.0,0.0,0.0,0.0,-0.2806524287733598,1.0,0.0,0.0,0.0,0.0,0.0,1.0,1.0,0
1.0,-1.0031435158589557,0.0,0.0,1.0,-0.5064419972567069,0.5507676478891208,-0.0981553754138781,-1.0166969852806413,1.0,-0.7701453042697771,1.0,1.0,0.0,0.0,1.0,1.0,1.439283823723465,1.0,0.0,0.0,0.0,0.0,0.0,0.0,1.0,0
0.0,-0.40458289618453513,0.0,0.0,0.0,-0.5064419972567069,0.6392203594791617,-1.2350732877488664,0.04725541702386118,0.0,-1.4644845800165662,1.0,0.0,0.0,0.0,0.0,0.0,1.439283823723465,1.0,0.0,0.0,0.0,0.0,0.0,1.0,0.0,0
0.0,0.5531140952945376,0.0,0.0,0.0,-0.5064419972567069,-0.8164372598461251,0.5624383372858296,2.1810271713320595,0.0,-0.9437301232064743,0.0,1.0,0.0,0.0,0.0,0.0,-2.0005886812701847,1.0,0.0,0.0,0.0,0.0,1.0,0.0,1.0,1
1.0,-1.0031435158589557,0.0,0.0,1.0,-0.5064419972567069,-0.8606114557210746,0.75288976851536,1.5358519608627128,1.0,0.5751370424896268,1.0,0.0,0.0,0.0,0.0,0.0,1.439283823723465,1.0,0.0,0.0,0.0,0.0,0.0,1.0,0.0,0
0.0,-0.8834313919240715,0.0,0.0,0.0,-0.5064419972567069,-0.5627188740613802,0.3510770834456241,-0.8243651261901533,0.0,-1.160711146877346,1.0,1.0,0.0,0.0,1.0,1.0,-0.2806524287733598,0.0,0.0,0.0,1.0,0.0,0.0,0.0,1.0,0
0.0,0.9122504670991899,0.0,0.0,0.0,-0.5064419972567069,0.4995894664677563,-1.1272013763802855,-0.7118521714749798,0.0,-0.5097680758647312,1.0,0.0,0.0,0.0,0.0,0.0,-0.2806524287733598,0.0,0.0,1.0,0.0,0.0,0.0,1.0,0.0,1
1.0,1.9298035205457047,0.0,1.0,0.0,-0.5064419972567069,-0.9289983673615472,0.7471576876672982,0.9717258216410922,0.0,-0.8569377137381258,1.0,1.0,0.0,0.0,1.0,1.0,0.5793156974750526,1.0,0.0,0.0,0.0,0.0,0.0,0.0,0.0,0
0.0,-1.661560197500818,1.0,0.0,0.0,-0.5064419972567069,-1.3634448110888633,1.2744975913989895,1.4945940565264508,0.0,0.5317408377554524,1.0,0.0,0.0,0.0,0.0,0.0,-0.2806524287733598,0.0,1.0,0.0,0.0,0.0,0.0,1.0,0.0,0
1.0,-1.0629995778263976,1.0,0.0,1.0,-0.5064419972567069,0.4506347532671393,-0.983243746124834,-1.0106407791395386,1.0,-0.8569377137381258,1.0,1.0,0.0,0.0,1.0,1.0,-0.2806524287733598,0.0,0.0,0.0,1.0,0.0,1.0,0.0,1.0,0
1.0,-1.1827117017612818,1.0,0.0,1.0,0.5329961123703084,-0.8912232636963654,0.7612876545099246,1.916399351432158,1.0,-1.421088375282392,1.0,0.0,0.0,0.0,0.0,0.0,1.439283823723465,1.0,0.0,0.0,0.0,0.0,0.0,1.0,1.0,0
1.0,1.1516747149689581,0.0,1.0,0.0,-0.5064419972567069,-0.9796319021756469,1.3081232768761746,-0.027075050536078938,0.0,-1.3776921705482175,1.0,1.0,0.0,1.0,0.0,0.0,-2.0005886812701847,1.0,0.0,0.0,0.0,0.0,0.0,0.0,1.0,1
1.0,1.091818653001516,0.0,1.0,0.0,-0.5064419972567069,0.12463484847653997,-0.04889795851257076,-0.7795113494576116,0.0,0.05438258567953497,1.0,0.0,0.0,0.0,0.0,0.0,-0.2806524287733598,1.0,0.0,0.0,0.0,0.0,0.0,1.0,0.0,0
1.0,-0.8235753299566294,0.0,0.0,0.0,-0.5064419972567069,-1.1551128338951566,1.1351453725267753,0.9613167173360719,0.0,-1.290899761079869,1.0,1.0,0.0,0.0,1.0,1.0,-0.2806524287733598,0.0,0.0,0.0,0.0,1.0,0.0,0.0,1.0,1
0.0,0.7326822811968637,0.0,0.0,1.0,1.5724342219973237,-0.9771670426968949,0.7289874896602713,1.3118196477523905,1.0,1.269476318236416,1.0,1.0,1.0,1.0,0.0,1.0,-0.2806524287733598,0.0,0.0,0.0,0.0,1.0,0.0,0.0,0.0,0
0.0,0.3136898474247694,0.0,0.0,0.0,-0.5064419972567069,-0.8220834701088057,1.2379454258172202,-0.7819243690919572,0.0,-0.5531642805989055,1.0,1.0,0.0,0.0,0.0,1.0,-2.0005886812701847,0.0,0.0,1.0,0.0,0.0,0.0,0.0,1.0,1
0.0,-1.541848073565934,1.0,0.0,0.0,-0.5064419972567069,-0.9348338089621625,1.2226546480108358,-0.4342602853042805,0.0,1.0524952945655444,1.0,1.0,1.0,1.0,1.0,1.0,-0.2806524287733598,0.0,1.0,0.0,0.0,0.0,0.0,0.0,1.0,0
1.0,-0.9432874538915136,0.0,0.0,1.0,1.5724342219973237,-0.9143042304984671,0.6593508274965798,-0.3852428668497306,0.0,1.1826839087680672,1.0,1.0,1.0,0.0,0.0,1.0,-0.2806524287733598,0.0,1.0,0.0,0.0,0.0,0.0,0.0,1.0,0
0.0,-1.2425677637287238,1.0,0.0,0.0,-0.5064419972567069,-0.8444637148838926,0.4966919605141979,0.08231517288758851,0.0,-0.42297566639638257,1.0,1.0,0.0,0.0,0.0,1.0,1.439283823723465,1.0,0.0,0.0,0.0,0.0,0.0,0.0,1.0,0
0.0,-1.0629995778263976,1.0,0.0,1.0,0.5329961123703084,-0.8380856483783417,0.7477865371679339,-0.2417391697718831,1.0,1.5298535466414618,1.0,0.0,0.0,0.0,0.0,0.0,-0.2806524287733598,0.0,0.0,0.0,0.0,0.0,0.0,1.0,0.0,0
0.0,0.6129701572619797,0.0,0.0,1.0,0.5329961123703084,0.5669259015784067,-0.5777663863789682,1.2119395605346734,1.0,0.44494842828710385,1.0,1.0,1.0,1.0,1.0,1.0,0.5793156974750526,1.0,0.0,0.0,0.0,0.0,0.0,0.0,1.0,0
1.0,0.37354590939221144,0.0,0.0,0.0,-0.5064419972567069,-0.8619728700689998,1.059271888976729,2.872380953627314,0.0,1.1826839087680672,1.0,0.0,0.0,0.0,0.0,0.0,1.439283823723465,0.0,1.0,0.0,0.0,0.0,0.0,1.0,0.0,0
0.0,0.014409537587559178,0.0,0.0,0.0,-0.5064419972567069,-0.9811590961144996,0.9090248409716949,0.7567778177424239,0.0,-1.5078807847507405,1.0,0.0,0.0,0.0,0.0,0.0,0.5793156974750526,1.0,0.0,0.0,0.0,0.0,0.0,1.0,0.0,0
0.0,-1.1228556397938396,1.0,0.0,0.0,-0.5064419972567069,-0.8610149875058161,0.7678931118104462,0.7626920815520944,0.0,-1.4644845800165662,1.0,0.0,0.0,0.0,0.0,0.0,1.439283823723465,1.0,0.0,0.0,0.0,0.0,0.0,1.0,1.0,0
1.0,0.07426559955500123,0.0,0.0,0.0,0.5329961123703084,1.295380832452148,-0.5649296441513709,-1.0104515226976292,0.0,1.139287704033893,1.0,0.0,0.0,0.0,0.0,0.0,1.439283823723465,1.0,0.0,0.0,0.0,0.0,0.0,1.0,0.0,0
1.0,-1.1827117017612818,1.0,0.0,0.0,-0.5064419972567069,-0.9468516162829422,0.8299166810834477,1.1442330684415642,0.0,-0.8569377137381258,1.0,0.0,0.0,0.0,0.0,0.0,0.5793156974750526,0.0,0.0,0.0,1.0,0.0,0.0,1.0,1.0,0
1.0,1.031962591034074,0.0,0.0,0.0,-0.5064419972567069,-0.8449424539952521,1.2022135789530901,1.245485264863125,0.0,-1.4644845800165662,1.0,0.0,0.0,0.0,0.0,0.0,1.439283823723465,1.0,0.0,0.0,0.0,0.0,0.0,1.0,1.0,0
0.0,0.13412166152244326,0.0,0.0,1.0,-0.5064419972567069,-0.8535233673577989,0.6449671062699821,1.3209039569640446,1.0,0.748721861426324,1.0,1.0,0.0,0.0,0.0,1.0,-0.2806524287733598,1.0,0.0,0.0,0.0,0.0,1.0,0.0,0.0,0
0.0,-1.1228556397938396,1.0,0.0,0.0,2.611872331624339,-0.779602652104104,0.5789803548909875,1.2749146415800459,0.0,-1.2475035563456947,1.0,0.0,0.0,0.0,0.0,0.0,1.439283823723465,1.0,0.0,0.0,0.0,0.0,0.0,1.0,1.0,0
0.0,-0.40458289618453513,0.0,0.0,1.0,-0.5064419972567069,1.786274013868566,-0.9905343402620739,-0.9972981999849218,1.0,0.6185332472238011,1.0,1.0,1.0,0.0,0.0,1.0,-0.2806524287733598,0.0,1.0,0.0,0.0,0.0,1.0,0.0,0.0,0
1.0,1.3910989628387262,0.0,1.0,1.0,-0.5064419972567069,0.41900966808486645,-0.3384261741623036,1.768022300975142,1.0,1.00909908983137,0.0,1.0,0.0,0.0,0.0,0.0,-0.2806524287733598,1.0,0.0,0.0,0.0,0.0,1.0,0.0,0.0,0
1.0,-1.3024238256961658,1.0,0.0,0.0,-0.5064419972567069,0.7768841361250564,-0.9588607180550194,-1.030654647871464,0.0,1.4430611371731132,1.0,1.0,0.0,0.0,1.0,1.0,1.439283823723465,0.0,0.0,0.0,0.0,0.0,0.0,0.0,0.0,0
0.0,-0.46443895815197717,0.0,0.0,0.0,-0.5064419972567069,-1.4320290408765868,1.2514008673700938,0.6827312348453479,0.0,0.27136360935040654,1.0,1.0,0.0,0.0,0.0,1.0,1.439283823723465,0.0,1.0,0.0,0.0,0.0,0.0,0.0,1.0,0
0.0,1.8699474585782625,0.0,1.0,0.0,-0.5064419972567069,1.6939594464908694,-0.8395089583556695,-1.031317045418147,0.0,-0.7267490995356027,1.0,1.0,0.0,0.0,0.0,0.0,0.5793156974750526,0.0,0.0,0.0,1.0,0.0,0.0,0.0,0.0,0
0.0,1.3312429008712843,0.0,1.0,1.0,-0.5064419972567069,-0.9670480182029241,1.2262201277914089,-0.6897091677715731,1.0,1.5298535466414618,1.0,1.0,1.0,1.0,1.0,0.0,-0.2806524287733598,0.0,0.0,0.0,0.0,0.0,0.0,0.0,0.0,0
1.0,-0.40458289618453513,0.0,0.0,1.0,-0.5064419972567069,0.6078730561968069,-1.0434172152528918,-0.4120699674903964,1.0,0.9657028850971957,1.0,1.0,0.0,0.0,1.0,1.0,-0.2806524287733598,0.0,1.0,0.0,0.0,0.0,1.0,0.0,0.0,0
1.0,-1.1827117017612818,1.0,0.0,0.0,-0.5064419972567069,0.5802602414554231,-1.2302256562718357,1.8300037857004898,0.0,-1.2041073516115204,1.0,1.0,0.0,1.0,1.0,1.0,-1.1406205550217723,1.0,0.0,0.0,0.0,0.0,0.0,0.0,1.0,1
0.0,-1.42213594963105,1.0,0.0,1.0,-0.5064419972567069,0.4861285680249844,-1.0379005949454003,-0.23355382865929897,1.0,1.3996649324389387,0.0,1.0,0.0,1.0,1.0,1.0,0.5793156974750526,1.0,0.0,0.0,0.0,0.0,1.0,0.0,0.0,0
0.0,0.49325803332709556,0.0,0.0,1.0,-0.5064419972567069,-0.8940229170806954,0.6520330124345107,0.42255094133031884,1.0,0.44494842828710385,1.0,1.0,0.0,1.0,1.0,1.0,0.5793156974750526,0.0,1.0,0.0,0.0,0.0,1.0,0.0,0.0,0
0.0,0.07426559955500123,0.0,0.0,1.0,1.5724342219973237,0.9812285076462811,-0.7762198467640674,0.6137945758798274,1.0,0.6619294519579755,0.0,1.0,1.0,1.0,1.0,1.0,-0.2806524287733598,1.0,0.0,0.0,0.0,0.0,1.0,0.0,0.0,0
1.0,0.014409537587559178,0.0,0.0,1.0,-0.5064419972567069,-0.9831787767405445,0.8692642972333418,0.05917857286415711,1.0,1.1826839087680672,1.0,0.0,0.0,0.0,0.0,0.0,1.439283823723465,1.0,0.0,0.0,0.0,0.0,0.0,1.0,0.0,0
1.0,-0.3447268342170931,0.0,0.0,1.0,-0.5064419972567069,-1.003965515740409,0.6808239848396738,1.7372681291648548,1.0,0.4015522235529295,1.0,1.0,0.0,0.0,1.0,0.0,-0.2806524287733598,0.0,1.0,0.0,0.0,0.0,0.0,0.0,0.0,0
1.0,0.9122504670991899,0.0,0.0,0.0,-0.5064419972567069,-1.3701099593250425,1.5296379356764052,-1.0333515521686738,0.0,0.9657028850971957,1.0,1.0,1.0,0.0,1.0,0.0,-0.2806524287733598,0.0,1.0,0.0,0.0,0.0,1.0,0.0,0.0,0
1.0,-1.0629995778263976,1.0,0.0,0.0,-0.5064419972567069,-1.0191925733372473,0.9607302956208976,-0.5197568829368787,0.0,-1.421088375282392,1.0,1.0,0.0,1.0,1.0,1.0,-1.1406205550217723,1.0,0.0,0.0,0.0,0.0,0.0,0.0,0.0,1
0.0,0.7925383431643057,0.0,0.0,0.0,-0.5064419972567069,0.4014426922131673,0.00493303513107735,-0.5926679271824978,0.0,1.3562687277047645,1.0,1.0,1.0,1.0,1.0,1.0,0.5793156974750526,0.0,0.0,0.0,0.0,1.0,0.0,0.0,0.0,0
1.0,0.9721065290666319,0.0,0.0,0.0,0.5329961123703084,-0.986963403499259,0.7572801807296391,-1.0170754981644603,0.0,-1.030522532674823,1.0,1.0,1.0,0.0,0.0,1.0,-0.2806524287733598,1.0,0.0,0.0,0.0,0.0,1.0,0.0,1.0,0
0.0,-1.3024238256961658,1.0,0.0,0.0,0.5329961123703084,0.5507676478891208,-0.0981553754138781,-1.0166969852806413,0.0,-0.8569377137381258,1.0,1.0,0.0,1.0,1.0,0.0,1.439283823723465,1.0,0.0,0.0,0.0,0.0,1.0,0.0,0.0,0
0.0,1.2115307769364,0.0,1.0,0.0,-0.5064419972567069,0.8546849024873653,-0.9966253682205556,1.951033280301589,0.0,1.1826839087680672,1.0,1.0,0.0,1.0,1.0,1.0,1.439283823723465,1.0,0.0,0.0,0.0,0.0,0.0,0.0,0.0,0
1.0,-0.40458289618453513,0.0,0.0,0.0,-0.5064419972567069,0.6381173186887995,-1.2477868437573332,-0.9312003876480431,0.0,-0.11920223325716231,1.0,1.0,1.0,1.0,1.0,1.0,0.5793156974750526,0.0,0.0,1.0,0.0,0.0,1.0,0.0,0.0,0
0.0,-0.16515864831476695,0.0,0.0,0.0,1.5724342219973237,-0.9521149161246303,0.7291466628647592,3.299816627679828,0.0,-1.421088375282392,1.0,1.0,1.0,0.0,0.0,0.0,-2.0005886812701847,1.0,0.0,0.0,0.0,1.0,0.0,0.0,1.0,1
0.0,-1.1228556397938396,1.0,0.0,1.0,-0.5064419972567069,1.4267878447321953,-1.1728776268663748,-0.3886967969145782,1.0,0.8355142708946727,1.0,1.0,1.0,0.0,1.0,1.0,-0.2806524287733598,1.0,0.0,0.0,0.0,0.0,0.0,0.0,0.0,0
0.0,0.07426559955500123,0.0,0.0,0.0,-0.5064419972567069,-1.0091443084247689,0.809510676267847,1.7431823929745254,0.0,-0.8569377137381258,0.0,1.0,0.0,0.0,0.0,1.0,0.5793156974750526,1.0,0.0,0.0,0.0,0.0,1.0,0.0,1.0,0
0.0,-1.1228556397938396,1.0,0.0,1.0,2.611872331624339,-0.9389738509902039,0.7361567430648113,1.579570198943798,1.0,1.4864573419072875,1.0,1.0,1.0,1.0,1.0,1.0,0.5793156974750526,0.0,0.0,0.0,0.0,0.0,1.0,0.0,0.0,0
0.0,-0.40458289618453513,0.0,0.0,1.0,-0.5064419972567069,-0.9600557585300126,0.8340971692164421,1.8278273366185311,1.0,-1.421088375282392,1.0,1.0,0.0,0.0,0.0,0.0,1.439283823723465,1.0,0.0,0.0,0.0,0.0,0.0,0.0,1.0,0
1.0,0.7925383431643057,0.0,0.0,0.0,-0.5064419972567069,1.3092666927243455,-0.949588532864783,-0.8872455790145712,0.0,1.4430611371731132,1.0,1.0,1.0,1.0,1.0,1.0,-0.2806524287733598,1.0,0.0,0.0,0.0,0.0,1.0,0.0,0.0,0
1.0,-0.5242950201194192,0.0,0.0,0.0,-0.5064419972567069,-0.878687496239057,0.7872208911799821,1.1224685776219765,0.0,0.18457119988205792,1.0,0.0,0.0,0.0,0.0,0.0,-0.2806524287733598,1.0,0.0,0.0,0.0,0.0,0.0,1.0,0.0,0
1.0,-0.10530258634732491,0.0,0.0,0.0,-0.5064419972567069,0.9331932646646053,-1.4071967318817002,0.0842077373066831,0.0,1.3128725229705902,1.0,0.0,0.0,0.0,0.0,0.0,-0.2806524287733598,1.0,0.0,0.0,0.0,0.0,0.0,1.0,0.0,0
1.0,-0.04544652437988287,0.0,0.0,1.0,-0.5064419972567069,-1.0104462847242406,0.9349050199069252,-0.9065024219788587,1.0,0.878910475628847,1.0,1.0,1.0,0.0,1.0,1.0,-2.0005886812701847,0.0,1.0,0.0,0.0,0.0,1.0,0.0,0.0,1
1.0,0.2538337854573274,0.0,0.0,0.0,-0.5064419972567069,-0.9231334089069374,1.3427935076721038,0.18631158771683637,0.0,0.22796740461623224,0.0,1.0,1.0,1.0,1.0,0.0,-0.2806524287733598,1.0,0.0,0.0,0.0,0.0,1.0,0.0,0.0,0
1.0,0.13412166152244326,0.0,0.0,0.0,-0.5064419972567069,-0.8760099536753598,0.689990515931862,-0.05816042111970762,0.0,-0.8135415090039514,1.0,0.0,0.0,0.0,0.0,0.0,0.5793156974750526,0.0,0.0,0.0,1.0,0.0,0.0,1.0,1.0,0
0.0,-0.8834313919240715,0.0,0.0,1.0,-0.5064419972567069,-0.40580687388750997,0.08760759754310957,-1.0075653619585099,1.0,-0.9003339184723,1.0,1.0,0.0,0.0,0.0,1.0,-2.0005886812701847,1.0,0.0,0.0,0.0,0.0,0.0,0.0,1.0,1
0.0,1.6305232107084944,0.0,1.0,1.0,-0.5064419972567069,0.4673360362018256,-0.9392842593891985,1.8309973820205145,1.0,-0.9003339184723,1.0,1.0,0.0,0.0,0.0,1.0,-2.0005886812701847,0.0,0.0,0.0,1.0,0.0,0.0,0.0,1.0,1
0.0,-1.661560197500818,1.0,0.0,1.0,-0.5064419972567069,-1.0542824519698861,0.966180478416947,1.1568186218285434,1.0,1.4864573419072875,1.0,1.0,1.0,1.0,1.0,1.0,0.5793156974750526,1.0,0.0,0.0,0.0,1.0,0.0,0.0,0.0,0
0.0,1.5706671487410524,0.0,1.0,1.0,-0.5064419972567069,-0.8418152848337253,0.6602689569949446,-0.009143002665157676,1.0,1.4864573419072875,0.0,1.0,0.0,1.0,1.0,0.0,1.439283823723465,1.0,0.0,0.0,0.0,1.0,0.0,0.0,1.0,0
1.0,1.4509550248061682,0.0,1.0,0.0,-0.5064419972567069,-1.1067262190488116,1.3531300771601906,-0.9220687643259117,0.0,-0.8135415090039514,1.0,1.0,0.0,0.0,0.0,1.0,-0.2806524287733598,1.0,0.0,0.0,0.0,0.0,0.0,0.0,0.0,0
1.0,-1.3024238256961658,1.0,0.0,1.0,-0.5064419972567069,-0.9964237573746484,1.392520600869559,-0.8674209667245554,1.0,1.5298535466414618,1.0,1.0,1.0,1.0,1.0,1.0,-0.2806524287733598,1.0,0.0,0.0,0.0,1.0,0.0,0.0,0.0,0
1.0,0.49325803332709556,0.0,0.0,0.0,-0.5064419972567069,0.4455327852712561,-0.41354531513454673,0.2785267890372204,0.0,-1.3342959658140432,1.0,1.0,0.0,1.0,1.0,1.0,-2.0005886812701847,0.0,0.0,0.0,0.0,0.0,0.0,0.0,1.0,1
1.0,-0.28487077224965107,0.0,0.0,1.0,2.611872331624339,1.5415813159586071,-1.1146774441023783,-0.8783505262448266,1.0,-0.5531642805989055,1.0,0.0,0.0,0.0,0.0,0.0,-0.2806524287733598,1.0,0.0,0.0,0.0,0.0,0.0,1.0,0.0,0
1.0,-0.28487077224965107,0.0,0.0,0.0,-0.5064419972567069,0.13555931917813513,-0.997588712136425,-0.8968503434414763,0.0,1.1826839087680672,1.0,1.0,0.0,1.0,1.0,0.0,1.439283823723465,1.0,0.0,0.0,0.0,0.0,0.0,0.0,0.0,0
1.0,0.19397772348988532,0.0,0.0,1.0,2.611872331624339,0.414428490608773,0.13368662544229862,-0.8774515581457567,1.0,-0.7267490995356027,1.0,0.0,0.0,0.0,0.0,0.0,1.439283823723465,1.0,0.0,0.0,0.0,0.0,0.0,1.0,0.0,0
0.0,-0.40458289618453513,0.0,0.0,1.0,-0.5064419972567069,-0.8023916850899873,0.7410948033768576,-0.08143896347457111,1.0,1.3996649324389387,1.0,0.0,0.0,0.0,0.0,0.0,1.439283823723465,0.0,0.0,0.0,0.0,0.0,0.0,1.0,0.0,0
0.0,-0.28487077224965107,0.0,0.0,1.0,-0.5064419972567069,-0.8411396319155823,0.630817300448243,0.20041119263909107,1.0,-0.8135415090039514,1.0,1.0,0.0,0.0,0.0,1.0,0.5793156974750526,0.0,0.0,0.0,1.0,0.0,0.0,0.0,1.0,0
0.0,-1.601704135533376,1.0,0.0,1.0,-0.5064419972567069,0.4815202997376902,-0.7198882190093028,-0.3021119747410006,1.0,-0.9871263279406487,1.0,1.0,0.0,0.0,0.0,1.0,-2.0005886812701847,0.0,0.0,0.0,1.0,0.0,0.0,0.0,1.0,1
0.0,0.6728262192294217,0.0,0.0,1.0,2.611872331624339,0.7722702070712455,-1.4186253679640728,-1.0179744662635302,1.0,-0.5531642805989055,1.0,0.0,0.0,0.0,0.0,0.0,1.439283823723465,1.0,0.0,0.0,0.0,0.0,0.0,1.0,0.0,0
1.0,-0.5242950201194192,0.0,0.0,0.0,-0.5064419972567069,-0.9659397209865099,0.7778467428645459,-0.3344748263075181,0.0,0.748721861426324,1.0,1.0,0.0,0.0,1.0,1.0,-2.0005886812701847,1.0,0.0,0.0,0.0,0.0,0.0,0.0,1.0,1
1.0,1.3312429008712843,0.0,1.0,0.0,-0.5064419972567069,-1.3174599786086236,1.2111457332688071,1.1971775580657356,0.0,-0.2927870521938596,1.0,1.0,1.0,1.0,0.0,1.0,-2.0005886812701847,1.0,0.0,0.0,0.0,0.0,0.0,0.0,1.0,1
0.0,-1.3024238256961658,1.0,0.0,1.0,0.5329961123703084,0.20542935164670398,-0.1677136044043374,-0.3718529735846363,1.0,-0.16259843799133664,1.0,0.0,0.0,0.0,0.0,0.0,1.439283823723465,1.0,0.0,0.0,0.0,0.0,0.0,1.0,0.0,0
0.0,-0.28487077224965107,0.0,0.0,0.0,-0.5064419972567069,0.9812741981189019,-0.8140647755892599,-0.6396035247760438,0.0,0.6619294519579755,1.0,1.0,1.0,1.0,0.0,1.0,-0.2806524287733598,1.0,0.0,0.0,0.0,0.0,1.0,0.0,0.0,0
1.0,-0.5242950201194192,0.0,0.0,0.0,-0.5064419972567069,1.0128584449141413,-0.5680508230741945,-0.8566806636461936,0.0,-0.075806028522988,1.0,0.0,0.0,0.0,0.0,0.0,-0.2806524287733598,1.0,0.0,0.0,0.0,0.0,0.0,1.0,0.0,0
0.0,-0.8235753299566294,0.0,0.0,1.0,-0.5064419972567069,1.822601578666633,-2.0565006813528046,-1.026396377928501,1.0,-1.4644845800165662,1.0,1.0,0.0,0.0,0.0,1.0,-2.0005886812701847,1.0,0.0,0.0,0.0,0.0,0.0,0.0,1.0,1
1.0,1.031962591034074,0.0,0.0,0.0,-0.5064419972567069,-1.0465296278810419,1.0116352705315739,0.48954772176626743,0.0,-0.9871263279406487,1.0,1.0,0.0,0.0,1.0,0.0,-1.1406205550217723,1.0,0.0,0.0,0.0,0.0,0.0,0.0,1.0,1
0.0,-0.7038632060217453,0.0,0.0,1.0,-0.5064419972567069,-0.9194862579065528,0.8156815215143791,-0.1330586580053761,1.0,0.748721861426324,1.0,1.0,1.0,1.0,1.0,1.0,0.5793156974750526,0.0,1.0,0.0,0.0,0.0,0.0,0.0,1.0,0
0.0,-0.46443895815197717,0.0,0.0,0.0,-0.5064419972567069,-0.8135583557305219,0.6274622061205609,1.6666281622221493,0.0,-0.6399566900672541,1.0,1.0,0.0,1.0,0.0,1.0,-1.1406205550217723,0.0,0.0,0.0,1.0,0.0,0.0,0.0,1.0,1
1.0,0.19397772348988532,0.0,0.0,1.0,-0.5064419972567069,1.3061961312280108,-1.004109277061223,-1.0228478196426987,1.0,0.6185332472238011,1.0,1.0,1.0,0.0,1.0,1.0,-0.2806524287733598,1.0,0.0,0.0,0.0,0.0,1.0,0.0,0.0,0
1.0,-0.40458289618453513,0.0,0.0,1.0,1.5724342219973237,-0.9990131537168269,0.8553322588102099,2.2753241935134474,1.0,0.748721861426324,1.0,0.0,0.0,0.0,0.0,0.0,-0.2806524287733598,1.0,0.0,0.0,0.0,0.0,0.0,1.0,0.0,0
1.0,-1.1827117017612818,1.0,0.0,0.0,-0.5064419972567069,2.1299019499411793,-0.5324043299573937,-1.0174540110482793,0.0,-1.030522532674823,1.0,1.0,0.0,0.0,1.0,1.0,-2.0005886812701847,0.0,0.0,0.0,1.0,0.0,0.0,0.0,1.0,1
1.0,1.3910989628387262,0.0,1.0,1.0,-0.5064419972567069,2.002383075579057,-0.5320287734691231,-1.008085817173761,1.0,0.27136360935040654,0.0,1.0,0.0,1.0,0.0,1.0,-2.0005886812701847,0.0,1.0,0.0,0.0,0.0,1.0,0.0,1.0,1
0.0,-1.0629995778263976,1.0,0.0,0.0,-0.5064419972567069,-1.4347365046347431,1.2294538813863911,1.9130873636987424,0.0,0.18457119988205792,1.0,1.0,0.0,0.0,1.0,1.0,1.439283823723465,0.0,1.0,0.0,0.0,0.0,0.0,0.0,0.0,0
1.0,-0.7637192679891874,0.0,0.0,1.0,-0.5064419972567069,-0.7200400667865116,0.03444005627064289,-0.048650284913757294,0.0,1.4430611371731132,1.0,0.0,0.0,0.0,0.0,0.0,0.5793156974750526,1.0,0.0,0.0,0.0,0.0,0.0,1.0,0.0,0
1.0,1.4509550248061682,0.0,1.0,0.0,-0.5064419972567069,0.3588700889227565,-1.0796053586365615,-0.989538685866634,0.0,0.9657028850971957,1.0,1.0,0.0,0.0,0.0,1.0,1.439283823723465,1.0,0.0,0.0,0.0,0.0,0.0,0.0,0.0,0
1.0,-0.8235753299566294,0.0,0.0,0.0,-0.5064419972567069,-0.6132193808622728,1.6916831784211905,-1.036095770576361,0.0,0.22796740461623224,1.0,1.0,0.0,1.0,1.0,1.0,1.439283823723465,1.0,0.0,0.0,0.0,1.0,0.0,0.0,0.0,0
1.0,-0.9432874538915136,0.0,0.0,0.0,-0.5064419972567069,-0.9092390574849621,1.1557248530666908,1.149390306483597,0.0,-1.290899761079869,1.0,1.0,0.0,0.0,0.0,1.0,-1.1406205550217723,1.0,0.0,0.0,0.0,0.0,0.0,0.0,1.0,1
0.0,-0.04544652437988287,0.0,0.0,1.0,1.5724342219973237,-0.6091994279525351,0.8629305878094667,1.6972877058114817,1.0,-1.290899761079869,0.0,1.0,1.0,1.0,1.0,1.0,-0.2806524287733598,1.0,0.0,0.0,0.0,0.0,1.0,0.0,0.0,0
0.0,-0.5242950201194192,0.0,0.0,1.0,-0.5064419972567069,0.8145524939073023,-0.5082704425554833,-1.033635436831538,1.0,0.9223066803630213,1.0,1.0,1.0,1.0,1.0,0.0,-0.2806524287733598,0.0,1.0,0.0,0.0,0.0,1.0,0.0,0.0,0
0.0,0.07426559955500123,0.0,0.0,0.0,-0.5064419972567069,0.6685948856294891,-1.1735876777698788,-0.6512427959534756,0.0,1.3996649324389387,1.0,1.0,0.0,0.0,1.0,1.0,-0.2806524287733598,0.0,0.0,0.0,0.0,0.0,0.0,0.0,0.0,0
0.0,-0.5242950201194192,0.0,0.0,1.0,2.611872331624339,-0.6951690847428686,0.920045624553288,-0.9794607803349552,1.0,1.3562687277047645,1.0,1.0,1.0,0.0,1.0,1.0,-0.2806524287733598,0.0,0.0,0.0,0.0,0.0,0.0,0.0,0.0,0
0.0,-0.7038632060217453,0.0,0.0,0.0,-0.5064419972567069,-0.8457737779926804,0.942191000328098,0.6053726642148565,0.0,0.18457119988205792,1.0,1.0,0.0,1.0,1.0,0.0,0.5793156974750526,0.0,1.0,0.0,0.0,0.0,1.0,0.0,0.0,0
1.0,-0.225014710282209,0.0,0.0,0.0,-0.5064419972567069,0.9411595805193268,-0.23580651717027729,-0.7769090733813565,0.0,1.3562687277047645,1.0,1.0,1.0,0.0,1.0,0.0,0.5793156974750526,1.0,0.0,0.0,0.0,0.0,0.0,0.0,0.0,0
1.0,0.6129701572619797,0.0,0.0,1.0,-0.5064419972567069,1.1181624497516343,-0.7313011684570302,-0.9795080944454326,1.0,1.1826839087680672,1.0,1.0,0.0,1.0,1.0,1.0,1.439283823723465,1.0,0.0,0.0,0.0,0.0,1.0,0.0,0.0,0
0.0,0.014409537587559178,0.0,0.0,1.0,0.5329961123703084,-0.8183736463362418,0.7019801798886101,-0.23710238694510133,1.0,-1.2475035563456947,1.0,1.0,0.0,1.0,0.0,1.0,-2.0005886812701847,0.0,0.0,0.0,0.0,0.0,1.0,0.0,1.0,1
0.0,-0.8834313919240715,0.0,0.0,1.0,1.5724342219973237,-0.8576395532983654,0.8270621749495976,2.60079795948724,1.0,0.05438258567953497,1.0,1.0,0.0,1.0,0.0,0.0,-0.2806524287733598,1.0,0.0,0.0,0.0,0.0,0.0,0.0,0.0,0
1.0,-0.5242950201194192,0.0,0.0,1.0,-0.5064419972567069,-0.7223601723785527,0.47517082052394993,-0.968152707930865,1.0,1.4430611371731132,1.0,1.0,1.0,1.0,0.0,1.0,-2.0005886812701847,0.0,0.0,0.0,0.0,0.0,0.0,0.0,0.0,1
1.0,0.9122504670991899,0.0,0.0,1.0,-0.5064419972567069,1.7783930138521047,-1.2700849335341333,-1.0122021447852916,1.0,0.8355142708946727,1.0,1.0,0.0,1.0,1.0,1.0,0.5793156974750526,0.0,1.0,0.0,0.0,0.0,0.0,0.0,1.0,0
0.0,-1.2425677637287238,1.0,0.0,1.0,-0.5064419972567069,0.0390679147900187,0.022682462232322554,-0.9012978698263485,1.0,-1.160711146877346,1.0,1.0,0.0,0.0,1.0,0.0,-0.2806524287733598,0.0,0.0,0.0,1.0,0.0,0.0,0.0,1.0,1
1.0,-1.3024238256961658,1.0,0.0,1.0,-0.5064419972567069,-0.37014606651734056,-0.22909494440009495,-0.910050980264661,1.0,-0.42297566639638257,1.0,1.0,0.0,1.0,1.0,1.0,0.5793156974750526,1.0,0.0,0.0,0.0,0.0,0.0,0.0,1.0,0
1.0,-1.0031435158589557,0.0,0.0,0.0,-0.5064419972567069,-0.7338026032166765,0.21126072473655413,-0.7295003346830369,0.0,0.878910475628847,1.0,1.0,1.0,0.0,0.0,1.0,-0.2806524287733598,1.0,0.0,0.0,0.0,0.0,0.0,0.0,1.0,0
1.0,-1.661560197500818,1.0,0.0,1.0,0.5329961123703084,-0.8602459319401053,0.5853749653670187,0.5489269304153602,1.0,1.3996649324389387,0.0,1.0,1.0,1.0,1.0,1.0,-0.2806524287733598,1.0,0.0,0.0,0.0,0.0,1.0,0.0,0.0,0
0.0,-0.10530258634732491,0.0,0.0,1.0,-0.5064419972567069,-0.453684019747104,0.7329935793257321,-0.8061965077668453,1.0,-0.6833528948014285,1.0,1.0,0.0,1.0,1.0,1.0,-1.1406205550217723,0.0,0.0,0.0,1.0,0.0,0.0,0.0,1.0,1
1.0,0.3136898474247694,0.0,0.0,1.0,2.611872331624339,-0.9213862537547586,0.8344897964541824,2.1496106019750894,1.0,1.3128725229705902,1.0,1.0,1.0,1.0,1.0,1.0,-0.2806524287733598,0.0,0.0,0.0,0.0,0.0,0.0,0.0,0.0,0
0.0,-0.3447268342170931,0.0,0.0,0.0,-0.5064419972567069,0.6144985790673523,-1.1144832066557386,0.44810056098809586,0.0,-1.2041073516115204,1.0,1.0,0.0,0.0,1.0,1.0,-0.2806524287733598,1.0,0.0,0.0,0.0,0.0,0.0,0.0,1.0,0
0.0,-1.0629995778263976,1.0,0.0,0.0,-0.5064419972567069,0.4620112766093579,-0.4560099578628033,-0.4376195871481734,0.0,-1.4644845800165662,1.0,0.0,0.0,0.0,0.0,0.0,-2.0005886812701847,0.0,0.0,0.0,0.0,0.0,0.0,1.0,1.0,1
1.0,1.5108110867736102,0.0,1.0,1.0,-0.5064419972567069,-1.1703463609394464,2.307633651663369,-1.023415588968427,1.0,0.4883446330212782,1.0,1.0,0.0,0.0,0.0,1.0,-0.2806524287733598,1.0,0.0,0.0,0.0,0.0,0.0,0.0,0.0,0
1.0,-1.2425677637287238,1.0,0.0,0.0,-0.5064419972567069,0.8158217186290537,-1.3927447276572364,0.47355555242491815,0.0,0.748721861426324,1.0,1.0,0.0,1.0,1.0,1.0,-0.2806524287733598,1.0,0.0,0.0,0.0,0.0,0.0,0.0,0.0,0
0.0,0.13412166152244326,0.0,0.0,1.0,-0.5064419972567069,0.4529322157931024,-0.9306621467935287,1.04951021926588,1.0,0.22796740461623224,1.0,0.0,0.0,0.0,0.0,0.0,1.439283823723465,1.0,0.0,0.0,0.0,0.0,0.0,1.0,0.0,0
1.0,0.6728262192294217,0.0,0.0,1.0,0.5329961123703084,-0.7866385805473072,2.56850838364689,-1.0309858466448054,1.0,-0.9003339184723,1.0,1.0,0.0,0.0,0.0,1.0,-0.2806524287733598,0.0,0.0,0.0,1.0,0.0,0.0,0.0,1.0,0
0.0,-0.10530258634732491,0.0,0.0,0.0,-0.5064419972567069,-0.942531642747676,1.1453467601339478,-0.9896333140875887,0.0,1.3562687277047645,1.0,0.0,0.0,0.0,0.0,0.0,0.5793156974750526,1.0,0.0,0.0,0.0,0.0,0.0,1.0,0.0,0
1.0,1.031962591034074,0.0,0.0,0.0,-0.5064419972567069,0.568130027485188,-1.232160187420897,0.8348461000300759,0.0,-1.0739187374089973,1.0,1.0,1.0,0.0,1.0,1.0,-2.0005886812701847,1.0,0.0,0.0,0.0,1.0,0.0,0.0,1.0,1
0.0,0.49325803332709556,0.0,0.0,1.0,-0.5064419972567069,0.9494869724098949,-0.7739471302269176,-0.28134108024143745,1.0,-0.16259843799133664,1.0,1.0,0.0,0.0,1.0,0.0,1.439283823723465,0.0,0.0,1.0,0.0,0.0,0.0,0.0,1.0,0
1.0,-1.481992011598492,1.0,0.0,1.0,-0.5064419972567069,1.856035278751867,-2.0438586379434533,-1.0184949214787813,1.0,-0.9437301232064743,1.0,1.0,0.0,0.0,0.0,1.0,1.439283823723465,1.0,0.0,0.0,0.0,0.0,0.0,0.0,1.0,0
0.0,-1.42213594963105,1.0,0.0,0.0,-0.5064419972567069,-0.8723401596088972,0.6837878360444336,1.0448261223286208,0.0,0.6619294519579755,1.0,1.0,1.0,0.0,1.0,1.0,0.5793156974750526,0.0,1.0,0.0,0.0,1.0,0.0,0.0,0.0,0
1.0,0.2538337854573274,0.0,0.0,0.0,-0.5064419972567069,1.022560190047538,-0.42238427238561177,-0.8087041556221456,0.0,-1.421088375282392,1.0,1.0,0.0,0.0,1.0,1.0,-0.2806524287733598,0.0,0.0,0.0,0.0,0.0,1.0,0.0,1.0,1
1.0,-1.0031435158589557,0.0,0.0,0.0,-0.5064419972567069,-0.7591980148442997,1.4858929867381283,-0.9339446060557303,0.0,1.5298535466414618,1.0,0.0,0.0,0.0,0.0,0.0,1.439283823723465,1.0,0.0,0.0,0.0,0.0,0.0,1.0,0.0,0
1.0,0.19397772348988532,0.0,0.0,1.0,-0.5064419972567069,1.2623195299357994,-0.4737603077072606,-1.0303234490981223,1.0,1.3128725229705902,1.0,1.0,0.0,1.0,1.0,1.0,0.5793156974750526,1.0,0.0,0.0,0.0,0.0,0.0,0.0,0.0,0
0.0,-0.225014710282209,0.0,0.0,1.0,0.5329961123703084,0.9393533916591592,-0.746873382943821,0.799455145393007,1.0,0.1411749951478836,1.0,0.0,0.0,0.0,0.0,0.0,1.439283823723465,1.0,0.0,0.0,0.0,0.0,0.0,1.0,0.0,0
1.0,-1.42213594963105,1.0,0.0,0.0,-0.5064419972567069,-0.8505858338746715,0.7230897764052171,2.022714157674797,0.0,-0.9003339184723,1.0,0.0,0.0,0.0,0.0,0.0,-0.2806524287733598,0.0,0.0,0.0,1.0,0.0,0.0,1.0,0.0,0
1.0,-0.5841510820868613,0.0,0.0,1.0,2.611872331624339,0.16290041712658496,0.11021665178317563,-0.4416412865387494,1.0,0.7921180661604984,1.0,1.0,0.0,1.0,1.0,0.0,-0.2806524287733598,1.0,0.0,0.0,0.0,0.0,0.0,0.0,0.0,0
1.0,0.6129701572619797,0.0,0.0,1.0,-0.5064419972567069,0.010742652148116549,0.4922268060995482,-0.8694081593646047,1.0,1.0524952945655444,1.0,1.0,0.0,1.0,1.0,0.0,0.5793156974750526,0.0,1.0,0.0,0.0,0.0,1.0,0.0,0.0,0
0.0,0.2538337854573274,0.0,0.0,0.0,-0.5064419972567069,1.3232803245836953,-1.6682287915832783,-0.39976829876628156,0.0,0.3581560188187552,1.0,1.0,0.0,1.0,1.0,1.0,1.439283823723465,0.0,1.0,0.0,0.0,0.0,0.0,0.0,1.0,0
1.0,-0.9432874538915136,0.0,0.0,1.0,-0.5064419972567069,-0.779602652104104,0.5789803548909875,1.2749146415800459,1.0,-0.7701453042697771,1.0,1.0,1.0,0.0,0.0,1.0,-1.1406205550217723,0.0,0.0,0.0,1.0,0.0,0.0,0.0,1.0,1
1.0,-1.3024238256961658,1.0,0.0,0.0,-0.5064419972567069,0.9183179832729035,-0.7032022534626959,-1.0091740417147403,0.0,1.4864573419072875,1.0,1.0,1.0,1.0,1.0,1.0,-0.2806524287733598,0.0,0.0,0.0,0.0,0.0,0.0,0.0,0.0,0
0.0,-0.40458289618453513,0.0,0.0,1.0,0.5329961123703084,2.046415752291021,-0.6460281611531493,-1.0189207484730776,1.0,-0.03240982378881367,1.0,1.0,1.0,0.0,0.0,1.0,0.5793156974750526,1.0,0.0,0.0,0.0,1.0,0.0,0.0,0.0,0
0.0,-0.46443895815197717,0.0,0.0,1.0,-0.5064419972567069,-0.8119794062120643,0.7056171722682981,-0.6810506855542153,1.0,1.5298535466414618,1.0,1.0,1.0,1.0,1.0,1.0,0.5793156974750526,0.0,0.0,0.0,0.0,1.0,0.0,0.0,0.0,0
1.0,1.7502353346433785,0.0,1.0,0.0,-0.5064419972567069,-1.0491436889916275,0.9911563690020334,0.9591402682541131,0.0,1.1826839087680672,1.0,1.0,1.0,1.0,0.0,1.0,0.5793156974750526,1.0,0.0,0.0,0.0,0.0,0.0,0.0,0.0,0
1.0,-0.16515864831476695,0.0,0.0,0.0,-0.5064419972567069,0.09572086611661666,0.12631898224665136,-1.0066190797489627,0.0,-0.9871263279406487,1.0,1.0,0.0,1.0,0.0,1.0,-2.0005886812701847,1.0,0.0,0.0,0.0,0.0,0.0,0.0,1.0,1
1.0,1.2115307769364,0.0,1.0,1.0,-0.5064419972567069,-1.4684839729213415,1.440955392195197,-1.0328784110639,1.0,1.3996649324389387,1.0,1.0,1.0,0.0,0.0,1.0,-0.2806524287733598,1.0,0.0,0.0,0.0,0.0,0.0,0.0,0.0,0
0.0,1.8100913966108205,0.0,1.0,1.0,-0.5064419972567069,0.7691539551022901,-0.1725067940317163,-0.9767165619272681,1.0,0.3581560188187552,1.0,1.0,1.0,1.0,0.0,1.0,-0.2806524287733598,1.0,0.0,0.0,0.0,0.0,1.0,0.0,0.0,0
0.0,-0.7637192679891874,0.0,0.0,0.0,-0.5064419972567069,-0.9965931760297635,0.7792045595045863,0.10687119622534084,0.0,1.1826839087680672,1.0,1.0,1.0,0.0,0.0,1.0,-0.2806524287733598,1.0,0.0,0.0,0.0,0.0,0.0,0.0,0.0,0
1.0,-1.601704135533376,1.0,0.0,0.0,0.5329961123703084,-0.9069476600659833,1.125852425614214,1.2646001654959804,0.0,1.269476318236416,1.0,1.0,1.0,1.0,0.0,1.0,-0.2806524287733598,0.0,0.0,0.0,0.0,0.0,0.0,0.0,0.0,0
0.0,0.9721065290666319,0.0,0.0,1.0,-0.5064419972567069,0.6786431505419674,-1.1623685043971852,-0.47466653565195005,1.0,0.4015522235529295,0.0,1.0,1.0,1.0,0.0,0.0,-0.2806524287733598,0.0,1.0,0.0,0.0,0.0,1.0,0.0,0.0,0
1.0,1.5706671487410524,0.0,1.0,0.0,-0.5064419972567069,0.6530031129326109,-1.1554382414851767,-0.03899820637637487,0.0,-0.9871263279406487,1.0,1.0,0.0,1.0,0.0,1.0,0.5793156974750526,1.0,0.0,0.0,0.0,0.0,0.0,0.0,0.0,0
1.0,0.49325803332709556,0.0,0.0,1.0,2.611872331624339,1.6628976075772812,-0.784635726251314,-1.0334934945001057,1.0,1.3562687277047645,1.0,1.0,1.0,1.0,1.0,1.0,0.5793156974750526,1.0,0.0,0.0,0.0,0.0,0.0,0.0,0.0,0
1.0,1.031962591034074,0.0,0.0,1.0,-0.5064419972567069,-1.3724413864501228,1.1813840350020648,1.3859135447599438,1.0,-0.9871263279406487,1.0,1.0,0.0,0.0,1.0,1.0,-1.1406205550217723,0.0,0.0,0.0,1.0,0.0,0.0,0.0,1.0,1
0.0,-0.225014710282209,0.0,0.0,0.0,-0.5064419972567069,-0.9485676372192652,0.641225843907064,0.7286732361188691,0.0,0.09777879041370928,1.0,1.0,0.0,0.0,0.0,1.0,1.439283823723465,0.0,0.0,1.0,0.0,0.0,0.0,0.0,1.0,0
0.0,-1.3622798876636077,1.0,0.0,1.0,-0.5064419972567069,0.2516199934239724,-0.01711591397781867,-0.8830346231820857,1.0,-0.6833528948014285,1.0,1.0,0.0,1.0,1.0,0.0,-0.2806524287733598,1.0,0.0,0.0,0.0,0.0,0.0,0.0,1.0,1
0.0,-0.10530258634732491,0.0,0.0,0.0,-0.5064419972567069,-0.8457737779926804,0.942191000328098,0.6053726642148565,0.0,-0.20599464272551093,1.0,1.0,0.0,0.0,1.0,1.0,-0.2806524287733598,1.0,0.0,0.0,0.0,0.0,0.0,0.0,1.0,1
0.0,-1.1228556397938396,1.0,0.0,0.0,-0.5064419972567069,-0.14817689843782747,0.6284956785207272,-0.948564666193236,0.0,-0.8135415090039514,1.0,0.0,0.0,0.0,0.0,0.0,1.439283823723465,0.0,0.0,0.0,1.0,0.0,0.0,1.0,0.0,0
1.0,-0.40458289618453513,0.0,0.0,1.0,-0.5064419972567069,-0.900442630654212,0.900662480590888,1.164436193615399,1.0,-0.6833528948014285,1.0,1.0,0.0,0.0,0.0,1.0,-0.2806524287733598,1.0,0.0,0.0,0.0,0.0,0.0,0.0,1.0,0
1.0,1.271386838903842,0.0,1.0,1.0,-0.5064419972567069,0.6786431505419674,-1.1623685043971852,-0.47466653565195005,1.0,-1.4644845800165662,1.0,1.0,1.0,0.0,0.0,1.0,-2.0005886812701847,0.0,0.0,0.0,0.0,0.0,0.0,0.0,1.0,1
1.0,-0.6440071440543034,0.0,0.0,1.0,1.5724342219973237,0.93118409689067,-1.485295872064961,-1.0230843901950857,1.0,1.3562687277047645,1.0,1.0,0.0,1.0,1.0,1.0,0.5793156974750526,1.0,0.0,0.0,0.0,1.0,0.0,0.0,0.0,0
0.0,0.7326822811968637,0.0,0.0,1.0,2.611872331624339,-0.8196416580365964,0.4535933931976259,-0.33627276250565796,1.0,1.00909908983137,1.0,1.0,1.0,0.0,1.0,1.0,0.5793156974750526,1.0,0.0,0.0,0.0,0.0,1.0,0.0,1.0,0
0.0,-0.5242950201194192,0.0,0.0,0.0,2.611872331624339,-0.9016119832809412,0.7708209760298487,1.957231428774124,0.0,0.7053256566921497,1.0,1.0,1.0,1.0,1.0,1.0,-0.2806524287733598,0.0,1.0,0.0,0.0,0.0,0.0,0.0,0.0,0
0.0,0.9721065290666319,0.0,0.0,0.0,-0.5064419972567069,1.5598122188749428,-0.8000889068634417,-0.9732626318624205,0.0,-0.8569377137381258,0.0,1.0,0.0,0.0,0.0,1.0,-0.2806524287733598,1.0,0.0,0.0,0.0,1.0,0.0,0.0,1.0,0
0.0,-1.0031435158589557,0.0,0.0,1.0,2.611872331624339,0.5074627840153719,-0.5148454493299333,0.8811666141874159,1.0,-1.2475035563456947,1.0,0.0,0.0,0.0,0.0,0.0,0.5793156974750526,0.0,0.0,0.0,0.0,0.0,0.0,1.0,0.0,0
1.0,-0.46443895815197717,0.0,0.0,0.0,-0.5064419972567069,-1.3009835089728508,1.1517621323323037,-0.46122932827637847,0.0,0.18457119988205792,1.0,0.0,0.0,0.0,0.0,0.0,0.5793156974750526,1.0,0.0,0.0,0.0,0.0,0.0,1.0,0.0,0
0.0,0.49325803332709556,0.0,0.0,0.0,-0.5064419972567069,-0.2985899343069079,-0.32732511192105423,-0.9802651202130704,0.0,0.22796740461623224,1.0,0.0,0.0,0.0,0.0,0.0,-0.2806524287733598,1.0,0.0,0.0,0.0,0.0,0.0,1.0,0.0,0
0.0,-0.7637192679891874,0.0,0.0,0.0,-0.5064419972567069,0.7994374386194547,-0.3953377460273378,-0.8512395409412966,0.0,0.7053256566921497,1.0,0.0,0.0,0.0,0.0,0.0,-0.2806524287733598,0.0,1.0,0.0,0.0,0.0,0.0,1.0,0.0,0
0.0,-0.5841510820868613,0.0,0.0,1.0,0.5329961123703084,-0.9578444205232391,0.9381286233265481,-0.10845532055714642,1.0,-0.6399566900672541,1.0,0.0,0.0,0.0,0.0,0.0,-0.2806524287733598,0.0,0.0,0.0,1.0,0.0,0.0,1.0,0.0,0
1.0,0.5531140952945376,0.0,0.0,0.0,-0.5064419972567069,-0.9011583132784562,0.9674916965246582,2.5264674919273,0.0,0.748721861426324,1.0,1.0,0.0,1.0,1.0,0.0,-2.0005886812701847,1.0,0.0,0.0,0.0,0.0,0.0,0.0,1.0,1
0.0,-0.46443895815197717,0.0,0.0,1.0,-0.5064419972567069,-0.19556479233395513,0.47130591057029514,-1.0231790184160403,1.0,1.3562687277047645,1.0,1.0,1.0,1.0,1.0,1.0,0.5793156974750526,1.0,0.0,0.0,0.0,1.0,0.0,0.0,0.0,0
0.0,-0.16515864831476695,0.0,0.0,0.0,-0.5064419972567069,0.6575191915937285,-1.1419712656421193,-0.30674875756778236,0.0,-0.6399566900672541,1.0,1.0,1.0,0.0,1.0,1.0,-2.0005886812701847,0.0,0.0,0.0,1.0,0.0,0.0,0.0,1.0,1
1.0,-0.7038632060217453,0.0,0.0,0.0,-0.5064419972567069,-0.8289617057703974,0.6401609982376075,0.6956953011161459,0.0,-0.9003339184723,1.0,1.0,0.0,0.0,0.0,1.0,-2.0005886812701847,0.0,0.0,0.0,1.0,0.0,0.0,0.0,1.0,1
0.0,0.49325803332709556,0.0,0.0,0.0,-0.5064419972567069,1.1426210045202905,-1.376348042108352,-1.0289040257838014,0.0,1.269476318236416,1.0,1.0,0.0,0.0,1.0,0.0,-0.2806524287733598,0.0,0.0,0.0,0.0,0.0,0.0,0.0,1.0,0
1.0,0.3136898474247694,0.0,0.0,0.0,-0.5064419972567069,-1.04064526108408,0.8477251637504184,1.899555528102216,0.0,-1.1173149421431716,1.0,1.0,0.0,0.0,1.0,0.0,0.5793156974750526,0.0,0.0,0.0,1.0,1.0,0.0,0.0,1.0,0
1.0,1.9896595825131467,0.0,1.0,0.0,-0.5064419972567069,0.45581799369662196,-0.9919507510962338,-0.17620912676073283,0.0,-0.8569377137381258,1.0,1.0,0.0,1.0,0.0,1.0,-2.0005886812701847,0.0,0.0,0.0,1.0,0.0,0.0,0.0,1.0,1
0.0,-0.5242950201194192,0.0,0.0,1.0,1.5724342219973237,-0.9897226228370231,0.7456453115388368,-0.13660721629117847,1.0,-0.9871263279406487,1.0,0.0,0.0,0.0,0.0,0.0,-0.2806524287733598,0.0,0.0,0.0,1.0,0.0,0.0,1.0,0.0,0
1.0,-0.3447268342170931,0.0,0.0,1.0,0.5329961123703084,0.5606456854655489,-0.4334747230798957,-0.9872676085637204,1.0,1.5298535466414618,1.0,1.0,1.0,1.0,1.0,1.0,-0.2806524287733598,0.0,0.0,0.0,0.0,0.0,1.0,0.0,0.0,0
0.0,-0.8235753299566294,0.0,0.0,1.0,-0.5064419972567069,1.7658479465640833,-1.4503963395802468,-0.9917624490590701,1.0,1.5298535466414618,0.0,1.0,1.0,1.0,1.0,0.0,-0.2806524287733598,0.0,0.0,0.0,0.0,0.0,1.0,0.0,0.0,0
1.0,1.091818653001516,0.0,1.0,1.0,-0.5064419972567069,-0.7884269784269842,0.45747029881307083,2.028864992036854,1.0,-0.46637187113055684,1.0,1.0,0.0,0.0,1.0,1.0,-0.2806524287733598,0.0,0.0,1.0,0.0,0.0,0.0,0.0,1.0,1
1.0,1.091818653001516,0.0,1.0,0.0,-0.5064419972567069,0.2343251386856719,-0.1197240366796609,-0.9990015079621068,0.0,0.4015522235529295,1.0,1.0,1.0,1.0,1.0,1.0,-2.0005886812701847,1.0,0.0,0.0,0.0,0.0,0.0,0.0,0.0,1
0.0,-0.04544652437988287,0.0,0.0,0.0,-0.5064419972567069,1.5337916968873875,-0.15771614304755127,-0.981495287085482,0.0,1.3996649324389387,1.0,1.0,1.0,1.0,1.0,1.0,0.5793156974750526,1.0,0.0,0.0,0.0,1.0,0.0,0.0,0.0,0
0.0,-0.225014710282209,0.0,0.0,1.0,1.5724342219973237,0.9984809066356839,-0.783215624444299,-0.3743133073294593,1.0,-0.5097680758647312,1.0,0.0,0.0,0.0,0.0,0.0,0.5793156974750526,1.0,0.0,0.0,0.0,0.0,0.0,1.0,0.0,0
0.0,-0.8235753299566294,0.0,0.0,0.0,-0.5064419972567069,-1.3190243718703194,1.179945478330762,0.29712123445482475,0.0,-0.2927870521938596,1.0,1.0,0.0,0.0,1.0,1.0,-1.1406205550217723,1.0,0.0,0.0,0.0,0.0,0.0,0.0,1.0,1
1.0,0.2538337854573274,0.0,0.0,1.0,2.611872331624339,1.0497314650004024,-0.5337985949544041,-1.0142366515358183,1.0,-1.0739187374089973,1.0,1.0,0.0,1.0,0.0,1.0,0.5793156974750526,1.0,0.0,0.0,0.0,0.0,1.0,0.0,1.0,0
1.0,1.271386838903842,0.0,1.0,0.0,-0.5064419972567069,1.9101133899930485,-1.87860547841369,-0.9622384441211944,0.0,0.748721861426324,1.0,1.0,0.0,0.0,0.0,1.0,-2.0005886812701847,1.0,0.0,0.0,0.0,0.0,0.0,0.0,1.0,1
1.0,-1.3622798876636077,1.0,0.0,0.0,1.5724342219973237,2.0419853938086225,-1.7471879284423968,-1.010025695703333,0.0,-1.2475035563456947,1.0,0.0,0.0,0.0,0.0,0.0,0.5793156974750526,0.0,0.0,0.0,0.0,0.0,0.0,1.0,1.0,0
0.0,-1.1228556397938396,1.0,0.0,1.0,-0.5064419972567069,-0.7773626059242654,0.4956571039992069,1.2824848992564244,1.0,-0.5965604853330798,1.0,1.0,0.0,1.0,0.0,1.0,0.5793156974750526,1.0,0.0,0.0,0.0,0.0,0.0,0.0,1.0,0
0.0,-1.601704135533376,1.0,0.0,0.0,-0.5064419972567069,-0.2667598485085384,0.38516690875967113,1.0879292769735003,0.0,1.139287704033893,1.0,1.0,1.0,1.0,1.0,1.0,0.5793156974750526,0.0,1.0,0.0,0.0,0.0,1.0,0.0,0.0,0
0.0,0.014409537587559178,0.0,0.0,0.0,-0.5064419972567069,1.6688248344636056,-0.28900635445525286,-1.0178798380425755,0.0,-0.46637187113055684,1.0,1.0,0.0,0.0,0.0,1.0,0.5793156974750526,0.0,0.0,1.0,0.0,0.0,1.0,0.0,0.0,0
1.0,-1.481992011598492,1.0,0.0,1.0,0.5329961123703084,-0.5435199800702188,1.3556560867097056,-1.0051050282136869,1.0,-1.2041073516115204,1.0,0.0,0.0,0.0,0.0,0.0,-0.2806524287733598,1.0,0.0,0.0,0.0,0.0,0.0,1.0,0.0,0
0.0,0.014409537587559178,0.0,0.0,0.0,-0.5064419972567069,1.2448459567116736,-1.6111534327976824,-0.7535359028055383,0.0,0.748721861426324,1.0,1.0,1.0,0.0,0.0,1.0,-0.2806524287733598,1.0,0.0,0.0,0.0,0.0,1.0,0.0,0.0,0
0.0,0.37354590939221144,0.0,0.0,0.0,-0.5064419972567069,-0.6951690847428686,0.920045624553288,-0.9794607803349552,0.0,-1.160711146877346,0.0,1.0,0.0,0.0,0.0,1.0,-0.2806524287733598,0.0,0.0,0.0,1.0,0.0,1.0,0.0,1.0,0
1.0,1.6305232107084944,0.0,1.0,1.0,-0.5064419972567069,-0.997440673645818,0.7147929307926336,0.7809553281963573,1.0,0.1411749951478836,1.0,1.0,0.0,0.0,1.0,1.0,-0.2806524287733598,1.0,0.0,0.0,0.0,0.0,0.0,0.0,0.0,1
1.0,-1.42213594963105,1.0,0.0,0.0,-0.5064419972567069,0.1674536951105483,0.21274772542661047,-0.637427075694085,0.0,-0.5097680758647312,1.0,1.0,0.0,0.0,0.0,1.0,-0.2806524287733598,0.0,0.0,1.0,0.0,0.0,0.0,0.0,1.0,0
1.0,-1.481992011598492,1.0,0.0,0.0,-0.5064419972567069,0.7717765073626565,-0.7602411638913218,0.007180365449533184,0.0,-0.9437301232064743,1.0,0.0,0.0,0.0,0.0,0.0,-2.0005886812701847,0.0,0.0,0.0,1.0,0.0,0.0,1.0,1.0,1
1.0,0.9122504670991899,0.0,0.0,1.0,0.5329961123703084,-0.8764276373764015,0.6349267373537283,0.2781009620429241,1.0,0.7921180661604984,1.0,0.0,0.0,0.0,0.0,0.0,1.439283823723465,1.0,0.0,0.0,0.0,0.0,0.0,1.0,0.0,0
0.0,1.9896595825131467,0.0,1.0,0.0,-0.5064419972567069,1.722143594310248,-2.09525312812939,-0.8968976575519536,0.0,-1.421088375282392,1.0,1.0,0.0,1.0,1.0,1.0,0.5793156974750526,1.0,0.0,0.0,0.0,0.0,0.0,0.0,0.0,0
1.0,-0.7637192679891874,0.0,0.0,1.0,0.5329961123703084,-0.915074903426042,0.7561982643107128,0.14131586865286241,1.0,1.4864573419072875,1.0,0.0,0.0,0.0,0.0,0.0,0.5793156974750526,0.0,0.0,0.0,0.0,0.0,0.0,1.0,0.0,0
1.0,-0.8834313919240715,0.0,0.0,0.0,-0.5064419972567069,-1.3190243718703194,1.179945478330762,0.29712123445482475,0.0,-0.075806028522988,1.0,1.0,0.0,0.0,0.0,1.0,-2.0005886812701847,1.0,0.0,0.0,0.0,0.0,0.0,0.0,1.0,1
0.0,-1.601704135533376,1.0,0.0,0.0,2.611872331624339,-0.9188134353716711,1.2836941116456433,-0.19873064334795848,0.0,1.4864573419072875,1.0,1.0,1.0,1.0,0.0,1.0,-0.2806524287733598,0.0,0.0,0.0,0.0,0.0,1.0,0.0,0.0,0
1.0,-1.42213594963105,1.0,0.0,1.0,-0.5064419972567069,-0.5302709560314598,0.24255879045533146,-0.9649826625288815,1.0,-1.3342959658140432,1.0,1.0,0.0,1.0,1.0,1.0,-2.0005886812701847,0.0,0.0,0.0,0.0,0.0,0.0,0.0,1.0,1
1.0,0.49325803332709556,0.0,0.0,0.0,-0.5064419972567069,-0.8478440011769335,1.1256900228084705,0.057948405991745625,0.0,-0.6833528948014285,1.0,1.0,1.0,1.0,1.0,1.0,-0.2806524287733598,0.0,0.0,0.0,1.0,0.0,1.0,0.0,0.0,0
0.0,-0.16515864831476695,0.0,0.0,0.0,-0.5064419972567069,0.4388401418834115,-0.9457840625916718,0.719446984575783,0.0,-0.2927870521938596,1.0,1.0,0.0,0.0,1.0,1.0,1.439283823723465,1.0,0.0,0.0,0.0,0.0,0.0,0.0,0.0,0
1.0,0.49325803332709556,0.0,0.0,1.0,-0.5064419972567069,0.4319974881827983,0.09774577724009567,-1.021712280991242,1.0,-1.421088375282392,0.0,1.0,0.0,0.0,0.0,1.0,0.5793156974750526,1.0,0.0,0.0,0.0,0.0,1.0,0.0,1.0,0
1.0,1.271386838903842,0.0,1.0,1.0,-0.5064419972567069,1.311037703963999,-0.6624419174515036,-1.0247876981722708,1.0,-0.24939084745968526,1.0,1.0,0.0,0.0,1.0,1.0,-0.2806524287733598,0.0,0.0,1.0,0.0,0.0,0.0,0.0,0.0,0
0.0,0.49325803332709556,0.0,0.0,1.0,2.611872331624339,0.6426479536066848,-1.143598523300776,0.3805360112264189,1.0,-1.160711146877346,1.0,0.0,0.0,0.0,0.0,0.0,0.5793156974750526,1.0,0.0,0.0,0.0,0.0,0.0,1.0,1.0,0
1.0,1.6305232107084944,0.0,1.0,1.0,-0.5064419972567069,1.1108669347294684,-1.7653908838335322,-1.0094579263776045,1.0,1.5298535466414618,1.0,1.0,1.0,1.0,0.0,1.0,-0.2806524287733598,0.0,0.0,0.0,0.0,0.0,0.0,0.0,0.0,0
0.0,0.19397772348988532,0.0,0.0,1.0,1.5724342219973237,-0.9711791647407202,0.8994684508714091,-0.7563747494341801,1.0,-0.6399566900672541,1.0,0.0,0.0,0.0,0.0,0.0,-0.2806524287733598,0.0,0.0,0.0,1.0,0.0,0.0,1.0,0.0,0
1.0,-0.5841510820868613,0.0,0.0,1.0,-0.5064419972567069,1.2134299155501553,-1.452249207954827,-0.9262797201583972,1.0,1.4430611371731132,1.0,1.0,1.0,0.0,1.0,1.0,-0.2806524287733598,1.0,0.0,0.0,0.0,0.0,1.0,0.0,0.0,0
1.0,1.9896595825131467,0.0,1.0,0.0,-0.5064419972567069,-0.8491128215582202,0.8788926613043552,0.15205617173122424,0.0,-1.4644845800165662,0.0,1.0,0.0,0.0,0.0,1.0,-0.2806524287733598,1.0,0.0,0.0,0.0,0.0,1.0,0.0,1.0,1
1.0,1.031962591034074,0.0,0.0,0.0,-0.5064419972567069,-0.9159689001956497,0.6263433799730652,0.8238692263993271,0.0,-1.3342959658140432,1.0,0.0,0.0,0.0,0.0,0.0,1.439283823723465,0.0,0.0,0.0,0.0,0.0,0.0,1.0,1.0,0
0.0,-0.8235753299566294,0.0,0.0,0.0,-0.5064419972567069,1.8026675937088779,-1.16941780118385,0.9252160510418426,0.0,0.6619294519579755,1.0,1.0,0.0,1.0,1.0,1.0,0.5793156974750526,0.0,1.0,0.0,0.0,0.0,0.0,0.0,1.0,0
0.0,-1.601704135533376,1.0,0.0,0.0,0.5329961123703084,-0.8822772308933142,-0.018812377377560304,0.18214794599482825,0.0,-1.4644845800165662,1.0,1.0,1.0,1.0,1.0,1.0,0.5793156974750526,0.0,0.0,0.0,0.0,1.0,0.0,0.0,1.0,0
1.0,0.49325803332709556,0.0,0.0,0.0,-0.5064419972567069,-0.9435473459974517,0.7167666785283076,1.3941461999830052,0.0,-0.03240982378881367,1.0,1.0,0.0,0.0,1.0,0.0,-0.2806524287733598,0.0,0.0,1.0,0.0,0.0,1.0,0.0,0.0,0
0.0,1.3910989628387262,0.0,1.0,1.0,0.5329961123703084,0.6690048868616822,-1.128148110918291,-0.18723331450195882,1.0,-0.11920223325716231,1.0,1.0,0.0,1.0,1.0,0.0,-0.2806524287733598,1.0,0.0,0.0,0.0,0.0,0.0,0.0,1.0,0
0.0,-0.3447268342170931,0.0,0.0,1.0,-0.5064419972567069,-0.7223601723785527,0.47517082052394993,-0.968152707930865,1.0,-1.4644845800165662,1.0,0.0,0.0,0.0,0.0,0.0,-2.0005886812701847,0.0,0.0,0.0,0.0,0.0,0.0,1.0,1.0,1
1.0,-1.0629995778263976,1.0,0.0,1.0,1.5724342219973237,1.3390423246166208,-0.6865462770705546,-1.0157980171815715,1.0,0.6185332472238011,1.0,1.0,1.0,0.0,0.0,1.0,-0.2806524287733598,1.0,0.0,0.0,0.0,0.0,0.0,0.0,1.0,0
0.0,1.4509550248061682,0.0,1.0,1.0,-0.5064419972567069,0.47512161186839014,-0.16943728872890168,-0.9905322821866586,1.0,0.27136360935040654,1.0,1.0,0.0,0.0,0.0,1.0,-0.2806524287733598,1.0,0.0,0.0,0.0,0.0,0.0,0.0,0.0,0
0.0,0.49325803332709556,0.0,0.0,1.0,2.611872331624339,-0.8674197404821031,0.9939776563801626,1.3036343066398064,1.0,-0.5097680758647312,1.0,1.0,0.0,0.0,0.0,0.0,0.5793156974750526,1.0,0.0,0.0,0.0,1.0,0.0,0.0,1.0,0
1.0,1.6305232107084944,0.0,1.0,0.0,-0.5064419972567069,-0.03155419094470225,0.2910978517641995,-0.7680140206116118,0.0,0.1411749951478836,1.0,1.0,0.0,1.0,0.0,1.0,-0.2806524287733598,1.0,0.0,0.0,0.0,0.0,0.0,0.0,0.0,0
1.0,0.9721065290666319,0.0,0.0,0.0,-0.5064419972567069,-0.877079029866602,0.7146965041267195,1.3015997998892797,0.0,0.18457119988205792,1.0,1.0,0.0,1.0,1.0,0.0,-1.1406205550217723,1.0,0.0,0.0,0.0,0.0,0.0,0.0,1.0,1
0.0,0.7925383431643057,0.0,0.0,0.0,2.611872331624339,-0.8416814481395859,2.489042199391448,-0.9631847263307417,0.0,-1.2041073516115204,1.0,0.0,0.0,0.0,0.0,0.0,0.5793156974750526,1.0,0.0,0.0,0.0,0.0,0.0,1.0,0.0,0
0.0,-0.28487077224965107,0.0,0.0,0.0,-0.5064419972567069,2.317406754088453,-2.0010050589503177,-0.9416094919530633,0.0,-1.160711146877346,0.0,1.0,0.0,0.0,1.0,1.0,-2.0005886812701847,1.0,0.0,0.0,0.0,0.0,1.0,0.0,1.0,1
1.0,-0.7637192679891874,0.0,0.0,1.0,1.5724342219973237,-0.5189134366911259,-0.3850791483408705,-0.7662633985239494,1.0,1.269476318236416,1.0,1.0,0.0,0.0,0.0,1.0,-0.2806524287733598,0.0,0.0,0.0,0.0,1.0,0.0,0.0,0.0,0
0.0,-1.2425677637287238,1.0,0.0,0.0,-0.5064419972567069,0.7488261425309655,-0.40241103413758295,-0.8354366280418567,0.0,-1.421088375282392,1.0,0.0,0.0,0.0,0.0,0.0,1.439283823723465,1.0,0.0,0.0,0.0,0.0,0.0,1.0,1.0,0
1.0,-0.7038632060217453,0.0,0.0,0.0,-0.5064419972567069,-1.2687717257748858,1.2577917868732635,1.294502683317675,0.0,-0.9003339184723,1.0,0.0,0.0,0.0,0.0,0.0,-0.2806524287733598,0.0,0.0,0.0,1.0,0.0,0.0,1.0,0.0,0
1.0,-1.661560197500818,1.0,0.0,1.0,-0.5064419972567069,0.4660041387078948,-0.9690344233657633,0.19449692882942046,1.0,-0.9003339184723,1.0,1.0,1.0,1.0,1.0,1.0,-0.2806524287733598,0.0,0.0,0.0,1.0,0.0,0.0,0.0,1.0,0
1.0,0.13412166152244326,0.0,0.0,1.0,-0.5064419972567069,1.0012005006078113,-0.7141335309524853,0.932786308718221,0.0,-0.7267490995356027,1.0,0.0,0.0,0.0,0.0,0.0,-0.2806524287733598,0.0,0.0,0.0,1.0,0.0,0.0,1.0,1.0,0
0.0,-0.9432874538915136,0.0,0.0,1.0,-0.5064419972567069,-1.3174599786086236,1.2111457332688071,1.1971775580657356,1.0,1.3128725229705902,1.0,1.0,1.0,0.0,1.0,1.0,-2.0005886812701847,0.0,0.0,0.0,0.0,0.0,0.0,0.0,0.0,1
1.0,-1.481992011598492,1.0,0.0,0.0,-0.5064419972567069,-0.6951690847428686,0.920045624553288,-0.9794607803349552,0.0,-1.1173149421431716,0.0,1.0,0.0,0.0,0.0,1.0,1.439283823723465,0.0,0.0,0.0,1.0,0.0,1.0,0.0,1.0,0
1.0,0.7326822811968637,0.0,0.0,1.0,-0.5064419972567069,-1.3080263112039705,1.2671853127962063,1.2324265703713724,1.0,-0.075806028522988,0.0,1.0,1.0,0.0,0.0,0.0,0.5793156974750526,0.0,0.0,1.0,0.0,0.0,1.0,0.0,0.0,0
1.0,-0.7038632060217453,0.0,0.0,0.0,-0.5064419972567069,-0.9934672198896334,1.0479087676625798,-0.41320550614185314,0.0,-1.421088375282392,1.0,0.0,0.0,0.0,0.0,0.0,0.5793156974750526,0.0,0.0,0.0,0.0,0.0,0.0,1.0,1.0,0
0.0,0.014409537587559178,0.0,0.0,1.0,0.5329961123703084,0.7272901606482072,-1.2853854001442708,0.30667868477125243,1.0,1.5298535466414618,1.0,1.0,1.0,1.0,1.0,1.0,-0.2806524287733598,1.0,0.0,0.0,0.0,0.0,0.0,0.0,0.0,0
0.0,0.13412166152244326,0.0,0.0,0.0,-0.5064419972567069,-1.241827285823261,1.1321930556121929,0.6463466838882544,0.0,1.4864573419072875,1.0,0.0,0.0,0.0,0.0,0.0,-0.2806524287733598,1.0,0.0,0.0,0.0,0.0,0.0,1.0,0.0,0
0.0,0.19397772348988532,0.0,0.0,0.0,-0.5064419972567069,-1.04064526108408,0.8477251637504184,1.899555528102216,0.0,-1.421088375282392,1.0,1.0,0.0,1.0,0.0,1.0,-2.0005886812701847,0.0,0.0,0.0,0.0,0.0,0.0,0.0,1.0,1
1.0,-1.2425677637287238,1.0,0.0,0.0,-0.5064419972567069,-1.000181293322162,1.497520012611608,-0.1437043328627832,0.0,-0.11920223325716231,1.0,1.0,0.0,0.0,0.0,0.0,1.439283823723465,1.0,0.0,0.0,0.0,0.0,0.0,0.0,1.0,0
0.0,-0.40458289618453513,0.0,0.0,1.0,-0.5064419972567069,-0.9068061409029982,0.7816281445572955,0.48387002850898364,1.0,1.4864573419072875,1.0,1.0,0.0,1.0,1.0,0.0,0.5793156974750526,0.0,0.0,0.0,0.0,0.0,0.0,0.0,1.0,0
0.0,0.7326822811968637,0.0,0.0,1.0,-0.5064419972567069,1.38208153680442,-0.21514814208553013,-0.9509776858275816,1.0,-0.9437301232064743,1.0,1.0,0.0,1.0,1.0,0.0,1.439283823723465,1.0,0.0,0.0,0.0,0.0,0.0,0.0,1.0,0
1.0,-1.541848073565934,1.0,0.0,1.0,-0.5064419972567069,-0.4061097248962998,0.5395856788371582,-0.9692409324718444,1.0,-1.421088375282392,1.0,1.0,0.0,0.0,1.0,1.0,-0.2806524287733598,0.0,0.0,0.0,0.0,0.0,0.0,0.0,1.0,1
1.0,0.7925383431643057,0.0,0.0,0.0,-0.5064419972567069,0.5241054375825369,-1.2652174630779964,-0.8922135606146945,0.0,1.4430611371731132,1.0,1.0,1.0,1.0,1.0,1.0,0.5793156974750526,0.0,0.0,0.0,0.0,0.0,0.0,0.0,0.0,0
0.0,0.07426559955500123,0.0,0.0,1.0,2.611872331624339,0.6114223568044982,-1.2108775765515811,0.5325562481901921,1.0,1.3996649324389387,1.0,1.0,1.0,0.0,1.0,1.0,-0.2806524287733598,1.0,0.0,0.0,0.0,1.0,0.0,0.0,0.0,0
0.0,-1.1827117017612818,1.0,0.0,0.0,-0.5064419972567069,-0.8269339383350394,0.6524196418413594,0.3465171657931936,0.0,-1.3776921705482175,1.0,1.0,1.0,0.0,1.0,1.0,0.5793156974750526,0.0,0.0,0.0,0.0,1.0,0.0,0.0,1.0,0
1.0,1.5706671487410524,0.0,1.0,1.0,-0.5064419972567069,-0.9836065689532284,0.8200654745261539,0.44980386896528096,0.0,1.269476318236416,1.0,1.0,0.0,0.0,0.0,1.0,0.5793156974750526,0.0,0.0,0.0,0.0,0.0,0.0,0.0,0.0,0
0.0,-0.6440071440543034,0.0,0.0,0.0,-0.5064419972567069,0.6642385214523092,-1.0681591904331196,-0.18439446787331693,0.0,1.5298535466414618,0.0,1.0,1.0,1.0,1.0,1.0,-0.2806524287733598,1.0,0.0,0.0,0.0,1.0,0.0,0.0,0.0,0
1.0,-1.42213594963105,1.0,0.0,1.0,-0.5064419972567069,-0.8381442777458658,0.8813120940125967,0.14439128583389113,1.0,-1.2475035563456947,1.0,1.0,1.0,0.0,1.0,1.0,-0.2806524287733598,0.0,0.0,0.0,0.0,0.0,1.0,0.0,0.0,0
1.0,-0.40458289618453513,0.0,0.0,1.0,0.5329961123703084,1.722143594310248,-2.09525312812939,-0.8968976575519536,1.0,-0.3361832569280339,1.0,0.0,0.0,0.0,0.0,0.0,-0.2806524287733598,0.0,0.0,1.0,0.0,0.0,0.0,1.0,0.0,0
0.0,-0.8235753299566294,0.0,0.0,1.0,-0.5064419972567069,1.613940063993403,-1.8916166191088144,-0.996162661333465,1.0,0.9657028850971957,1.0,1.0,0.0,1.0,1.0,1.0,-0.2806524287733598,0.0,1.0,0.0,0.0,0.0,0.0,0.0,0.0,1
0.0,-0.40458289618453513,0.0,0.0,0.0,-0.5064419972567069,-0.26803230795401856,0.6990246333727789,-0.9456311913436394,0.0,-0.5531642805989055,1.0,0.0,0.0,0.0,0.0,0.0,-0.2806524287733598,1.0,0.0,0.0,0.0,0.0,0.0,1.0,0.0,0
1.0,1.3312429008712843,0.0,1.0,1.0,0.5329961123703084,-1.419827662984389,1.2479618034099005,2.125196520968769,1.0,-0.5531642805989055,1.0,1.0,0.0,1.0,1.0,1.0,1.439283823723465,1.0,0.0,0.0,0.0,0.0,0.0,0.0,0.0,0
1.0,0.9122504670991899,0.0,0.0,0.0,1.5724342219973237,0.6071957859168025,-1.2242762693967726,0.8618624571126511,0.0,-1.0739187374089973,1.0,1.0,0.0,1.0,1.0,1.0,-0.2806524287733598,1.0,0.0,0.0,0.0,0.0,0.0,0.0,1.0,0
1.0,0.7326822811968637,0.0,0.0,1.0,-0.5064419972567069,1.6939594464908694,-0.8395089583556695,-1.031317045418147,1.0,0.748721861426324,1.0,1.0,1.0,0.0,1.0,1.0,-2.0005886812701847,1.0,0.0,0.0,0.0,0.0,0.0,0.0,0.0,1
0.0,0.6129701572619797,0.0,0.0,1.0,-0.5064419972567069,-0.9085791738449809,1.4329372150333706,-0.9990961361830616,1.0,-0.9003339184723,1.0,1.0,1.0,0.0,0.0,1.0,-0.2806524287733598,0.0,0.0,0.0,1.0,1.0,0.0,0.0,0.0,0
1.0,-0.7637192679891874,0.0,0.0,0.0,-0.5064419972567069,-0.6306816325533594,0.5424821697872706,-0.9060765949845624,0.0,-1.160711146877346,1.0,1.0,0.0,1.0,1.0,1.0,-0.2806524287733598,1.0,0.0,0.0,0.0,0.0,0.0,0.0,1.0,1
0.0,0.43340197135965347,0.0,0.0,1.0,-0.5064419972567069,-0.2667598485085384,0.38516690875967113,1.0879292769735003,1.0,0.7921180661604984,1.0,0.0,0.0,0.0,0.0,0.0,0.5793156974750526,1.0,0.0,0.0,0.0,0.0,0.0,1.0,0.0,0
0.0,0.5531140952945376,0.0,0.0,1.0,1.5724342219973237,-0.8236333071137364,0.6907162534700112,-0.5704776093686138,1.0,1.5298535466414618,1.0,1.0,1.0,1.0,1.0,0.0,0.5793156974750526,1.0,0.0,0.0,0.0,0.0,0.0,0.0,0.0,0
0.0,-1.1827117017612818,1.0,0.0,0.0,-0.5064419972567069,1.9440379594036135,-0.41957682615569697,-1.03377737916297,0.0,-0.9871263279406487,1.0,0.0,0.0,0.0,0.0,0.0,1.439283823723465,1.0,0.0,0.0,0.0,0.0,0.0,1.0,1.0,0
0.0,-0.9432874538915136,0.0,0.0,0.0,-0.5064419972567069,0.22850223163949246,-0.9222997864127219,-0.6311342990005955,0.0,-0.6833528948014285,1.0,0.0,0.0,0.0,0.0,0.0,1.439283823723465,1.0,0.0,0.0,0.0,0.0,0.0,1.0,0.0,0
1.0,-1.541848073565934,1.0,0.0,1.0,0.5329961123703084,-1.3823133589195666,1.5117542494374645,-0.9612921619116471,1.0,-0.16259843799133664,1.0,1.0,0.0,1.0,1.0,1.0,-0.2806524287733598,0.0,0.0,1.0,0.0,0.0,0.0,0.0,1.0,0
0.0,0.5531140952945376,0.0,0.0,1.0,-0.5064419972567069,-0.9836065689532284,0.8200654745261539,0.44980386896528096,1.0,0.4015522235529295,1.0,0.0,0.0,0.0,0.0,0.0,1.439283823723465,1.0,0.0,0.0,0.0,0.0,0.0,1.0,0.0,0
0.0,-0.16515864831476695,0.0,0.0,0.0,-0.5064419972567069,0.26646292757841855,-0.8626568946329551,-0.8775935004771888,0.0,-1.3776921705482175,1.0,1.0,0.0,0.0,1.0,1.0,-0.2806524287733598,0.0,0.0,0.0,0.0,0.0,0.0,0.0,1.0,1
0.0,-1.601704135533376,1.0,0.0,0.0,-0.5064419972567069,0.7392913900098931,-0.5861651951167515,-0.8882391753345958,0.0,1.3562687277047645,1.0,0.0,0.0,0.0,0.0,0.0,-0.2806524287733598,1.0,0.0,0.0,0.0,0.0,0.0,1.0,0.0,0
0.0,-0.8235753299566294,0.0,0.0,1.0,1.5724342219973237,1.5611522031781895,-0.5526262475017141,-1.0287620834523694,1.0,-1.030522532674823,1.0,1.0,0.0,1.0,0.0,1.0,0.5793156974750526,1.0,0.0,0.0,0.0,0.0,1.0,0.0,1.0,0
0.0,-0.6440071440543034,0.0,0.0,1.0,2.611872331624339,0.7641094034525343,-0.14698463946368723,-1.0048684576613,1.0,-0.8569377137381258,1.0,1.0,1.0,1.0,0.0,1.0,-0.2806524287733598,1.0,0.0,0.0,0.0,0.0,1.0,0.0,0.0,0
1.0,0.6129701572619797,0.0,0.0,1.0,-0.5064419972567069,-0.9257996299375956,0.8064476301675368,0.7554057085385804,1.0,1.4864573419072875,1.0,1.0,1.0,1.0,1.0,1.0,-0.2806524287733598,0.0,0.0,0.0,0.0,0.0,0.0,0.0,0.0,0
0.0,-0.04544652437988287,0.0,0.0,1.0,0.5329961123703084,0.8894399872144263,-1.0448004073313306,0.5035526984675675,1.0,0.31475981408458087,1.0,1.0,0.0,1.0,1.0,1.0,1.439283823723465,1.0,0.0,0.0,0.0,0.0,0.0,0.0,1.0,0
1.0,0.07426559955500123,0.0,0.0,0.0,-0.5064419972567069,-0.7122573215032082,1.6703618123368744,-0.369865780944587,0.0,-1.4644845800165662,1.0,1.0,0.0,0.0,1.0,1.0,-2.0005886812701847,0.0,0.0,0.0,0.0,0.0,0.0,0.0,1.0,1
1.0,-1.601704135533376,1.0,0.0,1.0,1.5724342219973237,-0.9197668701897321,0.7231539070586157,3.517603478207138,1.0,0.9223066803630213,1.0,1.0,1.0,0.0,1.0,1.0,-0.2806524287733598,1.0,0.0,0.0,0.0,0.0,0.0,0.0,0.0,0
0.0,1.091818653001516,0.0,1.0,1.0,-0.5064419972567069,0.5909380644729589,-1.2555281979548267,1.9595498201875148,1.0,-0.7701453042697771,0.0,1.0,0.0,1.0,0.0,1.0,1.439283823723465,1.0,0.0,0.0,0.0,0.0,1.0,0.0,1.0,0
1.0,0.7326822811968637,0.0,0.0,0.0,-0.5064419972567069,1.0994997112179596,-0.4731360719226985,-0.9083476722874759,0.0,-1.2475035563456947,1.0,0.0,0.0,0.0,0.0,0.0,1.439283823723465,0.0,0.0,0.0,0.0,0.0,0.0,1.0,1.0,0
0.0,0.37354590939221144,0.0,0.0,1.0,2.611872331624339,-0.8672559825935047,0.8052757462852075,1.9275181673943387,1.0,-1.3342959658140432,1.0,0.0,0.0,0.0,0.0,0.0,0.5793156974750526,0.0,0.0,0.0,0.0,0.0,0.0,1.0,0.0,0
0.0,0.2538337854573274,0.0,0.0,0.0,-0.5064419972567069,0.9183179832729035,-0.7032022534626959,-1.0091740417147403,0.0,-1.3776921705482175,1.0,1.0,0.0,1.0,1.0,1.0,0.5793156974750526,1.0,0.0,0.0,0.0,1.0,0.0,0.0,1.0,0
1.0,-0.16515864831476695,0.0,0.0,0.0,-0.5064419972567069,0.16132348931045346,-0.9995163227113757,-0.30622830235253135,0.0,-1.3776921705482175,1.0,0.0,0.0,0.0,0.0,0.0,-0.2806524287733598,1.0,0.0,0.0,0.0,0.0,0.0,1.0,1.0,0
1.0,-1.0629995778263976,1.0,0.0,0.0,0.5329961123703084,1.7011902670385268,-0.964453926049312,-1.0088901570518762,0.0,-0.7701453042697771,1.0,0.0,0.0,0.0,0.0,0.0,0.5793156974750526,0.0,0.0,0.0,1.0,0.0,0.0,1.0,0.0,0
0.0,-1.3024238256961658,1.0,0.0,1.0,2.611872331624339,-0.8491128215582202,0.8788926613043552,0.15205617173122424,1.0,1.5298535466414618,0.0,1.0,1.0,1.0,0.0,1.0,0.5793156974750526,0.0,0.0,0.0,0.0,0.0,1.0,0.0,0.0,0
1.0,-0.8235753299566294,0.0,0.0,0.0,-0.5064419972567069,0.12386781461315545,-0.5500042726579043,-0.9987176232992427,0.0,1.269476318236416,1.0,1.0,1.0,1.0,1.0,1.0,-0.2806524287733598,0.0,0.0,0.0,0.0,0.0,0.0,0.0,1.0,0
1.0,-0.28487077224965107,0.0,0.0,0.0,-0.5064419972567069,-0.9086495290860088,0.8027068291762183,0.20552111657064648,0.0,-1.421088375282392,1.0,1.0,0.0,0.0,0.0,1.0,-2.0005886812701847,0.0,0.0,0.0,0.0,0.0,0.0,0.0,1.0,1
0.0,-1.541848073565934,1.0,0.0,0.0,-0.5064419972567069,0.7219023239430927,-1.339685608712461,-1.0112558625757444,0.0,1.0958914992997186,0.0,1.0,1.0,1.0,0.0,1.0,0.5793156974750526,1.0,0.0,0.0,0.0,0.0,1.0,0.0,0.0,0
0.0,0.6728262192294217,0.0,0.0,1.0,2.611872331624339,0.6308286774545498,-1.2268876326936236,0.3348305805052845,1.0,0.31475981408458087,1.0,1.0,0.0,0.0,0.0,0.0,0.5793156974750526,1.0,0.0,0.0,0.0,0.0,1.0,0.0,1.0,0
1.0,0.43340197135965347,0.0,0.0,0.0,-0.5064419972567069,-0.7773626059242654,0.4956571039992069,1.2824848992564244,0.0,0.4883446330212782,1.0,0.0,0.0,0.0,0.0,0.0,-0.2806524287733598,0.0,1.0,0.0,0.0,0.0,0.0,1.0,0.0,0
1.0,1.091818653001516,0.0,1.0,1.0,-0.5064419972567069,0.7379882006890246,-0.7326732876168977,0.420753005132179,1.0,-0.3361832569280339,1.0,1.0,0.0,1.0,1.0,1.0,-2.0005886812701847,1.0,0.0,0.0,0.0,0.0,0.0,0.0,1.0,1
1.0,1.6903792726759364,0.0,1.0,1.0,-0.5064419972567069,-1.286840892504949,1.9169921573191795,-0.9241978992973932,1.0,0.7921180661604984,1.0,1.0,0.0,0.0,0.0,1.0,-0.2806524287733598,1.0,0.0,0.0,0.0,1.0,0.0,0.0,0.0,0
1.0,-0.5841510820868613,0.0,0.0,1.0,-0.5064419972567069,-0.8742251948598705,0.965345395807888,1.5297957547216101,1.0,1.0958914992997186,1.0,1.0,1.0,1.0,1.0,1.0,0.5793156974750526,0.0,1.0,0.0,0.0,0.0,0.0,0.0,0.0,0
0.0,1.031962591034074,0.0,0.0,0.0,-0.5064419972567069,-0.7125904980469218,0.5473201124605479,-0.19281637953828787,0.0,-0.8569377137381258,1.0,1.0,1.0,0.0,0.0,1.0,0.5793156974750526,1.0,0.0,0.0,0.0,0.0,1.0,0.0,1.0,0
0.0,1.091818653001516,0.0,1.0,0.0,-0.5064419972567069,0.3722950010640852,0.04748579983630624,-1.0289986540047562,0.0,-1.3776921705482175,1.0,0.0,0.0,0.0,0.0,0.0,1.439283823723465,0.0,0.0,0.0,0.0,0.0,0.0,1.0,0.0,0
0.0,0.5531140952945376,0.0,0.0,0.0,-0.5064419972567069,-0.6420909074732983,-0.2206292367792702,-0.8174572660604581,0.0,-0.9871263279406487,1.0,1.0,0.0,0.0,1.0,1.0,-1.1406205550217723,1.0,0.0,0.0,0.0,0.0,0.0,0.0,1.0,1
1.0,-0.8235753299566294,0.0,0.0,1.0,-0.5064419972567069,-1.2946333419594298,1.218740371295209,-0.08872533648808528,1.0,-0.5531642805989055,1.0,0.0,0.0,0.0,0.0,0.0,-0.2806524287733598,0.0,0.0,1.0,0.0,0.0,0.0,1.0,0.0,0
0.0,1.8699474585782625,0.0,1.0,0.0,-0.5064419972567069,1.4424430988821848,-0.31632139908893103,-0.836761423135223,0.0,1.1826839087680672,1.0,1.0,1.0,0.0,1.0,1.0,-0.2806524287733598,0.0,1.0,0.0,0.0,0.0,0.0,0.0,1.0,0
0.0,-0.5841510820868613,0.0,0.0,0.0,-0.5064419972567069,-0.8165941439468073,0.49601374425159,0.08117963423613175,0.0,1.3996649324389387,0.0,1.0,0.0,1.0,0.0,0.0,1.439283823723465,1.0,0.0,0.0,0.0,0.0,1.0,0.0,0.0,0
0.0,0.5531140952945376,0.0,0.0,0.0,1.5724342219973237,-1.426797683931687,1.9971808495115282,0.2783375325953109,0.0,-0.5097680758647312,0.0,1.0,1.0,0.0,0.0,1.0,-0.2806524287733598,1.0,0.0,0.0,0.0,0.0,1.0,0.0,0.0,0
0.0,0.7326822811968637,0.0,0.0,1.0,-0.5064419972567069,0.9653003236819636,-0.3813900209695609,-0.8972288563252951,1.0,0.05438258567953497,1.0,1.0,1.0,1.0,1.0,1.0,-0.2806524287733598,0.0,0.0,1.0,0.0,0.0,0.0,0.0,0.0,0
0.0,0.7326822811968637,0.0,0.0,0.0,-0.5064419972567069,0.7399165003698279,-1.1388496253476894,-0.8861100403631145,0.0,-0.5097680758647312,1.0,1.0,1.0,1.0,1.0,1.0,-0.2806524287733598,1.0,0.0,0.0,0.0,1.0,0.0,0.0,1.0,0
0.0,-0.46443895815197717,0.0,0.0,0.0,2.611872331624339,2.0993184457984864,-1.3551503236147662,-1.0186368638102132,0.0,0.4883446330212782,1.0,1.0,1.0,1.0,0.0,1.0,0.5793156974750526,1.0,0.0,0.0,0.0,1.0,0.0,0.0,0.0,0
0.0,1.271386838903842,0.0,1.0,1.0,-0.5064419972567069,0.3618755516041153,-1.1428852427960163,-0.9966358024382387,1.0,-0.42297566639638257,0.0,1.0,0.0,0.0,0.0,0.0,-2.0005886812701847,0.0,0.0,1.0,0.0,0.0,1.0,0.0,1.0,1
0.0,-1.42213594963105,1.0,0.0,0.0,-0.5064419972567069,0.8459818783041858,-0.8277093795010935,-1.0041114318936624,0.0,-1.160711146877346,1.0,1.0,0.0,0.0,0.0,1.0,-0.2806524287733598,1.0,0.0,0.0,0.0,0.0,0.0,0.0,1.0,0
0.0,0.6129701572619797,0.0,0.0,1.0,0.5329961123703084,1.4258853568128098,-0.37872467719467073,-1.0330203533953322,1.0,-0.5531642805989055,1.0,1.0,1.0,0.0,1.0,1.0,0.5793156974750526,1.0,0.0,0.0,0.0,1.0,0.0,0.0,0.0,0
0.0,-0.8235753299566294,0.0,0.0,1.0,-0.5064419972567069,0.5394351976576587,-0.5503286168977786,0.518551271488892,0.0,0.1411749951478836,1.0,1.0,0.0,0.0,0.0,1.0,1.439283823723465,0.0,1.0,0.0,0.0,0.0,1.0,0.0,0.0,0
0.0,1.091818653001516,0.0,1.0,1.0,-0.5064419972567069,1.0271838232725263,-0.7052202928726623,0.41129018303670606,1.0,-1.290899761079869,1.0,1.0,0.0,1.0,1.0,1.0,-2.0005886812701847,1.0,0.0,0.0,0.0,0.0,0.0,0.0,1.0,1
0.0,-0.8235753299566294,0.0,0.0,0.0,-0.5064419972567069,-0.8816137081891424,0.8160017134097858,0.4201852358064506,0.0,1.139287704033893,1.0,1.0,0.0,0.0,1.0,0.0,-0.2806524287733598,1.0,0.0,0.0,0.0,0.0,0.0,0.0,0.0,0
0.0,1.8100913966108205,0.0,1.0,0.0,-0.5064419972567069,0.5475883188075215,-1.2434665600273576,0.8026251907949904,0.0,-0.20599464272551093,1.0,1.0,0.0,1.0,0.0,1.0,0.5793156974750526,0.0,0.0,1.0,0.0,0.0,0.0,0.0,0.0,0
1.0,0.9721065290666319,0.0,0.0,0.0,-0.5064419972567069,-1.015652572560266,1.1811155167266605,-0.17791243473791796,0.0,-1.2041073516115204,1.0,1.0,0.0,0.0,0.0,1.0,-0.2806524287733598,0.0,0.0,0.0,0.0,0.0,0.0,0.0,1.0,0
0.0,0.2538337854573274,0.0,0.0,0.0,-0.5064419972567069,-0.9204659748548825,0.9386010678523388,2.1212221356886705,0.0,0.05438258567953497,1.0,1.0,1.0,1.0,0.0,0.0,-0.2806524287733598,1.0,0.0,0.0,0.0,0.0,1.0,0.0,1.0,0
1.0,0.2538337854573274,0.0,0.0,0.0,-0.5064419972567069,-1.3190243718703194,1.179945478330762,0.29712123445482475,0.0,-0.9437301232064743,1.0,1.0,1.0,0.0,1.0,1.0,-2.0005886812701847,0.0,0.0,0.0,1.0,0.0,1.0,0.0,1.0,1
1.0,0.19397772348988532,0.0,0.0,0.0,-0.5064419972567069,1.7297383212770163,-1.9240833391086722,-0.9864632686856052,0.0,-0.6399566900672541,1.0,0.0,0.0,0.0,0.0,0.0,1.439283823723465,0.0,0.0,0.0,1.0,0.0,0.0,1.0,0.0,0
1.0,-1.3024238256961658,1.0,0.0,1.0,-0.5064419972567069,1.9819760122764616,-1.1887691105053535,-1.026396377928501,1.0,0.22796740461623224,1.0,1.0,0.0,0.0,1.0,1.0,-2.0005886812701847,1.0,0.0,0.0,0.0,0.0,0.0,0.0,1.0,1
0.0,-0.6440071440543034,0.0,0.0,1.0,-0.5064419972567069,-0.9927931843333548,0.8436217246758315,1.0205539836537327,1.0,1.4430611371731132,1.0,0.0,0.0,0.0,0.0,0.0,0.5793156974750526,0.0,0.0,0.0,0.0,0.0,0.0,1.0,0.0,0
0.0,-0.5841510820868613,0.0,0.0,1.0,1.5724342219973237,-1.0323041216176791,0.8260923718312304,1.6368675867318867,1.0,1.00909908983137,1.0,1.0,1.0,1.0,0.0,1.0,-0.2806524287733598,1.0,0.0,0.0,0.0,0.0,1.0,0.0,0.0,0
0.0,1.271386838903842,0.0,1.0,1.0,-0.5064419972567069,1.1181624497516343,-0.7313011684570302,-0.9795080944454326,1.0,-0.5531642805989055,0.0,1.0,0.0,1.0,0.0,1.0,0.5793156974750526,1.0,0.0,0.0,0.0,1.0,0.0,0.0,0.0,0
0.0,-1.1228556397938396,1.0,0.0,0.0,-0.5064419972567069,0.9963949141732691,-0.4852876773135774,-0.8277717421445236,0.0,-1.421088375282392,1.0,1.0,0.0,0.0,1.0,1.0,-2.0005886812701847,0.0,0.0,0.0,0.0,0.0,0.0,0.0,1.0,1
0.0,0.9122504670991899,0.0,0.0,0.0,-0.5064419972567069,0.6658077667995922,-1.1655229020757232,-0.29728593547230936,0.0,0.010986380945360646,1.0,1.0,0.0,0.0,0.0,1.0,-0.2806524287733598,1.0,0.0,0.0,0.0,0.0,0.0,0.0,1.0,0
0.0,1.6903792726759364,0.0,1.0,0.0,-0.5064419972567069,-1.3381585713869724,1.316404435854113,0.9631146535342118,0.0,1.5298535466414618,1.0,1.0,1.0,1.0,0.0,1.0,-0.2806524287733598,1.0,0.0,0.0,0.0,0.0,0.0,0.0,0.0,0
0.0,1.8100913966108205,0.0,1.0,1.0,-0.5064419972567069,1.5105376723659774,-1.0420317163164226,-1.0164131006177772,1.0,1.5298535466414618,1.0,1.0,1.0,0.0,0.0,1.0,0.5793156974750526,1.0,0.0,0.0,0.0,0.0,0.0,0.0,0.0,0
0.0,-1.1827117017612818,1.0,0.0,1.0,-0.5064419972567069,-0.7123737715573215,0.059490689056093386,-0.43435491352523525,1.0,0.7053256566921497,1.0,1.0,1.0,1.0,1.0,1.0,-2.0005886812701847,0.0,1.0,0.0,0.0,0.0,0.0,0.0,1.0,1
0.0,0.7925383431643057,0.0,0.0,0.0,-0.5064419972567069,1.8268398754278352,-2.0064506280303,0.07800958883414831,0.0,-1.290899761079869,1.0,1.0,0.0,0.0,1.0,1.0,-2.0005886812701847,1.0,0.0,0.0,0.0,0.0,0.0,0.0,1.0,1
1.0,-0.6440071440543034,0.0,0.0,0.0,-0.5064419972567069,-0.727875376330352,0.023071859868814028,0.4639507879980131,0.0,-0.42297566639638257,1.0,0.0,0.0,0.0,0.0,0.0,1.439283823723465,1.0,0.0,0.0,0.0,0.0,0.0,1.0,0.0,0
0.0,-0.28487077224965107,0.0,0.0,0.0,-0.5064419972567069,1.0884608121645774,-1.776083632202396,-0.973215317751943,0.0,1.1826839087680672,1.0,0.0,0.0,0.0,0.0,0.0,-0.2806524287733598,1.0,0.0,0.0,0.0,0.0,0.0,1.0,0.0,0
0.0,1.1516747149689581,0.0,1.0,1.0,-0.5064419972567069,0.5926395291525169,-0.9928928719181657,0.31448551300001765,1.0,-0.8135415090039514,1.0,1.0,0.0,0.0,0.0,1.0,-0.2806524287733598,0.0,0.0,0.0,1.0,0.0,0.0,0.0,1.0,1
1.0,0.43340197135965347,0.0,0.0,1.0,-0.5064419972567069,0.7834554773732003,-0.5025332866197417,-0.5041432264793483,1.0,0.8355142708946727,1.0,1.0,1.0,1.0,1.0,1.0,0.5793156974750526,0.0,1.0,0.0,0.0,0.0,0.0,0.0,0.0,0
1.0,1.5108110867736102,0.0,1.0,0.0,-0.5064419972567069,0.03328988953553074,0.34223720345134695,-0.40634496012263527,0.0,0.1411749951478836,0.0,1.0,1.0,0.0,1.0,0.0,-2.0005886812701847,1.0,0.0,0.0,0.0,1.0,0.0,0.0,1.0,1
1.0,0.07426559955500123,0.0,0.0,1.0,2.611872331624339,1.4300274205431802,-1.6603314937825457,-1.0328784110639,1.0,-0.7701453042697771,1.0,0.0,0.0,0.0,0.0,0.0,-0.2806524287733598,0.0,0.0,0.0,1.0,0.0,0.0,1.0,0.0,0
1.0,-0.46443895815197717,0.0,0.0,1.0,1.5724342219973237,-1.0849739150169149,1.6797585678610663,-0.23199246301354592,1.0,-0.8135415090039514,1.0,0.0,0.0,0.0,0.0,0.0,0.5793156974750526,1.0,0.0,0.0,0.0,0.0,0.0,1.0,1.0,0
0.0,-0.225014710282209,0.0,0.0,0.0,-0.5064419972567069,-1.2687717257748858,1.2577917868732635,1.294502683317675,0.0,-0.6833528948014285,1.0,0.0,0.0,0.0,0.0,0.0,0.5793156974750526,1.0,0.0,0.0,0.0,0.0,0.0,1.0,0.0,0
0.0,1.6903792726759364,0.0,1.0,1.0,-0.5064419972567069,-0.7271495851944685,0.07319434853365243,-1.0099310674823783,1.0,0.5317408377554524,1.0,1.0,0.0,0.0,0.0,1.0,-1.1406205550217723,0.0,1.0,0.0,0.0,0.0,0.0,0.0,1.0,1
1.0,0.9122504670991899,0.0,0.0,1.0,-0.5064419972567069,-0.24724718631601558,0.5968751140485063,-0.7739282844212825,1.0,1.5298535466414618,1.0,1.0,1.0,1.0,1.0,1.0,-0.2806524287733598,0.0,0.0,0.0,0.0,1.0,0.0,0.0,0.0,0
0.0,-0.5242950201194192,0.0,0.0,1.0,-0.5064419972567069,-0.885632852417948,0.7015206537678217,-0.8946738943595175,1.0,1.5298535466414618,1.0,1.0,0.0,1.0,1.0,0.0,0.5793156974750526,1.0,0.0,0.0,0.0,0.0,0.0,0.0,0.0,0
0.0,0.7925383431643057,0.0,0.0,0.0,-0.5064419972567069,-0.8297558304449798,1.6048830310974285,-0.6519998217211134,0.0,-1.1173149421431716,1.0,0.0,0.0,0.0,0.0,0.0,0.5793156974750526,0.0,0.0,0.0,1.0,0.0,0.0,1.0,0.0,0
0.0,-0.7038632060217453,0.0,0.0,0.0,-0.5064419972567069,-1.081822081086981,1.737575812191069,-0.6223338744518057,0.0,0.18457119988205792,1.0,1.0,0.0,0.0,0.0,1.0,1.439283823723465,0.0,1.0,0.0,0.0,0.0,0.0,0.0,1.0,0
1.0,-0.5242950201194192,0.0,0.0,1.0,-0.5064419972567069,-1.3474373763932725,1.203189379902349,2.4750370538384043,1.0,0.5317408377554524,1.0,1.0,0.0,1.0,1.0,1.0,-1.1406205550217723,1.0,0.0,0.0,0.0,0.0,0.0,0.0,0.0,1
1.0,-1.42213594963105,1.0,0.0,1.0,-0.5064419972567069,-1.3865140520174613,1.8779928767327334,-0.9599673668182809,1.0,-0.6399566900672541,1.0,1.0,0.0,0.0,1.0,1.0,-2.0005886812701847,1.0,0.0,0.0,0.0,1.0,0.0,0.0,1.0,1
1.0,0.9122504670991899,0.0,0.0,1.0,0.5329961123703084,0.7224307969317311,-0.9950949985994123,2.691924936266645,1.0,1.5298535466414618,1.0,0.0,0.0,0.0,0.0,0.0,1.439283823723465,0.0,0.0,0.0,0.0,0.0,0.0,1.0,0.0,0
0.0,0.9122504670991899,0.0,0.0,1.0,-0.5064419972567069,0.19303267730958693,0.3395529434405562,-1.010167638034765,1.0,-1.2475035563456947,1.0,1.0,0.0,0.0,1.0,0.0,0.5793156974750526,0.0,0.0,0.0,0.0,0.0,0.0,0.0,1.0,0
1.0,-0.28487077224965107,0.0,0.0,1.0,0.5329961123703084,-0.8491128215582202,0.8788926613043552,0.15205617173122424,1.0,1.0524952945655444,1.0,1.0,1.0,1.0,1.0,1.0,-0.2806524287733598,0.0,1.0,0.0,0.0,0.0,0.0,0.0,0.0,0
0.0,1.3312429008712843,0.0,1.0,1.0,-0.5064419972567069,-0.9858919012652203,0.7201854421377821,1.9500396839815644,1.0,-0.20599464272551093,1.0,1.0,0.0,0.0,1.0,1.0,-2.0005886812701847,1.0,0.0,0.0,0.0,0.0,0.0,0.0,1.0,1
1.0,-1.3024238256961658,1.0,0.0,0.0,-0.5064419972567069,0.5096987867905525,-0.21703330647261915,-1.0311277889762376,0.0,-0.9871263279406487,1.0,1.0,0.0,0.0,0.0,0.0,1.439283823723465,0.0,0.0,0.0,1.0,0.0,1.0,0.0,1.0,0
1.0,-0.28487077224965107,0.0,0.0,1.0,-0.5064419972567069,0.8955253112228269,-0.7132135559676964,0.7860179380174354,1.0,-0.2927870521938596,1.0,0.0,0.0,0.0,0.0,0.0,-2.0005886812701847,1.0,0.0,0.0,0.0,0.0,0.0,1.0,1.0,1
0.0,0.43340197135965347,0.0,0.0,1.0,0.5329961123703084,0.6956315152072847,-0.1974610001512593,-0.8489211495279056,1.0,0.44494842828710385,1.0,1.0,0.0,0.0,0.0,1.0,-0.2806524287733598,1.0,0.0,0.0,0.0,0.0,0.0,0.0,1.0,0
0.0,1.8699474585782625,0.0,1.0,1.0,-0.5064419972567069,1.5526784400390463,-1.0756721656850405,-0.8594721961643581,1.0,-1.421088375282392,0.0,1.0,0.0,1.0,0.0,1.0,0.5793156974750526,0.0,0.0,0.0,0.0,0.0,1.0,0.0,0.0,0
1.0,-0.8235753299566294,0.0,0.0,0.0,-0.5064419972567069,-1.4555822773425964,1.46089172071465,-0.9943647251353251,0.0,1.269476318236416,1.0,1.0,0.0,0.0,0.0,1.0,1.439283823723465,1.0,0.0,0.0,0.0,0.0,0.0,0.0,0.0,0
0.0,-0.10530258634732491,0.0,0.0,1.0,1.5724342219973237,1.4267878447321953,-1.1728776268663748,-0.3886967969145782,1.0,0.6619294519579755,1.0,1.0,0.0,1.0,0.0,1.0,-0.2806524287733598,1.0,0.0,0.0,0.0,1.0,0.0,0.0,0.0,0
0.0,1.8699474585782625,0.0,1.0,0.0,-0.5064419972567069,1.613940063993403,-1.8916166191088144,-0.996162661333465,0.0,0.878910475628847,1.0,1.0,0.0,1.0,0.0,1.0,0.5793156974750526,0.0,1.0,0.0,0.0,0.0,1.0,0.0,0.0,0
1.0,-1.3024238256961658,1.0,0.0,0.0,-0.5064419972567069,1.6688248344636056,-0.28900635445525286,-1.0178798380425755,0.0,0.4883446330212782,1.0,0.0,0.0,0.0,0.0,0.0,1.439283823723465,1.0,0.0,0.0,0.0,0.0,0.0,1.0,0.0,0
1.0,0.07426559955500123,0.0,0.0,0.0,-0.5064419972567069,0.4721359618698512,-0.9863017171374645,0.21138806626983972,0.0,-0.5097680758647312,1.0,1.0,1.0,1.0,0.0,1.0,-2.0005886812701847,1.0,0.0,0.0,0.0,0.0,1.0,0.0,0.0,1
0.0,0.6129701572619797,0.0,0.0,0.0,-0.5064419972567069,-0.32898582447353064,0.9165890284720186,-1.0316482441914887,0.0,-0.46637187113055684,1.0,0.0,0.0,0.0,0.0,0.0,1.439283823723465,0.0,0.0,1.0,0.0,0.0,0.0,1.0,1.0,0
0.0,-0.6440071440543034,0.0,0.0,1.0,2.611872331624339,-1.4322793276248367,1.5940500257599706,-0.9657870024069968,1.0,-0.6399566900672541,1.0,1.0,0.0,1.0,1.0,1.0,0.5793156974750526,1.0,0.0,0.0,0.0,0.0,0.0,0.0,0.0,0
0.0,-0.9432874538915136,0.0,0.0,1.0,-0.5064419972567069,0.6330658932511273,-0.46881163584824875,0.16383738524008806,1.0,0.878910475628847,1.0,1.0,0.0,1.0,1.0,1.0,-0.2806524287733598,1.0,0.0,0.0,0.0,0.0,0.0,0.0,0.0,0
1.0,0.3136898474247694,0.0,0.0,0.0,-0.5064419972567069,0.7443529239592075,-1.4167019097335831,-0.9479968968675077,0.0,-0.9871263279406487,1.0,1.0,1.0,0.0,0.0,0.0,0.5793156974750526,1.0,0.0,0.0,0.0,0.0,1.0,0.0,0.0,0
0.0,-0.225014710282209,0.0,0.0,1.0,-0.5064419972567069,1.0628996209460266,-1.7283279798825781,-0.9465301594427094,1.0,0.9657028850971957,1.0,1.0,1.0,1.0,1.0,1.0,-2.0005886812701847,0.0,1.0,0.0,0.0,0.0,0.0,0.0,0.0,1
1.0,1.3910989628387262,0.0,1.0,0.0,-0.5064419972567069,0.670880217941481,-1.1562318006495929,-0.5570877161035196,0.0,-0.8135415090039514,1.0,1.0,0.0,1.0,0.0,0.0,0.5793156974750526,1.0,0.0,0.0,0.0,0.0,0.0,0.0,0.0,0
1.0,0.2538337854573274,0.0,0.0,0.0,-0.5064419972567069,0.680531016176202,-0.7751107094203185,1.312292788857164,0.0,-0.37957946166220824,1.0,1.0,1.0,0.0,0.0,0.0,-0.2806524287733598,0.0,0.0,1.0,0.0,1.0,0.0,0.0,1.0,0
1.0,1.091818653001516,0.0,1.0,1.0,0.5329961123703084,-0.879931247511472,0.6957659657110042,-0.8704490697951067,1.0,1.3562687277047645,0.0,1.0,0.0,1.0,1.0,1.0,0.5793156974750526,1.0,0.0,0.0,0.0,0.0,1.0,0.0,0.0,0
1.0,-0.8834313919240715,0.0,0.0,1.0,2.611872331624339,-1.010644411552421,0.8548994922426446,3.2772951110926023,1.0,1.00909908983137,1.0,0.0,0.0,0.0,0.0,0.0,0.5793156974750526,1.0,0.0,0.0,0.0,0.0,0.0,1.0,0.0,0
0.0,1.271386838903842,0.0,1.0,1.0,-0.5064419972567069,1.3390423246166208,-0.6865462770705546,-1.0157980171815715,1.0,0.44494842828710385,1.0,1.0,0.0,1.0,0.0,1.0,-2.0005886812701847,1.0,0.0,0.0,0.0,0.0,0.0,0.0,1.0,1
0.0,0.3136898474247694,0.0,0.0,0.0,1.5724342219973237,-0.612582948969299,-0.12275940048354242,-0.9748713116186508,0.0,0.44494842828710385,1.0,1.0,1.0,0.0,0.0,1.0,-0.2806524287733598,0.0,1.0,0.0,0.0,1.0,0.0,0.0,1.0,0
0.0,0.49325803332709556,0.0,0.0,1.0,1.5724342219973237,0.5741057752273916,-1.0507917790226493,2.4164148709569493,1.0,1.0958914992997186,1.0,0.0,0.0,0.0,0.0,0.0,1.439283823723465,0.0,1.0,0.0,0.0,0.0,0.0,1.0,0.0,0
1.0,-0.8235753299566294,0.0,0.0,0.0,-0.5064419972567069,0.6506073956734871,-1.1331240037021255,0.6905853771845906,0.0,-0.5965604853330798,1.0,0.0,0.0,0.0,0.0,0.0,0.5793156974750526,0.0,0.0,0.0,1.0,0.0,0.0,1.0,1.0,0
0.0,-0.5242950201194192,0.0,0.0,1.0,-0.5064419972567069,-0.9897226228370231,0.7456453115388368,-0.13660721629117847,1.0,-0.9003339184723,1.0,1.0,1.0,1.0,0.0,1.0,0.5793156974750526,1.0,0.0,0.0,0.0,0.0,1.0,0.0,0.0,0
1.0,-1.3024238256961658,1.0,0.0,0.0,-0.5064419972567069,-1.4813132915567297,1.2549040619836924,0.31070038416182844,0.0,-1.030522532674823,1.0,1.0,0.0,0.0,1.0,1.0,-1.1406205550217723,0.0,0.0,0.0,1.0,0.0,0.0,0.0,1.0,1
1.0,-0.3447268342170931,0.0,0.0,1.0,-0.5064419972567069,1.396371737542291,-0.3214301668956429,-1.0219488515436288,1.0,1.3562687277047645,1.0,0.0,0.0,0.0,0.0,0.0,0.5793156974750526,0.0,0.0,0.0,0.0,0.0,0.0,1.0,0.0,0
0.0,-1.1827117017612818,1.0,0.0,0.0,-0.5064419972567069,0.706114850460828,-0.6920739702966239,0.5780251083589396,0.0,-1.421088375282392,1.0,1.0,1.0,0.0,0.0,1.0,-0.2806524287733598,0.0,0.0,0.0,0.0,0.0,0.0,0.0,1.0,0
0.0,-1.1228556397938396,1.0,0.0,1.0,0.5329961123703084,-1.220699283470367,1.6460364557179672,-0.9017236968206448,1.0,0.44494842828710385,1.0,1.0,0.0,0.0,1.0,1.0,1.439283823723465,0.0,1.0,0.0,0.0,0.0,1.0,0.0,1.0,0
0.0,-1.601704135533376,1.0,0.0,0.0,2.611872331624339,-1.4602325970383179,1.2459599120061853,2.328079426695709,0.0,1.5298535466414618,0.0,1.0,1.0,1.0,1.0,1.0,-0.2806524287733598,1.0,0.0,0.0,0.0,1.0,0.0,0.0,0.0,0
0.0,0.9721065290666319,0.0,0.0,0.0,-0.5064419972567069,-0.6493229410423557,0.6937446966997823,0.5736248960845447,0.0,-1.1173149421431716,1.0,0.0,0.0,0.0,0.0,0.0,0.5793156974750526,0.0,0.0,0.0,1.0,0.0,0.0,1.0,1.0,0
1.0,1.091818653001516,0.0,1.0,1.0,-0.5064419972567069,-0.3939580808813806,0.39422455615255564,-0.31025000174310735,1.0,-0.7267490995356027,1.0,1.0,0.0,0.0,1.0,1.0,1.439283823723465,1.0,0.0,0.0,0.0,0.0,0.0,0.0,0.0,0
1.0,-0.16515864831476695,0.0,0.0,1.0,1.5724342219973237,-0.8535233673577989,0.6449671062699821,1.3209039569640446,1.0,-0.9003339184723,1.0,0.0,0.0,0.0,0.0,0.0,-0.2806524287733598,0.0,0.0,0.0,1.0,0.0,0.0,1.0,0.0,0
0.0,1.6903792726759364,0.0,1.0,1.0,-0.5064419972567069,-1.1094555171921139,1.1720980086636075,-0.8919296759518304,1.0,1.5298535466414618,1.0,1.0,1.0,1.0,0.0,1.0,-0.2806524287733598,1.0,0.0,0.0,0.0,0.0,0.0,0.0,0.0,0
0.0,-1.0031435158589557,0.0,0.0,1.0,-0.5064419972567069,0.31857190075176606,0.11735176368878254,-0.9750132539500829,1.0,1.4430611371731132,1.0,1.0,1.0,0.0,0.0,1.0,-0.2806524287733598,1.0,0.0,0.0,0.0,0.0,0.0,0.0,0.0,0
1.0,1.031962591034074,0.0,0.0,0.0,-0.5064419972567069,0.03211366312088237,0.2579007805101188,-0.6282008241509989,0.0,-0.8569377137381258,1.0,0.0,0.0,0.0,0.0,0.0,1.439283823723465,0.0,0.0,0.0,1.0,0.0,0.0,1.0,1.0,0
1.0,-0.10530258634732491,0.0,0.0,0.0,-0.5064419972567069,1.2961535270820521,-1.0516005634500978,-1.0137635104310447,0.0,-0.3361832569280339,1.0,1.0,1.0,1.0,1.0,1.0,-2.0005886812701847,1.0,0.0,0.0,0.0,0.0,1.0,0.0,1.0,1
0.0,-0.225014710282209,0.0,0.0,1.0,-0.5064419972567069,2.0993184457984864,-1.3551503236147662,-1.0186368638102132,1.0,1.5298535466414618,1.0,1.0,0.0,1.0,1.0,1.0,-0.2806524287733598,1.0,0.0,0.0,0.0,1.0,0.0,0.0,0.0,0
1.0,1.3910989628387262,0.0,1.0,1.0,-0.5064419972567069,0.35167646769794186,-1.062168741485013,-0.6242264388709002,1.0,1.00909908983137,1.0,1.0,0.0,0.0,0.0,0.0,-0.2806524287733598,0.0,1.0,0.0,0.0,0.0,0.0,0.0,0.0,0
1.0,1.9298035205457047,0.0,1.0,0.0,-0.5064419972567069,0.7443529239592075,-1.4167019097335831,-0.9479968968675077,0.0,-1.2041073516115204,1.0,1.0,0.0,0.0,0.0,1.0,-1.1406205550217723,1.0,0.0,0.0,0.0,0.0,0.0,0.0,1.0,1
0.0,-0.6440071440543034,0.0,0.0,0.0,-0.5064419972567069,0.7170421515456843,-1.298766099496774,-0.2399885476842206,0.0,-1.4644845800165662,0.0,1.0,0.0,0.0,0.0,1.0,-1.1406205550217723,1.0,0.0,0.0,0.0,0.0,1.0,0.0,1.0,1
1.0,1.6305232107084944,0.0,1.0,0.0,-0.5064419972567069,-0.7770330684447394,0.3439009094669671,-0.8968503434414763,0.0,-1.2475035563456947,1.0,1.0,0.0,0.0,1.0,1.0,0.5793156974750526,0.0,0.0,0.0,0.0,0.0,0.0,0.0,0.0,0
1.0,0.7326822811968637,0.0,0.0,1.0,-0.5064419972567069,-1.2858138677221371,2.107618448387843,0.0696823053901321,1.0,1.3128725229705902,1.0,1.0,1.0,1.0,1.0,1.0,-2.0005886812701847,1.0,0.0,0.0,0.0,0.0,0.0,0.0,0.0,1
0.0,1.1516747149689581,0.0,1.0,0.0,-0.5064419972567069,-0.463204620351879,0.5111550376572332,0.18375662575105867,0.0,-0.7701453042697771,1.0,1.0,1.0,0.0,1.0,1.0,-0.2806524287733598,1.0,0.0,0.0,0.0,0.0,0.0,0.0,1.0,0
1.0,0.19397772348988532,0.0,0.0,1.0,-0.5064419972567069,2.1646186223239976,-1.972361725459465,-0.979697350887342,1.0,1.4430611371731132,1.0,1.0,0.0,1.0,1.0,0.0,0.5793156974750526,1.0,0.0,0.0,0.0,0.0,0.0,0.0,0.0,0
0.0,-1.1827117017612818,1.0,0.0,1.0,-0.5064419972567069,0.6419763440931998,-1.1706778070431583,-0.04103271312690156,1.0,-1.0739187374089973,1.0,1.0,0.0,0.0,1.0,1.0,-2.0005886812701847,1.0,0.0,0.0,0.0,0.0,1.0,0.0,0.0,1
1.0,-0.04544652437988287,0.0,0.0,1.0,0.5329961123703084,1.370096885401825,-0.9310220166471541,-0.8704490697951067,1.0,-1.160711146877346,1.0,0.0,0.0,0.0,0.0,0.0,-0.2806524287733598,0.0,0.0,0.0,1.0,0.0,0.0,1.0,1.0,0
1.0,-0.3447268342170931,0.0,0.0,1.0,-0.5064419972567069,-0.8829807833035901,1.0004783823258545,1.6256541425487512,1.0,1.1826839087680672,1.0,0.0,0.0,0.0,0.0,0.0,-0.2806524287733598,0.0,1.0,0.0,0.0,0.0,0.0,1.0,0.0,0
1.0,-0.225014710282209,0.0,0.0,1.0,2.611872331624339,-0.013701750704239337,0.17752292595881,1.617184916773303,1.0,0.4883446330212782,0.0,1.0,1.0,1.0,1.0,1.0,-0.2806524287733598,1.0,0.0,0.0,0.0,0.0,1.0,0.0,0.0,0
0.0,0.37354590939221144,0.0,0.0,1.0,-0.5064419972567069,0.6360806557631988,-1.1461849725308344,0.9441416952327886,1.0,-0.8135415090039514,1.0,1.0,0.0,1.0,1.0,1.0,-2.0005886812701847,1.0,0.0,0.0,0.0,0.0,1.0,0.0,1.0,1
1.0,-0.225014710282209,0.0,0.0,0.0,-0.5064419972567069,0.9753223064641733,-0.11771983841791538,-1.0310804748657603,0.0,0.4883446330212782,1.0,1.0,1.0,1.0,1.0,1.0,-0.2806524287733598,0.0,1.0,0.0,0.0,0.0,0.0,0.0,0.0,0
1.0,-0.225014710282209,0.0,0.0,1.0,1.5724342219973237,-0.29462375867910706,0.21831278975286184,-0.31909774040237454,1.0,1.5298535466414618,1.0,0.0,0.0,0.0,0.0,0.0,0.5793156974750526,1.0,0.0,0.0,0.0,0.0,0.0,1.0,0.0,0
1.0,-1.2425677637287238,1.0,0.0,0.0,-0.5064419972567069,0.708931890485184,-1.2602074287952223,0.8666884963813424,0.0,0.22796740461623224,1.0,1.0,1.0,1.0,1.0,1.0,-2.0005886812701847,0.0,1.0,0.0,0.0,0.0,0.0,0.0,1.0,1
0.0,-0.46443895815197717,0.0,0.0,1.0,0.5329961123703084,1.868295690352054,-1.9579420172475035,-0.11001668620289945,0.0,-0.42297566639638257,1.0,1.0,1.0,0.0,0.0,1.0,-0.2806524287733598,1.0,0.0,0.0,0.0,0.0,0.0,0.0,1.0,0
0.0,-0.16515864831476695,0.0,0.0,1.0,2.611872331624339,1.4172437923804129,-1.8489757324266065,-1.0225639349798346,1.0,0.5751370424896268,0.0,1.0,1.0,0.0,0.0,1.0,-0.2806524287733598,1.0,0.0,0.0,0.0,0.0,1.0,0.0,1.0,0
0.0,-0.7038632060217453,0.0,0.0,0.0,-0.5064419972567069,0.9596565394620767,-0.8212510997432698,-0.43364520186807476,0.0,-0.42297566639638257,1.0,1.0,0.0,0.0,0.0,1.0,-2.0005886812701847,1.0,0.0,0.0,0.0,0.0,0.0,0.0,1.0,1
1.0,-1.0031435158589557,0.0,0.0,1.0,2.611872331624339,-0.14817689843782747,0.6284956785207272,-0.948564666193236,1.0,0.05438258567953497,1.0,1.0,1.0,0.0,0.0,1.0,-0.2806524287733598,1.0,0.0,0.0,0.0,1.0,0.0,0.0,1.0,0
1.0,-1.1827117017612818,1.0,0.0,0.0,-0.5064419972567069,-0.9403077701864666,1.0281985112306629,1.0860367125544057,0.0,-1.030522532674823,0.0,1.0,0.0,0.0,0.0,1.0,-0.2806524287733598,0.0,0.0,0.0,1.0,0.0,1.0,0.0,1.0,0
1.0,-1.3622798876636077,1.0,0.0,1.0,-0.5064419972567069,0.34402068532085867,-1.0381146713711462,-0.34762814902022554,1.0,-1.2041073516115204,1.0,1.0,0.0,0.0,1.0,1.0,1.439283823723465,1.0,0.0,0.0,0.0,0.0,0.0,0.0,1.0,0
0.0,1.4509550248061682,0.0,1.0,1.0,-0.5064419972567069,-0.8547210238171256,0.9684564245553522,1.2730220771609513,1.0,-0.11920223325716231,1.0,1.0,1.0,0.0,0.0,1.0,-0.2806524287733598,1.0,0.0,0.0,0.0,0.0,0.0,0.0,0.0,0
1.0,0.7925383431643057,0.0,0.0,1.0,0.5329961123703084,-0.9006989825094489,0.5909183452277267,0.43054702600099354,1.0,1.0524952945655444,1.0,1.0,1.0,1.0,1.0,0.0,-0.2806524287733598,0.0,1.0,0.0,0.0,0.0,0.0,0.0,0.0,0
1.0,0.49325803332709556,0.0,0.0,0.0,-0.5064419972567069,-1.3016078106518507,1.2401309431206098,0.9846898879118902,0.0,0.44494842828710385,1.0,1.0,1.0,0.0,0.0,1.0,0.5793156974750526,1.0,0.0,0.0,0.0,1.0,0.0,0.0,0.0,0
0.0,0.7925383431643057,0.0,0.0,1.0,1.5724342219973237,-1.0273347772945385,0.8556339958413286,1.2436873286649852,1.0,0.27136360935040654,1.0,0.0,0.0,0.0,0.0,0.0,0.5793156974750526,1.0,0.0,0.0,0.0,0.0,0.0,1.0,0.0,0
1.0,1.1516747149689581,0.0,1.0,0.0,-0.5064419972567069,0.7623222185942542,-1.1476027674798126,0.7237525686292232,0.0,0.010986380945360646,1.0,1.0,0.0,0.0,0.0,1.0,-1.1406205550217723,1.0,0.0,0.0,0.0,0.0,0.0,0.0,1.0,1
1.0,-0.7038632060217453,0.0,0.0,1.0,-0.5064419972567069,-0.8734064054168811,0.6701861396920744,0.9982217235084165,1.0,-0.9437301232064743,1.0,0.0,0.0,0.0,0.0,0.0,0.5793156974750526,1.0,0.0,0.0,0.0,0.0,0.0,1.0,0.0,0
1.0,-0.7637192679891874,0.0,0.0,1.0,0.5329961123703084,0.367152599021636,-0.34437094732129314,-0.9989541938516295,1.0,0.18457119988205792,1.0,0.0,0.0,0.0,0.0,0.0,-0.2806524287733598,0.0,1.0,0.0,0.0,0.0,0.0,1.0,0.0,0
0.0,0.9721065290666319,0.0,0.0,1.0,0.5329961123703084,-0.9833801382924506,1.125441804883785,0.7047796103277999,1.0,-0.7267490995356027,1.0,1.0,0.0,1.0,0.0,1.0,-0.2806524287733598,1.0,0.0,0.0,0.0,1.0,0.0,0.0,1.0,0
0.0,-0.8235753299566294,0.0,0.0,1.0,-0.5064419972567069,1.2142204011605502,-1.4881416121382764,-1.0258286086027728,1.0,-1.4644845800165662,0.0,1.0,1.0,0.0,0.0,1.0,-0.2806524287733598,0.0,0.0,0.0,0.0,1.0,0.0,0.0,1.0,0
1.0,-0.04544652437988287,0.0,0.0,1.0,-0.5064419972567069,-0.8857573892813773,0.6656573159956322,1.193345115117069,0.0,1.4864573419072875,1.0,0.0,0.0,0.0,0.0,0.0,1.439283823723465,1.0,0.0,0.0,0.0,0.0,0.0,1.0,0.0,0
1.0,-0.5242950201194192,0.0,0.0,1.0,-0.5064419972567069,0.45760922195956005,-1.050679665722097,1.3318335164843158,1.0,1.4864573419072875,1.0,1.0,1.0,1.0,1.0,1.0,-0.2806524287733598,0.0,0.0,0.0,0.0,0.0,1.0,0.0,0.0,0
0.0,0.9122504670991899,0.0,0.0,1.0,-0.5064419972567069,0.9168744878104468,-0.7547070114627545,1.5594143878804405,1.0,1.5298535466414618,1.0,1.0,1.0,0.0,1.0,1.0,1.439283823723465,0.0,0.0,0.0,0.0,0.0,0.0,0.0,0.0,0
0.0,-0.3447268342170931,0.0,0.0,0.0,-0.5064419972567069,0.6175659058399582,-1.2377760026239386,0.28316357186400215,0.0,0.4883446330212782,1.0,0.0,0.0,0.0,0.0,0.0,1.439283823723465,1.0,0.0,0.0,0.0,0.0,0.0,1.0,0.0,0
1.0,-0.16515864831476695,0.0,0.0,0.0,-0.5064419972567069,-0.8547210238171256,0.9684564245553522,1.2730220771609513,0.0,-1.160711146877346,1.0,1.0,0.0,0.0,0.0,1.0,0.5793156974750526,0.0,0.0,0.0,1.0,0.0,1.0,0.0,1.0,0
1.0,0.19397772348988532,0.0,0.0,1.0,1.5724342219973237,-1.0465296278810419,1.0116352705315739,0.48954772176626743,1.0,-0.7701453042697771,1.0,0.0,0.0,0.0,0.0,0.0,-0.2806524287733598,0.0,0.0,0.0,1.0,0.0,0.0,1.0,0.0,0
0.0,-0.10530258634732491,0.0,0.0,0.0,1.5724342219973237,-0.11333245446785391,0.33050313936499426,-0.7595447948361636,0.0,0.09777879041370928,1.0,0.0,0.0,0.0,0.0,0.0,1.439283823723465,1.0,0.0,0.0,0.0,0.0,0.0,1.0,0.0,0
1.0,-0.5242950201194192,0.0,0.0,0.0,-0.5064419972567069,-1.4276662072519581,1.3017060591913945,-0.9138834232133276,0.0,1.4430611371731132,1.0,1.0,0.0,1.0,0.0,0.0,-0.2806524287733598,1.0,0.0,0.0,0.0,0.0,0.0,0.0,0.0,0
1.0,0.9122504670991899,0.0,0.0,1.0,-0.5064419972567069,1.9768012629967597,-0.7383546175881626,-0.9636578674355154,1.0,0.8355142708946727,1.0,1.0,1.0,0.0,0.0,1.0,-0.2806524287733598,0.0,1.0,0.0,0.0,0.0,1.0,0.0,0.0,0
0.0,1.9896595825131467,0.0,1.0,1.0,-0.5064419972567069,-1.241827285823261,1.1321930556121929,0.6463466838882544,1.0,-0.16259843799133664,0.0,1.0,0.0,1.0,0.0,1.0,-0.2806524287733598,1.0,0.0,0.0,0.0,0.0,1.0,0.0,0.0,0
1.0,-0.40458289618453513,0.0,0.0,0.0,-0.5064419972567069,0.1634644720762019,0.008624469360423792,-0.04311453398790561,0.0,0.22796740461623224,1.0,1.0,0.0,0.0,0.0,1.0,1.439283823723465,1.0,0.0,0.0,0.0,0.0,1.0,0.0,1.0,0
0.0,-1.3024238256961658,1.0,0.0,1.0,1.5724342219973237,1.6628976075772812,-0.784635726251314,-1.0334934945001057,1.0,0.7053256566921497,1.0,1.0,0.0,0.0,0.0,1.0,-0.2806524287733598,1.0,0.0,0.0,0.0,0.0,0.0,0.0,1.0,0
0.0,0.5531140952945376,0.0,0.0,1.0,-0.5064419972567069,-0.8529896379431084,1.0985770589387547,2.5531053361260563,1.0,-0.5531642805989055,1.0,1.0,1.0,0.0,0.0,0.0,-0.2806524287733598,0.0,0.0,1.0,0.0,1.0,0.0,0.0,1.0,0
0.0,0.9122504670991899,0.0,0.0,1.0,1.5724342219973237,-0.8232661659709029,1.1710963709043376,1.5005556344465987,1.0,1.5298535466414618,1.0,1.0,0.0,0.0,1.0,1.0,1.439283823723465,0.0,0.0,0.0,0.0,0.0,0.0,0.0,0.0,0
1.0,0.49325803332709556,0.0,0.0,1.0,-0.5064419972567069,0.414428490608773,0.13368662544229862,-0.8774515581457567,1.0,0.22796740461623224,1.0,0.0,0.0,0.0,0.0,0.0,0.5793156974750526,1.0,0.0,0.0,0.0,0.0,0.0,1.0,0.0,0
0.0,0.37354590939221144,0.0,0.0,0.0,-0.5064419972567069,0.48165413643182964,-1.1705629255129628,0.17259049567840057,0.0,-0.2927870521938596,1.0,1.0,1.0,0.0,1.0,1.0,-0.2806524287733598,0.0,0.0,1.0,0.0,0.0,0.0,0.0,1.0,0
1.0,-0.7637192679891874,0.0,0.0,0.0,-0.5064419972567069,0.6504173556546201,-1.0829175454047757,-0.2560280311360473,0.0,-1.1173149421431716,1.0,1.0,0.0,0.0,0.0,1.0,-0.2806524287733598,0.0,0.0,0.0,1.0,0.0,0.0,0.0,1.0,0
1.0,-0.3447268342170931,0.0,0.0,0.0,-0.5064419972567069,1.0449667169528936,-0.5923014374927378,-0.9816845435273913,0.0,-1.4644845800165662,1.0,0.0,0.0,0.0,0.0,0.0,-0.2806524287733598,0.0,0.0,0.0,0.0,0.0,0.0,1.0,1.0,1
0.0,-1.42213594963105,1.0,0.0,0.0,-0.5064419972567069,0.5703150833616929,-1.0892189588161418,0.25501167612997006,0.0,-0.7267490995356027,1.0,1.0,0.0,0.0,0.0,1.0,-0.2806524287733598,1.0,0.0,0.0,0.0,0.0,1.0,0.0,0.0,0
1.0,1.5706671487410524,0.0,1.0,1.0,-0.5064419972567069,-0.8268215316855811,0.8716855754280205,1.6963887377124116,1.0,0.44494842828710385,1.0,1.0,1.0,0.0,0.0,0.0,-2.0005886812701847,1.0,0.0,0.0,0.0,0.0,0.0,0.0,1.0,1
0.0,-1.42213594963105,1.0,0.0,1.0,1.5724342219973237,0.9700084640642771,-1.4525855478564913,-0.18652360284479835,1.0,1.139287704033893,1.0,0.0,0.0,0.0,0.0,0.0,0.5793156974750526,1.0,0.0,0.0,0.0,0.0,0.0,1.0,0.0,0
0.0,-1.1827117017612818,1.0,0.0,1.0,-0.5064419972567069,0.4251964815501536,-0.9647422833038224,0.7107885023584253,0.0,1.00909908983137,1.0,1.0,0.0,1.0,1.0,1.0,-0.2806524287733598,1.0,0.0,0.0,0.0,0.0,0.0,0.0,0.0,0
0.0,-0.40458289618453513,0.0,0.0,1.0,-0.5064419972567069,-0.9289983673615472,0.7471576876672982,0.9717258216410922,1.0,1.0958914992997186,1.0,0.0,0.0,0.0,0.0,0.0,1.439283823723465,0.0,1.0,0.0,0.0,0.0,0.0,1.0,0.0,0
1.0,0.43340197135965347,0.0,0.0,1.0,2.611872331624339,0.41894578229129026,-0.982639810690984,0.47336629598300867,1.0,-1.2475035563456947,1.0,0.0,0.0,0.0,0.0,0.0,-0.2806524287733598,1.0,0.0,0.0,0.0,0.0,0.0,1.0,1.0,0
1.0,-0.04544652437988287,0.0,0.0,0.0,-0.5064419972567069,-0.9789453320649325,0.673500171946713,0.12958196925447596,0.0,-1.0739187374089973,1.0,1.0,0.0,1.0,1.0,1.0,-2.0005886812701847,1.0,0.0,0.0,0.0,0.0,0.0,0.0,1.0,1
1.0,-1.0031435158589557,0.0,0.0,0.0,-0.5064419972567069,-0.7962630966517568,1.0916357231081748,1.298003927493,0.0,-1.290899761079869,1.0,1.0,0.0,0.0,1.0,1.0,0.5793156974750526,1.0,0.0,0.0,0.0,0.0,1.0,0.0,1.0,0
1.0,-1.1827117017612818,1.0,0.0,0.0,2.611872331624339,-0.885632852417948,0.7015206537678217,-0.8946738943595175,0.0,-0.37957946166220824,1.0,0.0,0.0,0.0,0.0,0.0,1.439283823723465,1.0,0.0,0.0,0.0,0.0,0.0,1.0,1.0,0
1.0,0.7925383431643057,0.0,0.0,1.0,-0.5064419972567069,-0.9369832828776887,0.8078866482104458,1.213453612069949,1.0,-0.6833528948014285,1.0,1.0,0.0,0.0,1.0,0.0,-0.2806524287733598,0.0,0.0,0.0,1.0,0.0,0.0,0.0,1.0,0
1.0,0.014409537587559178,0.0,0.0,0.0,-0.5064419972567069,-1.0966128553213574,1.2597946010201975,1.1473557997330703,0.0,-1.421088375282392,1.0,1.0,0.0,0.0,1.0,1.0,-1.1406205550217723,0.0,0.0,0.0,0.0,0.0,0.0,0.0,1.0,1
1.0,1.5108110867736102,0.0,1.0,1.0,-0.5064419972567069,-0.7476172995669138,0.5794352672957024,0.41734638917780875,1.0,1.4430611371731132,1.0,1.0,0.0,0.0,0.0,1.0,0.5793156974750526,1.0,0.0,0.0,0.0,0.0,0.0,0.0,0.0,0
1.0,1.8699474585782625,0.0,1.0,0.0,-0.5064419972567069,0.18132095572132287,-0.8495193381174513,1.7329625451114146,0.0,1.5298535466414618,1.0,1.0,1.0,1.0,1.0,1.0,0.5793156974750526,0.0,0.0,0.0,0.0,0.0,0.0,0.0,0.0,0
0.0,1.5108110867736102,0.0,1.0,1.0,-0.5064419972567069,1.1108669347294684,-1.7653908838335322,-1.0094579263776045,1.0,0.7921180661604984,1.0,1.0,0.0,1.0,0.0,1.0,1.439283823723465,0.0,1.0,0.0,0.0,0.0,0.0,0.0,0.0,0
1.0,-1.0629995778263976,1.0,0.0,0.0,-0.5064419972567069,-1.3174599786086236,1.2111457332688071,1.1971775580657356,0.0,0.3581560188187552,1.0,1.0,0.0,1.0,0.0,1.0,-2.0005886812701847,1.0,0.0,0.0,0.0,1.0,0.0,0.0,1.0,1
1.0,-0.5841510820868613,0.0,0.0,1.0,-0.5064419972567069,0.4414307512469869,-1.0158345750870346,0.37817030570255067,1.0,1.1826839087680672,1.0,1.0,1.0,1.0,1.0,1.0,0.5793156974750526,1.0,0.0,0.0,0.0,0.0,0.0,0.0,0.0,0
0.0,1.4509550248061682,0.0,1.0,0.0,-0.5064419972567069,-0.833839264807829,0.558953597536519,0.2603581706139123,0.0,0.4883446330212782,1.0,1.0,0.0,0.0,0.0,1.0,0.5793156974750526,1.0,0.0,0.0,0.0,0.0,0.0,0.0,0.0,0
0.0,0.5531140952945376,0.0,0.0,0.0,-0.5064419972567069,-0.9459038422314007,0.8602426368258211,0.5995057145156633,0.0,0.6619294519579755,1.0,1.0,1.0,0.0,0.0,0.0,0.5793156974750526,1.0,0.0,0.0,0.0,1.0,0.0,0.0,0.0,0
1.0,1.3312429008712843,0.0,1.0,1.0,-0.5064419972567069,0.12177899176747949,-0.1651894403412533,-1.029992250324781,1.0,-0.5531642805989055,1.0,1.0,0.0,0.0,1.0,1.0,-1.1406205550217723,1.0,0.0,0.0,0.0,0.0,0.0,0.0,1.0,1
1.0,1.031962591034074,0.0,0.0,1.0,-0.5064419972567069,-0.8967222940295384,0.7094700865601693,-0.8648660047587776,1.0,1.3996649324389387,1.0,1.0,1.0,1.0,0.0,0.0,-0.2806524287733598,1.0,0.0,0.0,0.0,1.0,0.0,0.0,0.0,0
0.0,0.43340197135965347,0.0,0.0,0.0,-0.5064419972567069,1.1932161269901504,-0.4975380162284006,-1.0179271521530528,0.0,0.31475981408458087,1.0,1.0,0.0,1.0,1.0,0.0,1.439283823723465,0.0,1.0,0.0,0.0,1.0,0.0,0.0,0.0,0
1.0,-0.7038632060217453,0.0,0.0,1.0,-0.5064419972567069,-1.052194842145607,1.1565045710828858,-0.12080430339173863,1.0,0.6185332472238011,1.0,1.0,0.0,0.0,1.0,1.0,1.439283823723465,0.0,1.0,0.0,0.0,0.0,1.0,0.0,0.0,0
0.0,-1.0629995778263976,1.0,0.0,1.0,0.5329961123703084,0.21516223099595655,0.03658451150098886,1.5509451621049923,1.0,0.5751370424896268,1.0,1.0,1.0,0.0,1.0,0.0,-0.2806524287733598,1.0,0.0,0.0,0.0,1.0,0.0,0.0,0.0,0
1.0,1.091818653001516,0.0,1.0,0.0,-0.5064419972567069,0.6339364382737246,-1.100977936969287,0.12286336556669014,0.0,-1.421088375282392,1.0,0.0,0.0,0.0,0.0,0.0,1.439283823723465,1.0,0.0,0.0,0.0,0.0,0.0,1.0,0.0,0
1.0,0.8523944051317478,0.0,0.0,0.0,-0.5064419972567069,1.3768615013925618,-0.8271704974638608,-0.19584448260883922,0.0,-1.3342959658140432,1.0,0.0,0.0,0.0,0.0,0.0,1.439283823723465,0.0,0.0,0.0,0.0,0.0,0.0,1.0,0.0,0
1.0,-1.0031435158589557,0.0,0.0,0.0,-0.5064419972567069,-0.9668058182639845,1.18034963985868,0.20987401473456405,0.0,-0.6833528948014285,1.0,1.0,1.0,1.0,0.0,1.0,0.5793156974750526,1.0,0.0,0.0,0.0,0.0,1.0,0.0,0.0,0
1.0,1.6903792726759364,0.0,1.0,1.0,2.611872331624339,-1.3095292447148836,1.6134908411732714,-0.8679414219398064,1.0,-0.37957946166220824,0.0,1.0,0.0,0.0,0.0,0.0,1.439283823723465,1.0,0.0,0.0,0.0,0.0,1.0,0.0,0.0,0
1.0,-1.1228556397938396,1.0,0.0,0.0,-0.5064419972567069,-1.3588923417858323,1.8903807043865075,-0.34895294411359173,0.0,-1.421088375282392,1.0,1.0,1.0,0.0,0.0,1.0,-2.0005886812701847,1.0,0.0,0.0,0.0,1.0,0.0,0.0,1.0,1
1.0,-0.5242950201194192,0.0,0.0,0.0,-0.5064419972567069,0.6288607524081128,-1.1600814853402084,1.7332937438847562,0.0,-1.0739187374089973,1.0,0.0,0.0,0.0,0.0,0.0,0.5793156974750526,1.0,0.0,0.0,0.0,0.0,0.0,1.0,1.0,0
1.0,0.2538337854573274,0.0,0.0,1.0,-0.5064419972567069,0.895615883487139,-1.4343558329121329,-1.018731492031168,0.0,-0.7267490995356027,1.0,1.0,0.0,0.0,0.0,1.0,1.439283823723465,1.0,0.0,0.0,0.0,0.0,0.0,0.0,1.0,0
1.0,-1.3622798876636077,1.0,0.0,1.0,-0.5064419972567069,-0.7512527246937948,1.1176755366195057,2.20454228423931,1.0,-0.2927870521938596,1.0,1.0,0.0,1.0,1.0,1.0,1.439283823723465,0.0,0.0,1.0,0.0,0.0,1.0,0.0,0.0,0
1.0,-1.1228556397938396,1.0,0.0,1.0,2.611872331624339,-0.2860808533203327,-0.5345903086323893,-0.8848325593802256,1.0,1.1826839087680672,0.0,1.0,0.0,1.0,1.0,1.0,1.439283823723465,0.0,1.0,0.0,0.0,0.0,1.0,0.0,0.0,0
0.0,0.9122504670991899,0.0,0.0,0.0,-0.5064419972567069,-1.3781365219091497,2.1256082500964446,-0.6557376364488252,0.0,-0.46637187113055684,1.0,1.0,0.0,1.0,0.0,1.0,1.439283823723465,1.0,0.0,0.0,0.0,0.0,0.0,0.0,1.0,0
0.0,-1.601704135533376,1.0,0.0,0.0,-0.5064419972567069,-0.8352156397529837,0.5382393964873018,0.19241510796841643,0.0,-0.42297566639638257,1.0,1.0,0.0,1.0,0.0,0.0,1.439283823723465,1.0,0.0,0.0,0.0,0.0,0.0,0.0,1.0,0
1.0,1.6305232107084944,0.0,1.0,1.0,0.5329961123703084,-0.8794755558066552,0.7265579067766639,1.596697906936604,1.0,-1.2475035563456947,1.0,1.0,0.0,0.0,0.0,1.0,-0.2806524287733598,0.0,0.0,0.0,0.0,0.0,0.0,0.0,1.0,1
1.0,1.6305232107084944,0.0,1.0,0.0,-0.5064419972567069,1.0588586423320754,-1.3712032873162696,-0.9619072453478529,0.0,-0.42297566639638257,1.0,1.0,0.0,0.0,1.0,1.0,-2.0005886812701847,1.0,0.0,0.0,0.0,0.0,0.0,0.0,1.0,1
0.0,-0.7637192679891874,0.0,0.0,0.0,-0.5064419972567069,-0.8911165178134267,0.5844582199834787,-0.7901570243150186,0.0,0.05438258567953497,1.0,1.0,0.0,1.0,0.0,1.0,1.439283823723465,0.0,0.0,1.0,0.0,0.0,0.0,0.0,0.0,0
0.0,-1.1228556397938396,1.0,0.0,0.0,-0.5064419972567069,0.7185551935682396,-1.1689776526705682,-0.24623401026723274,0.0,1.139287704033893,1.0,0.0,0.0,0.0,0.0,0.0,0.5793156974750526,0.0,1.0,0.0,0.0,0.0,0.0,1.0,0.0,0
0.0,1.5108110867736102,0.0,1.0,1.0,-0.5064419972567069,0.8788191762025503,-0.9411528143984238,-0.1605008420822477,1.0,0.31475981408458087,1.0,1.0,0.0,1.0,0.0,1.0,0.5793156974750526,0.0,1.0,0.0,0.0,0.0,0.0,0.0,0.0,0
0.0,-0.10530258634732491,0.0,0.0,1.0,1.5724342219973237,-0.7373260260345667,0.9344837876295374,-1.0176432674901885,1.0,1.5298535466414618,1.0,1.0,1.0,1.0,1.0,1.0,-0.2806524287733598,1.0,0.0,0.0,0.0,0.0,1.0,0.0,0.0,0
0.0,1.2115307769364,0.0,1.0,0.0,-0.5064419972567069,1.141869335594603,-0.7611809778552234,-0.8668531973988269,0.0,-1.2041073516115204,1.0,1.0,0.0,0.0,0.0,1.0,-1.1406205550217723,1.0,0.0,0.0,0.0,0.0,0.0,0.0,1.0,1
0.0,-0.10530258634732491,0.0,0.0,0.0,-0.5064419972567069,0.2898596842842135,-0.9345284408620081,-0.8123000280184254,0.0,-0.2927870521938596,1.0,1.0,1.0,0.0,1.0,1.0,-0.2806524287733598,0.0,0.0,1.0,0.0,0.0,0.0,0.0,1.0,0
1.0,-0.8235753299566294,0.0,0.0,1.0,2.611872331624339,0.0909257925341813,0.019253087075882486,-0.8999730747329824,1.0,0.878910475628847,1.0,0.0,0.0,0.0,0.0,0.0,-0.2806524287733598,0.0,1.0,0.0,0.0,0.0,0.0,1.0,0.0,0
0.0,-0.28487077224965107,0.0,0.0,1.0,-0.5064419972567069,-0.9292057940204373,0.6855193636863205,0.1225321667933486,1.0,1.5298535466414618,1.0,1.0,1.0,1.0,1.0,0.0,0.5793156974750526,0.0,0.0,0.0,0.0,0.0,1.0,0.0,0.0,0
1.0,0.7925383431643057,0.0,0.0,1.0,-0.5064419972567069,0.6658077667995922,-1.1655229020757232,-0.29728593547230936,1.0,-0.9437301232064743,1.0,1.0,0.0,0.0,0.0,1.0,1.439283823723465,1.0,0.0,0.0,0.0,0.0,1.0,0.0,1.0,0
1.0,0.43340197135965347,0.0,0.0,1.0,-0.5064419972567069,-0.84389197746543,0.9912740187618718,0.8110944165704387,1.0,1.5298535466414618,1.0,1.0,0.0,1.0,1.0,0.0,0.5793156974750526,0.0,0.0,0.0,0.0,0.0,0.0,0.0,0.0,0
0.0,-0.46443895815197717,0.0,0.0,1.0,2.611872331624339,0.9812741981189019,-0.8140647755892599,-0.6396035247760438,1.0,-1.0739187374089973,1.0,1.0,1.0,0.0,0.0,0.0,-0.2806524287733598,0.0,0.0,0.0,1.0,1.0,0.0,0.0,1.0,0
1.0,-0.40458289618453513,0.0,0.0,1.0,1.5724342219973237,1.3390423246166208,-0.6865462770705546,-1.0157980171815715,1.0,1.5298535466414618,1.0,1.0,1.0,1.0,1.0,0.0,0.5793156974750526,0.0,0.0,0.0,0.0,1.0,0.0,0.0,0.0,0
0.0,-0.10530258634732491,0.0,0.0,0.0,-0.5064419972567069,-0.964623592770738,1.0366799054861326,-0.00048452044779991515,0.0,-1.1173149421431716,1.0,0.0,0.0,0.0,0.0,0.0,-0.2806524287733598,0.0,0.0,0.0,1.0,0.0,0.0,1.0,0.0,0
1.0,0.014409537587559178,0.0,0.0,0.0,-0.5064419972567069,0.9426649400730337,-0.7830855176510645,-0.3290810177130985,0.0,0.9223066803630213,1.0,1.0,1.0,0.0,0.0,1.0,0.5793156974750526,1.0,0.0,0.0,0.0,0.0,0.0,0.0,1.0,0
0.0,-0.40458289618453513,0.0,0.0,1.0,-0.5064419972567069,0.9771875290323297,-0.3516269385879939,-1.006003996312757,1.0,1.5298535466414618,1.0,1.0,1.0,1.0,0.0,1.0,-0.2806524287733598,0.0,0.0,0.0,0.0,1.0,0.0,0.0,0.0,0
1.0,-1.1228556397938396,1.0,0.0,0.0,-0.5064419972567069,1.1957307203461813,-0.7066722293205735,-0.991620506727638,0.0,-0.8135415090039514,0.0,1.0,1.0,0.0,0.0,0.0,0.5793156974750526,1.0,0.0,0.0,0.0,0.0,1.0,0.0,0.0,0
1.0,-1.3622798876636077,1.0,0.0,1.0,1.5724342219973237,-0.9242384713996258,0.7831340614832524,-0.2673361035401374,1.0,1.4864573419072875,1.0,1.0,1.0,1.0,1.0,1.0,0.5793156974750526,1.0,0.0,0.0,0.0,1.0,0.0,0.0,0.0,0
0.0,-0.28487077224965107,0.0,0.0,0.0,-0.5064419972567069,-1.1878704767217831,1.7552763339019481,-0.9993800208459258,0.0,0.09777879041370928,1.0,0.0,0.0,0.0,0.0,0.0,-0.2806524287733598,1.0,0.0,0.0,0.0,0.0,0.0,1.0,0.0,0
0.0,-1.3024238256961658,1.0,0.0,0.0,-0.5064419972567069,-0.9646183363446831,0.6669717637045922,0.8887368718637944,0.0,-0.6833528948014285,1.0,1.0,0.0,0.0,1.0,1.0,-2.0005886812701847,0.0,0.0,0.0,1.0,0.0,0.0,0.0,1.0,1
1.0,-1.481992011598492,1.0,0.0,1.0,0.5329961123703084,0.6356730805737965,-0.9888291108018041,-0.10145283220649642,1.0,-0.16259843799133664,1.0,0.0,0.0,0.0,0.0,0.0,0.5793156974750526,0.0,0.0,1.0,0.0,0.0,0.0,1.0,0.0,0
1.0,-0.7637192679891874,0.0,0.0,0.0,-0.5064419972567069,-1.419827662984389,1.2479618034099005,2.125196520968769,0.0,0.44494842828710385,1.0,0.0,0.0,0.0,0.0,0.0,0.5793156974750526,1.0,0.0,0.0,0.0,0.0,0.0,1.0,0.0,0
0.0,0.6129701572619797,0.0,0.0,0.0,-0.5064419972567069,0.6737409267361288,-1.2496549373949588,-0.41902514173056904,0.0,1.5298535466414618,1.0,0.0,0.0,0.0,0.0,0.0,0.5793156974750526,1.0,0.0,0.0,0.0,0.0,0.0,1.0,0.0,0
1.0,0.7925383431643057,0.0,0.0,0.0,-0.5064419972567069,-0.9646183363446831,0.6669717637045922,0.8887368718637944,0.0,-1.1173149421431716,1.0,1.0,0.0,1.0,0.0,1.0,0.5793156974750526,0.0,0.0,0.0,1.0,0.0,0.0,0.0,1.0,0
1.0,0.2538337854573274,0.0,0.0,0.0,-0.5064419972567069,-0.7940905753296877,0.6176386818597023,3.5673306083188487,0.0,-0.9871263279406487,1.0,1.0,0.0,0.0,0.0,1.0,1.439283823723465,0.0,0.0,0.0,1.0,0.0,0.0,0.0,1.0,0
0.0,-1.481992011598492,1.0,0.0,1.0,1.5724342219973237,0.6069717812988183,-1.2379079549036038,2.4222818206561425,1.0,1.5298535466414618,1.0,0.0,0.0,0.0,0.0,0.0,-0.2806524287733598,1.0,0.0,0.0,0.0,0.0,0.0,1.0,0.0,0
1.0,-1.3024238256961658,1.0,0.0,1.0,-0.5064419972567069,0.895615883487139,-1.4343558329121329,-1.018731492031168,1.0,-1.290899761079869,1.0,1.0,0.0,0.0,1.0,1.0,-1.1406205550217723,0.0,0.0,0.0,0.0,0.0,0.0,0.0,1.0,1
0.0,0.43340197135965347,0.0,0.0,0.0,-0.5064419972567069,2.316813586625309,-1.056562615085718,-0.9822049987426423,0.0,-1.0739187374089973,1.0,1.0,1.0,0.0,0.0,1.0,-0.2806524287733598,0.0,0.0,0.0,1.0,0.0,1.0,0.0,1.0,0
0.0,-0.8834313919240715,0.0,0.0,0.0,-0.5064419972567069,-0.7202972273226806,-0.0054879653611333646,-0.29165555632550294,0.0,-1.421088375282392,1.0,1.0,0.0,0.0,1.0,1.0,-0.2806524287733598,1.0,0.0,0.0,0.0,0.0,0.0,0.0,1.0,1
0.0,0.9721065290666319,0.0,0.0,0.0,1.5724342219973237,-1.004553426777501,1.2530253567991079,0.17850475948807115,0.0,-1.1173149421431716,1.0,1.0,0.0,1.0,0.0,1.0,1.439283823723465,0.0,0.0,0.0,1.0,0.0,0.0,0.0,1.0,0
0.0,-1.1827117017612818,1.0,0.0,1.0,0.5329961123703084,2.2619466071355974,-0.7993959267094009,-0.9144038784285786,1.0,-1.160711146877346,1.0,0.0,0.0,0.0,0.0,0.0,1.439283823723465,1.0,0.0,0.0,0.0,0.0,0.0,1.0,1.0,0
1.0,0.5531140952945376,0.0,0.0,1.0,-0.5064419972567069,0.12449049893029372,0.5375334979282587,-1.0345344049306078,1.0,-0.5097680758647312,1.0,0.0,0.0,0.0,0.0,0.0,1.439283823723465,1.0,0.0,0.0,0.0,0.0,0.0,1.0,0.0,0
1.0,-1.1228556397938396,1.0,0.0,0.0,2.611872331624339,1.7420913268438387,-1.180527168114028,0.3982314885449533,0.0,0.010986380945360646,1.0,0.0,0.0,0.0,0.0,0.0,-0.2806524287733598,1.0,0.0,0.0,0.0,0.0,0.0,1.0,0.0,0
0.0,-0.28487077224965107,0.0,0.0,0.0,-0.5064419972567069,-0.9619092552246654,0.6488274025075699,0.9490150486119571,0.0,0.9223066803630213,1.0,0.0,0.0,0.0,0.0,0.0,0.5793156974750526,0.0,1.0,0.0,0.0,0.0,0.0,1.0,0.0,0
1.0,1.5706671487410524,0.0,1.0,1.0,-0.5064419972567069,-1.0163185213072343,1.1265823154968309,-0.8220940488872398,1.0,1.4864573419072875,1.0,1.0,1.0,0.0,0.0,1.0,-0.2806524287733598,0.0,0.0,0.0,0.0,0.0,0.0,0.0,0.0,0
0.0,-0.04544652437988287,0.0,0.0,0.0,-0.5064419972567069,-0.9178943694931918,0.698072362375481,1.0723629346264472,0.0,-0.11920223325716231,1.0,1.0,1.0,1.0,0.0,1.0,-0.2806524287733598,1.0,0.0,0.0,0.0,0.0,1.0,0.0,0.0,0
1.0,-1.601704135533376,1.0,0.0,1.0,-0.5064419972567069,0.44979008603434306,-1.190997996739817,-1.023415588968427,1.0,0.44494842828710385,1.0,0.0,0.0,0.0,0.0,0.0,0.5793156974750526,1.0,0.0,0.0,0.0,0.0,0.0,1.0,0.0,0
0.0,-1.2425677637287238,1.0,0.0,0.0,-0.5064419972567069,0.7011353976260479,-1.0689384470777086,0.5092777058353286,0.0,-1.421088375282392,1.0,1.0,1.0,1.0,0.0,1.0,-0.2806524287733598,0.0,0.0,0.0,0.0,0.0,1.0,0.0,1.0,0
0.0,-1.481992011598492,1.0,0.0,0.0,-0.5064419972567069,-0.35564237401359217,0.33978316787255974,1.0724575628474018,0.0,1.2260801135022417,1.0,0.0,0.0,0.0,0.0,0.0,0.5793156974750526,0.0,1.0,0.0,0.0,0.0,0.0,1.0,0.0,0
0.0,1.8699474585782625,0.0,1.0,1.0,0.5329961123703084,-0.7830674455544672,0.6676444435079144,-0.14994979544579534,1.0,1.2260801135022417,1.0,1.0,1.0,0.0,0.0,1.0,-0.2806524287733598,1.0,0.0,0.0,0.0,0.0,0.0,0.0,0.0,0
1.0,0.5531140952945376,0.0,0.0,1.0,1.5724342219973237,0.8787132390005439,-0.6759453416515311,-0.758551198516139,1.0,1.4430611371731132,1.0,1.0,1.0,1.0,1.0,1.0,1.439283823723465,0.0,0.0,0.0,0.0,0.0,0.0,0.0,0.0,0
0.0,-0.8235753299566294,0.0,0.0,1.0,-0.5064419972567069,-1.0269029416771966,0.8045490860038396,0.9813779001784746,1.0,0.6185332472238011,1.0,1.0,1.0,1.0,1.0,1.0,-0.2806524287733598,0.0,1.0,0.0,0.0,0.0,1.0,0.0,0.0,0
1.0,0.2538337854573274,0.0,0.0,0.0,-0.5064419972567069,-0.779602652104104,0.5789803548909875,1.2749146415800459,0.0,-1.2475035563456947,1.0,1.0,0.0,0.0,0.0,1.0,0.5793156974750526,1.0,0.0,0.0,0.0,0.0,0.0,0.0,1.0,0
0.0,1.2115307769364,0.0,1.0,0.0,-0.5064419972567069,1.9114901692786708,-0.9040456187731771,-0.8218101642243757,0.0,1.3996649324389387,1.0,0.0,0.0,0.0,0.0,0.0,-0.2806524287733598,1.0,0.0,0.0,0.0,0.0,0.0,1.0,0.0,0
0.0,-0.9432874538915136,0.0,0.0,1.0,0.5329961123703084,1.0942210464385775,-1.2867967358907446,-0.9120854870151878,1.0,1.4430611371731132,1.0,1.0,1.0,1.0,1.0,1.0,-0.2806524287733598,1.0,0.0,0.0,0.0,1.0,0.0,0.0,0.0,0
0.0,0.37354590939221144,0.0,0.0,1.0,0.5329961123703084,0.01186752732362461,-0.7504679291356474,-0.3651343698968505,1.0,1.1826839087680672,1.0,1.0,1.0,1.0,1.0,1.0,-0.2806524287733598,1.0,0.0,0.0,0.0,0.0,0.0,0.0,0.0,0
1.0,-1.3622798876636077,1.0,0.0,1.0,-0.5064419972567069,-1.0121538145107858,0.9261763304699886,0.21280748958416065,1.0,-0.16259843799133664,1.0,1.0,1.0,1.0,0.0,1.0,0.5793156974750526,0.0,0.0,1.0,0.0,1.0,0.0,0.0,0.0,0
0.0,0.19397772348988532,0.0,0.0,0.0,-0.5064419972567069,-0.9648277847059024,0.6772718848357091,-0.23009989859445135,0.0,0.27136360935040654,1.0,1.0,0.0,0.0,1.0,1.0,-0.2806524287733598,1.0,0.0,0.0,0.0,0.0,0.0,0.0,0.0,0
1.0,1.6305232107084944,0.0,1.0,0.0,-0.5064419972567069,-0.40580687388750997,0.08760759754310957,-1.0075653619585099,0.0,-1.2475035563456947,1.0,0.0,0.0,0.0,0.0,0.0,-1.1406205550217723,1.0,0.0,0.0,0.0,0.0,0.0,1.0,1.0,1
1.0,1.271386838903842,0.0,1.0,1.0,-0.5064419972567069,1.07398906255762,-0.9254426498010824,-0.9523497950314251,1.0,1.4430611371731132,1.0,1.0,1.0,0.0,1.0,1.0,0.5793156974750526,1.0,0.0,0.0,0.0,0.0,0.0,0.0,0.0,0
0.0,-0.16515864831476695,0.0,0.0,0.0,-0.5064419972567069,-0.7255613358452979,1.1882681607533434,0.3263613547298362,0.0,1.269476318236416,1.0,1.0,1.0,1.0,1.0,1.0,0.5793156974750526,1.0,0.0,0.0,0.0,0.0,0.0,0.0,0.0,0
0.0,1.3910989628387262,0.0,1.0,1.0,-0.5064419972567069,-1.1748232185753948,1.3008437556575063,-0.9134575962190313,1.0,-0.3361832569280339,1.0,1.0,0.0,1.0,1.0,0.0,-0.2806524287733598,0.0,0.0,1.0,0.0,0.0,0.0,0.0,1.0,1
1.0,-0.40458289618453513,0.0,0.0,0.0,-0.5064419972567069,-0.8594566593511074,0.6362102731650042,-0.07159762849527923,0.0,1.5298535466414618,1.0,1.0,0.0,1.0,1.0,0.0,-0.2806524287733598,1.0,0.0,0.0,0.0,0.0,0.0,0.0,0.0,0
1.0,0.9122504670991899,0.0,0.0,0.0,-0.5064419972567069,-0.9702326037105754,0.709404571791946,0.6498479280635794,0.0,-1.290899761079869,1.0,0.0,0.0,0.0,0.0,0.0,-1.1406205550217723,0.0,0.0,0.0,0.0,0.0,0.0,1.0,1.0,1
0.0,0.49325803332709556,0.0,0.0,0.0,-0.5064419972567069,1.2162869852806126,-0.15307889702341795,-0.9452526784598204,0.0,-0.46637187113055684,1.0,1.0,0.0,1.0,1.0,1.0,-2.0005886812701847,1.0,0.0,0.0,0.0,0.0,0.0,0.0,1.0,1
0.0,-0.5841510820868613,0.0,0.0,1.0,0.5329961123703084,-0.9510494789975757,0.6594020397449828,0.4616323965846222,0.0,0.7921180661604984,1.0,1.0,1.0,0.0,0.0,1.0,-2.0005886812701847,1.0,0.0,0.0,0.0,0.0,0.0,0.0,1.0,1
0.0,0.13412166152244326,0.0,0.0,0.0,1.5724342219973237,-0.8361751396780318,0.643719096072464,-0.23303337344404795,0.0,1.00909908983137,1.0,0.0,0.0,0.0,0.0,0.0,-0.2806524287733598,0.0,1.0,0.0,0.0,0.0,0.0,1.0,0.0,0
0.0,1.5706671487410524,0.0,1.0,0.0,-0.5064419972567069,0.6355683563931869,-1.2190480063437916,-1.0190153766940322,0.0,-0.5531642805989055,1.0,1.0,0.0,1.0,0.0,1.0,-0.2806524287733598,1.0,0.0,0.0,0.0,0.0,0.0,0.0,1.0,1
0.0,1.3910989628387262,0.0,1.0,1.0,2.611872331624339,0.21431877678456,-0.012714890216580682,-0.38150505212201874,1.0,1.00909908983137,1.0,1.0,1.0,0.0,0.0,1.0,-0.2806524287733598,1.0,0.0,0.0,0.0,0.0,0.0,0.0,0.0,0
0.0,-0.7637192679891874,0.0,0.0,0.0,-0.5064419972567069,0.029465233070714997,0.06336436507028938,1.480115938720377,0.0,0.878910475628847,1.0,1.0,0.0,0.0,0.0,0.0,1.439283823723465,1.0,0.0,0.0,0.0,0.0,0.0,0.0,0.0,0
1.0,-0.40458289618453513,0.0,0.0,0.0,-0.5064419972567069,-0.42177630057932564,-0.33367681483761114,0.12196439746762021,0.0,-0.03240982378881367,1.0,1.0,1.0,0.0,0.0,1.0,-0.2806524287733598,1.0,0.0,0.0,0.0,0.0,1.0,0.0,0.0,0
0.0,-1.481992011598492,1.0,0.0,0.0,-0.5064419972567069,-1.0416872464641214,0.8992682155938777,0.9056280093042136,0.0,-1.3342959658140432,1.0,1.0,1.0,0.0,0.0,1.0,-0.2806524287733598,1.0,0.0,0.0,0.0,0.0,1.0,0.0,1.0,0
1.0,0.7925383431643057,0.0,0.0,1.0,1.5724342219973237,2.112779344241258,-1.7125559914898683,-1.0276265448009125,1.0,0.4883446330212782,1.0,0.0,0.0,0.0,0.0,0.0,1.439283823723465,0.0,1.0,0.0,0.0,0.0,0.0,1.0,0.0,0
0.0,0.6129701572619797,0.0,0.0,0.0,-0.5064419972567069,0.8042244253925769,-0.267559956665382,-1.0317428724124433,0.0,-1.290899761079869,1.0,1.0,0.0,0.0,0.0,1.0,-0.2806524287733598,1.0,0.0,0.0,0.0,0.0,1.0,0.0,1.0,0
0.0,-1.3622798876636077,1.0,0.0,0.0,-0.5064419972567069,2.0698036135065703,-1.1676119927132051,-0.6913651616382809,0.0,-0.8569377137381258,1.0,0.0,0.0,0.0,0.0,0.0,-0.2806524287733598,1.0,0.0,0.0,0.0,0.0,0.0,1.0,1.0,0
0.0,-1.0629995778263976,1.0,0.0,1.0,-0.5064419972567069,0.517577360764223,-1.1240409808708491,0.49427913281400393,1.0,1.4864573419072875,1.0,1.0,1.0,1.0,1.0,0.0,0.5793156974750526,1.0,0.0,0.0,0.0,0.0,0.0,0.0,0.0,0
0.0,1.1516747149689581,0.0,1.0,1.0,-0.5064419972567069,0.23064887517176044,-0.07837729735570105,1.8437248777389257,1.0,-0.11920223325716231,1.0,1.0,0.0,0.0,0.0,1.0,1.439283823723465,1.0,0.0,0.0,0.0,0.0,0.0,0.0,1.0,0
0.0,-0.8834313919240715,0.0,0.0,1.0,-0.5064419972567069,-0.9069476600659833,1.125852425614214,1.2646001654959804,1.0,-0.37957946166220824,1.0,1.0,1.0,0.0,0.0,1.0,-0.2806524287733598,0.0,0.0,1.0,0.0,1.0,0.0,0.0,1.0,0
1.0,-1.541848073565934,1.0,0.0,0.0,-0.5064419972567069,1.5975489101958875,-1.687366485850642,-1.0249296405037027,0.0,-0.9437301232064743,1.0,1.0,1.0,0.0,1.0,0.0,-2.0005886812701847,1.0,0.0,0.0,0.0,0.0,0.0,0.0,1.0,1
1.0,1.6903792726759364,0.0,1.0,0.0,-0.5064419972567069,0.9836420158858928,-0.6894713730603077,0.8908660068352757,0.0,-0.5097680758647312,1.0,1.0,1.0,0.0,0.0,1.0,-2.0005886812701847,1.0,0.0,0.0,0.0,0.0,0.0,0.0,1.0,1
0.0,0.014409537587559178,0.0,0.0,0.0,-0.5064419972567069,-1.0966128553213574,1.2597946010201975,1.1473557997330703,0.0,-1.4644845800165662,1.0,1.0,0.0,0.0,1.0,1.0,0.5793156974750526,1.0,0.0,0.0,0.0,0.0,0.0,0.0,1.0,0
1.0,-1.661560197500818,1.0,0.0,1.0,0.5329961123703084,-0.8911165178134267,0.5844582199834787,-0.7901570243150186,1.0,0.4883446330212782,1.0,1.0,1.0,1.0,0.0,1.0,-0.2806524287733598,0.0,1.0,0.0,0.0,0.0,1.0,0.0,0.0,0
0.0,-0.8834313919240715,0.0,0.0,1.0,-0.5064419972567069,1.3240667667894321,-1.1655851872426977,-0.6202520535908016,1.0,-0.5531642805989055,1.0,0.0,0.0,0.0,0.0,0.0,-0.2806524287733598,1.0,0.0,0.0,0.0,0.0,0.0,1.0,0.0,0
0.0,1.2115307769364,0.0,1.0,1.0,-0.5064419972567069,-1.066776572359229,1.205483319533436,-0.17081531816631323,1.0,-1.030522532674823,1.0,1.0,0.0,0.0,1.0,1.0,-2.0005886812701847,1.0,0.0,0.0,0.0,1.0,0.0,0.0,1.0,1
0.0,0.37354590939221144,0.0,0.0,1.0,2.611872331624339,0.682884277686428,-0.8869670259888299,0.22028311903958428,1.0,-0.6399566900672541,1.0,1.0,0.0,1.0,0.0,1.0,0.5793156974750526,0.0,0.0,0.0,1.0,0.0,0.0,0.0,1.0,0
0.0,1.4509550248061682,0.0,1.0,1.0,0.5329961123703084,-0.8578061415702251,1.4604506494581495,-0.8716319225570408,1.0,-0.20599464272551093,1.0,1.0,0.0,0.0,1.0,1.0,1.439283823723465,0.0,0.0,1.0,0.0,0.0,0.0,0.0,0.0,0
1.0,1.091818653001516,0.0,1.0,0.0,-0.5064419972567069,-0.9267902640784995,0.696758376038127,0.7668084091636252,0.0,0.27136360935040654,1.0,1.0,0.0,0.0,0.0,1.0,0.5793156974750526,0.0,1.0,0.0,0.0,0.0,0.0,0.0,0.0,0
0.0,1.1516747149689581,0.0,1.0,1.0,-0.5064419972567069,-0.9920350459602156,0.8666783093748893,0.7550271956547614,1.0,-0.8569377137381258,1.0,1.0,0.0,0.0,0.0,1.0,-2.0005886812701847,1.0,0.0,0.0,0.0,0.0,0.0,0.0,1.0,1
1.0,1.7502353346433785,0.0,1.0,1.0,-0.5064419972567069,-0.7195188719262571,0.5146167088261822,0.14458054227580058,1.0,-0.46637187113055684,1.0,1.0,0.0,1.0,0.0,1.0,1.439283823723465,1.0,0.0,0.0,0.0,1.0,0.0,0.0,0.0,0
1.0,1.4509550248061682,0.0,1.0,0.0,-0.5064419972567069,1.722143594310248,-2.09525312812939,-0.8968976575519536,0.0,-0.9871263279406487,0.0,1.0,0.0,0.0,1.0,1.0,0.5793156974750526,1.0,0.0,0.0,0.0,1.0,0.0,0.0,0.0,0
1.0,0.8523944051317478,0.0,0.0,0.0,-0.5064419972567069,-0.8119794062120643,0.7056171722682981,-0.6810506855542153,0.0,-0.075806028522988,1.0,0.0,0.0,0.0,0.0,0.0,0.5793156974750526,0.0,0.0,1.0,0.0,0.0,0.0,1.0,0.0,0
1.0,0.6728262192294217,0.0,0.0,0.0,2.611872331624339,0.6880982479913019,-1.3368458664700371,-1.0002316748345184,0.0,0.18457119988205792,1.0,1.0,0.0,0.0,0.0,1.0,1.439283823723465,1.0,0.0,0.0,0.0,0.0,1.0,0.0,1.0,0
1.0,-0.5242950201194192,0.0,0.0,0.0,-0.5064419972567069,-0.9666076914358043,0.882011533369142,-0.18278578811708654,0.0,-1.1173149421431716,1.0,1.0,0.0,0.0,1.0,1.0,-0.2806524287733598,1.0,0.0,0.0,0.0,0.0,1.0,0.0,1.0,0
0.0,-1.661560197500818,1.0,0.0,0.0,1.5724342219973237,0.8788191762025503,-0.9411528143984238,-0.1605008420822477,0.0,-1.0739187374089973,1.0,0.0,0.0,0.0,0.0,0.0,-0.2806524287733598,0.0,0.0,0.0,1.0,0.0,0.0,1.0,1.0,0
0.0,0.43340197135965347,0.0,0.0,1.0,-0.5064419972567069,-0.7122573215032082,1.6703618123368744,-0.369865780944587,1.0,0.31475981408458087,1.0,0.0,0.0,0.0,0.0,0.0,-0.2806524287733598,0.0,1.0,0.0,0.0,0.0,0.0,1.0,0.0,0
0.0,-1.481992011598492,1.0,0.0,1.0,-0.5064419972567069,1.238024328715277,-1.1379974719891608,-0.9829620245102803,1.0,1.4864573419072875,1.0,1.0,1.0,1.0,1.0,1.0,-0.2806524287733598,0.0,0.0,0.0,0.0,0.0,1.0,0.0,0.0,0
1.0,-1.661560197500818,1.0,0.0,1.0,-0.5064419972567069,-0.8409867912195582,0.7351338822116105,-0.5520724203929189,1.0,0.31475981408458087,1.0,1.0,0.0,0.0,1.0,1.0,-1.1406205550217723,1.0,0.0,0.0,0.0,0.0,0.0,0.0,1.0,1
0.0,-0.7038632060217453,0.0,0.0,1.0,-0.5064419972567069,0.8009472459182841,-0.6805318367988741,-0.7383007592318268,1.0,-1.160711146877346,1.0,1.0,0.0,1.0,1.0,1.0,-1.1406205550217723,0.0,0.0,0.0,1.0,0.0,0.0,0.0,1.0,1
0.0,0.37354590939221144,0.0,0.0,1.0,0.5329961123703084,-0.8863226572523882,0.6804608853847929,1.0931338291260104,1.0,1.4864573419072875,1.0,0.0,0.0,0.0,0.0,0.0,1.439283823723465,0.0,0.0,0.0,0.0,0.0,0.0,1.0,0.0,0
0.0,0.5531140952945376,0.0,0.0,1.0,0.5329961123703084,-0.8227591230269485,0.2469948784587212,0.16090391039049146,1.0,0.1411749951478836,1.0,1.0,0.0,1.0,0.0,1.0,0.5793156974750526,1.0,0.0,0.0,0.0,0.0,0.0,0.0,0.0,0
1.0,-0.10530258634732491,0.0,0.0,0.0,-0.5064419972567069,-0.8165941439468073,0.49601374425159,0.08117963423613175,0.0,1.0958914992997186,1.0,0.0,0.0,0.0,0.0,0.0,0.5793156974750526,1.0,0.0,0.0,0.0,0.0,0.0,1.0,0.0,0
1.0,-1.0031435158589557,0.0,0.0,1.0,-0.5064419972567069,0.9836420158858928,-0.6894713730603077,0.8908660068352757,1.0,-0.8569377137381258,1.0,1.0,1.0,0.0,0.0,1.0,-2.0005886812701847,0.0,0.0,0.0,1.0,0.0,0.0,0.0,1.0,1
0.0,-0.9432874538915136,0.0,0.0,1.0,-0.5064419972567069,-1.0410847791702675,1.3326585575763668,0.8205572386659117,1.0,0.6185332472238011,1.0,1.0,0.0,1.0,1.0,0.0,-0.2806524287733598,0.0,1.0,0.0,0.0,0.0,0.0,0.0,0.0,0
0.0,-0.225014710282209,0.0,0.0,1.0,1.5724342219973237,0.9596565394620767,-0.8212510997432698,-0.43364520186807476,1.0,-1.1173149421431716,1.0,0.0,0.0,0.0,0.0,0.0,1.439283823723465,1.0,0.0,0.0,0.0,0.0,0.0,1.0,1.0,0
0.0,-0.40458289618453513,0.0,0.0,0.0,-0.5064419972567069,-0.8449424539952521,1.2022135789530901,1.245485264863125,0.0,-0.9437301232064743,1.0,1.0,0.0,0.0,0.0,1.0,-0.2806524287733598,1.0,0.0,0.0,0.0,0.0,1.0,0.0,1.0,0
0.0,1.271386838903842,0.0,1.0,0.0,-0.5064419972567069,0.8189707221757265,-0.30325304831450556,-1.0330203533953322,0.0,1.4430611371731132,0.0,1.0,0.0,1.0,0.0,1.0,-0.2806524287733598,0.0,0.0,0.0,0.0,1.0,0.0,0.0,0.0,0
0.0,0.7925383431643057,0.0,0.0,0.0,-0.5064419972567069,-0.31113055384980653,0.4238035512628423,1.4932219473226072,0.0,-1.4644845800165662,1.0,1.0,0.0,0.0,1.0,1.0,1.439283823723465,0.0,0.0,0.0,0.0,0.0,0.0,0.0,1.0,0
0.0,-0.28487077224965107,0.0,0.0,0.0,-0.5064419972567069,0.6466339419173053,-0.22929241144798354,-1.0292825386676203,0.0,-0.9437301232064743,1.0,1.0,0.0,1.0,1.0,1.0,-1.1406205550217723,0.0,0.0,0.0,1.0,0.0,0.0,0.0,1.0,1
0.0,-0.10530258634732491,0.0,0.0,1.0,0.5329961123703084,0.7240663541153839,-1.351554393308115,-0.9886870318780413,1.0,-0.5965604853330798,0.0,1.0,0.0,0.0,0.0,1.0,0.5793156974750526,0.0,0.0,0.0,1.0,0.0,1.0,0.0,1.0,0
0.0,-0.46443895815197717,0.0,0.0,1.0,-0.5064419972567069,0.5872836353441905,-0.5755887123929078,1.464407654041892,1.0,-1.290899761079869,1.0,1.0,0.0,0.0,0.0,0.0,-2.0005886812701847,0.0,0.0,0.0,0.0,0.0,0.0,0.0,1.0,1
1.0,1.091818653001516,0.0,1.0,1.0,-0.5064419972567069,0.16374993644496857,-0.8561460185119103,-0.4208230779287089,1.0,1.5298535466414618,1.0,0.0,0.0,0.0,0.0,0.0,1.439283823723465,0.0,0.0,0.0,0.0,0.0,0.0,1.0,0.0,0
1.0,0.6728262192294217,0.0,0.0,1.0,0.5329961123703084,0.5289336670831571,-1.140015050027521,-0.5329102056495861,1.0,1.5298535466414618,1.0,0.0,0.0,0.0,0.0,0.0,-0.2806524287733598,1.0,0.0,0.0,0.0,0.0,0.0,1.0,0.0,0
1.0,0.5531140952945376,0.0,0.0,0.0,-0.5064419972567069,0.765891736225227,-1.088488607561919,0.17301632267269684,0.0,-1.290899761079869,1.0,1.0,0.0,1.0,0.0,0.0,-0.2806524287733598,1.0,0.0,0.0,0.0,0.0,0.0,0.0,1.0,0
1.0,0.13412166152244326,0.0,0.0,1.0,0.5329961123703084,-0.14295969340922776,0.4901727797042179,-1.0264910061494559,1.0,0.8355142708946727,1.0,1.0,0.0,0.0,1.0,1.0,1.439283823723465,1.0,0.0,0.0,0.0,0.0,0.0,0.0,0.0,0
1.0,0.6129701572619797,0.0,0.0,0.0,-0.5064419972567069,0.7699395886270975,-0.6454878950010985,1.1276731297744866,0.0,-1.0739187374089973,1.0,1.0,0.0,0.0,0.0,1.0,-0.2806524287733598,0.0,0.0,0.0,1.0,0.0,0.0,0.0,1.0,1
0.0,-0.6440071440543034,0.0,0.0,1.0,-0.5064419972567069,1.4412268427614352,-0.4157036115131136,-0.9501733459494665,1.0,-0.3361832569280339,1.0,1.0,0.0,0.0,0.0,1.0,-2.0005886812701847,1.0,0.0,0.0,0.0,0.0,0.0,0.0,1.0,1
0.0,0.07426559955500123,0.0,0.0,1.0,1.5724342219973237,-1.019135156991123,1.1577221307543324,-0.41495612822951566,1.0,1.3128725229705902,1.0,0.0,0.0,0.0,0.0,0.0,1.439283823723465,1.0,0.0,0.0,0.0,0.0,0.0,1.0,0.0,0
0.0,-1.3622798876636077,1.0,0.0,0.0,-0.5064419972567069,0.4489664445057662,-0.2520860143309294,-0.8408304366362763,0.0,-1.2041073516115204,0.0,1.0,0.0,0.0,0.0,1.0,1.439283823723465,0.0,0.0,0.0,0.0,0.0,1.0,0.0,1.0,0
1.0,0.6129701572619797,0.0,0.0,1.0,0.5329961123703084,-0.8637810806314964,0.9329017443883918,1.1688837200002713,1.0,-0.20599464272551093,0.0,1.0,1.0,0.0,0.0,1.0,0.5793156974750526,1.0,0.0,0.0,0.0,1.0,0.0,0.0,1.0,0
1.0,-1.2425677637287238,1.0,0.0,1.0,2.611872331624339,2.3066880926838866,-1.615157215605113,-1.0214757104388552,1.0,1.5298535466414618,1.0,1.0,1.0,0.0,0.0,1.0,-0.2806524287733598,1.0,0.0,0.0,0.0,0.0,0.0,0.0,0.0,0
0.0,-1.0629995778263976,1.0,0.0,1.0,0.5329961123703084,-0.24724718631601558,0.5968751140485063,-0.7739282844212825,1.0,1.5298535466414618,1.0,1.0,1.0,0.0,1.0,1.0,0.5793156974750526,1.0,0.0,0.0,0.0,0.0,0.0,0.0,0.0,0
0.0,0.7925383431643057,0.0,0.0,1.0,2.611872331624339,-0.48765832303494494,1.349937847009858,-0.9806436330968893,1.0,-0.42297566639638257,1.0,1.0,0.0,0.0,0.0,1.0,-0.2806524287733598,0.0,0.0,1.0,0.0,0.0,0.0,0.0,1.0,0
1.0,0.7326822811968637,0.0,0.0,1.0,1.5724342219973237,1.2134299155501553,-1.452249207954827,-0.9262797201583972,1.0,0.6619294519579755,1.0,1.0,0.0,1.0,0.0,1.0,0.5793156974750526,0.0,1.0,0.0,0.0,1.0,0.0,0.0,0.0,0
1.0,0.9721065290666319,0.0,0.0,0.0,-0.5064419972567069,0.7874261007461266,-0.6376408867055566,-0.885542271037386,0.0,1.3128725229705902,1.0,1.0,1.0,1.0,1.0,1.0,-0.2806524287733598,1.0,0.0,0.0,0.0,1.0,0.0,0.0,0.0,0
1.0,-0.3447268342170931,0.0,0.0,1.0,0.5329961123703084,-0.9389208823892021,0.9078930964191904,0.8297361760985205,1.0,1.00909908983137,1.0,1.0,1.0,1.0,1.0,1.0,1.439283823723465,0.0,1.0,0.0,0.0,0.0,0.0,0.0,0.0,0
1.0,0.9721065290666319,0.0,0.0,1.0,-0.5064419972567069,-1.3693603121016813,1.3318677666415937,1.8902346483381753,1.0,1.5298535466414618,0.0,1.0,0.0,1.0,1.0,1.0,0.5793156974750526,1.0,0.0,0.0,0.0,0.0,1.0,0.0,0.0,0
0.0,-0.04544652437988287,0.0,0.0,0.0,-0.5064419972567069,0.7837882495764521,-0.81210994408948,-0.9675376244946593,0.0,-0.03240982378881367,1.0,1.0,0.0,0.0,1.0,1.0,-2.0005886812701847,1.0,0.0,0.0,0.0,0.0,0.0,0.0,1.0,1
1.0,1.6305232107084944,0.0,1.0,0.0,-0.5064419972567069,0.3341802514077353,0.6287475874182676,-0.40748049877409204,0.0,-1.4644845800165662,1.0,1.0,0.0,1.0,0.0,0.0,0.5793156974750526,0.0,0.0,0.0,0.0,0.0,0.0,0.0,0.0,0
1.0,0.8523944051317478,0.0,0.0,1.0,0.5329961123703084,1.7663861237238965,-1.2478795794503856,0.45727949842070464,1.0,-1.421088375282392,1.0,1.0,1.0,0.0,0.0,1.0,-0.2806524287733598,1.0,0.0,0.0,0.0,1.0,0.0,0.0,1.0,0
0.0,1.9298035205457047,0.0,1.0,1.0,-0.5064419972567069,-0.8509691486361314,0.7707600749776925,0.07204801091400034,1.0,-0.6833528948014285,1.0,1.0,1.0,0.0,0.0,1.0,0.5793156974750526,1.0,0.0,0.0,0.0,0.0,1.0,0.0,0.0,0
0.0,-1.481992011598492,1.0,0.0,0.0,-0.5064419972567069,-1.1551128338951566,1.1351453725267753,0.9613167173360719,0.0,0.6185332472238011,1.0,1.0,1.0,0.0,1.0,1.0,-0.2806524287733598,0.0,1.0,0.0,0.0,0.0,0.0,0.0,0.0,1
1.0,0.07426559955500123,0.0,0.0,1.0,0.5329961123703084,-1.0563227539596802,0.942195152672559,1.2468100599564913,1.0,-1.0739187374089973,0.0,1.0,0.0,0.0,0.0,1.0,0.5793156974750526,1.0,0.0,0.0,0.0,0.0,1.0,0.0,0.0,0
1.0,-0.7038632060217453,0.0,0.0,1.0,0.5329961123703084,0.5111580515311738,0.03718706282001406,-1.0335408086105833,0.0,-0.6399566900672541,1.0,0.0,0.0,0.0,0.0,0.0,-0.2806524287733598,0.0,0.0,0.0,1.0,0.0,0.0,1.0,1.0,0
0.0,0.37354590939221144,0.0,0.0,0.0,-0.5064419972567069,-0.7323401037523322,0.41288334669162435,-0.27954314404329755,0.0,1.4864573419072875,1.0,1.0,0.0,1.0,0.0,1.0,1.439283823723465,1.0,0.0,0.0,0.0,0.0,0.0,0.0,0.0,0
0.0,-0.7038632060217453,0.0,0.0,0.0,-0.5064419972567069,1.0931159839458893,-0.7160440707779728,-0.31394050236034177,0.0,1.1826839087680672,1.0,1.0,0.0,1.0,1.0,1.0,0.5793156974750526,0.0,1.0,0.0,0.0,0.0,1.0,0.0,0.0,0
0.0,-1.0031435158589557,0.0,0.0,1.0,0.5329961123703084,0.09917555105534052,0.30711990356802543,-0.6175078351831144,1.0,0.22796740461623224,1.0,1.0,1.0,0.0,0.0,1.0,0.5793156974750526,1.0,0.0,0.0,0.0,0.0,1.0,0.0,1.0,0
1.0,-0.7038632060217453,0.0,0.0,1.0,2.611872331624339,-0.8418524841565682,0.7982550545381834,0.38356411429697024,1.0,-1.421088375282392,1.0,1.0,0.0,0.0,0.0,1.0,0.5793156974750526,1.0,0.0,0.0,0.0,0.0,0.0,0.0,1.0,0
0.0,0.37354590939221144,0.0,0.0,1.0,2.611872331624339,-0.3797746260264482,0.3680297217812044,1.7635747745902697,1.0,-1.2041073516115204,1.0,0.0,0.0,0.0,0.0,0.0,-0.2806524287733598,0.0,0.0,0.0,0.0,0.0,0.0,1.0,0.0,0
1.0,-0.5841510820868613,0.0,0.0,0.0,-0.5064419972567069,-0.9353990769331763,0.7738978632783798,3.8462946036933916,0.0,-0.37957946166220824,1.0,1.0,0.0,0.0,0.0,1.0,-0.2806524287733598,1.0,0.0,0.0,0.0,1.0,0.0,0.0,1.0,0
1.0,0.13412166152244326,0.0,0.0,1.0,2.611872331624339,-0.9118794007258163,0.6861666680512442,1.716402606444337,1.0,-1.4644845800165662,1.0,1.0,0.0,0.0,0.0,1.0,-0.2806524287733598,1.0,0.0,0.0,0.0,0.0,0.0,0.0,1.0,0
1.0,-0.5242950201194192,0.0,0.0,0.0,-0.5064419972567069,1.7100667532814824,-1.1749482626395622,-0.023810376913140766,0.0,-1.2041073516115204,1.0,1.0,0.0,1.0,0.0,1.0,-0.2806524287733598,1.0,0.0,0.0,0.0,0.0,0.0,0.0,1.0,0
1.0,-0.40458289618453513,0.0,0.0,0.0,-0.5064419972567069,0.7464130386318213,-1.3405386848142018,-1.0084643300575797,0.0,-1.160711146877346,1.0,1.0,1.0,0.0,0.0,1.0,-2.0005886812701847,1.0,0.0,0.0,0.0,0.0,0.0,0.0,1.0,1
0.0,-1.601704135533376,1.0,0.0,0.0,-0.5064419972567069,1.6864811695782174,-1.6850730075911675,-1.0246457558408386,0.0,-0.6399566900672541,1.0,1.0,1.0,1.0,0.0,0.0,0.5793156974750526,0.0,0.0,0.0,1.0,0.0,1.0,0.0,1.0,0
1.0,-0.8834313919240715,0.0,0.0,0.0,-0.5064419972567069,-0.9805857413341726,0.6656028741459803,-0.04051225791165054,0.0,-1.0739187374089973,1.0,1.0,0.0,0.0,1.0,1.0,-0.2806524287733598,0.0,0.0,0.0,1.0,0.0,0.0,0.0,1.0,1
1.0,-1.0031435158589557,0.0,0.0,1.0,1.5724342219973237,-0.5105933229289389,0.004555171784769963,-0.9994273349564031,1.0,-1.421088375282392,1.0,0.0,0.0,0.0,0.0,0.0,0.5793156974750526,1.0,0.0,0.0,0.0,0.0,0.0,1.0,1.0,0
1.0,1.7502353346433785,0.0,1.0,1.0,2.611872331624339,0.66874893934691,-0.7068300184102433,-0.7961659163456439,1.0,1.2260801135022417,1.0,1.0,0.0,1.0,0.0,1.0,-0.2806524287733598,0.0,1.0,0.0,0.0,0.0,0.0,0.0,0.0,0
0.0,-1.3622798876636077,1.0,0.0,1.0,2.611872331624339,-1.2435619064210068,1.966610366817331,-0.665437029096685,1.0,1.3996649324389387,1.0,1.0,1.0,1.0,1.0,0.0,0.5793156974750526,0.0,0.0,0.0,0.0,0.0,0.0,0.0,0.0,0
1.0,-0.04544652437988287,0.0,0.0,0.0,-0.5064419972567069,-0.6942225237127239,0.6207409445466252,0.8590236104840092,0.0,-1.290899761079869,1.0,1.0,1.0,0.0,0.0,1.0,0.5793156974750526,0.0,0.0,0.0,0.0,1.0,0.0,0.0,1.0,0
1.0,0.014409537587559178,0.0,0.0,1.0,0.5329961123703084,0.40581320830664463,0.35017833155476596,-1.0068083361908722,1.0,-0.9871263279406487,1.0,0.0,0.0,0.0,0.0,0.0,1.439283823723465,1.0,0.0,0.0,0.0,0.0,0.0,1.0,1.0,0
0.0,-1.1228556397938396,1.0,0.0,1.0,2.611872331624339,-0.8212230335978505,0.6731749049636201,-0.18023082615130884,1.0,-0.3361832569280339,1.0,1.0,1.0,0.0,1.0,1.0,-0.2806524287733598,1.0,0.0,0.0,0.0,0.0,1.0,0.0,1.0,0
1.0,0.9721065290666319,0.0,0.0,1.0,0.5329961123703084,-0.8361751396780318,0.643719096072464,-0.23303337344404795,1.0,1.5298535466414618,1.0,1.0,1.0,1.0,1.0,1.0,0.5793156974750526,1.0,0.0,0.0,0.0,0.0,0.0,0.0,0.0,0
0.0,-1.1827117017612818,1.0,0.0,0.0,-0.5064419972567069,0.2346348634823781,-0.019023224202057206,0.2204250613710164,0.0,-0.03240982378881367,1.0,1.0,1.0,1.0,1.0,0.0,-0.2806524287733598,0.0,0.0,1.0,0.0,1.0,0.0,0.0,1.0,0
0.0,0.8523944051317478,0.0,0.0,1.0,-0.5064419972567069,1.2846815793899338,-0.747548830976786,-1.0075653619585099,1.0,-0.5531642805989055,1.0,1.0,1.0,0.0,1.0,1.0,-0.2806524287733598,0.0,0.0,1.0,0.0,1.0,0.0,0.0,0.0,0
0.0,-0.8235753299566294,0.0,0.0,0.0,-0.5064419972567069,0.6426479536066848,-1.143598523300776,0.3805360112264189,0.0,-1.421088375282392,0.0,1.0,0.0,0.0,1.0,1.0,0.5793156974750526,1.0,0.0,0.0,0.0,0.0,1.0,0.0,1.0,0
1.0,-0.28487077224965107,0.0,0.0,0.0,-0.5064419972567069,1.5376365703754877,-0.6008760288128596,-1.0337300650524928,0.0,-0.9871263279406487,1.0,1.0,0.0,1.0,0.0,1.0,-1.1406205550217723,0.0,0.0,0.0,1.0,1.0,0.0,0.0,1.0,1
1.0,-0.40458289618453513,0.0,0.0,0.0,-0.5064419972567069,1.141869335594603,-0.7611809778552234,-0.8668531973988269,0.0,0.6619294519579755,0.0,1.0,1.0,1.0,1.0,1.0,0.5793156974750526,0.0,1.0,0.0,0.0,0.0,1.0,0.0,0.0,0
0.0,-1.42213594963105,1.0,0.0,1.0,1.5724342219973237,-0.9011583132784562,0.9674916965246582,2.5264674919273,1.0,1.0524952945655444,1.0,1.0,1.0,1.0,0.0,1.0,0.5793156974750526,1.0,0.0,0.0,0.0,0.0,1.0,0.0,0.0,0
1.0,-0.5242950201194192,0.0,0.0,0.0,-0.5064419972567069,0.580306740608976,-0.029052058828133578,-1.009789125150946,0.0,-0.075806028522988,1.0,1.0,0.0,1.0,1.0,1.0,-0.2806524287733598,0.0,0.0,1.0,0.0,0.0,0.0,0.0,0.0,0
0.0,0.8523944051317478,0.0,0.0,1.0,-0.5064419972567069,-0.8525569936448373,0.6922512368072216,0.3495925829742223,1.0,0.6185332472238011,0.0,1.0,0.0,0.0,0.0,1.0,0.5793156974750526,1.0,0.0,0.0,0.0,0.0,1.0,0.0,1.0,0
1.0,-1.42213594963105,1.0,0.0,1.0,2.611872331624339,0.34753683001036506,-1.0751669637751349,-0.734042489288864,1.0,-1.160711146877346,1.0,0.0,0.0,0.0,0.0,0.0,0.5793156974750526,0.0,0.0,0.0,0.0,0.0,0.0,1.0,0.0,0
1.0,-0.6440071440543034,0.0,0.0,0.0,-0.5064419972567069,1.8421405229894272,-1.6274416960188693,-1.0244564993989291,0.0,0.748721861426324,1.0,1.0,1.0,0.0,1.0,1.0,0.5793156974750526,1.0,0.0,0.0,0.0,0.0,0.0,0.0,0.0,0
0.0,1.271386838903842,0.0,1.0,0.0,-0.5064419972567069,0.7634284941083394,-0.21712604216567166,-0.8078051875230757,0.0,1.3128725229705902,1.0,1.0,1.0,1.0,0.0,0.0,-0.2806524287733598,1.0,0.0,0.0,0.0,0.0,0.0,0.0,0.0,0
0.0,1.1516747149689581,0.0,1.0,1.0,1.5724342219973237,0.8158217186290537,-1.3927447276572364,0.47355555242491815,1.0,-0.5531642805989055,1.0,1.0,1.0,0.0,0.0,1.0,-0.2806524287733598,0.0,0.0,1.0,0.0,0.0,0.0,0.0,0.0,0
1.0,-1.541848073565934,1.0,0.0,0.0,-0.5064419972567069,-1.1551128338951566,1.1351453725267753,0.9613167173360719,0.0,0.878910475628847,1.0,1.0,0.0,1.0,1.0,1.0,-0.2806524287733598,1.0,0.0,0.0,0.0,1.0,0.0,0.0,0.0,0
1.0,-0.225014710282209,0.0,0.0,0.0,-0.5064419972567069,0.9148382292253079,-0.3892374906367153,-0.9769531324796549,0.0,-1.3342959658140432,0.0,1.0,1.0,0.0,1.0,1.0,-0.2806524287733598,0.0,0.0,0.0,0.0,1.0,0.0,0.0,1.0,0
0.0,-0.8235753299566294,0.0,0.0,1.0,-0.5064419972567069,0.6360806557631988,-1.1461849725308344,0.9441416952327886,1.0,-1.3776921705482175,1.0,1.0,1.0,0.0,1.0,1.0,-0.2806524287733598,0.0,0.0,0.0,0.0,0.0,0.0,0.0,1.0,0
0.0,-0.5242950201194192,0.0,0.0,1.0,1.5724342219973237,-0.627351484478065,1.0260129939272797,-0.13916217825695618,1.0,-0.5531642805989055,1.0,1.0,1.0,1.0,1.0,1.0,-0.2806524287733598,0.0,0.0,1.0,0.0,1.0,0.0,0.0,0.0,0
0.0,-1.3622798876636077,1.0,0.0,1.0,-0.5064419972567069,-1.004553426777501,1.2530253567991079,0.17850475948807115,1.0,1.1826839087680672,1.0,1.0,0.0,0.0,1.0,1.0,0.5793156974750526,1.0,0.0,0.0,0.0,0.0,1.0,0.0,0.0,0
0.0,-1.42213594963105,1.0,0.0,1.0,1.5724342219973237,0.6737409267361288,-1.2496549373949588,-0.41902514173056904,1.0,1.3996649324389387,1.0,0.0,0.0,0.0,0.0,0.0,0.5793156974750526,0.0,0.0,0.0,0.0,0.0,0.0,1.0,0.0,0
0.0,-0.5841510820868613,0.0,0.0,0.0,-0.5064419972567069,0.4348958006407537,-0.9849120658565278,1.1480181972797534,0.0,-1.3342959658140432,1.0,1.0,0.0,0.0,0.0,0.0,1.439283823723465,0.0,0.0,0.0,0.0,0.0,1.0,0.0,1.0,0
0.0,-1.1228556397938396,1.0,0.0,0.0,-0.5064419972567069,-0.8963078450522225,0.6793323704335439,1.6459518959435409,0.0,-0.5097680758647312,1.0,1.0,1.0,0.0,1.0,1.0,0.5793156974750526,0.0,0.0,1.0,0.0,0.0,1.0,0.0,1.0,0
1.0,-0.7038632060217453,0.0,0.0,1.0,1.5724342219973237,0.8877882564121442,-1.4942492494746153,-0.9482334674198944,1.0,1.5298535466414618,1.0,1.0,1.0,1.0,1.0,1.0,0.5793156974750526,1.0,0.0,0.0,0.0,0.0,0.0,0.0,0.0,0
0.0,0.7326822811968637,0.0,0.0,0.0,-0.5064419972567069,-1.0434865615363755,1.477397289962838,-0.966212829401293,0.0,-0.16259843799133664,1.0,1.0,0.0,1.0,0.0,1.0,-0.2806524287733598,0.0,0.0,1.0,0.0,0.0,0.0,0.0,1.0,0
0.0,-0.10530258634732491,0.0,0.0,0.0,-0.5064419972567069,-1.1878704767217831,1.7552763339019481,-0.9993800208459258,0.0,-0.8135415090039514,1.0,0.0,0.0,0.0,0.0,0.0,0.5793156974750526,0.0,0.0,0.0,1.0,0.0,0.0,1.0,0.0,0
1.0,0.49325803332709556,0.0,0.0,1.0,-0.5064419972567069,0.2516199934239724,-0.01711591397781867,-0.8830346231820857,1.0,1.3128725229705902,1.0,0.0,0.0,0.0,0.0,0.0,1.439283823723465,1.0,0.0,0.0,0.0,0.0,0.0,1.0,0.0,0
1.0,-1.481992011598492,1.0,0.0,1.0,-0.5064419972567069,0.2378481571630946,0.39607419492588686,-1.0327837828429454,1.0,1.5298535466414618,1.0,1.0,1.0,0.0,1.0,1.0,0.5793156974750526,0.0,0.0,0.0,0.0,0.0,0.0,0.0,0.0,0
0.0,-0.5841510820868613,0.0,0.0,0.0,-0.5064419972567069,-0.9194862579065528,0.8156815215143791,-0.1330586580053761,0.0,-0.075806028522988,1.0,1.0,0.0,1.0,0.0,1.0,-2.0005886812701847,1.0,0.0,0.0,0.0,0.0,0.0,0.0,0.0,1
0.0,1.2115307769364,0.0,1.0,0.0,-0.5064419972567069,0.9393533916591592,-0.746873382943821,0.799455145393007,0.0,-0.11920223325716231,1.0,1.0,0.0,0.0,0.0,1.0,-0.2806524287733598,0.0,0.0,1.0,0.0,0.0,0.0,0.0,0.0,0
0.0,-0.225014710282209,0.0,0.0,1.0,1.5724342219973237,1.5975489101958875,-1.687366485850642,-1.0249296405037027,1.0,-0.7701453042697771,1.0,0.0,0.0,0.0,0.0,0.0,-0.2806524287733598,0.0,0.0,0.0,1.0,0.0,0.0,1.0,1.0,0
1.0,0.7326822811968637,0.0,0.0,0.0,0.5329961123703084,-0.8409867912195582,0.7351338822116105,-0.5520724203929189,0.0,-0.6833528948014285,0.0,1.0,1.0,1.0,0.0,1.0,0.5793156974750526,1.0,0.0,0.0,0.0,0.0,1.0,0.0,0.0,0
0.0,-0.16515864831476695,0.0,0.0,1.0,-0.5064419972567069,-1.0966128553213574,1.2597946010201975,1.1473557997330703,1.0,0.4015522235529295,1.0,0.0,0.0,0.0,0.0,0.0,-0.2806524287733598,1.0,0.0,0.0,0.0,0.0,0.0,1.0,0.0,0
0.0,1.6305232107084944,0.0,1.0,1.0,-0.5064419972567069,-0.8023916850899873,0.7410948033768576,-0.08143896347457111,1.0,0.010986380945360646,1.0,1.0,0.0,0.0,1.0,1.0,-2.0005886812701847,1.0,0.0,0.0,0.0,0.0,0.0,0.0,1.0,1
0.0,-0.40458289618453513,0.0,0.0,1.0,2.611872331624339,-0.8457737779926804,0.942191000328098,0.6053726642148565,1.0,0.9657028850971957,1.0,1.0,1.0,0.0,1.0,1.0,0.5793156974750526,0.0,1.0,0.0,0.0,0.0,0.0,0.0,0.0,0
1.0,-1.3024238256961658,1.0,0.0,0.0,-0.5064419972567069,-0.9351835634649728,1.472013544678224,-1.0025500662479092,0.0,0.6185332472238011,1.0,0.0,0.0,0.0,0.0,0.0,-0.2806524287733598,0.0,1.0,0.0,0.0,0.0,0.0,1.0,0.0,0
0.0,0.07426559955500123,0.0,0.0,1.0,2.611872331624339,-0.8998057944207736,0.6288380162532833,0.4751169180706712,1.0,-1.3342959658140432,1.0,1.0,0.0,0.0,0.0,1.0,0.5793156974750526,1.0,0.0,0.0,0.0,0.0,0.0,0.0,1.0,0
1.0,-0.7637192679891874,0.0,0.0,1.0,-0.5064419972567069,-0.5104101566979882,0.9363837159080529,-0.9311530735375657,1.0,-0.7701453042697771,1.0,1.0,0.0,0.0,0.0,1.0,1.439283823723465,1.0,0.0,0.0,0.0,0.0,0.0,0.0,1.0,0
0.0,-1.0031435158589557,0.0,0.0,1.0,-0.5064419972567069,0.7161744369063482,-0.23151899082441005,-0.9653138613022232,1.0,-1.2041073516115204,1.0,1.0,0.0,1.0,0.0,0.0,-0.2806524287733598,1.0,0.0,0.0,0.0,1.0,0.0,0.0,1.0,1
1.0,-1.0031435158589557,0.0,0.0,0.0,-0.5064419972567069,0.16290041712658496,0.11021665178317563,-0.4416412865387494,0.0,-0.3361832569280339,1.0,0.0,0.0,0.0,0.0,0.0,1.439283823723465,0.0,0.0,1.0,0.0,0.0,0.0,1.0,0.0,0
0.0,1.9298035205457047,0.0,1.0,0.0,-0.5064419972567069,1.7663861237238965,-1.2478795794503856,0.45727949842070464,0.0,-1.0739187374089973,0.0,1.0,0.0,0.0,0.0,1.0,-0.2806524287733598,1.0,0.0,0.0,0.0,0.0,1.0,0.0,0.0,0
1.0,0.07426559955500123,0.0,0.0,1.0,-0.5064419972567069,-0.9518326864795895,0.6291628218647636,-0.15274132796395987,1.0,0.3581560188187552,1.0,0.0,0.0,0.0,0.0,0.0,0.5793156974750526,0.0,1.0,0.0,0.0,0.0,0.0,1.0,0.0,0
0.0,0.49325803332709556,0.0,0.0,0.0,-0.5064419972567069,-0.5158715833678564,-0.22916968660046552,0.407788938861381,0.0,-1.290899761079869,1.0,1.0,0.0,0.0,1.0,1.0,1.439283823723465,1.0,0.0,0.0,0.0,0.0,0.0,0.0,1.0,0
1.0,0.3136898474247694,0.0,0.0,1.0,1.5724342219973237,0.8919436633778828,0.13115600217671666,-0.9741615999614903,1.0,0.3581560188187552,0.0,1.0,0.0,1.0,1.0,1.0,0.5793156974750526,1.0,0.0,0.0,0.0,1.0,0.0,0.0,0.0,0
0.0,1.9896595825131467,0.0,1.0,1.0,-0.5064419972567069,0.6077012114988952,-1.2600584057660937,0.20703516810592215,1.0,0.4015522235529295,0.0,1.0,0.0,1.0,0.0,0.0,-0.2806524287733598,1.0,0.0,0.0,0.0,0.0,1.0,0.0,0.0,1
0.0,-0.8834313919240715,0.0,0.0,0.0,-0.5064419972567069,-0.8215222455424499,0.6334125157388427,1.1088894279149728,0.0,1.5298535466414618,1.0,1.0,1.0,1.0,0.0,1.0,-0.2806524287733598,0.0,0.0,0.0,0.0,1.0,0.0,0.0,0.0,0
1.0,-1.0031435158589557,0.0,0.0,1.0,-0.5064419972567069,1.1817158754654347,-1.389034838563602,-0.8951470354642911,1.0,1.4864573419072875,1.0,1.0,1.0,1.0,1.0,1.0,-0.2806524287733598,1.0,0.0,0.0,0.0,1.0,0.0,0.0,0.0,0
0.0,0.19397772348988532,0.0,0.0,0.0,-0.5064419972567069,1.9667550197866075,-0.6218891986635592,-1.0090320993833082,0.0,0.18457119988205792,0.0,1.0,0.0,1.0,1.0,0.0,1.439283823723465,1.0,0.0,0.0,0.0,1.0,0.0,0.0,0.0,0
0.0,0.8523944051317478,0.0,0.0,1.0,-0.5064419972567069,-1.3594442665214779,1.176608838867368,0.6141730887636463,1.0,1.139287704033893,1.0,1.0,0.0,1.0,1.0,1.0,-1.1406205550217723,1.0,0.0,0.0,0.0,0.0,0.0,0.0,1.0,1
0.0,-0.7637192679891874,0.0,0.0,1.0,-0.5064419972567069,-0.7323401037523322,0.41288334669162435,-0.27954314404329755,1.0,1.4430611371731132,1.0,1.0,1.0,1.0,1.0,1.0,-0.2806524287733598,0.0,0.0,0.0,0.0,0.0,1.0,0.0,0.0,0
1.0,-0.3447268342170931,0.0,0.0,0.0,1.5724342219973237,-0.8715197528040434,0.6353152122470076,-0.6434832818351877,0.0,-1.2041073516115204,1.0,1.0,0.0,0.0,1.0,1.0,-0.2806524287733598,1.0,0.0,0.0,0.0,0.0,0.0,0.0,1.0,1
0.0,-0.04544652437988287,0.0,0.0,1.0,-0.5064419972567069,-0.9242384713996258,0.7831340614832524,-0.2673361035401374,1.0,1.5298535466414618,1.0,0.0,0.0,0.0,0.0,0.0,-0.2806524287733598,0.0,0.0,0.0,0.0,0.0,0.0,1.0,0.0,0
1.0,0.9122504670991899,0.0,0.0,0.0,-0.5064419972567069,0.9276081098122427,-0.4358106475272319,-0.9969670012115802,0.0,-0.42297566639638257,1.0,0.0,0.0,0.0,0.0,0.0,-0.2806524287733598,1.0,0.0,0.0,0.0,0.0,0.0,1.0,0.0,0
1.0,-0.7637192679891874,0.0,0.0,0.0,-0.5064419972567069,0.7096742595801615,-0.7195334242433571,0.40476083579082967,0.0,-0.9437301232064743,1.0,1.0,0.0,0.0,0.0,1.0,1.439283823723465,1.0,0.0,0.0,0.0,1.0,0.0,0.0,1.0,0
1.0,-0.28487077224965107,0.0,0.0,0.0,-0.5064419972567069,-0.8296632364783414,0.7357438154763521,0.28245386020684166,0.0,-0.20599464272551093,1.0,1.0,0.0,0.0,0.0,1.0,1.439283823723465,1.0,0.0,0.0,0.0,0.0,1.0,0.0,1.0,0
0.0,-1.661560197500818,1.0,0.0,0.0,0.5329961123703084,0.47047088783220103,-0.8646730885564973,-1.0353860589192003,0.0,1.4864573419072875,1.0,1.0,1.0,0.0,0.0,1.0,0.5793156974750526,1.0,0.0,0.0,0.0,0.0,0.0,0.0,0.0,0
1.0,-0.7637192679891874,0.0,0.0,1.0,-0.5064419972567069,1.0647037881038681,-0.49719890809709993,-0.9171954109467432,1.0,-0.9003339184723,1.0,1.0,0.0,0.0,0.0,1.0,-0.2806524287733598,1.0,0.0,0.0,0.0,0.0,0.0,0.0,1.0,1
1.0,-0.10530258634732491,0.0,0.0,1.0,-0.5064419972567069,1.6088207093574964,-0.19417972528073568,-0.9924248466057531,1.0,0.4015522235529295,1.0,1.0,1.0,0.0,1.0,1.0,-0.2806524287733598,1.0,0.0,0.0,0.0,0.0,1.0,0.0,0.0,0
1.0,0.014409537587559178,0.0,0.0,0.0,-0.5064419972567069,0.6801060543467764,-1.2973810619319108,0.32200845656591864,0.0,-0.03240982378881367,1.0,0.0,0.0,0.0,0.0,0.0,1.439283823723465,1.0,0.0,0.0,0.0,0.0,0.0,1.0,0.0,0
1.0,-1.481992011598492,1.0,0.0,1.0,-0.5064419972567069,-1.3813882279341032,1.2608917427021562,-0.0026136554192813318,1.0,1.0958914992997186,1.0,1.0,1.0,1.0,0.0,1.0,0.5793156974750526,0.0,1.0,0.0,0.0,1.0,0.0,0.0,0.0,0
1.0,1.5706671487410524,0.0,1.0,0.0,-0.5064419972567069,1.3240667667894321,-1.1655851872426977,-0.6202520535908016,0.0,0.27136360935040654,0.0,1.0,1.0,0.0,0.0,0.0,-0.2806524287733598,1.0,0.0,0.0,0.0,0.0,1.0,0.0,0.0,0
1.0,0.7326822811968637,0.0,0.0,1.0,0.5329961123703084,-1.1463103419574194,1.23988826165521,-0.9505518588332853,0.0,1.3996649324389387,1.0,1.0,0.0,0.0,1.0,1.0,1.439283823723465,0.0,0.0,0.0,0.0,0.0,0.0,0.0,0.0,0
0.0,0.2538337854573274,0.0,0.0,0.0,0.5329961123703084,-0.8418148804932606,0.7162370239232222,0.2812710074449075,0.0,-0.11920223325716231,1.0,1.0,0.0,1.0,1.0,1.0,-1.1406205550217723,0.0,0.0,1.0,0.0,0.0,0.0,0.0,1.0,1
0.0,1.9298035205457047,0.0,1.0,1.0,-0.5064419972567069,1.4424430988821848,-0.31632139908893103,-0.836761423135223,1.0,0.3581560188187552,1.0,0.0,0.0,0.0,0.0,0.0,0.5793156974750526,1.0,0.0,0.0,0.0,0.0,0.0,1.0,0.0,0
0.0,0.8523944051317478,0.0,0.0,1.0,-0.5064419972567069,-1.428380272514338,1.1872951280337272,0.1027548686138101,1.0,1.3128725229705902,1.0,1.0,0.0,1.0,1.0,1.0,-1.1406205550217723,0.0,0.0,0.0,0.0,0.0,0.0,0.0,0.0,1
1.0,-0.5841510820868613,0.0,0.0,0.0,-0.5064419972567069,-0.8911165178134267,0.5844582199834787,-0.7901570243150186,0.0,-0.2927870521938596,1.0,1.0,1.0,0.0,0.0,1.0,-0.2806524287733598,0.0,0.0,1.0,0.0,0.0,1.0,0.0,1.0,0
0.0,1.1516747149689581,0.0,1.0,1.0,-0.5064419972567069,0.42873486496527047,-1.0125039334545323,1.0908154377126194,1.0,1.269476318236416,1.0,1.0,0.0,1.0,0.0,1.0,-2.0005886812701847,1.0,0.0,0.0,0.0,0.0,0.0,0.0,0.0,1
1.0,-1.3622798876636077,1.0,0.0,0.0,-0.5064419972567069,0.5851733824538361,-0.3005844749383665,-0.9544316158924292,0.0,0.22796740461623224,1.0,0.0,0.0,0.0,0.0,0.0,-0.2806524287733598,0.0,1.0,0.0,0.0,0.0,0.0,1.0,0.0,0
0.0,-0.16515864831476695,0.0,0.0,1.0,-0.5064419972567069,-0.9242384713996258,0.7831340614832524,-0.2673361035401374,1.0,-0.5531642805989055,1.0,1.0,0.0,1.0,1.0,1.0,-2.0005886812701847,1.0,0.0,0.0,0.0,0.0,0.0,0.0,1.0,1
1.0,1.9298035205457047,0.0,1.0,1.0,-0.5064419972567069,0.8189707221757265,-0.30325304831450556,-1.0330203533953322,1.0,-0.46637187113055684,1.0,1.0,0.0,1.0,0.0,1.0,0.5793156974750526,0.0,0.0,1.0,0.0,0.0,0.0,0.0,0.0,0
1.0,0.37354590939221144,0.0,0.0,1.0,-0.5064419972567069,-0.7512527246937948,1.1176755366195057,2.20454228423931,1.0,1.5298535466414618,1.0,1.0,1.0,1.0,1.0,1.0,-0.2806524287733598,0.0,0.0,0.0,0.0,0.0,1.0,0.0,0.0,0
0.0,-1.0629995778263976,1.0,0.0,0.0,2.611872331624339,1.0528703600354359,-0.7021341781919905,-0.3040991673810499,0.0,0.18457119988205792,1.0,1.0,1.0,1.0,1.0,1.0,1.439283823723465,1.0,0.0,0.0,0.0,0.0,0.0,0.0,0.0,0
1.0,1.2115307769364,0.0,1.0,1.0,0.5329961123703084,-0.9942326363911564,0.7521695674364965,0.4462079965690013,1.0,-0.3361832569280339,0.0,1.0,0.0,1.0,0.0,1.0,1.439283823723465,1.0,0.0,0.0,0.0,0.0,1.0,0.0,0.0,0
0.0,1.031962591034074,0.0,0.0,1.0,1.5724342219973237,0.5216025701000127,-1.1747060425457752,0.17244855334696846,1.0,-0.24939084745968526,0.0,1.0,1.0,1.0,1.0,1.0,-0.2806524287733598,0.0,0.0,1.0,0.0,1.0,0.0,0.0,0.0,0
1.0,0.014409537587559178,0.0,0.0,0.0,-0.5064419972567069,-0.9805857413341726,0.6656028741459803,-0.04051225791165054,0.0,1.2260801135022417,1.0,1.0,1.0,0.0,0.0,1.0,-0.2806524287733598,1.0,0.0,0.0,0.0,0.0,0.0,0.0,0.0,0
1.0,-0.5841510820868613,0.0,0.0,1.0,-0.5064419972567069,-0.9194862579065528,0.8156815215143791,-0.1330586580053761,1.0,-0.42297566639638257,1.0,0.0,0.0,0.0,0.0,0.0,0.5793156974750526,1.0,0.0,0.0,0.0,0.0,0.0,1.0,0.0,0
0.0,-1.42213594963105,1.0,0.0,1.0,-0.5064419972567069,0.8955253112228269,-0.7132135559676964,0.7860179380174354,1.0,0.9657028850971957,0.0,1.0,0.0,0.0,1.0,1.0,-1.1406205550217723,0.0,1.0,0.0,0.0,0.0,1.0,0.0,1.0,1
1.0,1.091818653001516,0.0,1.0,0.0,-0.5064419972567069,0.6525538906752458,-0.849590850716573,-0.5568038314406554,0.0,-0.9871263279406487,1.0,1.0,0.0,0.0,0.0,1.0,-2.0005886812701847,0.0,0.0,0.0,1.0,0.0,0.0,0.0,1.0,1
0.0,0.5531140952945376,0.0,0.0,0.0,-0.5064419972567069,1.15493236301915,-0.8978498594598593,0.27748587860671836,0.0,-1.2475035563456947,1.0,1.0,0.0,0.0,1.0,1.0,-1.1406205550217723,0.0,0.0,0.0,0.0,0.0,0.0,0.0,1.0,1
0.0,0.7925383431643057,0.0,0.0,0.0,-0.5064419972567069,0.6786391071373095,-1.154863372462587,-0.5291723909218743,0.0,-1.421088375282392,1.0,1.0,0.0,0.0,0.0,1.0,-2.0005886812701847,1.0,0.0,0.0,0.0,1.0,0.0,0.0,1.0,1
0.0,-0.16515864831476695,0.0,0.0,1.0,-0.5064419972567069,-0.9834339155743846,0.8434454807218738,1.358849873566891,1.0,0.31475981408458087,1.0,0.0,0.0,0.0,0.0,0.0,-0.2806524287733598,1.0,0.0,0.0,0.0,0.0,0.0,1.0,0.0,0
0.0,-1.2425677637287238,1.0,0.0,0.0,-0.5064419972567069,-0.9920350459602156,0.8666783093748893,0.7550271956547614,0.0,-0.6399566900672541,1.0,1.0,0.0,0.0,1.0,1.0,1.439283823723465,0.0,0.0,0.0,1.0,0.0,0.0,0.0,1.0,0
1.0,-0.28487077224965107,0.0,0.0,0.0,-0.5064419972567069,0.16832828353780077,-0.24389436144479465,-0.9837190502779181,0.0,-0.03240982378881367,1.0,1.0,0.0,1.0,1.0,1.0,-2.0005886812701847,1.0,0.0,0.0,0.0,0.0,0.0,0.0,1.0,1
0.0,0.07426559955500123,0.0,0.0,0.0,-0.5064419972567069,-0.8945093386609034,0.6926729304562219,3.7517136968491394,0.0,1.0958914992997186,1.0,1.0,1.0,0.0,0.0,1.0,0.5793156974750526,0.0,1.0,0.0,0.0,0.0,1.0,0.0,0.0,0
1.0,-1.541848073565934,1.0,0.0,1.0,-0.5064419972567069,0.6945454567164812,-1.279085370847723,-0.7167255248541484,1.0,-0.9437301232064743,1.0,0.0,0.0,0.0,0.0,0.0,0.5793156974750526,1.0,0.0,0.0,0.0,0.0,0.0,1.0,1.0,0
0.0,-1.3622798876636077,1.0,0.0,1.0,1.5724342219973237,-0.9750644722753862,0.8471858203415797,1.0960199898651295,1.0,0.3581560188187552,1.0,0.0,0.0,0.0,0.0,0.0,-0.2806524287733598,0.0,1.0,0.0,0.0,0.0,0.0,1.0,0.0,0
1.0,-0.16515864831476695,0.0,0.0,1.0,-0.5064419972567069,0.6255948944668591,-1.0227542264520708,1.0483273665039459,1.0,1.1826839087680672,1.0,0.0,0.0,0.0,0.0,0.0,1.439283823723465,0.0,1.0,0.0,0.0,0.0,0.0,1.0,0.0,0
0.0,0.49325803332709556,0.0,0.0,0.0,-0.5064419972567069,0.3341349652755791,-0.4017009832340722,-0.5929991259558395,0.0,-1.290899761079869,1.0,1.0,0.0,1.0,0.0,1.0,-0.2806524287733598,0.0,0.0,0.0,0.0,0.0,0.0,0.0,1.0,0
0.0,-0.16515864831476695,0.0,0.0,0.0,-0.5064419972567069,-1.066776572359229,1.205483319533436,-0.17081531816631323,0.0,0.4015522235529295,0.0,1.0,1.0,0.0,0.0,1.0,-0.2806524287733598,1.0,0.0,0.0,0.0,1.0,0.0,0.0,0.0,0
0.0,0.2538337854573274,0.0,0.0,1.0,1.5724342219973237,-1.387503068796501,1.1661809178010467,1.1433341003424944,1.0,0.7053256566921497,1.0,1.0,1.0,1.0,1.0,1.0,1.439283823723465,1.0,0.0,0.0,0.0,1.0,0.0,0.0,1.0,0
0.0,-0.3447268342170931,0.0,0.0,1.0,-0.5064419972567069,2.096843073467624,-1.4987896074612352,-0.9351747729281418,1.0,0.1411749951478836,1.0,1.0,0.0,1.0,0.0,1.0,-0.2806524287733598,0.0,1.0,0.0,0.0,0.0,0.0,0.0,1.0,0
1.0,-0.04544652437988287,0.0,0.0,0.0,-0.5064419972567069,-0.37597099526584615,1.6922192922287802,-0.9944120392458025,0.0,-0.46637187113055684,0.0,1.0,0.0,1.0,0.0,1.0,0.5793156974750526,1.0,0.0,0.0,0.0,1.0,0.0,0.0,1.0,0
1.0,1.3312429008712843,0.0,1.0,1.0,-0.5064419972567069,-0.8291695367697524,0.7854898249097013,-0.5376416166973226,1.0,1.0958914992997186,1.0,1.0,1.0,1.0,0.0,1.0,0.5793156974750526,0.0,1.0,0.0,0.0,0.0,1.0,0.0,0.0,0
0.0,1.8100913966108205,0.0,1.0,0.0,-0.5064419972567069,2.026865890775655,-1.5846882346645028,-1.0291405963361884,0.0,-1.421088375282392,1.0,1.0,0.0,0.0,0.0,1.0,-0.2806524287733598,1.0,0.0,0.0,0.0,0.0,0.0,0.0,0.0,0
1.0,-0.225014710282209,0.0,0.0,0.0,-0.5064419972567069,1.0010347210168837,-0.6974097329340839,1.0312942867320944,0.0,-1.2041073516115204,1.0,0.0,0.0,0.0,0.0,0.0,0.5793156974750526,1.0,0.0,0.0,0.0,0.0,0.0,1.0,1.0,0
1.0,-0.8834313919240715,0.0,0.0,0.0,-0.5064419972567069,1.91239063549573,-1.797426221380643,-0.9583586870620505,0.0,0.6619294519579755,1.0,1.0,0.0,1.0,1.0,1.0,1.439283823723465,0.0,1.0,0.0,0.0,0.0,1.0,0.0,0.0,0
0.0,0.37354590939221144,0.0,0.0,0.0,-0.5064419972567069,-0.9308777418460038,0.6267553848183056,-0.27821834894993136,0.0,-1.3342959658140432,1.0,1.0,0.0,1.0,1.0,0.0,-1.1406205550217723,0.0,0.0,0.0,0.0,0.0,0.0,0.0,1.0,1
1.0,0.7326822811968637,0.0,0.0,1.0,-0.5064419972567069,-1.396615689871409,1.2168445953611544,0.5281087218053198,1.0,1.3996649324389387,1.0,1.0,1.0,0.0,1.0,1.0,0.5793156974750526,0.0,0.0,0.0,0.0,0.0,0.0,0.0,0.0,0
0.0,1.271386838903842,0.0,1.0,0.0,-0.5064419972567069,1.1176093119945918,-0.5669329196699109,-0.9649826625288815,0.0,-0.24939084745968526,1.0,1.0,0.0,1.0,0.0,1.0,1.439283823723465,0.0,0.0,1.0,0.0,0.0,0.0,0.0,0.0,0
1.0,0.8523944051317478,0.0,0.0,1.0,-0.5064419972567069,0.6392203594791617,-1.2350732877488664,0.04725541702386118,1.0,-1.4644845800165662,1.0,1.0,0.0,0.0,0.0,1.0,-1.1406205550217723,0.0,0.0,0.0,0.0,0.0,0.0,0.0,1.0,1
0.0,0.9721065290666319,0.0,0.0,1.0,2.611872331624339,-0.8269339383350394,0.6524196418413594,0.3465171657931936,1.0,-0.5097680758647312,1.0,1.0,0.0,1.0,0.0,1.0,1.439283823723465,1.0,0.0,0.0,0.0,0.0,1.0,0.0,0.0,0
1.0,0.5531140952945376,0.0,0.0,1.0,-0.5064419972567069,-0.670993163959718,1.9021664420928692,-1.035196802477291,1.0,1.5298535466414618,0.0,1.0,1.0,1.0,1.0,1.0,-0.2806524287733598,0.0,0.0,0.0,0.0,0.0,1.0,0.0,0.0,0
1.0,-0.8834313919240715,0.0,0.0,1.0,1.5724342219973237,-0.8004815807301422,0.6988654601682843,0.34012976087874935,1.0,0.5317408377554524,1.0,1.0,1.0,1.0,1.0,1.0,-0.2806524287733598,1.0,0.0,0.0,0.0,0.0,1.0,0.0,0.0,0
1.0,0.014409537587559178,0.0,0.0,1.0,0.5329961123703084,-0.9204659748548825,0.9386010678523388,2.1212221356886705,1.0,1.4430611371731132,1.0,1.0,0.0,1.0,1.0,1.0,1.439283823723465,0.0,0.0,0.0,0.0,0.0,0.0,0.0,0.0,0
0.0,-1.541848073565934,1.0,0.0,1.0,0.5329961123703084,0.7085635363209536,-1.3157662591079022,-0.6356764536064226,0.0,1.1826839087680672,1.0,1.0,1.0,1.0,0.0,1.0,-0.2806524287733598,1.0,0.0,0.0,0.0,0.0,0.0,0.0,1.0,0
1.0,-0.5242950201194192,0.0,0.0,0.0,-0.5064419972567069,0.9276081098122427,-0.4358106475272319,-0.9969670012115802,0.0,1.0958914992997186,0.0,1.0,0.0,1.0,1.0,1.0,0.5793156974750526,0.0,1.0,0.0,0.0,1.0,0.0,0.0,0.0,0
1.0,-0.16515864831476695,0.0,0.0,0.0,-0.5064419972567069,-0.013701750704239337,0.17752292595881,1.617184916773303,0.0,1.4430611371731132,1.0,1.0,1.0,1.0,1.0,1.0,0.5793156974750526,1.0,0.0,0.0,0.0,0.0,1.0,0.0,0.0,0
1.0,-0.9432874538915136,0.0,0.0,0.0,2.611872331624339,0.3498917088824526,-0.851877408401937,-0.7688656746002045,0.0,0.27136360935040654,1.0,0.0,0.0,0.0,0.0,0.0,0.5793156974750526,1.0,0.0,0.0,0.0,0.0,0.0,1.0,0.0,0
1.0,1.8699474585782625,0.0,1.0,1.0,-0.5064419972567069,0.5877284098564329,-0.5474538104132096,1.2155827470414304,1.0,-1.1173149421431716,1.0,1.0,0.0,1.0,0.0,1.0,-0.2806524287733598,0.0,0.0,0.0,1.0,0.0,0.0,0.0,1.0,1
0.0,-0.46443895815197717,0.0,0.0,1.0,0.5329961123703084,0.956858907780073,-0.7456908875145196,0.06816825385485642,1.0,1.3128725229705902,1.0,1.0,1.0,1.0,0.0,1.0,-0.2806524287733598,1.0,0.0,0.0,0.0,0.0,1.0,0.0,0.0,0
0.0,0.7326822811968637,0.0,0.0,1.0,0.5329961123703084,0.7722702070712455,-1.4186253679640728,-1.0179744662635302,1.0,-1.030522532674823,1.0,1.0,0.0,0.0,1.0,1.0,-0.2806524287733598,1.0,0.0,0.0,0.0,0.0,1.0,0.0,0.0,0
0.0,1.8699474585782625,0.0,1.0,0.0,-0.5064419972567069,1.1718511811243717,-1.1647967031659678,-0.8205326832414869,0.0,-1.290899761079869,1.0,1.0,0.0,0.0,0.0,1.0,-1.1406205550217723,1.0,0.0,0.0,0.0,0.0,0.0,0.0,1.0,1
0.0,0.6728262192294217,0.0,0.0,0.0,-0.5064419972567069,0.4673360362018256,-0.9392842593891985,1.8309973820205145,0.0,-1.0739187374089973,1.0,1.0,0.0,0.0,0.0,1.0,1.439283823723465,1.0,0.0,0.0,0.0,0.0,1.0,0.0,1.0,0
1.0,0.43340197135965347,0.0,0.0,1.0,-0.5064419972567069,-1.0319628582646496,0.9356063047498947,-0.7390577849994646,1.0,1.139287704033893,1.0,1.0,0.0,0.0,0.0,1.0,0.5793156974750526,0.0,1.0,0.0,0.0,0.0,0.0,0.0,1.0,0
1.0,1.8699474585782625,0.0,1.0,1.0,0.5329961123703084,0.6967567947232575,-1.260295089400595,-0.732102610759292,1.0,0.8355142708946727,1.0,1.0,1.0,0.0,0.0,0.0,0.5793156974750526,0.0,1.0,0.0,0.0,0.0,1.0,0.0,0.0,0
0.0,-1.481992011598492,1.0,0.0,0.0,-0.5064419972567069,-0.6306816325533594,0.5424821697872706,-0.9060765949845624,0.0,-0.20599464272551093,1.0,1.0,1.0,0.0,1.0,1.0,-2.0005886812701847,0.0,0.0,1.0,0.0,0.0,0.0,0.0,1.0,1
0.0,0.9721065290666319,0.0,0.0,1.0,0.5329961123703084,0.15398713590125404,-0.18149339019708519,-0.832881666076079,1.0,-0.11920223325716231,1.0,1.0,0.0,1.0,0.0,1.0,-0.2806524287733598,1.0,0.0,0.0,0.0,0.0,0.0,0.0,1.0,0
0.0,1.6305232107084944,0.0,1.0,0.0,-0.5064419972567069,1.2784502884734228,-0.6698630797535906,-1.0081331312842383,0.0,-0.7701453042697771,1.0,1.0,0.0,0.0,0.0,1.0,-2.0005886812701847,0.0,0.0,0.0,1.0,0.0,0.0,0.0,1.0,1
1.0,0.014409537587559178,0.0,0.0,0.0,-0.5064419972567069,-0.005617367433542958,0.3110604784652629,-0.3034367698343668,0.0,-1.421088375282392,1.0,1.0,0.0,0.0,0.0,1.0,-2.0005886812701847,1.0,0.0,0.0,0.0,0.0,1.0,0.0,1.0,1
0.0,1.031962591034074,0.0,0.0,1.0,0.5329961123703084,-0.3985230847388477,-0.39974476761947414,0.24252075096394576,1.0,1.0958914992997186,1.0,0.0,0.0,0.0,0.0,0.0,1.439283823723465,0.0,1.0,0.0,0.0,0.0,0.0,1.0,0.0,0
0.0,-0.28487077224965107,0.0,0.0,1.0,-0.5064419972567069,1.1376929029246479,-0.9853526757414222,-1.0120602024538596,1.0,1.3562687277047645,0.0,1.0,1.0,1.0,1.0,1.0,-0.2806524287733598,0.0,0.0,0.0,0.0,1.0,0.0,0.0,0.0,0
0.0,0.7925383431643057,0.0,0.0,0.0,-0.5064419972567069,0.22896196674896444,-0.39925571371582624,-0.5881257725766709,0.0,-1.3342959658140432,1.0,1.0,1.0,0.0,1.0,1.0,-0.2806524287733598,0.0,0.0,0.0,0.0,0.0,1.0,0.0,1.0,0
1.0,0.6129701572619797,0.0,0.0,0.0,-0.5064419972567069,-0.8823140258756925,0.6165964433989948,0.1222482821304844,0.0,0.44494842828710385,0.0,1.0,1.0,0.0,0.0,1.0,0.5793156974750526,0.0,1.0,0.0,0.0,0.0,1.0,0.0,0.0,0
0.0,-0.10530258634732491,0.0,0.0,0.0,0.5329961123703084,-1.3977450127920368,1.2399662334568295,1.6543738076085117,0.0,0.010986380945360646,1.0,1.0,1.0,0.0,0.0,0.0,-0.2806524287733598,1.0,0.0,0.0,0.0,1.0,0.0,0.0,0.0,0
1.0,-0.04544652437988287,0.0,0.0,1.0,2.611872331624339,-0.8815162621369167,0.6891609697820822,-0.32084836249003706,1.0,0.4015522235529295,1.0,0.0,0.0,0.0,0.0,0.0,0.5793156974750526,1.0,0.0,0.0,0.0,0.0,0.0,1.0,0.0,0
1.0,-0.40458289618453513,0.0,0.0,1.0,1.5724342219973237,0.47047088783220103,-0.8646730885564973,-1.0353860589192003,1.0,1.139287704033893,1.0,0.0,0.0,0.0,0.0,0.0,1.439283823723465,0.0,1.0,0.0,0.0,0.0,0.0,1.0,0.0,0
0.0,0.6728262192294217,0.0,0.0,1.0,-0.5064419972567069,0.7722702070712455,-1.4186253679640728,-1.0179744662635302,1.0,0.1411749951478836,1.0,1.0,0.0,0.0,1.0,1.0,-0.2806524287733598,0.0,1.0,0.0,0.0,0.0,0.0,0.0,1.0,1
1.0,1.7502353346433785,0.0,1.0,0.0,-0.5064419972567069,-1.3427114450304682,1.1797632365459059,-0.8357205127047209,0.0,-1.2041073516115204,1.0,1.0,0.0,0.0,0.0,1.0,-0.2806524287733598,0.0,0.0,0.0,0.0,0.0,0.0,0.0,1.0,1
0.0,-1.661560197500818,1.0,0.0,1.0,1.5724342219973237,-1.2946333419594298,1.218740371295209,-0.08872533648808528,1.0,0.31475981408458087,0.0,1.0,1.0,1.0,1.0,1.0,0.5793156974750526,1.0,0.0,0.0,0.0,1.0,0.0,0.0,0.0,0
1.0,-0.8834313919240715,0.0,0.0,0.0,-0.5064419972567069,0.7272901606482072,-1.2853854001442708,0.30667868477125243,0.0,-1.290899761079869,1.0,1.0,1.0,0.0,1.0,1.0,-0.2806524287733598,1.0,0.0,0.0,0.0,0.0,1.0,0.0,0.0,0
1.0,-1.3024238256961658,1.0,0.0,1.0,-0.5064419972567069,-0.7189010396947061,0.11389055389143965,-0.21349264581689628,1.0,1.5298535466414618,1.0,1.0,1.0,1.0,1.0,1.0,-0.2806524287733598,0.0,0.0,0.0,0.0,0.0,0.0,0.0,0.0,0
1.0,1.031962591034074,0.0,0.0,0.0,-0.5064419972567069,0.7699395886270975,-0.6454878950010985,1.1276731297744866,0.0,-0.9871263279406487,1.0,1.0,0.0,0.0,0.0,1.0,-0.2806524287733598,1.0,0.0,0.0,0.0,1.0,0.0,0.0,0.0,0
0.0,0.3136898474247694,0.0,0.0,0.0,-0.5064419972567069,2.1646186223239976,-1.972361725459465,-0.979697350887342,0.0,-0.37957946166220824,1.0,1.0,1.0,0.0,1.0,1.0,-2.0005886812701847,1.0,0.0,0.0,0.0,0.0,0.0,0.0,1.0,1
0.0,-1.42213594963105,1.0,0.0,1.0,-0.5064419972567069,-0.8160600101916523,1.4609604650841221,-1.0204348000083532,1.0,1.4430611371731132,1.0,1.0,0.0,1.0,1.0,1.0,-0.2806524287733598,0.0,0.0,0.0,0.0,0.0,0.0,0.0,0.0,0
1.0,-0.28487077224965107,0.0,0.0,1.0,2.611872331624339,0.9969868686150161,-0.8229457176565806,-0.9967777447696707,1.0,1.5298535466414618,1.0,0.0,0.0,0.0,0.0,0.0,0.5793156974750526,1.0,0.0,0.0,0.0,0.0,0.0,1.0,0.0,0
1.0,-0.28487077224965107,0.0,0.0,0.0,-0.5064419972567069,0.487223926346498,-1.1098874840762485,-0.40383731226733494,0.0,1.3996649324389387,1.0,1.0,1.0,1.0,1.0,1.0,-0.2806524287733598,0.0,0.0,0.0,0.0,0.0,1.0,0.0,0.0,0
0.0,0.37354590939221144,0.0,0.0,1.0,-0.5064419972567069,1.1376929029246479,-0.9853526757414222,-1.0120602024538596,1.0,-0.8135415090039514,1.0,1.0,0.0,1.0,0.0,1.0,-2.0005886812701847,1.0,0.0,0.0,0.0,0.0,1.0,0.0,1.0,1
0.0,-1.0031435158589557,0.0,0.0,0.0,-0.5064419972567069,0.7014220750162115,-0.7242361850357202,-0.26326709003908405,0.0,0.878910475628847,1.0,1.0,1.0,1.0,1.0,1.0,0.5793156974750526,1.0,0.0,0.0,0.0,0.0,1.0,0.0,0.0,0
0.0,0.9721065290666319,0.0,0.0,1.0,1.5724342219973237,0.4572792801395695,-0.9655769045412819,1.4092394012252847,1.0,0.9657028850971957,1.0,1.0,0.0,1.0,1.0,1.0,0.5793156974750526,1.0,0.0,0.0,0.0,0.0,1.0,0.0,0.0,0
1.0,1.5706671487410524,0.0,1.0,1.0,-0.5064419972567069,1.1749945239045279,-0.7530820606621411,-0.7696700144783196,1.0,1.3996649324389387,1.0,1.0,0.0,0.0,1.0,1.0,0.5793156974750526,1.0,0.0,0.0,0.0,0.0,0.0,0.0,0.0,0
0.0,-0.10530258634732491,0.0,0.0,1.0,-0.5064419972567069,0.47787476609917,-0.3479553433377601,0.05577195690978685,1.0,0.8355142708946727,1.0,1.0,1.0,1.0,0.0,1.0,-0.2806524287733598,0.0,1.0,0.0,0.0,0.0,0.0,0.0,0.0,0
1.0,0.6728262192294217,0.0,0.0,0.0,-0.5064419972567069,-1.1988131427443336,1.14149615270012,1.1815165874977278,0.0,1.0524952945655444,1.0,1.0,1.0,1.0,1.0,1.0,0.5793156974750526,0.0,1.0,0.0,0.0,0.0,0.0,0.0,0.0,0
1.0,0.49325803332709556,0.0,0.0,1.0,-0.5064419972567069,-0.9648277847059024,0.6772718848357091,-0.23009989859445135,1.0,-1.4644845800165662,1.0,1.0,0.0,0.0,0.0,1.0,-2.0005886812701847,1.0,0.0,0.0,0.0,0.0,0.0,0.0,1.0,1
0.0,-1.1228556397938396,1.0,0.0,0.0,-0.5064419972567069,-0.9750644722753862,0.8471858203415797,1.0960199898651295,0.0,-1.421088375282392,1.0,1.0,0.0,0.0,1.0,1.0,0.5793156974750526,0.0,0.0,0.0,0.0,0.0,1.0,0.0,1.0,0
1.0,0.9721065290666319,0.0,0.0,0.0,-0.5064419972567069,-1.3080263112039705,1.2671853127962063,1.2324265703713724,0.0,1.3562687277047645,1.0,1.0,1.0,1.0,1.0,1.0,-0.2806524287733598,1.0,0.0,0.0,0.0,0.0,1.0,0.0,0.0,0
1.0,-1.0031435158589557,0.0,0.0,1.0,-0.5064419972567069,0.023258606922608095,1.2580169362175875,-1.0162238441758678,1.0,0.6619294519579755,1.0,0.0,0.0,0.0,0.0,0.0,0.5793156974750526,0.0,1.0,0.0,0.0,0.0,0.0,1.0,0.0,0
1.0,-1.3024238256961658,1.0,0.0,1.0,1.5724342219973237,0.4687047286781347,-1.0429032472824515,1.9913922165387812,1.0,1.5298535466414618,1.0,1.0,1.0,1.0,1.0,1.0,-0.2806524287733598,1.0,0.0,0.0,0.0,0.0,0.0,0.0,0.0,0
1.0,-0.28487077224965107,0.0,0.0,0.0,-0.5064419972567069,1.7641541643533738,-1.123669115355427,-0.8038781163534544,0.0,1.5298535466414618,1.0,1.0,0.0,1.0,1.0,1.0,1.439283823723465,1.0,0.0,0.0,0.0,0.0,0.0,0.0,0.0,0
1.0,-0.3447268342170931,0.0,0.0,1.0,-0.5064419972567069,0.15170220792972683,-0.0670049486094046,-1.0246457558408386,1.0,1.0524952945655444,1.0,1.0,0.0,1.0,1.0,1.0,1.439283823723465,1.0,0.0,0.0,0.0,0.0,0.0,0.0,1.0,0
0.0,1.6305232107084944,0.0,1.0,1.0,2.611872331624339,-0.9685630819278055,0.7606541912932153,0.7331680766142188,1.0,1.4864573419072875,1.0,1.0,0.0,1.0,0.0,0.0,0.5793156974750526,1.0,0.0,0.0,0.0,0.0,1.0,0.0,0.0,0
0.0,-0.10530258634732491,0.0,0.0,0.0,-0.5064419972567069,-0.9711791647407202,0.8994684508714091,-0.7563747494341801,0.0,-0.9003339184723,0.0,1.0,1.0,1.0,0.0,1.0,0.5793156974750526,1.0,0.0,0.0,0.0,0.0,1.0,0.0,0.0,0
0.0,0.3136898474247694,0.0,0.0,0.0,-0.5064419972567069,-0.9917993154687278,0.8259567285787036,0.07379863300166284,0.0,-0.2927870521938596,1.0,1.0,1.0,1.0,0.0,0.0,0.5793156974750526,0.0,0.0,1.0,0.0,0.0,0.0,0.0,1.0,0
0.0,-0.28487077224965107,0.0,0.0,1.0,2.611872331624339,0.680531016176202,-0.7751107094203185,1.312292788857164,1.0,-0.6833528948014285,1.0,1.0,1.0,0.0,1.0,1.0,0.5793156974750526,1.0,0.0,0.0,0.0,0.0,1.0,0.0,0.0,0
1.0,0.3136898474247694,0.0,0.0,1.0,0.5329961123703084,0.7443529239592075,-1.4167019097335831,-0.9479968968675077,0.0,-0.11920223325716231,0.0,1.0,1.0,1.0,1.0,1.0,0.5793156974750526,1.0,0.0,0.0,0.0,0.0,1.0,0.0,0.0,0
0.0,0.9122504670991899,0.0,0.0,0.0,-0.5064419972567069,-0.778442599308082,0.5334065289017041,0.6341869574955716,0.0,-0.7701453042697771,1.0,0.0,0.0,0.0,0.0,0.0,-0.2806524287733598,0.0,0.0,0.0,1.0,0.0,0.0,1.0,0.0,0
1.0,-0.5242950201194192,0.0,0.0,1.0,-0.5064419972567069,1.2212943376075256,-1.7557113075141224,-1.019630460130238,1.0,-1.3776921705482175,1.0,1.0,0.0,0.0,0.0,1.0,-2.0005886812701847,0.0,0.0,0.0,0.0,0.0,0.0,0.0,1.0,1
0.0,0.37354590939221144,0.0,0.0,0.0,-0.5064419972567069,0.5881715670068138,-1.068896923633059,1.8146266997953464,0.0,-1.290899761079869,1.0,0.0,0.0,0.0,0.0,0.0,-0.2806524287733598,1.0,0.0,0.0,0.0,0.0,0.0,1.0,1.0,1
0.0,-0.28487077224965107,0.0,0.0,1.0,0.5329961123703084,-0.6805558159729233,0.7737571449381734,2.1438382804968508,1.0,-0.9871263279406487,1.0,1.0,1.0,0.0,0.0,1.0,-2.0005886812701847,1.0,0.0,0.0,0.0,1.0,0.0,0.0,1.0,1
0.0,1.8100913966108205,0.0,1.0,1.0,-0.5064419972567069,-0.41756792501258533,-0.4467414636454219,-0.99876493740972,1.0,0.27136360935040654,1.0,1.0,0.0,1.0,1.0,1.0,0.5793156974750526,0.0,1.0,0.0,0.0,0.0,0.0,0.0,0.0,0
1.0,0.07426559955500123,0.0,0.0,1.0,-0.5064419972567069,1.0628996209460266,-1.7283279798825781,-0.9465301594427094,1.0,1.00909908983137,1.0,1.0,0.0,1.0,1.0,1.0,-0.2806524287733598,0.0,1.0,0.0,0.0,0.0,0.0,0.0,1.0,0
1.0,0.8523944051317478,0.0,0.0,0.0,-0.5064419972567069,1.6384592698319094,-0.5804386507279687,-0.8404519237524574,0.0,0.878910475628847,1.0,1.0,1.0,1.0,0.0,1.0,0.5793156974750526,1.0,0.0,0.0,0.0,0.0,1.0,0.0,0.0,0
1.0,-0.46443895815197717,0.0,0.0,0.0,-0.5064419972567069,1.8279344250684166,-1.304510176006626,-1.0195358319092833,0.0,0.7921180661604984,1.0,1.0,0.0,1.0,0.0,1.0,-0.2806524287733598,0.0,1.0,0.0,0.0,0.0,0.0,0.0,1.0,0
0.0,-1.661560197500818,1.0,0.0,1.0,-0.5064419972567069,-0.9485676372192652,0.641225843907064,0.7286732361188691,1.0,1.3128725229705902,1.0,0.0,0.0,0.0,0.0,0.0,0.5793156974750526,0.0,0.0,0.0,0.0,0.0,0.0,1.0,0.0,0
0.0,-1.3024238256961658,1.0,0.0,1.0,-0.5064419972567069,-0.07036642790434099,0.10500407536483321,0.07498148576359696,1.0,0.5751370424896268,1.0,1.0,0.0,1.0,0.0,1.0,0.5793156974750526,0.0,1.0,0.0,0.0,1.0,0.0,0.0,0.0,0
0.0,-1.541848073565934,1.0,0.0,1.0,-0.5064419972567069,-0.7255613358452979,1.1882681607533434,0.3263613547298362,1.0,0.18457119988205792,1.0,0.0,0.0,0.0,0.0,0.0,0.5793156974750526,0.0,1.0,0.0,0.0,0.0,0.0,1.0,0.0,0
1.0,-0.6440071440543034,0.0,0.0,0.0,-0.5064419972567069,-1.4060962607700798,1.161070304507904,0.2856712197193025,0.0,0.6185332472238011,1.0,1.0,0.0,0.0,1.0,1.0,0.5793156974750526,0.0,1.0,0.0,0.0,0.0,0.0,0.0,0.0,0
1.0,0.07426559955500123,0.0,0.0,0.0,-0.5064419972567069,1.4412268427614352,-0.4157036115131136,-0.9501733459494665,0.0,-0.9437301232064743,1.0,0.0,0.0,0.0,0.0,0.0,1.439283823723465,1.0,0.0,0.0,0.0,0.0,0.0,1.0,1.0,0
1.0,-1.661560197500818,1.0,0.0,0.0,1.5724342219973237,0.9178186227977949,-0.5220875994484196,-0.9321466698575904,0.0,1.3128725229705902,1.0,1.0,0.0,0.0,1.0,1.0,0.5793156974750526,0.0,0.0,0.0,0.0,0.0,0.0,0.0,0.0,0
0.0,0.3136898474247694,0.0,0.0,1.0,-0.5064419972567069,1.067351813813571,-0.6564657710232238,-0.9402846968596972,1.0,0.22796740461623224,1.0,1.0,1.0,1.0,1.0,1.0,-0.2806524287733598,1.0,0.0,0.0,0.0,0.0,0.0,0.0,1.0,0
1.0,1.3910989628387262,0.0,1.0,1.0,-0.5064419972567069,-1.2146818886601978,1.487316779517998,-1.0211445116655136,1.0,0.5751370424896268,1.0,1.0,1.0,1.0,1.0,1.0,-0.2806524287733598,0.0,1.0,0.0,0.0,0.0,0.0,0.0,1.0,0
1.0,0.19397772348988532,0.0,0.0,1.0,-0.5064419972567069,1.9720539015892742,-0.9776772976837579,-1.0246457558408386,1.0,1.139287704033893,1.0,1.0,0.0,1.0,1.0,0.0,-0.2806524287733598,1.0,0.0,0.0,0.0,0.0,0.0,0.0,0.0,1
1.0,-0.3447268342170931,0.0,0.0,0.0,-0.5064419972567069,-1.4062389929544645,1.2146097112957928,1.21917861943771,0.0,-1.160711146877346,1.0,1.0,0.0,1.0,0.0,1.0,0.5793156974750526,0.0,0.0,0.0,1.0,0.0,1.0,0.0,1.0,0
1.0,0.43340197135965347,0.0,0.0,0.0,-0.5064419972567069,-1.0966128553213574,1.2597946010201975,1.1473557997330703,0.0,-1.3776921705482175,1.0,0.0,0.0,0.0,0.0,0.0,0.5793156974750526,1.0,0.0,0.0,0.0,0.0,0.0,1.0,0.0,0
1.0,-1.0629995778263976,1.0,0.0,1.0,2.611872331624339,0.10467619875037788,0.11010407711101043,-0.3706228067122248,1.0,0.4883446330212782,0.0,1.0,1.0,0.0,0.0,0.0,0.5793156974750526,1.0,0.0,0.0,0.0,0.0,1.0,0.0,0.0,0
0.0,0.7925383431643057,0.0,0.0,0.0,-0.5064419972567069,-0.37597099526584615,1.6922192922287802,-0.9944120392458025,0.0,-0.5531642805989055,1.0,0.0,0.0,0.0,0.0,0.0,-0.2806524287733598,0.0,0.0,1.0,0.0,0.0,0.0,1.0,0.0,0
0.0,-1.481992011598492,1.0,0.0,1.0,0.5329961123703084,0.8793326885939592,-1.374794603906847,0.4236864799817756,1.0,1.0958914992997186,1.0,1.0,1.0,0.0,1.0,0.0,0.5793156974750526,0.0,1.0,0.0,0.0,0.0,0.0,0.0,1.0,0
1.0,-0.40458289618453513,0.0,0.0,0.0,-0.5064419972567069,0.5468261370297243,-0.8763970024674841,2.5553290993184925,0.0,-1.3342959658140432,1.0,0.0,0.0,0.0,0.0,0.0,-0.2806524287733598,1.0,0.0,0.0,0.0,0.0,0.0,1.0,1.0,0
0.0,0.3136898474247694,0.0,0.0,1.0,-0.5064419972567069,0.19303267730958693,0.3395529434405562,-1.010167638034765,1.0,0.7053256566921497,1.0,1.0,1.0,1.0,0.0,1.0,0.5793156974750526,0.0,1.0,0.0,0.0,0.0,1.0,0.0,0.0,0
1.0,-0.10530258634732491,0.0,0.0,0.0,1.5724342219973237,0.6466153422558824,-0.5752805161592848,-0.49430189150005643,0.0,-0.8135415090039514,1.0,0.0,0.0,0.0,0.0,0.0,0.5793156974750526,0.0,0.0,0.0,1.0,0.0,0.0,1.0,0.0,0
0.0,1.031962591034074,0.0,0.0,0.0,-0.5064419972567069,-0.833083148137016,0.7717188051774947,0.4943264469244813,0.0,-1.2475035563456947,1.0,1.0,0.0,0.0,0.0,1.0,0.5793156974750526,0.0,0.0,0.0,0.0,0.0,0.0,0.0,1.0,0
0.0,-1.1827117017612818,1.0,0.0,1.0,0.5329961123703084,-1.003965515740409,0.6808239848396738,1.7372681291648548,1.0,1.5298535466414618,1.0,0.0,0.0,0.0,0.0,0.0,-0.2806524287733598,0.0,0.0,0.0,0.0,0.0,0.0,1.0,0.0,0
0.0,-1.541848073565934,1.0,0.0,0.0,-0.5064419972567069,1.2846815793899338,-0.747548830976786,-1.0075653619585099,0.0,0.18457119988205792,1.0,1.0,0.0,1.0,1.0,1.0,-2.0005886812701847,1.0,0.0,0.0,0.0,0.0,0.0,0.0,1.0,1
1.0,1.031962591034074,0.0,0.0,0.0,-0.5064419972567069,1.1372149724942204,-0.4849596421008482,-0.7668311678496778,0.0,1.4430611371731132,1.0,1.0,1.0,1.0,1.0,0.0,0.5793156974750526,1.0,0.0,0.0,0.0,1.0,0.0,0.0,0.0,0
0.0,1.6903792726759364,0.0,1.0,1.0,-0.5064419972567069,-0.9348338089621625,1.2226546480108358,-0.4342602853042805,1.0,-0.3361832569280339,1.0,1.0,0.0,1.0,1.0,0.0,-0.2806524287733598,1.0,0.0,0.0,0.0,0.0,0.0,0.0,1.0,1
1.0,1.8100913966108205,0.0,1.0,1.0,-0.5064419972567069,-0.8867282107394616,0.593228432865065,-0.09208463833197819,1.0,1.4430611371731132,1.0,1.0,1.0,1.0,0.0,1.0,0.5793156974750526,1.0,0.0,0.0,0.0,0.0,0.0,0.0,0.0,0
0.0,1.1516747149689581,0.0,1.0,1.0,-0.5064419972567069,1.5337916968873875,-0.15771614304755127,-0.981495287085482,1.0,-1.0739187374089973,1.0,1.0,0.0,0.0,0.0,1.0,-2.0005886812701847,1.0,0.0,0.0,0.0,0.0,0.0,0.0,1.0,1
1.0,0.2538337854573274,0.0,0.0,0.0,-0.5064419972567069,0.6265349860495522,-1.215947589143293,-0.2152432679045588,0.0,-1.3342959658140432,1.0,1.0,0.0,0.0,0.0,1.0,-1.1406205550217723,0.0,0.0,0.0,0.0,0.0,1.0,0.0,1.0,1
1.0,1.7502353346433785,0.0,1.0,0.0,-0.5064419972567069,-0.8732280912715177,1.09297785311357,0.19274630674175797,0.0,0.5317408377554524,1.0,1.0,1.0,0.0,1.0,1.0,-0.2806524287733598,1.0,0.0,0.0,0.0,0.0,0.0,0.0,0.0,0
0.0,-0.5841510820868613,0.0,0.0,0.0,-0.5064419972567069,-0.7271495851944685,0.07319434853365243,-1.0099310674823783,0.0,-1.2041073516115204,1.0,0.0,0.0,0.0,0.0,0.0,0.5793156974750526,0.0,0.0,0.0,0.0,0.0,0.0,1.0,1.0,0
0.0,0.19397772348988532,0.0,0.0,1.0,2.611872331624339,0.5201477531045168,-1.0161510760095862,1.618367769535237,1.0,-0.075806028522988,1.0,1.0,0.0,0.0,0.0,1.0,0.5793156974750526,0.0,0.0,1.0,0.0,0.0,0.0,0.0,0.0,0
1.0,-0.40458289618453513,0.0,0.0,1.0,0.5329961123703084,0.6475659466906851,-1.2040460471635237,-0.9682000220413424,1.0,-0.9871263279406487,1.0,0.0,0.0,0.0,0.0,0.0,0.5793156974750526,0.0,0.0,0.0,1.0,0.0,0.0,1.0,0.0,0
1.0,-1.0031435158589557,0.0,0.0,1.0,0.5329961123703084,1.0760568596990794,-0.5600358755136235,-0.863351953223502,1.0,1.4430611371731132,1.0,1.0,1.0,1.0,1.0,1.0,-0.2806524287733598,1.0,0.0,0.0,0.0,0.0,1.0,0.0,0.0,0
0.0,0.9122504670991899,0.0,0.0,1.0,-0.5064419972567069,0.6756190881991858,-1.169658637162819,-0.28574129251583236,1.0,-0.46637187113055684,1.0,1.0,0.0,0.0,0.0,1.0,-0.2806524287733598,0.0,0.0,1.0,0.0,1.0,0.0,0.0,1.0,1
0.0,-0.46443895815197717,0.0,0.0,1.0,-0.5064419972567069,-0.7116536411879546,0.9828535255585582,-0.8346796022742189,1.0,0.6185332472238011,1.0,1.0,0.0,0.0,1.0,1.0,-0.2806524287733598,0.0,1.0,0.0,0.0,0.0,1.0,0.0,0.0,0
1.0,1.8100913966108205,0.0,1.0,1.0,-0.5064419972567069,-0.8576395532983654,0.8270621749495976,2.60079795948724,1.0,1.2260801135022417,1.0,1.0,1.0,1.0,1.0,1.0,0.5793156974750526,1.0,0.0,0.0,0.0,0.0,0.0,0.0,0.0,0
0.0,0.07426559955500123,0.0,0.0,0.0,-0.5064419972567069,-0.9231334089069374,1.3427935076721038,0.18631158771683637,0.0,-0.6399566900672541,1.0,1.0,0.0,0.0,0.0,1.0,-2.0005886812701847,1.0,0.0,0.0,0.0,0.0,0.0,0.0,1.0,1
0.0,-0.7637192679891874,0.0,0.0,1.0,-0.5064419972567069,0.42873486496527047,-1.0125039334545323,1.0908154377126194,1.0,1.139287704033893,1.0,1.0,1.0,1.0,1.0,1.0,-0.2806524287733598,1.0,0.0,0.0,0.0,0.0,1.0,0.0,0.0,0
0.0,1.031962591034074,0.0,0.0,1.0,-0.5064419972567069,0.9002969330582548,-0.8013286123720312,-0.608376211860983,1.0,-0.20599464272551093,1.0,1.0,0.0,0.0,0.0,1.0,1.439283823723465,1.0,0.0,0.0,0.0,0.0,0.0,0.0,0.0,0
0.0,-1.3024238256961658,1.0,0.0,0.0,-0.5064419972567069,1.5861865387699663,-1.888353337730966,-0.949605576623738,0.0,1.3128725229705902,1.0,1.0,1.0,1.0,1.0,1.0,-1.1406205550217723,0.0,0.0,0.0,0.0,0.0,0.0,0.0,0.0,1
0.0,0.8523944051317478,0.0,0.0,1.0,1.5724342219973237,0.40407656600657266,-0.9238569155870752,-0.7048969972348073,1.0,1.5298535466414618,1.0,0.0,0.0,0.0,0.0,0.0,-0.2806524287733598,1.0,0.0,0.0,0.0,0.0,0.0,1.0,0.0,0
1.0,-1.42213594963105,1.0,0.0,1.0,0.5329961123703084,1.0010347210168837,-0.6974097329340839,1.0312942867320944,1.0,1.2260801135022417,1.0,1.0,1.0,1.0,1.0,0.0,-0.2806524287733598,1.0,0.0,0.0,0.0,0.0,0.0,0.0,0.0,0
0.0,0.5531140952945376,0.0,0.0,1.0,-0.5064419972567069,0.15170220792972683,-0.0670049486094046,-1.0246457558408386,1.0,1.5298535466414618,1.0,1.0,1.0,1.0,1.0,0.0,-0.2806524287733598,0.0,0.0,0.0,0.0,0.0,1.0,0.0,0.0,0
1.0,-0.8235753299566294,0.0,0.0,0.0,-0.5064419972567069,-0.03793872689770498,-0.5095516715087224,-1.0125333435586332,0.0,-1.0739187374089973,1.0,1.0,0.0,0.0,1.0,0.0,1.439283823723465,0.0,0.0,0.0,1.0,0.0,0.0,0.0,1.0,0
0.0,0.43340197135965347,0.0,0.0,0.0,-0.5064419972567069,-0.9965931760297635,0.7792045595045863,0.10687119622534084,0.0,0.09777879041370928,1.0,1.0,0.0,0.0,0.0,1.0,0.5793156974750526,0.0,0.0,1.0,0.0,0.0,0.0,0.0,0.0,0
0.0,-1.2425677637287238,1.0,0.0,1.0,2.611872331624339,1.0942210464385775,-1.2867967358907446,-0.9120854870151878,1.0,-0.24939084745968526,1.0,0.0,0.0,0.0,0.0,0.0,0.5793156974750526,1.0,0.0,0.0,0.0,0.0,0.0,1.0,0.0,0
1.0,-1.0031435158589557,0.0,0.0,0.0,-0.5064419972567069,0.29936289824896245,-0.412237326628091,-1.020955255223604,0.0,-1.030522532674823,0.0,1.0,0.0,0.0,0.0,1.0,-0.2806524287733598,1.0,0.0,0.0,0.0,0.0,1.0,0.0,1.0,1
0.0,-0.9432874538915136,0.0,0.0,0.0,-0.5064419972567069,1.4412268427614352,-0.4157036115131136,-0.9501733459494665,0.0,-0.11920223325716231,1.0,0.0,0.0,0.0,0.0,0.0,-0.2806524287733598,0.0,0.0,1.0,0.0,0.0,0.0,1.0,1.0,0
0.0,-1.3024238256961658,1.0,0.0,0.0,-0.5064419972567069,0.49741128437916776,-1.0310722951585851,-0.935600599922438,0.0,-1.421088375282392,1.0,1.0,1.0,0.0,1.0,1.0,0.5793156974750526,1.0,0.0,0.0,0.0,0.0,0.0,0.0,1.0,0
1.0,1.1516747149689581,0.0,1.0,1.0,-0.5064419972567069,-0.8610044746537092,0.6759975764565739,0.9364294952249781,1.0,0.1411749951478836,0.0,1.0,0.0,0.0,0.0,1.0,-0.2806524287733598,1.0,0.0,0.0,0.0,1.0,0.0,0.0,1.0,1
0.0,-0.46443895815197717,0.0,0.0,1.0,-0.5064419972567069,1.5105376723659774,-1.0420317163164226,-1.0164131006177772,1.0,-0.9437301232064743,1.0,1.0,0.0,0.0,0.0,1.0,-1.1406205550217723,0.0,0.0,0.0,1.0,0.0,0.0,0.0,1.0,1
1.0,0.5531140952945376,0.0,0.0,0.0,-0.5064419972567069,0.41900966808486645,-0.3384261741623036,1.768022300975142,0.0,-1.4644845800165662,1.0,1.0,0.0,0.0,0.0,1.0,-0.2806524287733598,1.0,0.0,0.0,0.0,0.0,0.0,0.0,1.0,0
0.0,-0.28487077224965107,0.0,0.0,0.0,-0.5064419972567069,-0.9253035041862128,1.1064738953678812,0.9701171418848619,0.0,-0.8135415090039514,1.0,0.0,0.0,0.0,0.0,0.0,1.439283823723465,0.0,0.0,0.0,1.0,0.0,0.0,1.0,1.0,0
0.0,0.9122504670991899,0.0,0.0,1.0,-0.5064419972567069,1.077108953590763,-0.6455349549050404,-0.7487571776473244,1.0,-0.3361832569280339,1.0,1.0,0.0,1.0,0.0,0.0,-0.2806524287733598,1.0,0.0,0.0,0.0,0.0,0.0,0.0,1.0,0
0.0,-0.16515864831476695,0.0,0.0,0.0,-0.5064419972567069,-0.453684019747104,0.7329935793257321,-0.8061965077668453,0.0,1.4864573419072875,1.0,1.0,0.0,0.0,0.0,1.0,0.5793156974750526,0.0,0.0,0.0,0.0,0.0,0.0,0.0,0.0,0
1.0,-0.225014710282209,0.0,0.0,0.0,1.5724342219973237,1.000630784891675,-0.8924845690395333,-0.3264314275263661,0.0,-1.4644845800165662,1.0,1.0,1.0,0.0,0.0,1.0,-2.0005886812701847,0.0,0.0,0.0,0.0,1.0,0.0,0.0,1.0,1
0.0,0.014409537587559178,0.0,0.0,0.0,-0.5064419972567069,1.1785381637456995,-1.6028994947445667,0.4289856603552405,0.0,-0.8135415090039514,1.0,1.0,1.0,0.0,0.0,0.0,0.5793156974750526,1.0,0.0,0.0,0.0,1.0,0.0,0.0,1.0,0
1.0,1.8699474585782625,0.0,1.0,0.0,-0.5064419972567069,-0.8610149875058161,0.7678931118104462,0.7626920815520944,0.0,-1.2475035563456947,1.0,1.0,0.0,1.0,0.0,1.0,-0.2806524287733598,1.0,0.0,0.0,0.0,0.0,0.0,0.0,1.0,1
1.0,-1.3024238256961658,1.0,0.0,0.0,1.5724342219973237,-0.06546258673664085,0.538911614919018,-1.0281470000161637,0.0,-0.8135415090039514,1.0,1.0,1.0,0.0,0.0,1.0,-0.2806524287733598,0.0,0.0,0.0,1.0,0.0,1.0,0.0,1.0,0
0.0,1.271386838903842,0.0,1.0,1.0,-0.5064419972567069,-0.9802699514304822,0.7817591740937486,-0.027358935198943127,1.0,0.1411749951478836,1.0,1.0,1.0,1.0,0.0,1.0,-0.2806524287733598,1.0,0.0,0.0,0.0,0.0,0.0,0.0,0.0,0
0.0,-0.7038632060217453,0.0,0.0,0.0,-0.5064419972567069,0.7392913900098931,-0.5861651951167515,-0.8882391753345958,0.0,-0.24939084745968526,0.0,1.0,0.0,1.0,1.0,1.0,-0.2806524287733598,1.0,0.0,0.0,0.0,0.0,1.0,0.0,0.0,0
1.0,0.7326822811968637,0.0,0.0,1.0,-0.5064419972567069,0.4529322157931024,-0.9306621467935287,1.04951021926588,1.0,1.4864573419072875,0.0,1.0,0.0,1.0,1.0,1.0,0.5793156974750526,1.0,0.0,0.0,0.0,1.0,0.0,0.0,0.0,0
0.0,-0.40458289618453513,0.0,0.0,0.0,0.5329961123703084,-0.7845784658746935,1.3777433296620023,-0.568821615501906,0.0,-1.421088375282392,1.0,1.0,1.0,0.0,0.0,1.0,-2.0005886812701847,0.0,0.0,0.0,0.0,0.0,1.0,0.0,1.0,1
1.0,-0.04544652437988287,0.0,0.0,1.0,-0.5064419972567069,1.0528703600354359,-0.7021341781919905,-0.3040991673810499,1.0,1.4864573419072875,0.0,1.0,0.0,1.0,1.0,1.0,0.5793156974750526,0.0,0.0,0.0,0.0,0.0,1.0,0.0,0.0,0
0.0,-1.3622798876636077,1.0,0.0,1.0,0.5329961123703084,-0.11932316280728697,1.6477181552262694,-1.0330676675058095,1.0,0.7921180661604984,1.0,1.0,0.0,1.0,0.0,1.0,-0.2806524287733598,1.0,0.0,0.0,0.0,0.0,1.0,0.0,0.0,0
0.0,-0.6440071440543034,0.0,0.0,1.0,-0.5064419972567069,1.009290544645027,-0.7397613396185692,0.6865636777940145,1.0,-1.030522532674823,1.0,1.0,0.0,0.0,0.0,1.0,-2.0005886812701847,1.0,0.0,0.0,0.0,0.0,0.0,0.0,1.0,1
1.0,1.8699474585782625,0.0,1.0,1.0,-0.5064419972567069,-0.8010589789151243,0.5581328174472804,0.18120166378528096,1.0,0.44494842828710385,1.0,1.0,1.0,1.0,0.0,1.0,-0.2806524287733598,1.0,0.0,0.0,0.0,0.0,1.0,0.0,0.0,0
0.0,-0.16515864831476695,0.0,0.0,0.0,-0.5064419972567069,1.517032997606574,-0.5910866460509341,-0.7443569653729295,0.0,-1.2475035563456947,1.0,1.0,0.0,0.0,0.0,0.0,1.439283823723465,1.0,0.0,0.0,0.0,0.0,1.0,0.0,1.0,0
0.0,0.37354590939221144,0.0,0.0,1.0,-0.5064419972567069,0.9585607768000984,-0.7623888487229167,0.4160689081949199,1.0,0.22796740461623224,1.0,1.0,0.0,1.0,1.0,1.0,-0.2806524287733598,1.0,0.0,0.0,0.0,0.0,0.0,0.0,0.0,0
0.0,-1.0031435158589557,0.0,0.0,0.0,-0.5064419972567069,1.0925179643971552,-0.524903811738869,-0.9832459091731444,0.0,-1.3776921705482175,0.0,1.0,1.0,1.0,0.0,1.0,-1.1406205550217723,1.0,0.0,0.0,0.0,1.0,0.0,0.0,1.0,1
1.0,0.014409537587559178,0.0,0.0,1.0,-0.5064419972567069,1.6366894716136526,-1.8666624129892713,-1.0067137079699173,1.0,-0.5965604853330798,1.0,1.0,0.0,1.0,0.0,1.0,1.439283823723465,0.0,0.0,0.0,1.0,1.0,0.0,0.0,1.0,0
1.0,-1.1228556397938396,1.0,0.0,0.0,-0.5064419972567069,0.2666024250390775,-0.002069201751652164,1.096067303975607,0.0,-1.030522532674823,0.0,1.0,0.0,0.0,1.0,1.0,-0.2806524287733598,0.0,0.0,0.0,1.0,1.0,0.0,0.0,1.0,1
0.0,0.43340197135965347,0.0,0.0,1.0,-0.5064419972567069,-0.31051555200151393,0.12530950117006537,-0.9388652735453762,1.0,-1.2041073516115204,1.0,1.0,0.0,1.0,0.0,1.0,-1.1406205550217723,1.0,0.0,0.0,0.0,0.0,0.0,0.0,1.0,1
0.0,0.13412166152244326,0.0,0.0,1.0,2.611872331624339,1.022560190047538,-0.42238427238561177,-0.8087041556221456,1.0,-0.7701453042697771,1.0,0.0,0.0,0.0,0.0,0.0,1.439283823723465,0.0,0.0,0.0,1.0,0.0,0.0,1.0,0.0,0
1.0,1.5108110867736102,0.0,1.0,0.0,-0.5064419972567069,-0.830343337141607,0.6275669374754035,0.2617302798177559,0.0,1.269476318236416,1.0,1.0,0.0,1.0,0.0,1.0,-0.2806524287733598,1.0,0.0,0.0,0.0,0.0,0.0,0.0,0.0,0
1.0,-0.46443895815197717,0.0,0.0,1.0,-0.5064419972567069,0.4576553167726455,-1.0115119844990155,0.6826366066243932,1.0,-0.03240982378881367,1.0,1.0,0.0,1.0,0.0,1.0,-1.1406205550217723,1.0,0.0,0.0,0.0,0.0,0.0,0.0,1.0,1
1.0,0.6129701572619797,0.0,0.0,1.0,2.611872331624339,0.4388401418834115,-0.9457840625916718,0.719446984575783,1.0,0.4883446330212782,1.0,1.0,1.0,0.0,1.0,1.0,-0.2806524287733598,0.0,1.0,0.0,0.0,0.0,0.0,0.0,1.0,0
1.0,0.19397772348988532,0.0,0.0,0.0,-0.5064419972567069,0.3722950010640852,0.04748579983630624,-1.0289986540047562,0.0,0.1411749951478836,1.0,1.0,0.0,0.0,0.0,1.0,-0.2806524287733598,0.0,1.0,0.0,0.0,0.0,0.0,0.0,1.0,0
1.0,-0.16515864831476695,0.0,0.0,1.0,-0.5064419972567069,0.11262391494367655,0.21893518005099974,-0.7760574193927638,1.0,-1.2475035563456947,1.0,0.0,0.0,0.0,0.0,0.0,1.439283823723465,0.0,0.0,0.0,0.0,0.0,0.0,1.0,0.0,0
1.0,-1.1228556397938396,1.0,0.0,0.0,-0.5064419972567069,-1.0966128553213574,1.2597946010201975,1.1473557997330703,0.0,-1.030522532674823,1.0,1.0,1.0,0.0,0.0,1.0,-2.0005886812701847,0.0,0.0,0.0,1.0,0.0,0.0,0.0,1.0,1
0.0,-0.04544652437988287,0.0,0.0,1.0,1.5724342219973237,-1.0577852534240246,0.8942185033528848,-0.7723669187755294,1.0,0.7921180661604984,1.0,0.0,0.0,0.0,0.0,0.0,-0.2806524287733598,1.0,0.0,0.0,0.0,0.0,0.0,1.0,0.0,0
0.0,1.9298035205457047,0.0,1.0,1.0,-0.5064419972567069,-0.8388668341580263,0.9179985187320681,0.6438863501434314,1.0,0.878910475628847,1.0,1.0,0.0,0.0,0.0,1.0,1.439283823723465,1.0,0.0,0.0,0.0,0.0,0.0,0.0,0.0,0
1.0,1.031962591034074,0.0,0.0,0.0,-0.5064419972567069,-0.8305050733278765,0.7549253400464023,0.7825166938421103,0.0,-1.1173149421431716,1.0,1.0,0.0,0.0,0.0,1.0,0.5793156974750526,1.0,0.0,0.0,0.0,0.0,1.0,0.0,1.0,0
1.0,-1.3024238256961658,1.0,0.0,0.0,-0.5064419972567069,0.7546939313688364,-0.2853744371632445,-0.9357425422538701,0.0,1.269476318236416,1.0,1.0,1.0,1.0,0.0,1.0,-0.2806524287733598,1.0,0.0,0.0,0.0,0.0,1.0,0.0,0.0,0
0.0,-0.10530258634732491,0.0,0.0,1.0,2.611872331624339,-0.9006989825094489,0.5909183452277267,0.43054702600099354,1.0,-0.8135415090039514,1.0,1.0,0.0,0.0,1.0,1.0,0.5793156974750526,1.0,0.0,0.0,0.0,0.0,0.0,0.0,1.0,0
0.0,-1.0031435158589557,0.0,0.0,0.0,-0.5064419972567069,-1.3588923417858323,1.8903807043865075,-0.34895294411359173,0.0,0.3581560188187552,1.0,1.0,1.0,1.0,1.0,1.0,-0.2806524287733598,1.0,0.0,0.0,0.0,0.0,0.0,0.0,1.0,0
1.0,0.07426559955500123,0.0,0.0,1.0,-0.5064419972567069,-0.8967222940295384,0.7094700865601693,-0.8648660047587776,1.0,0.5317408377554524,1.0,0.0,0.0,0.0,0.0,0.0,-0.2806524287733598,0.0,1.0,0.0,0.0,0.0,0.0,1.0,0.0,0
0.0,1.5706671487410524,0.0,1.0,0.0,-0.5064419972567069,1.0925179643971552,-0.524903811738869,-0.9832459091731444,0.0,-0.8135415090039514,1.0,1.0,1.0,0.0,0.0,1.0,0.5793156974750526,0.0,0.0,0.0,1.0,0.0,1.0,0.0,0.0,0
0.0,1.031962591034074,0.0,0.0,0.0,-0.5064419972567069,0.4489664445057662,-0.2520860143309294,-0.8408304366362763,0.0,-1.421088375282392,1.0,1.0,0.0,0.0,1.0,0.0,-1.1406205550217723,0.0,0.0,0.0,0.0,0.0,1.0,0.0,1.0,1
0.0,-0.40458289618453513,0.0,0.0,0.0,-0.5064419972567069,-0.7990857974426324,1.3518188590524796,-0.9504099165018532,0.0,-0.3361832569280339,1.0,0.0,0.0,0.0,0.0,0.0,0.5793156974750526,0.0,0.0,1.0,0.0,0.0,0.0,1.0,0.0,0
0.0,0.2538337854573274,0.0,0.0,0.0,-0.5064419972567069,0.8000075586760559,-1.0414277808825727,0.8212669503230721,0.0,0.6185332472238011,1.0,1.0,1.0,0.0,0.0,1.0,-0.2806524287733598,0.0,1.0,0.0,0.0,0.0,0.0,0.0,0.0,0
1.0,-0.7038632060217453,0.0,0.0,1.0,0.5329961123703084,1.0994997112179596,-0.4731360719226985,-0.9083476722874759,1.0,0.09777879041370928,1.0,0.0,0.0,0.0,0.0,0.0,1.439283823723465,1.0,0.0,0.0,0.0,0.0,0.0,1.0,0.0,0
1.0,-1.0629995778263976,1.0,0.0,1.0,0.5329961123703084,-0.13447986516310023,-0.3915411190715492,-0.9110445765846857,1.0,-0.8135415090039514,1.0,0.0,0.0,0.0,0.0,0.0,0.5793156974750526,0.0,0.0,0.0,1.0,0.0,0.0,1.0,1.0,0
0.0,-1.661560197500818,1.0,0.0,1.0,-0.5064419972567069,0.7208449736253542,-0.7220299060100059,1.3268655348841925,1.0,-0.8135415090039514,1.0,1.0,0.0,0.0,0.0,1.0,1.439283823723465,1.0,0.0,0.0,0.0,0.0,1.0,0.0,1.0,0
0.0,-0.46443895815197717,0.0,0.0,1.0,1.5724342219973237,-0.8507993256405487,0.5305058856071307,-0.7792747789052247,1.0,-0.37957946166220824,1.0,1.0,0.0,1.0,1.0,1.0,-0.2806524287733598,1.0,0.0,0.0,0.0,0.0,0.0,0.0,0.0,0
0.0,-0.9432874538915136,0.0,0.0,0.0,-0.5064419972567069,-0.9064867119351144,0.6064914824577297,-0.18278578811708654,0.0,0.8355142708946727,1.0,1.0,1.0,0.0,1.0,1.0,-0.2806524287733598,1.0,0.0,0.0,0.0,0.0,0.0,0.0,1.0,0
0.0,1.9298035205457047,0.0,1.0,0.0,-0.5064419972567069,-0.9851361889348748,0.7998149519421861,-0.28593054895774184,0.0,-0.6833528948014285,1.0,0.0,0.0,0.0,0.0,0.0,0.5793156974750526,1.0,0.0,0.0,0.0,0.0,0.0,1.0,0.0,0
1.0,-0.10530258634732491,0.0,0.0,1.0,-0.5064419972567069,0.09754848502146554,-0.9654163472219692,-0.4163755515438366,1.0,1.5298535466414618,1.0,0.0,0.0,0.0,0.0,0.0,-0.2806524287733598,1.0,0.0,0.0,0.0,0.0,0.0,1.0,0.0,0
1.0,-0.16515864831476695,0.0,0.0,0.0,2.611872331624339,0.6513558298754516,-0.6648378202077839,0.7010417956000882,0.0,-1.5078807847507405,1.0,0.0,0.0,0.0,0.0,0.0,-0.2806524287733598,1.0,0.0,0.0,0.0,0.0,0.0,1.0,0.0,0
0.0,-1.541848073565934,1.0,0.0,1.0,-0.5064419972567069,0.636888528013614,-1.2282888182647378,1.6280198480726196,1.0,1.5298535466414618,1.0,1.0,0.0,1.0,1.0,1.0,0.5793156974750526,1.0,0.0,0.0,0.0,0.0,0.0,0.0,0.0,0
1.0,-1.1827117017612818,1.0,0.0,0.0,-0.5064419972567069,0.4348958006407537,-0.9849120658565278,1.1480181972797534,0.0,-0.7701453042697771,0.0,1.0,0.0,0.0,1.0,1.0,-0.2806524287733598,1.0,0.0,0.0,0.0,0.0,1.0,0.0,0.0,1
0.0,0.13412166152244326,0.0,0.0,0.0,-0.5064419972567069,-0.8580155899314443,0.855050360758204,0.5628372788957056,0.0,-0.8569377137381258,1.0,1.0,0.0,1.0,1.0,1.0,1.439283823723465,0.0,0.0,0.0,1.0,0.0,0.0,0.0,1.0,0
1.0,1.271386838903842,0.0,1.0,1.0,-0.5064419972567069,0.3172901414755759,-0.07843865977945678,1.2928940035614445,1.0,1.3562687277047645,1.0,1.0,1.0,0.0,0.0,1.0,-2.0005886812701847,1.0,0.0,0.0,0.0,0.0,0.0,0.0,0.0,1
0.0,0.014409537587559178,0.0,0.0,0.0,-0.5064419972567069,0.8109093863115729,0.001977488615246103,-1.0260651791551596,0.0,-0.8569377137381258,1.0,1.0,1.0,0.0,1.0,1.0,0.5793156974750526,0.0,0.0,0.0,1.0,0.0,1.0,0.0,1.0,0
0.0,0.19397772348988532,0.0,0.0,1.0,0.5329961123703084,-0.997440673645818,0.7147929307926336,0.7809553281963573,1.0,-0.9437301232064743,1.0,1.0,0.0,1.0,1.0,1.0,0.5793156974750526,1.0,0.0,0.0,0.0,1.0,0.0,0.0,1.0,0
1.0,-1.481992011598492,1.0,0.0,1.0,-0.5064419972567069,0.9426649400730337,-0.7830855176510645,-0.3290810177130985,1.0,-1.421088375282392,1.0,1.0,0.0,0.0,1.0,0.0,-2.0005886812701847,0.0,0.0,0.0,0.0,0.0,0.0,0.0,1.0,1
0.0,-0.6440071440543034,0.0,0.0,1.0,-0.5064419972567069,-0.7265345833461759,0.6179141207092104,1.7666028776608211,1.0,1.5298535466414618,1.0,0.0,0.0,0.0,0.0,0.0,1.439283823723465,1.0,0.0,0.0,0.0,0.0,0.0,1.0,0.0,0
1.0,0.5531140952945376,0.0,0.0,0.0,-0.5064419972567069,0.9745657854528956,-1.3071584490320527,-0.6878166033524785,0.0,1.5298535466414618,1.0,1.0,1.0,1.0,1.0,1.0,0.5793156974750526,0.0,0.0,0.0,0.0,0.0,0.0,0.0,0.0,0
1.0,-0.40458289618453513,0.0,0.0,0.0,-0.5064419972567069,1.202986205662246,-0.5665878137077119,0.09788151523464153,0.0,-0.5965604853330798,1.0,1.0,1.0,0.0,0.0,1.0,-0.2806524287733598,1.0,0.0,0.0,0.0,1.0,0.0,0.0,1.0,0
1.0,1.031962591034074,0.0,0.0,0.0,-0.5064419972567069,0.7797682966667144,-0.31378293250601996,-0.8312256722093713,0.0,-1.421088375282392,1.0,1.0,1.0,0.0,0.0,1.0,-0.2806524287733598,0.0,0.0,0.0,0.0,1.0,0.0,0.0,1.0,0
0.0,-1.661560197500818,1.0,0.0,1.0,-0.5064419972567069,-0.9927931843333548,0.8436217246758315,1.0205539836537327,1.0,1.139287704033893,1.0,1.0,1.0,1.0,1.0,1.0,0.5793156974750526,1.0,0.0,0.0,0.0,0.0,1.0,0.0,0.0,0
1.0,1.271386838903842,0.0,1.0,1.0,-0.5064419972567069,-1.1551128338951566,1.1351453725267753,0.9613167173360719,1.0,-1.1173149421431716,1.0,1.0,0.0,0.0,0.0,1.0,0.5793156974750526,0.0,0.0,0.0,1.0,0.0,0.0,0.0,0.0,0
1.0,1.271386838903842,0.0,1.0,1.0,-0.5064419972567069,-0.2364864735030189,-0.2461504686040806,-0.9778047864682474,0.0,1.5298535466414618,1.0,1.0,1.0,1.0,0.0,1.0,-0.2806524287733598,0.0,0.0,0.0,0.0,1.0,0.0,0.0,0.0,0
1.0,-0.28487077224965107,0.0,0.0,1.0,-0.5064419972567069,-1.1708295477959287,1.445527123451107,-0.9801704919921157,1.0,0.27136360935040654,1.0,1.0,1.0,1.0,1.0,1.0,0.5793156974750526,1.0,0.0,0.0,0.0,0.0,1.0,0.0,0.0,0
0.0,0.49325803332709556,0.0,0.0,1.0,1.5724342219973237,0.4855786649916677,-0.41765890438449954,-1.0345817190410853,1.0,-1.421088375282392,1.0,0.0,0.0,0.0,0.0,0.0,-0.2806524287733598,0.0,0.0,0.0,0.0,0.0,0.0,1.0,0.0,0
0.0,-0.8235753299566294,0.0,0.0,1.0,0.5329961123703084,-0.9019969154042655,0.7259452052822792,0.2920586246337467,1.0,-0.7701453042697771,1.0,0.0,0.0,0.0,0.0,0.0,1.439283823723465,0.0,0.0,0.0,1.0,0.0,0.0,1.0,0.0,0
0.0,-0.28487077224965107,0.0,0.0,1.0,-0.5064419972567069,1.2203732500267201,-0.44300020128249723,-1.0284308846790278,1.0,0.09777879041370928,1.0,1.0,1.0,1.0,1.0,1.0,-2.0005886812701847,1.0,0.0,0.0,0.0,0.0,1.0,0.0,0.0,1
0.0,-0.10530258634732491,0.0,0.0,1.0,1.5724342219973237,0.487223926346498,-1.1098874840762485,-0.40383731226733494,1.0,0.878910475628847,1.0,0.0,0.0,0.0,0.0,0.0,1.439283823723465,1.0,0.0,0.0,0.0,0.0,0.0,1.0,0.0,0
1.0,-0.3447268342170931,0.0,0.0,1.0,-0.5064419972567069,-0.8723401596088972,0.6837878360444336,1.0448261223286208,1.0,1.1826839087680672,1.0,1.0,0.0,1.0,1.0,1.0,0.5793156974750526,1.0,0.0,0.0,0.0,0.0,0.0,0.0,1.0,0
1.0,0.7326822811968637,0.0,0.0,0.0,-0.5064419972567069,2.0346268016738125,-1.0820058751089154,-0.9621438159002397,0.0,1.0524952945655444,0.0,1.0,1.0,1.0,0.0,1.0,0.5793156974750526,0.0,1.0,0.0,0.0,0.0,1.0,0.0,0.0,0
0.0,0.9721065290666319,0.0,0.0,0.0,-0.5064419972567069,0.12386781461315545,-0.5500042726579043,-0.9987176232992427,0.0,-1.290899761079869,1.0,0.0,0.0,0.0,0.0,0.0,1.439283823723465,1.0,0.0,0.0,0.0,0.0,0.0,1.0,1.0,0
1.0,-0.9432874538915136,0.0,0.0,0.0,2.611872331624339,1.0174950170340302,-0.04519821959429571,-0.9919043913905021,0.0,-1.421088375282392,0.0,1.0,1.0,1.0,1.0,1.0,-0.2806524287733598,0.0,0.0,0.0,0.0,1.0,0.0,0.0,1.0,0
1.0,0.8523944051317478,0.0,0.0,0.0,-0.5064419972567069,0.41900966808486645,-0.3384261741623036,1.768022300975142,0.0,0.05438258567953497,1.0,1.0,0.0,0.0,1.0,1.0,-0.2806524287733598,1.0,0.0,0.0,0.0,0.0,1.0,0.0,1.0,0
0.0,0.5531140952945376,0.0,0.0,1.0,-0.5064419972567069,0.7129971295270778,-0.2693104005431629,0.16175556437908403,1.0,-0.6399566900672541,1.0,1.0,0.0,1.0,0.0,1.0,0.5793156974750526,1.0,0.0,0.0,0.0,0.0,0.0,0.0,1.0,0
0.0,0.6728262192294217,0.0,0.0,0.0,-0.5064419972567069,0.0784725105318691,0.41768299552150107,-0.9275098870308086,0.0,0.6185332472238011,1.0,0.0,0.0,0.0,0.0,0.0,1.439283823723465,0.0,1.0,0.0,0.0,0.0,0.0,1.0,0.0,0
0.0,-1.42213594963105,1.0,0.0,0.0,-0.5064419972567069,-0.8859207428295083,0.6485395066246655,1.185822171551168,0.0,-1.290899761079869,0.0,1.0,0.0,0.0,0.0,1.0,0.5793156974750526,0.0,0.0,0.0,0.0,1.0,0.0,0.0,0.0,0
0.0,-1.0629995778263976,1.0,0.0,1.0,-0.5064419972567069,0.31368908528827966,-0.5513777759325899,0.3407921584254325,1.0,1.4864573419072875,1.0,1.0,1.0,1.0,1.0,1.0,-0.2806524287733598,0.0,0.0,0.0,0.0,0.0,0.0,0.0,0.0,0
0.0,-0.5841510820868613,0.0,0.0,0.0,-0.5064419972567069,1.4116469116545465,-1.809861108938359,-1.028856711673324,0.0,-1.030522532674823,0.0,1.0,0.0,0.0,0.0,1.0,1.439283823723465,0.0,0.0,0.0,1.0,1.0,0.0,0.0,1.0,0
1.0,0.19397772348988532,0.0,0.0,1.0,1.5724342219973237,-1.3427114450304682,1.1797632365459059,-0.8357205127047209,1.0,1.4430611371731132,1.0,1.0,1.0,1.0,0.0,1.0,0.5793156974750526,0.0,0.0,0.0,0.0,1.0,0.0,0.0,0.0,0
1.0,0.7925383431643057,0.0,0.0,1.0,0.5329961123703084,-1.4320290408765868,1.2514008673700938,0.6827312348453479,1.0,-0.5965604853330798,1.0,1.0,0.0,0.0,0.0,1.0,0.5793156974750526,1.0,0.0,0.0,0.0,1.0,0.0,0.0,1.0,0
1.0,-1.3024238256961658,1.0,0.0,0.0,0.5329961123703084,-0.9597634203733296,0.8063904200882421,1.0655497027177065,0.0,0.5317408377554524,1.0,0.0,0.0,0.0,0.0,0.0,1.439283823723465,1.0,0.0,0.0,0.0,0.0,0.0,1.0,0.0,0
1.0,1.1516747149689581,0.0,1.0,1.0,-0.5064419972567069,1.0497314650004024,-0.5337985949544041,-1.0142366515358183,1.0,0.05438258567953497,1.0,1.0,0.0,0.0,0.0,1.0,-2.0005886812701847,1.0,0.0,0.0,0.0,0.0,0.0,0.0,1.0,1
0.0,1.7502353346433785,0.0,1.0,1.0,-0.5064419972567069,1.7420913268438387,-1.180527168114028,0.3982314885449533,1.0,0.1411749951478836,1.0,1.0,1.0,0.0,0.0,1.0,-2.0005886812701847,1.0,0.0,0.0,0.0,0.0,0.0,0.0,1.0,1
1.0,-0.28487077224965107,0.0,0.0,0.0,-0.5064419972567069,-0.4460080203467393,0.4347832727713918,-0.27041152072116614,0.0,1.2260801135022417,1.0,0.0,0.0,0.0,0.0,0.0,-0.2806524287733598,0.0,1.0,0.0,0.0,0.0,0.0,1.0,0.0,0
0.0,-1.0629995778263976,1.0,0.0,1.0,-0.5064419972567069,-1.0269029416771966,0.8045490860038396,0.9813779001784746,1.0,0.09777879041370928,1.0,1.0,0.0,0.0,0.0,1.0,-2.0005886812701847,0.0,0.0,1.0,0.0,0.0,0.0,0.0,1.0,1
0.0,1.3312429008712843,0.0,1.0,1.0,0.5329961123703084,-0.8287571094947656,0.6627451384108747,-0.16002770097747407,1.0,-0.3361832569280339,1.0,1.0,0.0,1.0,0.0,1.0,0.5793156974750526,0.0,0.0,1.0,0.0,0.0,0.0,0.0,1.0,0
1.0,0.13412166152244326,0.0,0.0,1.0,-0.5064419972567069,0.5342244620765106,-1.2685776324933582,-0.9261850919374425,1.0,1.139287704033893,1.0,1.0,0.0,1.0,1.0,1.0,1.439283823723465,0.0,1.0,0.0,0.0,0.0,0.0,0.0,1.0,0
1.0,0.9122504670991899,0.0,0.0,0.0,-0.5064419972567069,0.98702917596685,-0.7318764988512327,-0.043918873866020815,0.0,0.18457119988205792,1.0,1.0,0.0,0.0,0.0,1.0,1.439283823723465,1.0,0.0,0.0,0.0,1.0,0.0,0.0,0.0,0
0.0,-0.46443895815197717,0.0,0.0,0.0,0.5329961123703084,1.3134880071859862,-0.49891382636112297,-1.0316009300810112,0.0,-1.3776921705482175,1.0,0.0,0.0,0.0,0.0,0.0,0.5793156974750526,1.0,0.0,0.0,0.0,0.0,0.0,1.0,1.0,0
0.0,0.7925383431643057,0.0,0.0,1.0,1.5724342219973237,1.3606955652344275,-0.6151194930708634,-1.0324052699591264,1.0,1.3128725229705902,1.0,0.0,0.0,0.0,0.0,0.0,1.439283823723465,1.0,0.0,0.0,0.0,0.0,0.0,1.0,0.0,0
0.0,-0.28487077224965107,0.0,0.0,0.0,-0.5064419972567069,1.3134880071859862,-0.49891382636112297,-1.0316009300810112,0.0,-1.2041073516115204,1.0,1.0,0.0,0.0,0.0,1.0,-0.2806524287733598,1.0,0.0,0.0,0.0,0.0,0.0,0.0,1.0,0
1.0,-0.8834313919240715,0.0,0.0,1.0,1.5724342219973237,-0.8295277824223406,1.3359868923508322,-1.0229424478636535,1.0,-1.1173149421431716,0.0,1.0,1.0,0.0,0.0,1.0,0.5793156974750526,1.0,0.0,0.0,0.0,0.0,1.0,0.0,1.0,0
1.0,-0.04544652437988287,0.0,0.0,0.0,-0.5064419972567069,0.2075626519436039,-0.010967214568442685,-0.7131769665683461,0.0,-0.3361832569280339,1.0,0.0,0.0,0.0,0.0,0.0,1.439283823723465,1.0,0.0,0.0,0.0,0.0,0.0,1.0,1.0,0
1.0,-1.3024238256961658,1.0,0.0,0.0,-0.5064419972567069,0.9095781641073486,-1.3013096411673646,0.17964029813952792,0.0,-0.6399566900672541,1.0,1.0,0.0,0.0,1.0,1.0,-2.0005886812701847,1.0,0.0,0.0,0.0,0.0,0.0,0.0,1.0,1
1.0,-1.661560197500818,1.0,0.0,0.0,-0.5064419972567069,1.3395242984517062,-1.3079257100148582,-1.0094106122671271,0.0,0.44494842828710385,1.0,1.0,1.0,0.0,0.0,1.0,0.5793156974750526,1.0,0.0,0.0,0.0,0.0,0.0,0.0,1.0,0
1.0,1.5108110867736102,0.0,1.0,0.0,-0.5064419972567069,-0.3478964237126642,0.5688486343965059,-0.9888289742094735,0.0,-0.11920223325716231,0.0,1.0,0.0,1.0,0.0,1.0,-0.2806524287733598,1.0,0.0,0.0,0.0,0.0,1.0,0.0,0.0,0
0.0,0.9122504670991899,0.0,0.0,1.0,2.611872331624339,0.06317105428934781,0.25298209780557246,0.40092839284216314,1.0,0.3581560188187552,1.0,1.0,0.0,1.0,1.0,1.0,-0.2806524287733598,1.0,0.0,0.0,0.0,0.0,0.0,0.0,0.0,0
1.0,-0.8235753299566294,0.0,0.0,1.0,-0.5064419972567069,0.48856148460694837,-1.0082819218768884,-0.5802716302374283,1.0,0.27136360935040654,1.0,1.0,1.0,0.0,1.0,1.0,-0.2806524287733598,1.0,0.0,0.0,0.0,0.0,0.0,0.0,1.0,0
1.0,-0.6440071440543034,0.0,0.0,0.0,-0.5064419972567069,0.24396178500409557,-0.0008354940739544285,0.3508700639571112,0.0,-1.030522532674823,1.0,1.0,1.0,0.0,1.0,1.0,-0.2806524287733598,0.0,0.0,0.0,1.0,0.0,1.0,0.0,1.0,0
0.0,0.8523944051317478,0.0,0.0,1.0,-0.5064419972567069,-0.7830674455544672,0.6676444435079144,-0.14994979544579534,1.0,0.27136360935040654,1.0,1.0,1.0,1.0,0.0,1.0,-0.2806524287733598,1.0,0.0,0.0,0.0,0.0,0.0,0.0,0.0,0
1.0,1.7502353346433785,0.0,1.0,1.0,-0.5064419972567069,-1.0138116104200519,0.8350374445519497,1.5437061032019554,1.0,-0.37957946166220824,1.0,1.0,0.0,1.0,0.0,1.0,0.5793156974750526,0.0,0.0,1.0,0.0,0.0,0.0,0.0,0.0,0
1.0,-0.8834313919240715,0.0,0.0,1.0,0.5329961123703084,-1.4346758535648927,1.2723222242709595,-0.2144389280264436,0.0,1.4430611371731132,1.0,0.0,0.0,0.0,0.0,0.0,-0.2806524287733598,1.0,0.0,0.0,0.0,0.0,0.0,1.0,0.0,0
1.0,0.13412166152244326,0.0,0.0,0.0,-0.5064419972567069,1.3768615013925618,-0.8271704974638608,-0.19584448260883922,0.0,-1.3776921705482175,1.0,0.0,0.0,0.0,0.0,0.0,-0.2806524287733598,1.0,0.0,0.0,0.0,0.0,0.0,1.0,1.0,0
0.0,-1.661560197500818,1.0,0.0,1.0,-0.5064419972567069,-0.9289983673615472,0.7471576876672982,0.9717258216410922,1.0,1.3562687277047645,1.0,0.0,0.0,0.0,0.0,0.0,1.439283823723465,0.0,0.0,0.0,0.0,0.0,0.0,1.0,0.0,0
0.0,1.6305232107084944,0.0,1.0,0.0,-0.5064419972567069,-0.9919901641685241,0.910402496590848,1.0501726168125631,0.0,0.44494842828710385,1.0,1.0,0.0,0.0,0.0,1.0,-0.2806524287733598,1.0,0.0,0.0,0.0,0.0,1.0,0.0,0.0,0
1.0,0.6129701572619797,0.0,0.0,0.0,-0.5064419972567069,-1.0707334481563227,0.9357068837602698,0.9139079786377524,0.0,-0.37957946166220824,1.0,1.0,1.0,0.0,0.0,1.0,-0.2806524287733598,0.0,0.0,1.0,0.0,0.0,1.0,0.0,0.0,0
1.0,-1.3024238256961658,1.0,0.0,0.0,-0.5064419972567069,-1.4684839729213415,1.440955392195197,-1.0328784110639,0.0,0.27136360935040654,1.0,1.0,1.0,1.0,1.0,1.0,0.5793156974750526,0.0,1.0,0.0,0.0,0.0,0.0,0.0,0.0,0
0.0,-0.3447268342170931,0.0,0.0,1.0,-0.5064419972567069,1.6646835794141643,-1.2404058207850774,-0.4529493589428396,1.0,0.4883446330212782,1.0,1.0,0.0,1.0,1.0,1.0,0.5793156974750526,0.0,1.0,0.0,0.0,1.0,0.0,0.0,0.0,0
1.0,-0.10530258634732491,0.0,0.0,1.0,-0.5064419972567069,0.7699395886270975,-0.6454878950010985,1.1276731297744866,1.0,0.4883446330212782,1.0,1.0,0.0,1.0,1.0,1.0,0.5793156974750526,1.0,0.0,0.0,0.0,0.0,1.0,0.0,0.0,0
0.0,-1.3024238256961658,1.0,0.0,1.0,0.5329961123703084,0.14885362934905022,-1.008004637540956,-0.8194444587005074,1.0,1.269476318236416,1.0,1.0,0.0,1.0,1.0,1.0,1.439283823723465,0.0,0.0,0.0,0.0,0.0,1.0,0.0,0.0,0
1.0,0.37354590939221144,0.0,0.0,0.0,-0.5064419972567069,-0.40580687388750997,0.08760759754310957,-1.0075653619585099,0.0,-1.4644845800165662,1.0,1.0,0.0,0.0,0.0,1.0,1.439283823723465,0.0,0.0,0.0,0.0,0.0,0.0,0.0,1.0,0
0.0,-0.8834313919240715,0.0,0.0,1.0,0.5329961123703084,-0.8535233673577989,0.6449671062699821,1.3209039569640446,1.0,-0.5965604853330798,1.0,0.0,0.0,0.0,0.0,0.0,-0.2806524287733598,0.0,0.0,0.0,1.0,0.0,0.0,1.0,0.0,0
0.0,0.8523944051317478,0.0,0.0,0.0,-0.5064419972567069,-0.9831787767405445,0.8692642972333418,0.05917857286415711,0.0,-1.030522532674823,1.0,1.0,0.0,1.0,0.0,1.0,-1.1406205550217723,1.0,0.0,0.0,0.0,0.0,0.0,0.0,1.0,1
1.0,0.19397772348988532,0.0,0.0,0.0,-0.5064419972567069,1.1057847794164049,-0.7947222323282911,-0.9923775324952758,0.0,-0.8569377137381258,1.0,1.0,0.0,1.0,0.0,1.0,-1.1406205550217723,1.0,0.0,0.0,0.0,0.0,1.0,0.0,0.0,1
0.0,0.5531140952945376,0.0,0.0,0.0,-0.5064419972567069,-0.9178943694931918,0.698072362375481,1.0723629346264472,0.0,-1.030522532674823,1.0,0.0,0.0,0.0,0.0,0.0,1.439283823723465,1.0,0.0,0.0,0.0,0.0,0.0,1.0,1.0,0
1.0,-0.8834313919240715,0.0,0.0,1.0,-0.5064419972567069,-1.0491436889916275,0.9911563690020334,0.9591402682541131,1.0,-0.6833528948014285,1.0,1.0,0.0,0.0,0.0,1.0,-0.2806524287733598,1.0,0.0,0.0,0.0,0.0,0.0,0.0,1.0,1
0.0,-1.1228556397938396,1.0,0.0,1.0,2.611872331624339,-1.4122523443599757,1.275880322105816,1.6171376026628257,1.0,0.010986380945360646,1.0,1.0,1.0,1.0,0.0,1.0,0.5793156974750526,1.0,0.0,0.0,0.0,0.0,1.0,0.0,0.0,0
0.0,0.19397772348988532,0.0,0.0,1.0,-0.5064419972567069,-0.8714688059053677,1.1967320228877438,0.6980610066400141,1.0,0.27136360935040654,1.0,1.0,0.0,0.0,0.0,1.0,0.5793156974750526,1.0,0.0,0.0,0.0,0.0,1.0,0.0,0.0,0
0.0,-1.3024238256961658,1.0,0.0,1.0,0.5329961123703084,0.9919605122862156,-0.6401013814868417,1.4162892036864119,1.0,1.5298535466414618,1.0,1.0,1.0,1.0,1.0,1.0,-0.2806524287733598,0.0,0.0,0.0,0.0,1.0,0.0,0.0,0.0,0
1.0,0.9122504670991899,0.0,0.0,0.0,-0.5064419972567069,0.6973240843965974,-0.4203394734224288,-0.9126059422304388,0.0,0.7053256566921497,1.0,0.0,0.0,0.0,0.0,0.0,1.439283823723465,0.0,1.0,0.0,0.0,0.0,0.0,1.0,0.0,0
1.0,-0.6440071440543034,0.0,0.0,0.0,-0.5064419972567069,-0.9022504368762412,0.6411095782620438,-0.6532299885935249,0.0,-0.9003339184723,1.0,1.0,0.0,0.0,0.0,0.0,-0.2806524287733598,0.0,0.0,0.0,1.0,0.0,1.0,0.0,1.0,1
0.0,0.014409537587559178,0.0,0.0,0.0,-0.5064419972567069,-0.7774592432955618,0.699059236243318,0.2286104024836005,0.0,-0.7701453042697771,1.0,1.0,0.0,0.0,0.0,0.0,-0.2806524287733598,0.0,0.0,0.0,1.0,0.0,0.0,0.0,1.0,1
1.0,0.49325803332709556,0.0,0.0,1.0,-0.5064419972567069,1.7251150923924927,-2.031520177051651,-0.8818044563096743,1.0,1.4864573419072875,1.0,1.0,0.0,0.0,1.0,1.0,-0.2806524287733598,0.0,0.0,0.0,0.0,0.0,0.0,0.0,0.0,1
0.0,-0.7637192679891874,0.0,0.0,1.0,-0.5064419972567069,-0.8545423053312976,1.1389489200566743,-0.9530121925781083,1.0,0.748721861426324,1.0,1.0,1.0,1.0,1.0,1.0,-1.1406205550217723,1.0,0.0,0.0,0.0,0.0,0.0,0.0,0.0,1
1.0,0.6129701572619797,0.0,0.0,1.0,-0.5064419972567069,-0.8411396319155823,0.630817300448243,0.20041119263909107,1.0,0.5317408377554524,0.0,1.0,1.0,0.0,0.0,1.0,0.5793156974750526,1.0,0.0,0.0,0.0,1.0,0.0,0.0,1.0,0
1.0,0.43340197135965347,0.0,0.0,0.0,-0.5064419972567069,-0.8770288916488586,0.7441823021723543,0.5374296015693606,0.0,0.31475981408458087,1.0,1.0,0.0,1.0,0.0,1.0,-1.1406205550217723,1.0,0.0,0.0,0.0,0.0,0.0,0.0,1.0,1
0.0,-1.481992011598492,1.0,0.0,1.0,-0.5064419972567069,-0.7265345833461759,0.6179141207092104,1.7666028776608211,1.0,1.1826839087680672,1.0,1.0,0.0,1.0,1.0,1.0,-0.2806524287733598,0.0,1.0,0.0,0.0,0.0,0.0,0.0,0.0,0
1.0,-1.3622798876636077,1.0,0.0,1.0,-0.5064419972567069,-0.9282786413326478,0.7194380201340894,2.2677066217265915,1.0,0.9223066803630213,1.0,1.0,1.0,0.0,1.0,1.0,-0.2806524287733598,1.0,0.0,0.0,0.0,1.0,0.0,0.0,0.0,0
1.0,-1.601704135533376,1.0,0.0,1.0,1.5724342219973237,-0.878706095900477,0.6060956256187403,0.9109745037881558,1.0,0.8355142708946727,1.0,0.0,0.0,0.0,0.0,0.0,-0.2806524287733598,0.0,1.0,0.0,0.0,0.0,0.0,1.0,0.0,0
0.0,0.014409537587559178,0.0,0.0,0.0,-0.5064419972567069,-1.4106527734777663,1.9649503517745657,-0.8699286145798557,0.0,-0.5965604853330798,1.0,1.0,0.0,1.0,0.0,1.0,-1.1406205550217723,0.0,0.0,0.0,1.0,0.0,0.0,0.0,1.0,1
1.0,0.014409537587559178,0.0,0.0,1.0,0.5329961123703084,-0.9086495290860088,0.8027068291762183,0.20552111657064648,1.0,0.5317408377554524,1.0,1.0,0.0,0.0,1.0,1.0,1.439283823723465,0.0,1.0,0.0,0.0,0.0,1.0,0.0,0.0,0
1.0,-0.16515864831476695,0.0,0.0,0.0,-0.5064419972567069,0.6071957859168025,-1.2242762693967726,0.8618624571126511,0.0,-0.9003339184723,1.0,1.0,0.0,0.0,0.0,1.0,1.439283823723465,1.0,0.0,0.0,0.0,0.0,0.0,0.0,1.0,0
1.0,-1.42213594963105,1.0,0.0,1.0,-0.5064419972567069,0.190130725787441,-0.9219971266383846,-0.007676265240359367,1.0,1.3996649324389387,1.0,0.0,0.0,0.0,0.0,0.0,0.5793156974750526,0.0,0.0,0.0,0.0,0.0,0.0,1.0,0.0,0
0.0,0.8523944051317478,0.0,0.0,0.0,-0.5064419972567069,0.3123143277049864,0.23859422423451374,-0.8732879164237486,0.0,-1.2041073516115204,0.0,1.0,1.0,1.0,1.0,1.0,0.5793156974750526,1.0,0.0,0.0,0.0,0.0,1.0,0.0,0.0,0
0.0,0.2538337854573274,0.0,0.0,1.0,-0.5064419972567069,-1.4602325970383179,1.2459599120061853,2.328079426695709,1.0,-0.5097680758647312,1.0,1.0,0.0,0.0,1.0,1.0,1.439283823723465,1.0,0.0,0.0,0.0,0.0,0.0,0.0,1.0,0
0.0,0.6129701572619797,0.0,0.0,1.0,-0.5064419972567069,-1.0831285051315753,1.2230615777684033,0.17665950917945394,1.0,-1.421088375282392,1.0,1.0,0.0,0.0,1.0,1.0,-1.1406205550217723,1.0,0.0,0.0,0.0,0.0,0.0,0.0,1.0,1
0.0,-1.2425677637287238,1.0,0.0,0.0,-0.5064419972567069,-0.7962630966517568,1.0916357231081748,1.298003927493,0.0,1.5298535466414618,1.0,1.0,0.0,1.0,1.0,1.0,-0.2806524287733598,0.0,0.0,0.0,0.0,0.0,1.0,0.0,0.0,0
1.0,1.4509550248061682,0.0,1.0,0.0,-0.5064419972567069,-0.8052487548204447,0.31378441643427246,0.990367581169174,0.0,0.31475981408458087,1.0,1.0,1.0,1.0,0.0,1.0,-0.2806524287733598,1.0,0.0,0.0,0.0,0.0,0.0,0.0,0.0,0
1.0,0.19397772348988532,0.0,0.0,0.0,1.5724342219973237,0.6087181277700678,-1.1369801475952457,-0.3749757048761424,0.0,-1.030522532674823,0.0,1.0,0.0,0.0,0.0,0.0,1.439283823723465,1.0,0.0,0.0,0.0,1.0,0.0,0.0,1.0,0
0.0,-1.541848073565934,1.0,0.0,1.0,0.5329961123703084,-0.23659402806688687,-0.4467580730232791,0.6465359403301639,1.0,0.3581560188187552,1.0,0.0,0.0,0.0,0.0,0.0,-0.2806524287733598,0.0,1.0,0.0,0.0,0.0,0.0,1.0,0.0,0
0.0,-0.40458289618453513,0.0,0.0,0.0,2.611872331624339,-1.3930789238181536,1.207668375465213,-0.48597460805604026,0.0,0.5751370424896268,0.0,1.0,1.0,0.0,0.0,1.0,-0.2806524287733598,0.0,1.0,0.0,0.0,0.0,1.0,0.0,0.0,0
1.0,0.6728262192294217,0.0,0.0,0.0,-0.5064419972567069,0.26291281828979796,0.7247105748613695,-1.0024554380269546,0.0,-1.0739187374089973,1.0,0.0,0.0,0.0,0.0,0.0,1.439283823723465,1.0,0.0,0.0,0.0,0.0,0.0,1.0,0.0,0
0.0,-1.1228556397938396,1.0,0.0,0.0,-0.5064419972567069,-1.3474373763932725,1.203189379902349,2.4750370538384043,0.0,0.010986380945360646,1.0,1.0,0.0,0.0,1.0,1.0,0.5793156974750526,1.0,0.0,0.0,0.0,0.0,0.0,0.0,1.0,0
0.0,0.7326822811968637,0.0,0.0,1.0,2.611872331624339,1.1176093119945918,-0.5669329196699109,-0.9649826625288815,1.0,0.05438258567953497,1.0,1.0,1.0,1.0,0.0,1.0,-0.2806524287733598,1.0,0.0,0.0,0.0,0.0,1.0,0.0,0.0,0
1.0,0.5531140952945376,0.0,0.0,1.0,1.5724342219973237,-1.4106527734777663,1.9649503517745657,-0.8699286145798557,1.0,1.3996649324389387,1.0,1.0,1.0,0.0,0.0,1.0,-0.2806524287733598,1.0,0.0,0.0,0.0,0.0,1.0,0.0,0.0,0
0.0,0.2538337854573274,0.0,0.0,0.0,-0.5064419972567069,0.6504173556546201,-1.0829175454047757,-0.2560280311360473,0.0,0.5751370424896268,0.0,1.0,1.0,0.0,0.0,1.0,-0.2806524287733598,0.0,1.0,0.0,0.0,0.0,1.0,0.0,1.0,0
1.0,-1.1827117017612818,1.0,0.0,1.0,0.5329961123703084,0.40994799390863407,-0.93569617239987,-0.5567092032197006,1.0,-1.030522532674823,1.0,0.0,0.0,0.0,0.0,0.0,1.439283823723465,0.0,0.0,0.0,1.0,0.0,0.0,1.0,1.0,0
1.0,0.6129701572619797,0.0,0.0,1.0,-0.5064419972567069,0.325215618943264,-1.0087640552064323,-0.5724174878981857,1.0,1.3996649324389387,1.0,0.0,0.0,0.0,0.0,0.0,-0.2806524287733598,0.0,0.0,0.0,0.0,0.0,0.0,1.0,0.0,0
1.0,-1.1228556397938396,1.0,0.0,0.0,-0.5064419972567069,-0.7673317276518102,0.6275457143814727,2.841910666479891,0.0,1.4430611371731132,1.0,1.0,1.0,1.0,1.0,1.0,0.5793156974750526,0.0,0.0,0.0,0.0,0.0,0.0,0.0,0.0,0
0.0,-0.7038632060217453,0.0,0.0,0.0,-0.5064419972567069,0.6315581076546268,-1.246398576591221,0.805937178528406,0.0,-1.4644845800165662,1.0,1.0,0.0,0.0,0.0,1.0,0.5793156974750526,1.0,0.0,0.0,0.0,0.0,0.0,0.0,1.0,0
1.0,-0.16515864831476695,0.0,0.0,1.0,0.5329961123703084,0.4434759053223711,-1.0040691377313917,0.5149080849821349,1.0,1.4430611371731132,1.0,1.0,1.0,1.0,0.0,1.0,-0.2806524287733598,0.0,0.0,0.0,0.0,0.0,1.0,0.0,0.0,0
0.0,-0.5841510820868613,0.0,0.0,1.0,2.611872331624339,1.6271211588339278,-0.6434832353677404,-0.9111392048056405,1.0,0.878910475628847,1.0,1.0,1.0,0.0,0.0,0.0,-0.2806524287733598,1.0,0.0,0.0,0.0,0.0,1.0,0.0,0.0,0
1.0,-0.7637192679891874,0.0,0.0,0.0,-0.5064419972567069,1.077108953590763,-0.6455349549050404,-0.7487571776473244,0.0,-0.075806028522988,1.0,0.0,0.0,0.0,0.0,0.0,0.5793156974750526,0.0,0.0,1.0,0.0,0.0,0.0,1.0,0.0,0
1.0,-0.10530258634732491,0.0,0.0,1.0,2.611872331624339,-1.253588741288804,1.19678831022382,-0.7173406082903542,1.0,1.3128725229705902,1.0,1.0,0.0,1.0,1.0,1.0,1.439283823723465,0.0,0.0,0.0,0.0,0.0,0.0,0.0,0.0,0
0.0,0.43340197135965347,0.0,0.0,1.0,-0.5064419972567069,-0.8617872777952554,0.6610749731927501,0.5034580702466127,1.0,-1.0739187374089973,1.0,0.0,0.0,0.0,0.0,0.0,0.5793156974750526,1.0,0.0,0.0,0.0,0.0,0.0,1.0,0.0,0
0.0,1.8100913966108205,0.0,1.0,0.0,-0.5064419972567069,-1.3594442665214779,1.176608838867368,0.6141730887636463,0.0,-1.4644845800165662,1.0,1.0,0.0,0.0,0.0,1.0,-2.0005886812701847,0.0,0.0,0.0,0.0,0.0,0.0,0.0,1.0,1
0.0,1.6305232107084944,0.0,1.0,0.0,-0.5064419972567069,-0.9649822427637907,1.6189723972386174,-0.7755842782879903,0.0,-0.16259843799133664,0.0,1.0,0.0,1.0,0.0,1.0,0.5793156974750526,0.0,0.0,1.0,0.0,1.0,0.0,0.0,0.0,0
1.0,0.3136898474247694,0.0,0.0,0.0,2.611872331624339,0.4316182168259964,-0.906070117385648,-0.289715677795931,0.0,-0.7701453042697771,1.0,1.0,1.0,1.0,0.0,1.0,-0.2806524287733598,0.0,0.0,0.0,1.0,0.0,1.0,0.0,1.0,0
0.0,-0.16515864831476695,0.0,0.0,1.0,-0.5064419972567069,0.7011353976260479,-1.0689384470777086,0.5092777058353286,1.0,1.0524952945655444,1.0,1.0,0.0,1.0,1.0,1.0,-2.0005886812701847,1.0,0.0,0.0,0.0,0.0,0.0,0.0,1.0,1
1.0,-0.7038632060217453,0.0,0.0,1.0,-0.5064419972567069,1.679296443843645,-1.7373459493172436,-1.0043006883355718,1.0,-0.11920223325716231,1.0,1.0,0.0,0.0,1.0,1.0,-1.1406205550217723,1.0,0.0,0.0,0.0,0.0,0.0,0.0,1.0,1
1.0,-0.04544652437988287,0.0,0.0,1.0,-0.5064419972567069,1.6384592698319094,-0.5804386507279687,-0.8404519237524574,0.0,-0.3361832569280339,1.0,0.0,0.0,0.0,0.0,0.0,0.5793156974750526,1.0,0.0,0.0,0.0,0.0,0.0,1.0,1.0,0
1.0,1.8100913966108205,0.0,1.0,0.0,1.5724342219973237,-0.833083148137016,0.7717188051774947,0.4943264469244813,0.0,-1.290899761079869,1.0,1.0,1.0,0.0,0.0,0.0,-1.1406205550217723,0.0,0.0,0.0,0.0,0.0,0.0,0.0,1.0,1
1.0,0.6129701572619797,0.0,0.0,0.0,-0.5064419972567069,0.40994799390863407,-0.93569617239987,-0.5567092032197006,0.0,-1.0739187374089973,1.0,0.0,0.0,0.0,0.0,0.0,0.5793156974750526,0.0,0.0,0.0,1.0,0.0,0.0,1.0,0.0,0
1.0,-1.1827117017612818,1.0,0.0,0.0,-0.5064419972567069,-0.5158404491519977,2.063306473744292,-1.0317428724124433,0.0,0.4015522235529295,1.0,1.0,1.0,1.0,0.0,1.0,-0.2806524287733598,0.0,1.0,0.0,0.0,0.0,0.0,0.0,0.0,0
1.0,-1.601704135533376,1.0,0.0,1.0,-0.5064419972567069,-0.7373260260345667,0.9344837876295374,-1.0176432674901885,1.0,0.9657028850971957,1.0,1.0,1.0,1.0,1.0,0.0,0.5793156974750526,0.0,1.0,0.0,0.0,0.0,0.0,0.0,0.0,0
0.0,1.6903792726759364,0.0,1.0,0.0,-0.5064419972567069,-0.41756792501258533,-0.4467414636454219,-0.99876493740972,0.0,-0.8135415090039514,1.0,1.0,0.0,1.0,0.0,1.0,0.5793156974750526,0.0,0.0,0.0,1.0,0.0,0.0,0.0,0.0,0
0.0,1.3312429008712843,0.0,1.0,0.0,-0.5064419972567069,1.835723235458704,-1.4668488510936013,-0.8598033949376996,0.0,-0.03240982378881367,1.0,1.0,1.0,0.0,0.0,1.0,-2.0005886812701847,0.0,0.0,1.0,0.0,0.0,0.0,0.0,1.0,1
0.0,0.13412166152244326,0.0,0.0,0.0,-0.5064419972567069,-0.8671573235198792,0.7446796607649308,0.4122837793567307,0.0,-0.7701453042697771,1.0,1.0,0.0,0.0,1.0,1.0,-0.2806524287733598,0.0,0.0,0.0,1.0,0.0,0.0,0.0,0.0,0
0.0,-1.481992011598492,1.0,0.0,0.0,-0.5064419972567069,-1.3474373763932725,1.203189379902349,2.4750370538384043,0.0,-0.03240982378881367,1.0,1.0,0.0,0.0,1.0,1.0,-0.2806524287733598,0.0,0.0,1.0,0.0,0.0,0.0,0.0,1.0,1
1.0,-0.8834313919240715,0.0,0.0,0.0,-0.5064419972567069,-1.296560832959301,1.1808336186746546,-0.6768870438322072,0.0,0.44494842828710385,1.0,1.0,1.0,1.0,1.0,1.0,0.5793156974750526,0.0,1.0,0.0,0.0,0.0,0.0,0.0,0.0,0
0.0,0.9721065290666319,0.0,0.0,0.0,-0.5064419972567069,-0.8411396319155823,0.630817300448243,0.20041119263909107,0.0,-0.9871263279406487,0.0,1.0,0.0,0.0,0.0,1.0,1.439283823723465,0.0,0.0,0.0,1.0,1.0,0.0,0.0,1.0,0
0.0,1.4509550248061682,0.0,1.0,1.0,-0.5064419972567069,-1.3594442665214779,1.176608838867368,0.6141730887636463,0.0,-0.42297566639638257,0.0,1.0,1.0,0.0,0.0,0.0,-2.0005886812701847,1.0,0.0,0.0,0.0,1.0,0.0,0.0,1.0,1
1.0,-1.0031435158589557,0.0,0.0,1.0,1.5724342219973237,-0.14141066508522918,0.12053061406250688,-0.9873149226741977,1.0,-0.5965604853330798,1.0,1.0,0.0,0.0,0.0,1.0,0.5793156974750526,0.0,0.0,0.0,1.0,0.0,0.0,0.0,1.0,0
0.0,-1.2425677637287238,1.0,0.0,0.0,-0.5064419972567069,0.034089270636168,-0.03028530513422526,0.4020639314936199,0.0,0.1411749951478836,1.0,1.0,0.0,0.0,0.0,1.0,1.439283823723465,0.0,1.0,0.0,0.0,0.0,1.0,0.0,1.0,0
1.0,1.091818653001516,0.0,1.0,0.0,-0.5064419972567069,1.740757407647579,-1.3320522154710521,-0.9940808404724609,0.0,0.4015522235529295,1.0,1.0,0.0,1.0,1.0,1.0,-0.2806524287733598,1.0,0.0,0.0,0.0,0.0,1.0,0.0,0.0,0
0.0,1.5706671487410524,0.0,1.0,0.0,-0.5064419972567069,0.6406877110290933,-1.1296231159465637,0.33019379767850277,0.0,-1.421088375282392,0.0,1.0,0.0,0.0,0.0,1.0,-0.2806524287733598,0.0,0.0,0.0,0.0,0.0,1.0,0.0,1.0,1
0.0,-1.481992011598492,1.0,0.0,0.0,0.5329961123703084,0.16387245160606606,-0.8706912198010327,-1.0179271521530528,0.0,1.5298535466414618,1.0,0.0,0.0,0.0,0.0,0.0,0.5793156974750526,1.0,0.0,0.0,0.0,0.0,0.0,1.0,0.0,0
1.0,-0.6440071440543034,0.0,0.0,0.0,-0.5064419972567069,-0.8535233673577989,0.6449671062699821,1.3209039569640446,0.0,1.139287704033893,1.0,1.0,1.0,1.0,0.0,1.0,-0.2806524287733598,0.0,1.0,0.0,0.0,0.0,1.0,0.0,0.0,0
1.0,1.2115307769364,0.0,1.0,1.0,-0.5064419972567069,0.7947539630055453,-0.2787006968648502,-1.021333768107423,1.0,-0.5965604853330798,1.0,1.0,1.0,0.0,1.0,1.0,-0.2806524287733598,1.0,0.0,0.0,0.0,0.0,0.0,0.0,0.0,0
0.0,0.2538337854573274,0.0,0.0,0.0,-0.5064419972567069,1.8624440751328093,-1.9790396181023269,-0.9572704625210711,0.0,-0.6399566900672541,1.0,1.0,1.0,0.0,1.0,1.0,-1.1406205550217723,1.0,0.0,0.0,0.0,0.0,0.0,0.0,1.0,1
0.0,0.43340197135965347,0.0,0.0,1.0,-0.5064419972567069,0.5008696083820822,-1.086706790414848,1.1155607174922813,1.0,1.5298535466414618,1.0,0.0,0.0,0.0,0.0,0.0,-0.2806524287733598,1.0,0.0,0.0,0.0,0.0,0.0,1.0,0.0,0
0.0,0.3136898474247694,0.0,0.0,0.0,1.5724342219973237,-0.7936627831170039,1.1841864061443,-0.5738369112125067,0.0,-1.3342959658140432,1.0,0.0,0.0,0.0,0.0,0.0,1.439283823723465,1.0,0.0,0.0,0.0,0.0,0.0,1.0,1.0,0
0.0,1.8100913966108205,0.0,1.0,0.0,-0.5064419972567069,1.11049938924617,-1.3249503223211596,-0.3991532153300758,0.0,0.4015522235529295,1.0,1.0,1.0,0.0,1.0,1.0,-2.0005886812701847,1.0,0.0,0.0,0.0,0.0,0.0,0.0,1.0,1
0.0,-0.5242950201194192,0.0,0.0,1.0,2.611872331624339,-0.8418148804932606,0.7162370239232222,0.2812710074449075,1.0,0.6185332472238011,1.0,0.0,0.0,0.0,0.0,0.0,0.5793156974750526,1.0,0.0,0.0,0.0,0.0,0.0,1.0,0.0,0
1.0,1.5706671487410524,0.0,1.0,0.0,-0.5064419972567069,0.6541833827519145,-1.166178049757976,0.12622266741058305,0.0,-0.9437301232064743,1.0,1.0,0.0,0.0,0.0,1.0,-2.0005886812701847,0.0,0.0,0.0,1.0,0.0,1.0,0.0,1.0,1
1.0,1.8100913966108205,0.0,1.0,0.0,-0.5064419972567069,-1.1551128338951566,1.1351453725267753,0.9613167173360719,0.0,-0.42297566639638257,1.0,1.0,0.0,1.0,0.0,1.0,0.5793156974750526,1.0,0.0,0.0,0.0,0.0,0.0,0.0,0.0,0
1.0,1.031962591034074,0.0,0.0,0.0,-0.5064419972567069,-0.453684019747104,0.7329935793257321,-0.8061965077668453,0.0,0.31475981408458087,1.0,1.0,0.0,0.0,0.0,1.0,-0.2806524287733598,0.0,1.0,0.0,0.0,0.0,1.0,0.0,1.0,0
0.0,0.8523944051317478,0.0,0.0,0.0,-0.5064419972567069,0.6419763440931998,-1.1706778070431583,-0.04103271312690156,0.0,1.2260801135022417,1.0,1.0,1.0,1.0,1.0,1.0,0.5793156974750526,1.0,0.0,0.0,0.0,0.0,0.0,0.0,0.0,0
1.0,0.6129701572619797,0.0,0.0,1.0,0.5329961123703084,1.8741804614894806,-1.7024990131957507,-1.0142366515358183,1.0,-0.11920223325716231,1.0,0.0,0.0,0.0,0.0,0.0,0.5793156974750526,1.0,0.0,0.0,0.0,0.0,0.0,1.0,0.0,0
1.0,-1.1827117017612818,1.0,0.0,0.0,-0.5064419972567069,-0.7190122333227674,1.0252272780801865,-0.44750823623794267,0.0,-0.2927870521938596,1.0,1.0,0.0,1.0,1.0,0.0,1.439283823723465,0.0,0.0,1.0,0.0,0.0,0.0,0.0,1.0,0
0.0,-1.601704135533376,1.0,0.0,1.0,0.5329961123703084,-1.383809822983028,1.2876572937516364,1.5781980897399543,1.0,0.4883446330212782,1.0,1.0,0.0,1.0,1.0,1.0,0.5793156974750526,0.0,1.0,0.0,0.0,0.0,1.0,0.0,0.0,0
1.0,0.6728262192294217,0.0,0.0,0.0,-0.5064419972567069,1.9188596786060552,-1.9632468679872859,-0.28389604220721515,0.0,0.3581560188187552,1.0,1.0,1.0,0.0,1.0,1.0,0.5793156974750526,1.0,0.0,0.0,0.0,0.0,0.0,0.0,0.0,0
1.0,0.9122504670991899,0.0,0.0,0.0,-0.5064419972567069,1.794030072681136,-0.7700060939580742,-1.02857282701046,0.0,-1.4644845800165662,0.0,1.0,0.0,0.0,0.0,1.0,-2.0005886812701847,1.0,0.0,0.0,0.0,0.0,1.0,0.0,1.0,1
0.0,-1.0031435158589557,0.0,0.0,1.0,1.5724342219973237,0.670880217941481,-1.1562318006495929,-0.5570877161035196,1.0,-0.42297566639638257,1.0,1.0,0.0,0.0,1.0,0.0,1.439283823723465,1.0,0.0,0.0,0.0,1.0,0.0,0.0,1.0,0
1.0,1.031962591034074,0.0,0.0,1.0,-0.5064419972567069,1.6756226063725272,-1.8801012451642878,-1.0182583509263943,1.0,-1.160711146877346,0.0,1.0,1.0,1.0,0.0,1.0,0.5793156974750526,1.0,0.0,0.0,0.0,0.0,1.0,0.0,0.0,0
0.0,0.7925383431643057,0.0,0.0,0.0,-0.5064419972567069,1.6864811695782174,-1.6850730075911675,-1.0246457558408386,0.0,-0.5531642805989055,1.0,1.0,0.0,1.0,0.0,1.0,-0.2806524287733598,1.0,0.0,0.0,0.0,0.0,0.0,0.0,1.0,0
1.0,-0.9432874538915136,0.0,0.0,1.0,1.5724342219973237,-0.9020086412777691,0.6578855112720604,1.080784846291418,1.0,-0.7267490995356027,1.0,0.0,0.0,0.0,0.0,0.0,-0.2806524287733598,1.0,0.0,0.0,0.0,0.0,0.0,1.0,1.0,0
1.0,0.7925383431643057,0.0,0.0,0.0,-0.5064419972567069,1.238024328715277,-1.1379974719891608,-0.9829620245102803,0.0,-0.6399566900672541,1.0,1.0,0.0,0.0,0.0,1.0,-1.1406205550217723,1.0,0.0,0.0,0.0,0.0,0.0,0.0,1.0,1
1.0,-1.42213594963105,1.0,0.0,1.0,-0.5064419972567069,-0.833839264807829,0.558953597536519,0.2603581706139123,1.0,-0.3361832569280339,1.0,0.0,0.0,0.0,0.0,0.0,1.439283823723465,0.0,0.0,1.0,0.0,0.0,0.0,1.0,0.0,0
0.0,0.9721065290666319,0.0,0.0,0.0,-0.5064419972567069,-0.8715197528040434,0.6353152122470076,-0.6434832818351877,0.0,-1.2475035563456947,1.0,1.0,0.0,0.0,1.0,1.0,1.439283823723465,1.0,0.0,0.0,0.0,0.0,1.0,0.0,1.0,0
1.0,-1.42213594963105,1.0,0.0,1.0,1.5724342219973237,0.16832828353780077,-0.24389436144479465,-0.9837190502779181,1.0,-0.03240982378881367,1.0,1.0,1.0,1.0,1.0,1.0,-0.2806524287733598,1.0,0.0,0.0,0.0,1.0,0.0,0.0,0.0,0
0.0,1.5706671487410524,0.0,1.0,0.0,-0.5064419972567069,-0.9619092552246654,0.6488274025075699,0.9490150486119571,0.0,-0.16259843799133664,1.0,0.0,0.0,0.0,0.0,0.0,0.5793156974750526,0.0,0.0,1.0,0.0,0.0,0.0,1.0,0.0,0
0.0,1.5706671487410524,0.0,1.0,1.0,-0.5064419972567069,0.7014220750162115,-0.7242361850357202,-0.26326709003908405,1.0,-0.9871263279406487,1.0,0.0,0.0,0.0,0.0,0.0,1.439283823723465,1.0,0.0,0.0,0.0,0.0,0.0,1.0,0.0,0
0.0,-0.8834313919240715,0.0,0.0,0.0,-0.5064419972567069,1.6041861589399338,-1.2126441684356197,0.21370645768323057,0.0,-0.8135415090039514,1.0,0.0,0.0,0.0,0.0,0.0,-0.2806524287733598,0.0,0.0,0.0,1.0,0.0,0.0,1.0,0.0,0
0.0,1.1516747149689581,0.0,1.0,1.0,-0.5064419972567069,-1.01090642417418,0.778065894377978,-0.9848072748188974,1.0,1.4864573419072875,1.0,0.0,0.0,0.0,0.0,0.0,-0.2806524287733598,0.0,0.0,0.0,0.0,0.0,0.0,1.0,0.0,0
1.0,-1.0629995778263976,1.0,0.0,0.0,-0.5064419972567069,1.613940063993403,-1.8916166191088144,-0.996162661333465,0.0,-1.4644845800165662,1.0,1.0,1.0,1.0,1.0,0.0,-2.0005886812701847,1.0,0.0,0.0,0.0,0.0,0.0,0.0,1.0,1
1.0,1.8699474585782625,0.0,1.0,0.0,-0.5064419972567069,-1.2445974223535996,1.2885159063126697,1.2665400440255523,0.0,-0.8135415090039514,1.0,1.0,0.0,0.0,0.0,0.0,0.5793156974750526,0.0,0.0,0.0,1.0,0.0,0.0,0.0,1.0,0
0.0,1.3910989628387262,0.0,1.0,0.0,-0.5064419972567069,1.5598122188749428,-0.8000889068634417,-0.9732626318624205,0.0,-0.9437301232064743,1.0,1.0,0.0,0.0,0.0,1.0,-0.2806524287733598,0.0,0.0,0.0,1.0,0.0,0.0,0.0,1.0,1
1.0,1.2115307769364,0.0,1.0,1.0,-0.5064419972567069,0.6191242339946668,-1.1244363763382323,0.417772216172105,1.0,0.3581560188187552,1.0,1.0,0.0,1.0,0.0,1.0,0.5793156974750526,1.0,0.0,0.0,0.0,0.0,0.0,0.0,0.0,0
0.0,0.13412166152244326,0.0,0.0,0.0,-0.5064419972567069,-0.6718709871106991,0.798437757694639,0.16317498769340497,0.0,-0.9437301232064743,1.0,1.0,0.0,0.0,1.0,1.0,-2.0005886812701847,1.0,0.0,0.0,0.0,0.0,0.0,0.0,1.0,1
1.0,0.2538337854573274,0.0,0.0,1.0,-0.5064419972567069,-0.8038448847236216,0.9679498385306284,-1.034960231924904,1.0,-0.24939084745968526,1.0,1.0,0.0,0.0,0.0,0.0,1.439283823723465,1.0,0.0,0.0,0.0,0.0,1.0,0.0,1.0,0
1.0,0.7925383431643057,0.0,0.0,1.0,-0.5064419972567069,-0.8418524841565682,0.7982550545381834,0.38356411429697024,1.0,0.22796740461623224,1.0,1.0,0.0,1.0,0.0,1.0,-0.2806524287733598,1.0,0.0,0.0,0.0,0.0,0.0,0.0,1.0,0
0.0,-1.1228556397938396,1.0,0.0,0.0,-0.5064419972567069,0.0909257925341813,0.019253087075882486,-0.8999730747329824,0.0,-1.421088375282392,1.0,0.0,0.0,0.0,0.0,0.0,1.439283823723465,1.0,0.0,0.0,0.0,0.0,0.0,1.0,1.0,0
0.0,0.37354590939221144,0.0,0.0,1.0,-0.5064419972567069,-0.9618587126664544,0.7435520685568938,0.39042466031618817,1.0,-0.8135415090039514,1.0,1.0,0.0,0.0,1.0,1.0,-2.0005886812701847,0.0,0.0,0.0,1.0,0.0,0.0,0.0,1.0,1
1.0,1.6305232107084944,0.0,1.0,0.0,-0.5064419972567069,-0.8533705266617747,0.7060370204308677,1.2118449323137186,0.0,-1.4644845800165662,1.0,1.0,0.0,1.0,0.0,1.0,0.5793156974750526,1.0,0.0,0.0,0.0,0.0,0.0,0.0,0.0,0
1.0,0.7925383431643057,0.0,0.0,1.0,2.611872331624339,0.3363337687279196,-1.0593917457811763,-1.0335408086105833,1.0,-0.24939084745968526,1.0,0.0,0.0,0.0,0.0,0.0,-0.2806524287733598,0.0,0.0,1.0,0.0,0.0,0.0,1.0,0.0,0
1.0,-0.46443895815197717,0.0,0.0,1.0,1.5724342219973237,1.0588586423320754,-1.3712032873162696,-0.9619072453478529,1.0,-1.3342959658140432,1.0,1.0,0.0,0.0,0.0,1.0,0.5793156974750526,1.0,0.0,0.0,0.0,0.0,1.0,0.0,1.0,0
1.0,1.6903792726759364,0.0,1.0,0.0,-0.5064419972567069,-0.9229195128005955,0.646008421987471,0.3197846933734825,0.0,-0.9871263279406487,1.0,1.0,0.0,0.0,0.0,1.0,-0.2806524287733598,1.0,0.0,0.0,0.0,0.0,0.0,0.0,1.0,1
1.0,-0.6440071440543034,0.0,0.0,1.0,-0.5064419972567069,-1.3724413864501228,1.1813840350020648,1.3859135447599438,1.0,-0.5097680758647312,1.0,1.0,0.0,1.0,0.0,1.0,-1.1406205550217723,1.0,0.0,0.0,0.0,0.0,0.0,0.0,1.0,1
0.0,1.031962591034074,0.0,0.0,0.0,2.611872331624339,1.1057847794164049,-0.7947222323282911,-0.9923775324952758,0.0,1.269476318236416,1.0,0.0,0.0,0.0,0.0,0.0,0.5793156974750526,0.0,0.0,0.0,0.0,0.0,0.0,1.0,0.0,0
1.0,0.19397772348988532,0.0,0.0,0.0,-0.5064419972567069,-0.9473194382017274,0.6809559371193391,-0.5659354547627867,0.0,0.4015522235529295,1.0,1.0,0.0,0.0,1.0,1.0,1.439283823723465,0.0,1.0,0.0,0.0,1.0,0.0,0.0,0.0,0
1.0,-0.3447268342170931,0.0,0.0,0.0,-0.5064419972567069,-0.7936627831170039,1.1841864061443,-0.5738369112125067,0.0,-0.16259843799133664,1.0,1.0,1.0,0.0,0.0,1.0,-0.2806524287733598,1.0,0.0,0.0,0.0,1.0,0.0,0.0,0.0,0
1.0,0.5531140952945376,0.0,0.0,1.0,1.5724342219973237,0.17714331002997377,0.07599810379071224,-0.9442117680293184,1.0,-0.42297566639638257,1.0,1.0,1.0,0.0,0.0,1.0,-0.2806524287733598,0.0,0.0,1.0,0.0,0.0,0.0,0.0,1.0,0
0.0,-0.7637192679891874,0.0,0.0,1.0,-0.5064419972567069,0.9986466862266113,-0.6728735294906797,0.47876010457742824,1.0,0.18457119988205792,1.0,1.0,0.0,1.0,1.0,1.0,-1.1406205550217723,1.0,0.0,0.0,0.0,0.0,1.0,0.0,0.0,1
0.0,1.8699474585782625,0.0,1.0,1.0,-0.5064419972567069,0.7258313002480534,-1.086722477049493,1.171296739634617,1.0,-1.030522532674823,1.0,1.0,0.0,1.0,0.0,1.0,-2.0005886812701847,0.0,0.0,0.0,1.0,0.0,0.0,0.0,1.0,1
0.0,-0.04544652437988287,0.0,0.0,0.0,-0.5064419972567069,0.6807517860704603,0.042663543797673946,-0.8630680685606378,0.0,-1.4644845800165662,1.0,1.0,0.0,0.0,1.0,1.0,1.439283823723465,0.0,0.0,0.0,0.0,0.0,0.0,0.0,1.0,0
0.0,1.8699474585782625,0.0,1.0,1.0,-0.5064419972567069,-1.4813132915567297,1.2549040619836924,0.31070038416182844,1.0,1.5298535466414618,0.0,1.0,1.0,1.0,0.0,1.0,-0.2806524287733598,0.0,0.0,0.0,0.0,0.0,1.0,0.0,0.0,0
0.0,0.7925383431643057,0.0,0.0,1.0,2.611872331624339,-0.8850121898031387,0.6276509071079148,1.7173488886538844,1.0,-0.5965604853330798,1.0,0.0,0.0,0.0,0.0,0.0,1.439283823723465,1.0,0.0,0.0,0.0,0.0,0.0,1.0,0.0,0
1.0,-0.7637192679891874,0.0,0.0,1.0,-0.5064419972567069,0.7717765073626565,-0.7602411638913218,0.007180365449533184,1.0,1.5298535466414618,1.0,1.0,1.0,1.0,1.0,1.0,-0.2806524287733598,1.0,0.0,0.0,0.0,0.0,0.0,0.0,0.0,0
1.0,-0.7637192679891874,0.0,0.0,1.0,0.5329961123703084,-0.9454287421842346,0.8790199998679468,1.2419367065773226,1.0,1.269476318236416,1.0,1.0,0.0,0.0,0.0,1.0,-0.2806524287733598,1.0,0.0,0.0,0.0,0.0,0.0,0.0,0.0,0
1.0,1.5706671487410524,0.0,1.0,1.0,-0.5064419972567069,-0.8380856483783417,0.7477865371679339,-0.2417391697718831,1.0,0.44494842828710385,1.0,1.0,0.0,1.0,1.0,0.0,-0.2806524287733598,1.0,0.0,0.0,0.0,0.0,0.0,0.0,1.0,0
0.0,-0.46443895815197717,0.0,0.0,0.0,-0.5064419972567069,-1.0204848454655444,1.5914755721917022,0.0969825471355716,0.0,1.5298535466414618,1.0,0.0,0.0,0.0,0.0,0.0,-0.2806524287733598,0.0,0.0,0.0,0.0,0.0,0.0,1.0,0.0,0
1.0,-0.16515864831476695,0.0,0.0,1.0,-0.5064419972567069,-1.3990304111324177,1.2746567646034777,1.0754856659179532,1.0,1.3562687277047645,0.0,1.0,0.0,1.0,1.0,1.0,0.5793156974750526,1.0,0.0,0.0,0.0,0.0,1.0,0.0,0.0,0
0.0,-0.5242950201194192,0.0,0.0,0.0,-0.5064419972567069,0.43058512693619744,-0.9539586447283434,1.6951112567295228,0.0,1.00909908983137,0.0,1.0,1.0,1.0,0.0,1.0,-0.2806524287733598,0.0,1.0,0.0,0.0,0.0,1.0,0.0,0.0,0
0.0,-1.661560197500818,1.0,0.0,0.0,-0.5064419972567069,-0.7990857974426324,1.3518188590524796,-0.9504099165018532,0.0,0.7921180661604984,1.0,1.0,1.0,0.0,1.0,1.0,0.5793156974750526,0.0,1.0,0.0,0.0,0.0,0.0,0.0,0.0,0
1.0,1.7502353346433785,0.0,1.0,0.0,-0.5064419972567069,0.49989110445514934,-1.2217013544568915,-0.1888893083686666,0.0,-0.3361832569280339,1.0,1.0,0.0,0.0,0.0,1.0,-2.0005886812701847,1.0,0.0,0.0,0.0,0.0,0.0,0.0,1.0,1
1.0,-0.28487077224965107,0.0,0.0,1.0,2.611872331624339,-1.0163185213072343,1.1265823154968309,-0.8220940488872398,1.0,-1.1173149421431716,1.0,1.0,1.0,0.0,0.0,0.0,-0.2806524287733598,1.0,0.0,0.0,0.0,0.0,1.0,0.0,1.0,0
0.0,-0.40458289618453513,0.0,0.0,1.0,2.611872331624339,-0.8602459319401053,0.5853749653670187,0.5489269304153602,1.0,1.4864573419072875,1.0,1.0,0.0,0.0,0.0,1.0,-0.2806524287733598,1.0,0.0,0.0,0.0,0.0,0.0,0.0,0.0,0
1.0,-1.481992011598492,1.0,0.0,0.0,-0.5064419972567069,0.8903982741180747,-1.2018882121565693,-0.9012505557158712,0.0,-0.5965604853330798,1.0,1.0,0.0,0.0,0.0,1.0,1.439283823723465,1.0,0.0,0.0,0.0,0.0,0.0,0.0,1.0,0
0.0,-1.3622798876636077,1.0,0.0,0.0,-0.5064419972567069,0.6466339419173053,-0.22929241144798354,-1.0292825386676203,0.0,1.00909908983137,1.0,1.0,1.0,1.0,0.0,1.0,-0.2806524287733598,0.0,1.0,0.0,0.0,0.0,1.0,0.0,0.0,0
1.0,-1.541848073565934,1.0,0.0,1.0,-0.5064419972567069,-0.8396577241088857,1.1345824991659688,0.12882494348683812,1.0,0.748721861426324,1.0,1.0,1.0,1.0,1.0,1.0,0.5793156974750526,0.0,1.0,0.0,0.0,0.0,1.0,0.0,0.0,0
0.0,-0.46443895815197717,0.0,0.0,1.0,-0.5064419972567069,-0.8877487660748247,0.7397785101814668,2.2133427087880997,1.0,1.5298535466414618,1.0,1.0,1.0,1.0,0.0,1.0,-0.2806524287733598,1.0,0.0,0.0,0.0,0.0,1.0,0.0,0.0,0
1.0,-1.3024238256961658,1.0,0.0,1.0,-0.5064419972567069,0.29936289824896245,-0.412237326628091,-1.020955255223604,1.0,-0.8135415090039514,1.0,1.0,1.0,0.0,0.0,1.0,-0.2806524287733598,0.0,0.0,0.0,1.0,0.0,0.0,0.0,1.0,0
1.0,-0.46443895815197717,0.0,0.0,1.0,-0.5064419972567069,0.4974169451456873,-1.118247998970631,0.8109997883494839,1.0,1.3128725229705902,1.0,1.0,1.0,1.0,1.0,1.0,-0.2806524287733598,1.0,0.0,0.0,0.0,0.0,0.0,0.0,0.0,0
1.0,-1.541848073565934,1.0,0.0,1.0,-0.5064419972567069,-0.2762626581328227,-0.45178240982587364,-0.6625508683575657,1.0,1.4430611371731132,1.0,1.0,0.0,1.0,1.0,0.0,-1.1406205550217723,0.0,0.0,0.0,0.0,0.0,0.0,0.0,0.0,1
1.0,0.37354590939221144,0.0,0.0,0.0,-0.5064419972567069,1.8421405229894272,-1.6274416960188693,-1.0244564993989291,0.0,1.00909908983137,1.0,0.0,0.0,0.0,0.0,0.0,0.5793156974750526,0.0,1.0,0.0,0.0,0.0,0.0,1.0,0.0,0
0.0,-1.0031435158589557,0.0,0.0,0.0,-0.5064419972567069,1.07398906255762,-0.9254426498010824,-0.9523497950314251,0.0,1.3128725229705902,0.0,1.0,1.0,1.0,0.0,1.0,-0.2806524287733598,0.0,0.0,0.0,0.0,1.0,0.0,0.0,0.0,0
1.0,-0.10530258634732491,0.0,0.0,0.0,-0.5064419972567069,0.6078730561968069,-1.0434172152528918,-0.4120699674903964,0.0,1.5298535466414618,1.0,1.0,1.0,0.0,0.0,1.0,-0.2806524287733598,0.0,0.0,0.0,0.0,0.0,0.0,0.0,0.0,0
0.0,-1.541848073565934,1.0,0.0,1.0,1.5724342219973237,1.786274013868566,-0.9905343402620739,-0.9972981999849218,1.0,1.4430611371731132,1.0,1.0,1.0,1.0,1.0,1.0,-0.2806524287733598,0.0,0.0,0.0,0.0,0.0,0.0,0.0,0.0,0
0.0,0.13412166152244326,0.0,0.0,0.0,-0.5064419972567069,-0.9507086199850135,0.780923630113077,1.40214228465368,0.0,0.3581560188187552,1.0,0.0,0.0,0.0,0.0,0.0,-0.2806524287733598,0.0,1.0,0.0,0.0,0.0,0.0,1.0,0.0,1
0.0,-0.28487077224965107,0.0,0.0,0.0,-0.5064419972567069,0.7344235351436391,-1.1242730507892769,-1.0289986540047562,0.0,-1.0739187374089973,1.0,1.0,1.0,0.0,0.0,1.0,-2.0005886812701847,1.0,0.0,0.0,0.0,1.0,0.0,0.0,1.0,1
1.0,-1.541848073565934,1.0,0.0,1.0,-0.5064419972567069,-1.0966128553213574,1.2597946010201975,1.1473557997330703,1.0,1.5298535466414618,1.0,1.0,0.0,1.0,1.0,1.0,0.5793156974750526,0.0,0.0,0.0,0.0,0.0,0.0,0.0,0.0,0
0.0,1.091818653001516,0.0,1.0,1.0,-0.5064419972567069,0.47211614918703143,-1.1154723873816126,-0.9556617827648407,1.0,0.9657028850971957,0.0,1.0,0.0,0.0,1.0,1.0,0.5793156974750526,1.0,0.0,0.0,0.0,1.0,0.0,0.0,1.0,0
1.0,0.37354590939221144,0.0,0.0,0.0,-0.5064419972567069,-0.9927931843333548,0.8436217246758315,1.0205539836537327,0.0,-0.11920223325716231,1.0,1.0,1.0,0.0,0.0,1.0,-1.1406205550217723,0.0,0.0,1.0,0.0,0.0,1.0,0.0,0.0,1
1.0,-0.40458289618453513,0.0,0.0,1.0,-0.5064419972567069,-1.0563102194052443,0.9761525643353347,1.1500053899198028,0.0,1.4864573419072875,1.0,1.0,1.0,1.0,1.0,1.0,-0.2806524287733598,1.0,0.0,0.0,0.0,0.0,1.0,0.0,0.0,0
0.0,-1.1228556397938396,1.0,0.0,0.0,-0.5064419972567069,0.9659885111545395,-0.7796842861626592,0.1624652760362445,0.0,-1.421088375282392,1.0,1.0,0.0,0.0,1.0,1.0,-1.1406205550217723,1.0,0.0,0.0,0.0,0.0,0.0,0.0,1.0,1
0.0,-1.2425677637287238,1.0,0.0,1.0,-0.5064419972567069,0.15398390117753105,0.2696071623000296,-0.5744519946487124,1.0,-1.421088375282392,0.0,1.0,0.0,0.0,1.0,1.0,-1.1406205550217723,1.0,0.0,0.0,0.0,0.0,1.0,0.0,1.0,1
0.0,-1.661560197500818,1.0,0.0,0.0,-0.5064419972567069,-0.6805558159729233,0.7737571449381734,2.1438382804968508,0.0,1.3562687277047645,0.0,1.0,0.0,1.0,1.0,1.0,0.5793156974750526,1.0,0.0,0.0,0.0,0.0,1.0,0.0,1.0,0
1.0,0.9721065290666319,0.0,0.0,1.0,0.5329961123703084,1.0155808692695272,-1.6408856032815653,-1.0018403545907488,1.0,0.3581560188187552,1.0,1.0,1.0,0.0,1.0,1.0,0.5793156974750526,1.0,0.0,0.0,0.0,0.0,0.0,0.0,1.0,0
1.0,-0.28487077224965107,0.0,0.0,0.0,-0.5064419972567069,-0.44417797539909676,-0.39604825830245455,-0.4170852632009971,0.0,-1.290899761079869,0.0,1.0,0.0,0.0,0.0,1.0,0.5793156974750526,1.0,0.0,0.0,0.0,0.0,1.0,0.0,1.0,0
0.0,1.4509550248061682,0.0,1.0,1.0,-0.5064419972567069,-0.9212791035313553,0.7526756920896076,0.8625721687698116,1.0,1.1826839087680672,1.0,1.0,1.0,1.0,0.0,1.0,0.5793156974750526,0.0,1.0,0.0,0.0,0.0,0.0,0.0,0.0,0
1.0,-0.3447268342170931,0.0,0.0,1.0,-0.5064419972567069,-0.9459038422314007,0.8602426368258211,0.5995057145156633,1.0,1.3128725229705902,1.0,1.0,0.0,1.0,1.0,1.0,1.439283823723465,0.0,0.0,0.0,0.0,0.0,1.0,0.0,0.0,0
1.0,0.5531140952945376,0.0,0.0,1.0,-0.5064419972567069,0.44374317437017946,-0.5055423522420127,-0.9444483385817053,1.0,0.5317408377554524,1.0,1.0,1.0,0.0,1.0,1.0,-0.2806524287733598,1.0,0.0,0.0,0.0,0.0,0.0,0.0,1.0,0
1.0,-0.225014710282209,0.0,0.0,1.0,-0.5064419972567069,-0.8569861391058359,0.6208572101916454,-0.024803973233165428,1.0,-0.8135415090039514,1.0,1.0,0.0,1.0,0.0,1.0,1.439283823723465,0.0,0.0,0.0,1.0,1.0,0.0,0.0,0.0,0
1.0,-0.16515864831476695,0.0,0.0,1.0,2.611872331624339,1.9991722079411367,-1.8200306619046354,-0.8933017851556739,1.0,-0.9437301232064743,1.0,0.0,0.0,0.0,0.0,0.0,-0.2806524287733598,0.0,0.0,0.0,1.0,0.0,0.0,1.0,0.0,0
0.0,1.6305232107084944,0.0,1.0,0.0,-0.5064419972567069,0.7054274716691813,-1.1664770185594517,0.16454709689724856,0.0,-1.3776921705482175,0.0,1.0,0.0,1.0,0.0,1.0,1.439283823723465,1.0,0.0,0.0,0.0,0.0,1.0,0.0,0.0,0
0.0,0.6728262192294217,0.0,0.0,1.0,-0.5064419972567069,-0.7173479679660495,0.8605259189926517,-0.9608663349173509,1.0,1.4430611371731132,1.0,1.0,1.0,1.0,0.0,1.0,-0.2806524287733598,0.0,0.0,0.0,0.0,0.0,0.0,0.0,0.0,0
1.0,1.1516747149689581,0.0,1.0,1.0,-0.5064419972567069,1.0371217032378757,-0.7442984680039401,0.16544606499631848,1.0,0.9223066803630213,1.0,1.0,0.0,0.0,0.0,1.0,-0.2806524287733598,0.0,1.0,0.0,0.0,0.0,0.0,0.0,0.0,0
0.0,0.43340197135965347,0.0,0.0,0.0,-0.5064419972567069,-0.8816137081891424,0.8160017134097858,0.4201852358064506,0.0,-1.030522532674823,1.0,1.0,0.0,0.0,1.0,0.0,-1.1406205550217723,0.0,0.0,0.0,1.0,0.0,0.0,0.0,1.0,1
1.0,-0.8834313919240715,0.0,0.0,1.0,2.611872331624339,-1.3990304111324177,1.2746567646034777,1.0754856659179532,1.0,0.878910475628847,1.0,0.0,0.0,0.0,0.0,0.0,1.439283823723465,0.0,1.0,0.0,0.0,0.0,0.0,1.0,0.0,0
1.0,-1.3024238256961658,1.0,0.0,0.0,-0.5064419972567069,-0.9811590961144996,0.9090248409716949,0.7567778177424239,0.0,-1.3776921705482175,1.0,1.0,0.0,0.0,0.0,1.0,-0.2806524287733598,0.0,0.0,0.0,0.0,0.0,0.0,0.0,1.0,0
0.0,-0.225014710282209,0.0,0.0,0.0,-0.5064419972567069,0.8812427929538043,-1.43113222949251,0.4421389830679479,0.0,-0.8135415090039514,1.0,1.0,0.0,1.0,0.0,1.0,-0.2806524287733598,1.0,0.0,0.0,0.0,0.0,0.0,0.0,0.0,0
0.0,0.8523944051317478,0.0,0.0,1.0,-0.5064419972567069,-0.3939580808813806,0.39422455615255564,-0.31025000174310735,1.0,-0.075806028522988,1.0,1.0,0.0,0.0,1.0,1.0,0.5793156974750526,1.0,0.0,0.0,0.0,0.0,1.0,0.0,0.0,0
0.0,-1.1827117017612818,1.0,0.0,1.0,0.5329961123703084,2.1225930916836453,-0.360919424128949,-0.7960712881246892,1.0,-1.2475035563456947,1.0,0.0,0.0,0.0,0.0,0.0,0.5793156974750526,1.0,0.0,0.0,0.0,0.0,0.0,1.0,0.0,0
1.0,-0.10530258634732491,0.0,0.0,0.0,-0.5064419972567069,0.6658077667995922,-1.1655229020757232,-0.29728593547230936,0.0,-0.8569377137381258,1.0,1.0,1.0,0.0,1.0,1.0,-0.2806524287733598,1.0,0.0,0.0,0.0,1.0,0.0,0.0,0.0,0
1.0,-1.1228556397938396,1.0,0.0,1.0,2.611872331624339,-0.8655055927176001,0.7300924746595526,1.1846866328997112,1.0,1.5298535466414618,1.0,1.0,1.0,1.0,1.0,0.0,-0.2806524287733598,1.0,0.0,0.0,0.0,1.0,0.0,0.0,0.0,0
1.0,-0.6440071440543034,0.0,0.0,1.0,-0.5064419972567069,-0.8565498557433742,1.0063414927103695,1.421730326391309,1.0,-0.5097680758647312,1.0,1.0,0.0,1.0,1.0,1.0,-2.0005886812701847,1.0,0.0,0.0,0.0,0.0,0.0,0.0,1.0,1
0.0,0.7925383431643057,0.0,0.0,1.0,0.5329961123703084,-1.1878704767217831,1.7552763339019481,-0.9993800208459258,1.0,1.0958914992997186,1.0,0.0,0.0,0.0,0.0,0.0,1.439283823723465,1.0,0.0,0.0,0.0,0.0,0.0,1.0,0.0,0
0.0,1.6903792726759364,0.0,1.0,0.0,-0.5064419972567069,0.6679940356974967,-1.147238283910107,-0.03388828244481947,0.0,-1.2475035563456947,1.0,1.0,0.0,1.0,0.0,1.0,-2.0005886812701847,0.0,0.0,0.0,0.0,0.0,0.0,0.0,1.0,1
0.0,0.43340197135965347,0.0,0.0,1.0,5.730186660505385,0.1722863723562884,0.3852605671959357,-1.0242672429570197,1.0,-0.42297566639638257,1.0,1.0,1.0,0.0,0.0,1.0,-0.2806524287733598,1.0,0.0,0.0,0.0,0.0,1.0,0.0,1.0,0
0.0,-1.0629995778263976,1.0,0.0,1.0,-0.5064419972567069,0.03211366312088237,0.2579007805101188,-0.6282008241509989,1.0,-0.3361832569280339,1.0,1.0,0.0,0.0,0.0,1.0,-0.2806524287733598,0.0,0.0,1.0,0.0,0.0,0.0,0.0,1.0,1
1.0,-0.3447268342170931,0.0,0.0,1.0,-0.5064419972567069,-0.8967222940295384,0.7094700865601693,-0.8648660047587776,1.0,1.269476318236416,1.0,1.0,0.0,1.0,1.0,0.0,-2.0005886812701847,0.0,0.0,0.0,0.0,0.0,0.0,0.0,0.0,1
0.0,0.49325803332709556,0.0,0.0,0.0,2.611872331624339,-1.1551128338951566,1.1351453725267753,0.9613167173360719,0.0,-0.16259843799133664,1.0,1.0,1.0,1.0,1.0,1.0,0.5793156974750526,0.0,0.0,1.0,0.0,0.0,0.0,0.0,1.0,0
0.0,1.3910989628387262,0.0,1.0,1.0,-0.5064419972567069,0.29936289824896245,-0.412237326628091,-1.020955255223604,0.0,0.9657028850971957,1.0,1.0,0.0,0.0,0.0,1.0,-1.1406205550217723,1.0,0.0,0.0,0.0,0.0,0.0,0.0,1.0,1
1.0,0.43340197135965347,0.0,0.0,0.0,-0.5064419972567069,0.2764056596293579,-0.2003547228717222,0.30814542219605073,0.0,0.9657028850971957,1.0,1.0,1.0,1.0,1.0,0.0,-0.2806524287733598,0.0,1.0,0.0,0.0,0.0,0.0,0.0,1.0,0
0.0,-1.42213594963105,1.0,0.0,1.0,0.5329961123703084,-1.0563102194052443,0.9761525643353347,1.1500053899198028,1.0,-0.9437301232064743,1.0,1.0,1.0,0.0,1.0,0.0,-0.2806524287733598,1.0,0.0,0.0,0.0,0.0,0.0,0.0,0.0,0
1.0,0.2538337854573274,0.0,0.0,0.0,2.611872331624339,1.794030072681136,-0.7700060939580742,-1.02857282701046,0.0,1.0958914992997186,1.0,0.0,0.0,0.0,0.0,0.0,-0.2806524287733598,0.0,1.0,0.0,0.0,0.0,0.0,1.0,0.0,0
1.0,-0.5841510820868613,0.0,0.0,0.0,-0.5064419972567069,0.6969735212128577,-1.3674015852728014,-0.9627588993364454,0.0,-1.2475035563456947,1.0,1.0,1.0,0.0,0.0,1.0,-0.2806524287733598,1.0,0.0,0.0,0.0,0.0,1.0,0.0,0.0,0
0.0,0.07426559955500123,0.0,0.0,0.0,-0.5064419972567069,-1.426797683931687,1.9971808495115282,0.2783375325953109,0.0,-1.290899761079869,1.0,0.0,0.0,0.0,0.0,0.0,1.439283823723465,0.0,0.0,0.0,0.0,0.0,0.0,1.0,0.0,0
1.0,-0.10530258634732491,0.0,0.0,1.0,0.5329961123703084,-1.3043205308360617,1.1778328577413122,-0.9864632686856052,1.0,-1.030522532674823,1.0,0.0,0.0,0.0,0.0,0.0,-0.2806524287733598,1.0,0.0,0.0,0.0,0.0,0.0,1.0,0.0,0
0.0,0.3136898474247694,0.0,0.0,0.0,-0.5064419972567069,1.9667550197866075,-0.6218891986635592,-1.0090320993833082,0.0,1.139287704033893,1.0,1.0,0.0,1.0,1.0,1.0,1.439283823723465,0.0,1.0,0.0,0.0,0.0,0.0,0.0,0.0,0
1.0,-0.6440071440543034,0.0,0.0,0.0,-0.5064419972567069,-0.8944029971184294,0.7964806193368288,0.4792332456822019,0.0,0.27136360935040654,1.0,1.0,0.0,1.0,0.0,1.0,1.439283823723465,1.0,0.0,0.0,0.0,0.0,0.0,0.0,1.0,0
1.0,0.5531140952945376,0.0,0.0,1.0,-0.5064419972567069,0.6755669282791134,0.26571687690797646,-1.0133376834367485,1.0,1.5298535466414618,1.0,1.0,1.0,1.0,0.0,1.0,-0.2806524287733598,0.0,0.0,0.0,0.0,0.0,1.0,0.0,0.0,0
1.0,0.8523944051317478,0.0,0.0,1.0,2.611872331624339,1.786274013868566,-0.9905343402620739,-0.9972981999849218,1.0,1.5298535466414618,1.0,1.0,1.0,0.0,0.0,1.0,-0.2806524287733598,1.0,0.0,0.0,0.0,0.0,1.0,0.0,0.0,0
1.0,-0.5841510820868613,0.0,0.0,1.0,-0.5064419972567069,0.5867660795481293,-0.5156090193398771,-0.4058718190178616,1.0,-1.4644845800165662,1.0,1.0,0.0,0.0,1.0,1.0,-2.0005886812701847,0.0,0.0,0.0,0.0,0.0,0.0,0.0,1.0,1
0.0,-1.42213594963105,1.0,0.0,1.0,1.5724342219973237,-1.3174599786086236,1.2111457332688071,1.1971775580657356,1.0,0.010986380945360646,0.0,1.0,1.0,1.0,0.0,1.0,0.5793156974750526,0.0,0.0,1.0,0.0,1.0,0.0,0.0,0.0,0
0.0,-0.7637192679891874,0.0,0.0,0.0,-0.5064419972567069,0.9563247740249179,-0.7990683528682777,-0.2518170753035618,0.0,-1.2041073516115204,0.0,1.0,1.0,1.0,0.0,1.0,-0.2806524287733598,0.0,0.0,0.0,0.0,1.0,0.0,0.0,0.0,0
0.0,-1.0031435158589557,0.0,0.0,1.0,-0.5064419972567069,-0.6930737924497409,0.8327578074406896,-0.5073605859918091,1.0,1.2260801135022417,1.0,0.0,0.0,0.0,0.0,0.0,0.5793156974750526,0.0,1.0,0.0,0.0,0.0,0.0,1.0,0.0,0
0.0,-0.40458289618453513,0.0,0.0,1.0,1.5724342219973237,-0.8352156397529837,0.5382393964873018,0.19241510796841643,1.0,-1.421088375282392,1.0,1.0,0.0,0.0,0.0,1.0,1.439283823723465,0.0,0.0,0.0,0.0,0.0,1.0,0.0,1.0,0
1.0,-0.16515864831476695,0.0,0.0,1.0,1.5724342219973237,0.07894882360043498,-0.8667257308370029,-0.7206052819132923,1.0,1.5298535466414618,0.0,1.0,1.0,1.0,1.0,1.0,-0.2806524287733598,0.0,0.0,0.0,0.0,1.0,0.0,0.0,0.0,0
1.0,-1.3024238256961658,1.0,0.0,1.0,2.611872331624339,-1.0319628582646496,0.9356063047498947,-0.7390577849994646,1.0,1.2260801135022417,1.0,0.0,0.0,0.0,0.0,0.0,0.5793156974750526,1.0,0.0,0.0,0.0,0.0,0.0,1.0,0.0,0
0.0,0.6129701572619797,0.0,0.0,1.0,-0.5064419972567069,-0.9197668701897321,0.7231539070586157,3.517603478207138,0.0,1.269476318236416,1.0,1.0,1.0,1.0,1.0,1.0,0.5793156974750526,0.0,0.0,0.0,0.0,0.0,1.0,0.0,0.0,0
0.0,-1.2425677637287238,1.0,0.0,1.0,1.5724342219973237,0.5475883188075215,-1.2434665600273576,0.8026251907949904,1.0,1.5298535466414618,1.0,1.0,1.0,1.0,1.0,1.0,-0.2806524287733598,0.0,0.0,0.0,0.0,0.0,0.0,0.0,0.0,0
0.0,1.6305232107084944,0.0,1.0,0.0,-0.5064419972567069,0.698400843056691,-1.2934810877361043,-0.4689415282841889,0.0,-0.9871263279406487,1.0,1.0,0.0,0.0,0.0,1.0,-0.2806524287733598,1.0,0.0,0.0,0.0,0.0,0.0,0.0,1.0,1
1.0,-1.42213594963105,1.0,0.0,0.0,-0.5064419972567069,-0.8998057944207736,0.6288380162532833,0.4751169180706712,0.0,-1.2041073516115204,1.0,1.0,1.0,0.0,1.0,1.0,-2.0005886812701847,1.0,0.0,0.0,0.0,0.0,0.0,0.0,1.0,1
1.0,-0.5242950201194192,0.0,0.0,1.0,0.5329961123703084,-1.4614262100929896,1.2844885935532715,-0.5982036781083496,1.0,1.4864573419072875,1.0,1.0,0.0,1.0,0.0,1.0,1.439283823723465,1.0,0.0,0.0,0.0,0.0,0.0,0.0,0.0,0
1.0,-1.3024238256961658,1.0,0.0,0.0,-0.5064419972567069,-0.9282786413326478,0.7194380201340894,2.2677066217265915,0.0,-1.160711146877346,1.0,0.0,0.0,0.0,0.0,0.0,0.5793156974750526,0.0,0.0,0.0,1.0,0.0,0.0,1.0,0.0,0
1.0,1.7502353346433785,0.0,1.0,1.0,-0.5064419972567069,-0.966282601701401,1.5160136321152904,1.0039940449866551,1.0,0.22796740461623224,1.0,1.0,0.0,0.0,0.0,0.0,0.5793156974750526,1.0,0.0,0.0,0.0,0.0,0.0,0.0,0.0,0
0.0,-0.16515864831476695,0.0,0.0,0.0,-0.5064419972567069,-0.9791992578773757,0.7582158423490732,0.8034295306731056,0.0,-1.160711146877346,1.0,0.0,0.0,0.0,0.0,0.0,1.439283823723465,1.0,0.0,0.0,0.0,0.0,0.0,1.0,0.0,0
0.0,-0.3447268342170931,0.0,0.0,0.0,-0.5064419972567069,-0.8823140258756925,0.6165964433989948,0.1222482821304844,0.0,1.3996649324389387,1.0,1.0,0.0,1.0,0.0,1.0,-0.2806524287733598,0.0,0.0,0.0,0.0,0.0,0.0,0.0,0.0,0
1.0,-0.3447268342170931,0.0,0.0,1.0,-0.5064419972567069,0.7399832165466624,-0.6719946165789343,-0.7083036131891775,1.0,1.1826839087680672,1.0,1.0,1.0,1.0,1.0,1.0,0.5793156974750526,0.0,1.0,0.0,0.0,0.0,1.0,0.0,0.0,0
1.0,0.7326822811968637,0.0,0.0,0.0,-0.5064419972567069,0.7488261425309655,-0.40241103413758295,-0.8354366280418567,0.0,0.18457119988205792,0.0,1.0,0.0,0.0,1.0,1.0,1.439283823723465,0.0,1.0,0.0,0.0,1.0,0.0,0.0,1.0,0
0.0,0.3136898474247694,0.0,0.0,0.0,-0.5064419972567069,-0.9006989825094489,0.5909183452277267,0.43054702600099354,0.0,1.5298535466414618,1.0,1.0,0.0,1.0,1.0,1.0,-0.2806524287733598,0.0,0.0,0.0,0.0,0.0,0.0,0.0,0.0,0
1.0,0.19397772348988532,0.0,0.0,0.0,-0.5064419972567069,1.38208153680442,-0.21514814208553013,-0.9509776858275816,0.0,-0.6399566900672541,1.0,0.0,0.0,0.0,0.0,0.0,-0.2806524287733598,1.0,0.0,0.0,0.0,0.0,0.0,1.0,0.0,0
0.0,-1.661560197500818,1.0,0.0,0.0,-0.5064419972567069,-0.8004815807301422,0.6988654601682843,0.34012976087874935,0.0,-1.4644845800165662,0.0,1.0,0.0,0.0,0.0,1.0,0.5793156974750526,1.0,0.0,0.0,0.0,0.0,1.0,0.0,1.0,0
1.0,-1.0629995778263976,1.0,0.0,1.0,-0.5064419972567069,-1.019135156991123,1.1577221307543324,-0.41495612822951566,1.0,1.2260801135022417,1.0,0.0,0.0,0.0,0.0,0.0,-0.2806524287733598,0.0,1.0,0.0,0.0,0.0,0.0,1.0,0.0,0
1.0,0.9721065290666319,0.0,0.0,0.0,-0.5064419972567069,0.6513558298754516,-0.6648378202077839,0.7010417956000882,0.0,1.00909908983137,1.0,0.0,0.0,0.0,0.0,0.0,-0.2806524287733598,0.0,1.0,0.0,0.0,0.0,0.0,1.0,0.0,0
1.0,0.2538337854573274,0.0,0.0,0.0,-0.5064419972567069,2.175602531074049,-1.28232050855753,-1.0080385030632835,0.0,-1.290899761079869,1.0,0.0,0.0,0.0,0.0,0.0,1.439283823723465,1.0,0.0,0.0,0.0,0.0,0.0,1.0,1.0,0
1.0,-0.8834313919240715,0.0,0.0,0.0,-0.5064419972567069,1.5598122188749428,-0.8000889068634417,-0.9732626318624205,0.0,0.18457119988205792,1.0,1.0,1.0,0.0,0.0,1.0,0.5793156974750526,1.0,0.0,0.0,0.0,0.0,0.0,0.0,1.0,0
1.0,-0.8235753299566294,0.0,0.0,0.0,-0.5064419972567069,0.2898596842842135,-0.9345284408620081,-0.8123000280184254,0.0,-1.3776921705482175,1.0,0.0,0.0,0.0,0.0,0.0,-0.2806524287733598,1.0,0.0,0.0,0.0,0.0,0.0,1.0,1.0,0
0.0,0.19397772348988532,0.0,0.0,1.0,-0.5064419972567069,0.4721359618698512,-0.9863017171374645,0.21138806626983972,1.0,-0.03240982378881367,1.0,1.0,0.0,0.0,1.0,1.0,1.439283823723465,1.0,0.0,0.0,0.0,0.0,0.0,0.0,1.0,0
0.0,-1.0629995778263976,1.0,0.0,0.0,-0.5064419972567069,-0.5909737814622517,1.1165401010941463,-0.8030737764753392,0.0,-1.4644845800165662,1.0,1.0,0.0,1.0,0.0,0.0,1.439283823723465,1.0,0.0,0.0,0.0,0.0,0.0,0.0,1.0,0
1.0,-0.5242950201194192,0.0,0.0,1.0,-0.5064419972567069,0.6114223568044982,-1.2108775765515811,0.5325562481901921,1.0,1.139287704033893,1.0,1.0,1.0,0.0,1.0,0.0,-0.2806524287733598,0.0,1.0,0.0,0.0,1.0,0.0,0.0,0.0,0
0.0,0.8523944051317478,0.0,0.0,0.0,-0.5064419972567069,-0.9257996299375956,0.8064476301675368,0.7554057085385804,0.0,0.4015522235529295,1.0,0.0,0.0,0.0,0.0,0.0,1.439283823723465,0.0,1.0,0.0,0.0,0.0,0.0,1.0,0.0,0
0.0,0.6129701572619797,0.0,0.0,1.0,2.611872331624339,2.175602531074049,-1.28232050855753,-1.0080385030632835,1.0,0.7921180661604984,1.0,0.0,0.0,0.0,0.0,0.0,1.439283823723465,0.0,1.0,0.0,0.0,0.0,0.0,1.0,0.0,0
1.0,0.37354590939221144,0.0,0.0,0.0,-0.5064419972567069,-0.8378778173789867,0.5982375444046205,0.007748134775261562,0.0,-1.0739187374089973,1.0,0.0,0.0,0.0,0.0,0.0,1.439283823723465,0.0,0.0,0.0,1.0,0.0,0.0,1.0,0.0,0
0.0,-0.8834313919240715,0.0,0.0,1.0,-0.5064419972567069,-0.6805558159729233,0.7737571449381734,2.1438382804968508,1.0,-0.8569377137381258,1.0,1.0,1.0,0.0,1.0,1.0,0.5793156974750526,0.0,0.0,0.0,1.0,0.0,1.0,0.0,0.0,0
1.0,-0.28487077224965107,0.0,0.0,0.0,-0.5064419972567069,-0.31051555200151393,0.12530950117006537,-0.9388652735453762,0.0,-1.3776921705482175,1.0,1.0,1.0,1.0,0.0,1.0,0.5793156974750526,1.0,0.0,0.0,0.0,0.0,1.0,0.0,1.0,0
1.0,-1.42213594963105,1.0,0.0,0.0,-0.5064419972567069,-1.2946333419594298,1.218740371295209,-0.08872533648808528,0.0,-0.5965604853330798,1.0,1.0,0.0,1.0,0.0,1.0,-0.2806524287733598,1.0,0.0,0.0,0.0,0.0,0.0,0.0,1.0,0
1.0,0.7326822811968637,0.0,0.0,1.0,0.5329961123703084,-1.1994871783006122,1.2798153605437677,-0.34758083490974817,1.0,-1.160711146877346,1.0,1.0,0.0,0.0,1.0,1.0,1.439283823723465,0.0,0.0,0.0,1.0,0.0,1.0,0.0,1.0,0
0.0,0.3136898474247694,0.0,0.0,0.0,-0.5064419972567069,-1.387503068796501,1.1661809178010467,1.1433341003424944,0.0,1.3996649324389387,1.0,1.0,0.0,0.0,1.0,1.0,-0.2806524287733598,0.0,0.0,0.0,0.0,0.0,0.0,0.0,0.0,1
0.0,-1.0031435158589557,0.0,0.0,1.0,-0.5064419972567069,-0.9334432821007075,1.0896961168714405,1.1652878476039916,1.0,0.27136360935040654,1.0,1.0,1.0,1.0,1.0,1.0,-0.2806524287733598,1.0,0.0,0.0,0.0,0.0,1.0,0.0,0.0,0
0.0,-0.04544652437988287,0.0,0.0,0.0,-0.5064419972567069,-1.371593080153136,1.410083633841487,-0.257163569787504,0.0,1.139287704033893,1.0,1.0,1.0,1.0,0.0,0.0,-0.2806524287733598,0.0,1.0,0.0,0.0,0.0,1.0,0.0,0.0,0
0.0,1.3312429008712843,0.0,1.0,0.0,-0.5064419972567069,1.2218693097497142,-0.13598923132049265,-1.0051050282136869,0.0,1.269476318236416,1.0,1.0,0.0,1.0,0.0,1.0,-0.2806524287733598,1.0,0.0,0.0,0.0,0.0,0.0,0.0,0.0,1
0.0,0.7326822811968637,0.0,0.0,0.0,-0.5064419972567069,-0.9972732766930291,1.6286233685183864,-0.9074013900779286,0.0,0.4883446330212782,1.0,1.0,0.0,1.0,1.0,1.0,0.5793156974750526,1.0,0.0,0.0,0.0,0.0,0.0,0.0,0.0,0
0.0,-0.8235753299566294,0.0,0.0,0.0,-0.5064419972567069,-0.08507309932185694,0.4006653037893035,2.065012972441561,0.0,-0.37957946166220824,1.0,1.0,0.0,1.0,1.0,0.0,-0.2806524287733598,0.0,0.0,1.0,0.0,0.0,0.0,0.0,1.0,1
1.0,-0.46443895815197717,0.0,0.0,1.0,0.5329961123703084,-0.9521149161246303,0.7291466628647592,3.299816627679828,1.0,-0.11920223325716231,1.0,0.0,0.0,0.0,0.0,0.0,-0.2806524287733598,1.0,0.0,0.0,0.0,0.0,0.0,1.0,1.0,0
0.0,-1.1827117017612818,1.0,0.0,1.0,-0.5064419972567069,0.7634284941083394,-0.21712604216567166,-0.8078051875230757,1.0,-0.8569377137381258,0.0,1.0,0.0,0.0,1.0,1.0,1.439283823723465,1.0,0.0,0.0,0.0,0.0,1.0,0.0,1.0,0
0.0,-0.16515864831476695,0.0,0.0,1.0,2.611872331624339,1.1680968799005838,-1.7924775495216376,-1.0190626908045095,1.0,0.9223066803630213,1.0,1.0,1.0,1.0,0.0,1.0,0.5793156974750526,1.0,0.0,0.0,0.0,0.0,1.0,0.0,0.0,0
1.0,-1.1827117017612818,1.0,0.0,1.0,-0.5064419972567069,-0.9578233948190226,0.7936159630276193,-0.3035787121657989,1.0,0.8355142708946727,1.0,1.0,0.0,1.0,1.0,1.0,0.5793156974750526,1.0,0.0,0.0,0.0,0.0,0.0,0.0,0.0,0
0.0,1.4509550248061682,0.0,1.0,1.0,-0.5064419972567069,-0.7524924325615546,0.9881436124069075,-0.8359570832571077,0.0,-1.160711146877346,1.0,1.0,0.0,1.0,0.0,1.0,-1.1406205550217723,1.0,0.0,0.0,0.0,0.0,0.0,0.0,1.0,1
0.0,-0.8834313919240715,0.0,0.0,0.0,-0.5064419972567069,0.3909096230823453,-0.9612856872225531,0.7176963624881205,0.0,0.6619294519579755,1.0,1.0,0.0,1.0,1.0,1.0,-0.2806524287733598,0.0,1.0,0.0,0.0,0.0,0.0,0.0,0.0,0
1.0,-0.225014710282209,0.0,0.0,0.0,-0.5064419972567069,-0.35564237401359217,0.33978316787255974,1.0724575628474018,0.0,0.05438258567953497,1.0,0.0,0.0,0.0,0.0,0.0,1.439283823723465,1.0,0.0,0.0,0.0,0.0,0.0,1.0,0.0,0
1.0,-1.481992011598492,1.0,0.0,0.0,-0.5064419972567069,-0.8672559825935047,0.8052757462852075,1.9275181673943387,0.0,0.010986380945360646,1.0,1.0,0.0,1.0,1.0,1.0,-0.2806524287733598,1.0,0.0,0.0,0.0,0.0,0.0,0.0,1.0,1
0.0,-1.3024238256961658,1.0,0.0,0.0,-0.5064419972567069,1.9663539140446598,-0.6621604807711037,-1.0258286086027728,0.0,-0.5531642805989055,1.0,1.0,0.0,1.0,0.0,1.0,1.439283823723465,1.0,0.0,0.0,0.0,0.0,1.0,0.0,1.0,0
0.0,1.6903792726759364,0.0,1.0,0.0,-0.5064419972567069,0.7025841495145596,-0.5089112877179092,-1.0089847852728309,0.0,0.010986380945360646,0.0,1.0,0.0,1.0,0.0,1.0,1.439283823723465,0.0,0.0,1.0,0.0,0.0,1.0,0.0,0.0,0
1.0,-0.8235753299566294,0.0,0.0,0.0,-0.5064419972567069,-1.2445974223535996,1.2885159063126697,1.2665400440255523,0.0,-1.2041073516115204,1.0,1.0,0.0,0.0,0.0,1.0,1.439283823723465,0.0,0.0,0.0,0.0,1.0,0.0,0.0,1.0,0
0.0,-0.5242950201194192,0.0,0.0,1.0,0.5329961123703084,-0.8850121898031387,0.6276509071079148,1.7173488886538844,1.0,0.5751370424896268,1.0,1.0,0.0,1.0,1.0,1.0,1.439283823723465,1.0,0.0,0.0,0.0,0.0,0.0,0.0,0.0,0
0.0,0.014409537587559178,0.0,0.0,1.0,-0.5064419972567069,1.1817158754654347,-1.389034838563602,-0.8951470354642911,1.0,-0.5097680758647312,1.0,0.0,0.0,0.0,0.0,0.0,0.5793156974750526,1.0,0.0,0.0,0.0,0.0,0.0,1.0,0.0,0
1.0,0.8523944051317478,0.0,0.0,0.0,-0.5064419972567069,0.7309910889305258,-1.1417170498865419,-0.6347301713968752,0.0,-1.0739187374089973,1.0,1.0,1.0,0.0,0.0,1.0,0.5793156974750526,0.0,0.0,0.0,1.0,0.0,0.0,0.0,0.0,0
0.0,-1.1827117017612818,1.0,0.0,1.0,1.5724342219973237,-1.39673254426599,1.181404335352777,0.10635074101008983,1.0,0.5317408377554524,1.0,1.0,0.0,1.0,0.0,1.0,-0.2806524287733598,1.0,0.0,0.0,0.0,0.0,0.0,0.0,0.0,0
1.0,1.9298035205457047,0.0,1.0,1.0,-0.5064419972567069,-0.9589349267591626,0.7601019294793744,0.266934831970266,1.0,0.22796740461623224,1.0,1.0,1.0,1.0,1.0,1.0,-0.2806524287733598,1.0,0.0,0.0,0.0,0.0,0.0,0.0,0.0,0
0.0,-1.3024238256961658,1.0,0.0,0.0,-0.5064419972567069,-0.8899548476555432,0.8789567919577538,1.0975340414004053,0.0,-1.3776921705482175,0.0,1.0,1.0,1.0,1.0,1.0,-2.0005886812701847,1.0,0.0,0.0,0.0,1.0,0.0,0.0,1.0,1
1.0,-0.10530258634732491,0.0,0.0,1.0,0.5329961123703084,-0.7501343189657383,0.5280084810972632,-0.5670236793037662,1.0,0.18457119988205792,1.0,0.0,0.0,0.0,0.0,0.0,-0.2806524287733598,1.0,0.0,0.0,0.0,0.0,0.0,1.0,0.0,0
1.0,-0.3447268342170931,0.0,0.0,1.0,-0.5064419972567069,-0.6306816325533594,0.5424821697872706,-0.9060765949845624,1.0,1.5298535466414618,1.0,1.0,1.0,0.0,0.0,1.0,-0.2806524287733598,0.0,0.0,0.0,0.0,0.0,0.0,0.0,0.0,0
0.0,-1.601704135533376,1.0,0.0,0.0,-0.5064419972567069,1.1490827695022374,-0.19355964184063462,-0.9761014784910623,0.0,-1.3776921705482175,0.0,1.0,0.0,0.0,1.0,1.0,-1.1406205550217723,1.0,0.0,0.0,0.0,0.0,1.0,0.0,1.0,1
0.0,-0.5841510820868613,0.0,0.0,1.0,1.5724342219973237,-0.8707401843862229,0.7018786781350229,0.41043852904811345,1.0,-1.030522532674823,1.0,1.0,1.0,0.0,0.0,0.0,-0.2806524287733598,0.0,0.0,0.0,1.0,0.0,1.0,0.0,1.0,0
0.0,0.9122504670991899,0.0,0.0,1.0,2.611872331624339,-0.8418148804932606,0.7162370239232222,0.2812710074449075,1.0,1.4430611371731132,1.0,1.0,1.0,0.0,0.0,1.0,0.5793156974750526,1.0,0.0,0.0,0.0,0.0,0.0,0.0,1.0,0
1.0,-0.7637192679891874,0.0,0.0,0.0,-0.5064419972567069,0.5587541807671239,-1.2194438631827809,-0.07434184690296639,0.0,-1.030522532674823,1.0,1.0,1.0,1.0,1.0,0.0,0.5793156974750526,0.0,0.0,0.0,1.0,0.0,1.0,0.0,1.0,0
0.0,0.8523944051317478,0.0,0.0,1.0,1.5724342219973237,-1.0098163222787213,0.7920726750014738,0.4912510297434526,1.0,0.6619294519579755,1.0,0.0,0.0,0.0,0.0,0.0,-0.2806524287733598,0.0,1.0,0.0,0.0,0.0,0.0,1.0,0.0,0
1.0,-1.3622798876636077,1.0,0.0,0.0,-0.5064419972567069,1.0449667169528936,-0.5923014374927378,-0.9816845435273913,0.0,-1.421088375282392,1.0,1.0,0.0,1.0,1.0,1.0,-0.2806524287733598,0.0,0.0,0.0,0.0,0.0,0.0,0.0,1.0,0
0.0,1.091818653001516,0.0,1.0,0.0,-0.5064419972567069,0.6296249558882361,-1.1346294592564763,1.559225131438531,0.0,-0.5531642805989055,1.0,1.0,0.0,0.0,1.0,1.0,-0.2806524287733598,1.0,0.0,0.0,0.0,0.0,0.0,0.0,1.0,1
1.0,-0.7637192679891874,0.0,0.0,0.0,-0.5064419972567069,0.6513558298754516,-0.6648378202077839,0.7010417956000882,0.0,-1.2475035563456947,1.0,1.0,1.0,0.0,1.0,1.0,-0.2806524287733598,0.0,0.0,0.0,0.0,0.0,1.0,0.0,1.0,0
0.0,0.13412166152244326,0.0,0.0,1.0,1.5724342219973237,1.0158703770429518,-1.5244903128412588,-0.9260431496060103,1.0,-1.160711146877346,0.0,1.0,1.0,1.0,1.0,1.0,-0.2806524287733598,0.0,0.0,0.0,1.0,1.0,0.0,0.0,0.0,0
1.0,0.9122504670991899,0.0,0.0,0.0,2.611872331624339,-0.9965931760297635,0.7792045595045863,0.10687119622534084,0.0,-1.1173149421431716,1.0,0.0,0.0,0.0,0.0,0.0,-1.1406205550217723,0.0,0.0,0.0,1.0,0.0,0.0,1.0,1.0,1
0.0,-1.481992011598492,1.0,0.0,0.0,0.5329961123703084,-0.9284500816900919,1.1603874745292224,1.858676136649773,0.0,-1.160711146877346,1.0,0.0,0.0,0.0,0.0,0.0,1.439283823723465,1.0,0.0,0.0,0.0,0.0,0.0,1.0,0.0,0
1.0,-0.16515864831476695,0.0,0.0,0.0,-0.5064419972567069,-0.9485676372192652,0.641225843907064,0.7286732361188691,0.0,0.748721861426324,1.0,0.0,0.0,0.0,0.0,0.0,1.439283823723465,0.0,1.0,0.0,0.0,0.0,0.0,1.0,0.0,0
0.0,-0.04544652437988287,0.0,0.0,0.0,-0.5064419972567069,-1.2445974223535996,1.2885159063126697,1.2665400440255523,0.0,-0.3361832569280339,1.0,1.0,0.0,1.0,1.0,0.0,1.439283823723465,1.0,0.0,0.0,0.0,0.0,0.0,0.0,0.0,0
1.0,0.3136898474247694,0.0,0.0,1.0,1.5724342219973237,1.064419941096963,-0.145880577207618,-1.033919321494402,1.0,0.9223066803630213,1.0,0.0,0.0,0.0,0.0,0.0,0.5793156974750526,1.0,0.0,0.0,0.0,0.0,0.0,1.0,0.0,0
1.0,-0.6440071440543034,0.0,0.0,1.0,0.5329961123703084,0.16387245160606606,-0.8706912198010327,-1.0179271521530528,1.0,1.5298535466414618,1.0,0.0,0.0,0.0,0.0,0.0,-0.2806524287733598,0.0,0.0,0.0,0.0,0.0,0.0,1.0,0.0,0
1.0,0.49325803332709556,0.0,0.0,1.0,-0.5064419972567069,1.1941869484482375,-0.9438878252860113,-0.8861100403631145,1.0,1.0524952945655444,1.0,1.0,0.0,0.0,1.0,1.0,1.439283823723465,0.0,1.0,0.0,0.0,0.0,0.0,0.0,0.0,0
0.0,0.014409537587559178,0.0,0.0,0.0,-0.5064419972567069,-0.8610149875058161,0.7678931118104462,0.7626920815520944,0.0,-0.9871263279406487,0.0,1.0,0.0,1.0,1.0,1.0,-0.2806524287733598,0.0,0.0,0.0,1.0,0.0,1.0,0.0,1.0,0
1.0,1.5108110867736102,0.0,1.0,0.0,-0.5064419972567069,0.636888528013614,-1.2282888182647378,1.6280198480726196,0.0,-0.9437301232064743,1.0,1.0,0.0,0.0,0.0,1.0,0.5793156974750526,1.0,0.0,0.0,0.0,0.0,0.0,0.0,0.0,0
0.0,-0.46443895815197717,0.0,0.0,1.0,-0.5064419972567069,0.6862831636408889,-1.0373792450292436,0.19402378772464682,1.0,-0.20599464272551093,1.0,1.0,1.0,0.0,1.0,0.0,-2.0005886812701847,0.0,0.0,1.0,0.0,0.0,0.0,0.0,1.0,1
1.0,-0.5841510820868613,0.0,0.0,0.0,-0.5064419972567069,0.0673066485722666,0.247190038648573,-0.8234661580910835,0.0,1.3562687277047645,1.0,0.0,0.0,0.0,0.0,0.0,0.5793156974750526,1.0,0.0,0.0,0.0,0.0,0.0,1.0,0.0,0
0.0,0.13412166152244326,0.0,0.0,0.0,-0.5064419972567069,-0.5105933229289389,0.004555171784769963,-0.9994273349564031,0.0,-0.6399566900672541,1.0,0.0,0.0,0.0,0.0,0.0,0.5793156974750526,0.0,0.0,0.0,1.0,0.0,0.0,1.0,1.0,0
1.0,-0.5242950201194192,0.0,0.0,1.0,2.611872331624339,-0.9805857413341726,0.6656028741459803,-0.04051225791165054,1.0,-1.421088375282392,1.0,1.0,0.0,0.0,0.0,1.0,-1.1406205550217723,1.0,0.0,0.0,0.0,0.0,1.0,0.0,1.0,1
0.0,-0.3447268342170931,0.0,0.0,1.0,-0.5064419972567069,-0.8779625137841027,0.6763994311264616,1.933385117093532,1.0,-0.8135415090039514,1.0,1.0,0.0,0.0,0.0,1.0,-0.2806524287733598,0.0,0.0,0.0,1.0,0.0,1.0,0.0,1.0,0
1.0,1.031962591034074,0.0,0.0,0.0,-0.5064419972567069,0.7885639148165323,-0.7155637829348596,-0.8396002697638648,0.0,0.9657028850971957,1.0,0.0,0.0,0.0,0.0,0.0,0.5793156974750526,0.0,1.0,0.0,0.0,0.0,0.0,1.0,0.0,0
0.0,0.07426559955500123,0.0,0.0,1.0,-0.5064419972567069,1.6019651167619857,-0.29202603162448926,-1.0144259079777278,1.0,1.00909908983137,1.0,1.0,0.0,1.0,1.0,1.0,1.439283823723465,0.0,1.0,0.0,0.0,0.0,0.0,0.0,0.0,0
0.0,-1.42213594963105,1.0,0.0,0.0,-0.5064419972567069,0.5380624617766944,0.4257759148836981,-0.6484039493248336,0.0,-0.9871263279406487,1.0,0.0,0.0,0.0,0.0,0.0,1.439283823723465,0.0,0.0,0.0,1.0,0.0,0.0,1.0,0.0,0
0.0,-1.1228556397938396,1.0,0.0,0.0,0.5329961123703084,0.6862831636408889,-1.0373792450292436,0.19402378772464682,0.0,-1.030522532674823,1.0,1.0,1.0,0.0,1.0,1.0,-0.2806524287733598,0.0,0.0,0.0,1.0,1.0,0.0,0.0,1.0,0
0.0,-1.481992011598492,1.0,0.0,1.0,-0.5064419972567069,-1.019135156991123,1.1577221307543324,-0.41495612822951566,1.0,-0.11920223325716231,1.0,1.0,0.0,1.0,1.0,0.0,-0.2806524287733598,0.0,0.0,1.0,0.0,0.0,0.0,0.0,1.0,1
1.0,0.9721065290666319,0.0,0.0,0.0,-0.5064419972567069,-1.3803535206824429,1.195396813456459,1.178441170316699,0.0,-0.24939084745968526,1.0,0.0,0.0,0.0,0.0,0.0,-0.2806524287733598,0.0,0.0,1.0,0.0,0.0,0.0,1.0,0.0,0
0.0,0.2538337854573274,0.0,0.0,0.0,-0.5064419972567069,-0.7846876378004258,0.27323215901793413,0.2583236638633856,0.0,1.4430611371731132,1.0,1.0,1.0,1.0,1.0,1.0,-0.2806524287733598,0.0,0.0,0.0,0.0,0.0,0.0,0.0,0.0,0
1.0,-0.04544652437988287,0.0,0.0,1.0,-0.5064419972567069,-1.3190243718703194,1.179945478330762,0.29712123445482475,1.0,-1.2041073516115204,1.0,1.0,0.0,1.0,0.0,1.0,-0.2806524287733598,0.0,0.0,0.0,0.0,0.0,0.0,0.0,1.0,1
0.0,-0.46443895815197717,0.0,0.0,1.0,2.611872331624339,1.1347852906359823,-1.6708706054062072,-0.972174407321441,1.0,0.8355142708946727,1.0,1.0,0.0,0.0,0.0,1.0,1.439283823723465,0.0,1.0,0.0,0.0,0.0,0.0,0.0,1.0,0
0.0,-0.8834313919240715,0.0,0.0,1.0,-0.5064419972567069,0.1634644720762019,0.008624469360423792,-0.04311453398790561,1.0,-0.42297566639638257,1.0,1.0,0.0,0.0,0.0,1.0,0.5793156974750526,0.0,0.0,1.0,0.0,0.0,1.0,0.0,1.0,0
0.0,0.8523944051317478,0.0,0.0,0.0,-0.5064419972567069,-0.8171994416239223,0.5341816332018255,0.0755965691998027,0.0,0.3581560188187552,1.0,1.0,1.0,1.0,1.0,1.0,0.5793156974750526,1.0,0.0,0.0,0.0,0.0,1.0,0.0,1.0,0
1.0,-1.1228556397938396,1.0,0.0,1.0,-0.5064419972567069,1.1568630887427471,-1.474156515980311,-0.5082122399804017,1.0,0.7921180661604984,1.0,1.0,1.0,0.0,0.0,1.0,0.5793156974750526,1.0,0.0,0.0,0.0,0.0,1.0,0.0,0.0,0
1.0,-0.3447268342170931,0.0,0.0,1.0,-0.5064419972567069,-0.890220499341493,0.7194804663219577,1.2096211691212826,1.0,0.18457119988205792,1.0,1.0,1.0,1.0,1.0,1.0,-2.0005886812701847,1.0,0.0,0.0,0.0,0.0,0.0,0.0,1.0,1
0.0,-0.8235753299566294,0.0,0.0,1.0,1.5724342219973237,1.0271838232725263,-0.7052202928726623,0.41129018303670606,1.0,0.9223066803630213,1.0,1.0,0.0,1.0,1.0,1.0,1.439283823723465,1.0,0.0,0.0,0.0,0.0,0.0,0.0,0.0,0
1.0,-1.0629995778263976,1.0,0.0,1.0,2.611872331624339,-0.966073962021114,0.7279410988551027,0.4558600751063837,1.0,-1.3342959658140432,1.0,0.0,0.0,0.0,0.0,0.0,-0.2806524287733598,1.0,0.0,0.0,0.0,0.0,0.0,1.0,1.0,0
0.0,0.37354590939221144,0.0,0.0,1.0,-0.5064419972567069,1.677449416596444,-1.465945485486676,-1.0270114613647068,1.0,-0.42297566639638257,1.0,0.0,0.0,0.0,0.0,0.0,0.5793156974750526,0.0,0.0,1.0,0.0,0.0,0.0,1.0,0.0,0
0.0,1.031962591034074,0.0,0.0,0.0,-0.5064419972567069,1.5503732950442346,-0.45357483851991015,-1.0129118564424522,0.0,-0.9871263279406487,1.0,0.0,0.0,0.0,0.0,0.0,0.5793156974750526,0.0,0.0,0.0,1.0,0.0,0.0,1.0,1.0,0
0.0,0.3136898474247694,0.0,0.0,1.0,-0.5064419972567069,1.1171989064219339,-1.0554963853014434,-0.8102655212678986,1.0,1.0524952945655444,1.0,1.0,1.0,0.0,1.0,1.0,-2.0005886812701847,1.0,0.0,0.0,0.0,1.0,0.0,0.0,0.0,1
1.0,1.8100913966108205,0.0,1.0,1.0,-0.5064419972567069,0.1230251690826882,0.17215948102490827,0.10810136309775233,1.0,-1.030522532674823,1.0,1.0,0.0,0.0,0.0,0.0,-1.1406205550217723,1.0,0.0,0.0,0.0,0.0,0.0,0.0,1.0,1
0.0,1.3312429008712843,0.0,1.0,1.0,-0.5064419972567069,-0.8631094711180115,0.8642279647689636,-0.2066320997976784,1.0,0.05438258567953497,0.0,1.0,0.0,0.0,0.0,1.0,-0.2806524287733598,0.0,0.0,1.0,0.0,1.0,0.0,0.0,1.0,0
1.0,-1.42213594963105,1.0,0.0,0.0,-0.5064419972567069,-1.3190243718703194,1.179945478330762,0.29712123445482475,0.0,-0.11920223325716231,1.0,1.0,1.0,1.0,1.0,1.0,-2.0005886812701847,1.0,0.0,0.0,0.0,0.0,0.0,0.0,1.0,1
0.0,-1.661560197500818,1.0,0.0,0.0,-0.5064419972567069,-0.7476172995669138,0.5794352672957024,0.41734638917780875,0.0,0.9657028850971957,1.0,1.0,0.0,1.0,1.0,1.0,1.439283823723465,0.0,1.0,0.0,0.0,0.0,0.0,0.0,1.0,0
0.0,-1.661560197500818,1.0,0.0,0.0,1.5724342219973237,0.41513891680696235,-0.917889073847724,-0.33731367293616,0.0,-0.42297566639638257,1.0,1.0,1.0,0.0,0.0,0.0,0.5793156974750526,0.0,0.0,1.0,0.0,0.0,1.0,0.0,0.0,0
0.0,1.9896595825131467,0.0,1.0,0.0,-0.5064419972567069,0.3341802514077353,0.6287475874182676,-0.40748049877409204,0.0,1.5298535466414618,1.0,0.0,0.0,0.0,0.0,0.0,-0.2806524287733598,0.0,0.0,0.0,0.0,0.0,0.0,1.0,0.0,0
0.0,0.19397772348988532,0.0,0.0,0.0,0.5329961123703084,-1.2953013124087243,1.1477823408484469,-0.5463000989146803,0.0,-1.030522532674823,1.0,1.0,0.0,0.0,1.0,1.0,1.439283823723465,0.0,0.0,0.0,1.0,0.0,1.0,0.0,1.0,0
0.0,-0.5841510820868613,0.0,0.0,1.0,2.611872331624339,0.47267049996547084,-1.068206250337055,-0.39924784355103055,1.0,-0.24939084745968526,1.0,1.0,1.0,1.0,0.0,1.0,-0.2806524287733598,0.0,0.0,1.0,0.0,0.0,0.0,0.0,1.0,0
1.0,1.031962591034074,0.0,0.0,1.0,-0.5064419972567069,-0.8252082132275389,0.6128048915308858,0.8731705295167413,1.0,0.27136360935040654,1.0,1.0,1.0,0.0,1.0,1.0,0.5793156974750526,1.0,0.0,0.0,0.0,1.0,0.0,0.0,0.0,0
0.0,-1.601704135533376,1.0,0.0,1.0,1.5724342219973237,1.202986205662246,-0.5665878137077119,0.09788151523464153,1.0,-0.8569377137381258,0.0,1.0,1.0,1.0,0.0,1.0,-0.2806524287733598,1.0,0.0,0.0,0.0,0.0,1.0,0.0,0.0,0
0.0,1.5706671487410524,0.0,1.0,0.0,-0.5064419972567069,0.8611794190470325,-0.9886860856035607,-1.0290932822257108,0.0,1.3128725229705902,1.0,0.0,0.0,0.0,0.0,0.0,-0.2806524287733598,1.0,0.0,0.0,0.0,0.0,0.0,1.0,0.0,0
0.0,1.7502353346433785,0.0,1.0,0.0,-0.5064419972567069,-1.0966128553213574,1.2597946010201975,1.1473557997330703,0.0,0.6619294519579755,0.0,1.0,0.0,0.0,1.0,0.0,-1.1406205550217723,1.0,0.0,0.0,0.0,0.0,1.0,0.0,1.0,1
0.0,0.5531140952945376,0.0,0.0,1.0,2.611872331624339,-0.9257996299375956,0.8064476301675368,0.7554057085385804,1.0,1.3996649324389387,1.0,1.0,0.0,0.0,0.0,1.0,-0.2806524287733598,0.0,0.0,0.0,0.0,0.0,0.0,0.0,0.0,0
0.0,-0.46443895815197717,0.0,0.0,1.0,0.5329961123703084,0.8173383997157996,-1.449180164023625,-1.0190153766940322,1.0,-0.20599464272551093,1.0,0.0,0.0,0.0,0.0,0.0,0.5793156974750526,1.0,0.0,0.0,0.0,0.0,0.0,1.0,0.0,0
1.0,0.49325803332709556,0.0,0.0,1.0,-0.5064419972567069,-1.2445974223535996,1.2885159063126697,1.2665400440255523,1.0,-0.5965604853330798,1.0,1.0,0.0,0.0,0.0,1.0,0.5793156974750526,0.0,0.0,0.0,1.0,0.0,1.0,0.0,0.0,0
0.0,0.014409537587559178,0.0,0.0,1.0,-0.5064419972567069,-1.1708295477959287,1.445527123451107,-0.9801704919921157,1.0,0.05438258567953497,0.0,1.0,1.0,0.0,1.0,1.0,-0.2806524287733598,1.0,0.0,0.0,0.0,1.0,0.0,0.0,0.0,0
0.0,1.3312429008712843,0.0,1.0,1.0,-0.5064419972567069,0.5851733824538361,-0.3005844749383665,-0.9544316158924292,1.0,1.00909908983137,1.0,1.0,0.0,0.0,0.0,0.0,-0.2806524287733598,0.0,1.0,0.0,0.0,0.0,0.0,0.0,0.0,0
0.0,-0.8235753299566294,0.0,0.0,1.0,-0.5064419972567069,1.7906890074132673,-1.709415434959538,-1.0245038135094064,0.0,-0.24939084745968526,1.0,1.0,0.0,0.0,0.0,1.0,1.439283823723465,1.0,0.0,0.0,0.0,1.0,0.0,0.0,1.0,0
0.0,0.43340197135965347,0.0,0.0,1.0,-0.5064419972567069,0.3053649281214374,-1.029381829589742,0.6959791857790101,1.0,-1.1173149421431716,1.0,1.0,0.0,0.0,0.0,1.0,1.439283823723465,0.0,0.0,0.0,1.0,1.0,0.0,0.0,1.0,0
1.0,0.9721065290666319,0.0,0.0,0.0,-0.5064419972567069,0.4695623348058315,-1.073153538081242,0.48363345795659685,0.0,-1.4644845800165662,1.0,1.0,0.0,0.0,0.0,0.0,-2.0005886812701847,0.0,0.0,0.0,0.0,0.0,0.0,0.0,1.0,1
0.0,-0.46443895815197717,0.0,0.0,1.0,1.5724342219973237,0.765891736225227,-1.088488607561919,0.17301632267269684,1.0,-1.421088375282392,1.0,0.0,0.0,0.0,0.0,0.0,0.5793156974750526,1.0,0.0,0.0,0.0,0.0,0.0,1.0,1.0,0
1.0,0.9721065290666319,0.0,0.0,1.0,0.5329961123703084,-0.9186828334012576,0.6090908500927904,-0.504237854700303,1.0,0.9657028850971957,1.0,1.0,0.0,1.0,1.0,1.0,1.439283823723465,0.0,1.0,0.0,0.0,0.0,0.0,0.0,0.0,0
1.0,-1.0031435158589557,0.0,0.0,1.0,-0.5064419972567069,0.7601460582079917,-1.4697951701772918,-0.989680628198066,1.0,-1.3342959658140432,1.0,1.0,0.0,0.0,0.0,1.0,-0.2806524287733598,0.0,0.0,0.0,0.0,1.0,0.0,0.0,1.0,0
1.0,-0.8235753299566294,0.0,0.0,1.0,-0.5064419972567069,-0.9181761947977679,1.4962461656040789,0.041388467324667944,1.0,1.3996649324389387,1.0,1.0,0.0,1.0,0.0,1.0,1.439283823723465,0.0,0.0,0.0,0.0,0.0,0.0,0.0,1.0,0
0.0,1.7502353346433785,0.0,1.0,1.0,-0.5064419972567069,-0.8379554507483956,0.6126447955831859,0.3532357694809794,1.0,-1.3342959658140432,1.0,1.0,0.0,0.0,0.0,1.0,-1.1406205550217723,1.0,0.0,0.0,0.0,0.0,0.0,0.0,1.0,1
0.0,1.6903792726759364,0.0,1.0,0.0,-0.5064419972567069,1.0449667169528936,-0.5923014374927378,-0.9816845435273913,0.0,-0.6833528948014285,1.0,1.0,0.0,1.0,1.0,0.0,1.439283823723465,0.0,0.0,0.0,1.0,0.0,0.0,0.0,0.0,0
1.0,-1.3024238256961658,1.0,0.0,1.0,-0.5064419972567069,-0.878706095900477,0.6060956256187403,0.9109745037881558,1.0,0.9223066803630213,1.0,1.0,0.0,0.0,0.0,1.0,-0.2806524287733598,0.0,1.0,0.0,0.0,1.0,0.0,0.0,0.0,0
0.0,-1.3024238256961658,1.0,0.0,1.0,0.5329961123703084,-0.8631094711180115,0.8642279647689636,-0.2066320997976784,1.0,-1.421088375282392,1.0,0.0,0.0,0.0,0.0,0.0,0.5793156974750526,0.0,0.0,0.0,0.0,0.0,0.0,1.0,0.0,0
1.0,0.07426559955500123,0.0,0.0,1.0,2.611872331624339,-0.9062594725934073,0.7118383070200144,2.6587104307115346,1.0,-1.0739187374089973,1.0,0.0,0.0,0.0,0.0,0.0,1.439283823723465,1.0,0.0,0.0,0.0,0.0,0.0,1.0,0.0,0
0.0,0.6129701572619797,0.0,0.0,0.0,-0.5064419972567069,-1.0715716459416644,0.9780894023424327,-1.0206240564502627,0.0,-1.4644845800165662,1.0,1.0,0.0,1.0,1.0,1.0,-0.2806524287733598,0.0,0.0,0.0,0.0,0.0,0.0,0.0,1.0,1
1.0,1.6305232107084944,0.0,1.0,1.0,-0.5064419972567069,-1.1764308762669178,1.355013396060849,-1.026112493265637,1.0,1.00909908983137,1.0,1.0,0.0,1.0,0.0,1.0,1.439283823723465,1.0,0.0,0.0,0.0,0.0,0.0,0.0,0.0,0
0.0,-1.2425677637287238,1.0,0.0,1.0,-0.5064419972567069,0.4014426922131673,0.00493303513107735,-0.5926679271824978,1.0,-0.20599464272551093,1.0,1.0,1.0,0.0,0.0,1.0,1.439283823723465,1.0,0.0,0.0,0.0,0.0,1.0,0.0,0.0,0
0.0,1.9896595825131467,0.0,1.0,1.0,-0.5064419972567069,-1.071233212971896,0.9164436964157451,0.15541547357511715,1.0,0.5751370424896268,1.0,1.0,1.0,1.0,0.0,1.0,-0.2806524287733598,1.0,0.0,0.0,0.0,0.0,0.0,0.0,0.0,0
1.0,-0.6440071440543034,0.0,0.0,1.0,-0.5064419972567069,0.526592940127367,-0.3076554561905748,-0.9823942551845518,1.0,-0.9003339184723,0.0,1.0,0.0,0.0,1.0,1.0,-2.0005886812701847,0.0,0.0,0.0,1.0,0.0,1.0,0.0,1.0,1
1.0,1.091818653001516,0.0,1.0,0.0,-0.5064419972567069,0.2321898166864458,-0.000514840806941748,0.8150688018505373,0.0,0.878910475628847,0.0,1.0,0.0,1.0,1.0,1.0,0.5793156974750526,0.0,1.0,0.0,0.0,0.0,1.0,0.0,0.0,0
0.0,-0.8235753299566294,0.0,0.0,1.0,-0.5064419972567069,0.2321898166864458,-0.000514840806941748,0.8150688018505373,0.0,-1.3776921705482175,1.0,1.0,0.0,0.0,0.0,1.0,-1.1406205550217723,0.0,0.0,0.0,0.0,0.0,0.0,0.0,1.0,1
0.0,0.43340197135965347,0.0,0.0,0.0,-0.5064419972567069,1.238024328715277,-1.1379974719891608,-0.9829620245102803,0.0,-0.7701453042697771,1.0,1.0,0.0,0.0,1.0,1.0,0.5793156974750526,0.0,0.0,0.0,1.0,0.0,1.0,0.0,1.0,0
1.0,1.3910989628387262,0.0,1.0,0.0,-0.5064419972567069,-0.1445232779899912,0.518266619610879,-1.0245984417303613,0.0,-1.2475035563456947,1.0,1.0,0.0,0.0,0.0,1.0,0.5793156974750526,0.0,0.0,0.0,0.0,0.0,0.0,0.0,0.0,0
0.0,-0.8235753299566294,0.0,0.0,1.0,-0.5064419972567069,-1.2146818886601978,1.487316779517998,-1.0211445116655136,1.0,0.3581560188187552,1.0,1.0,0.0,1.0,1.0,1.0,-0.2806524287733598,1.0,0.0,0.0,0.0,0.0,1.0,0.0,0.0,0
0.0,-0.10530258634732491,0.0,0.0,0.0,-0.5064419972567069,1.5861865387699663,-1.888353337730966,-0.949605576623738,0.0,0.5751370424896268,0.0,1.0,1.0,0.0,0.0,1.0,-0.2806524287733598,0.0,1.0,0.0,0.0,0.0,1.0,0.0,0.0,0
1.0,-1.0629995778263976,1.0,0.0,0.0,-0.5064419972567069,-0.37597099526584615,1.6922192922287802,-0.9944120392458025,0.0,-1.3342959658140432,0.0,1.0,0.0,0.0,1.0,1.0,-0.2806524287733598,1.0,0.0,0.0,0.0,1.0,0.0,0.0,0.0,0
0.0,-1.3024238256961658,1.0,0.0,1.0,-0.5064419972567069,0.41958625758891926,-0.997956886678979,1.104110702756759,1.0,-0.5531642805989055,0.0,1.0,0.0,1.0,0.0,1.0,-0.2806524287733598,0.0,0.0,1.0,0.0,0.0,1.0,0.0,1.0,0
0.0,0.43340197135965347,0.0,0.0,0.0,-0.5064419972567069,-0.9452864143403172,0.7038519644990843,1.201010001014402,0.0,-1.290899761079869,1.0,0.0,0.0,0.0,0.0,0.0,0.5793156974750526,0.0,0.0,0.0,0.0,0.0,0.0,1.0,1.0,0
0.0,-0.7637192679891874,0.0,0.0,0.0,-0.5064419972567069,-0.8569861391058359,0.6208572101916454,-0.024803973233165428,0.0,0.6619294519579755,1.0,1.0,1.0,1.0,1.0,1.0,-0.2806524287733598,1.0,0.0,0.0,0.0,0.0,1.0,0.0,0.0,0
1.0,-0.6440071440543034,0.0,0.0,0.0,-0.5064419972567069,-0.8039520349470249,0.6559357548599601,1.169498803436477,0.0,-1.4644845800165662,1.0,1.0,1.0,0.0,1.0,1.0,0.5793156974750526,1.0,0.0,0.0,0.0,0.0,1.0,0.0,0.0,0
1.0,-0.5841510820868613,0.0,0.0,1.0,-0.5064419972567069,0.5909882026907024,-0.7778881664957678,2.2653882303132007,1.0,1.4864573419072875,1.0,1.0,0.0,1.0,1.0,0.0,1.439283823723465,1.0,0.0,0.0,0.0,0.0,0.0,0.0,0.0,0
0.0,0.6728262192294217,0.0,0.0,0.0,-0.5064419972567069,-0.7866385805473072,2.56850838364689,-1.0309858466448054,0.0,-0.37957946166220824,1.0,0.0,0.0,0.0,0.0,0.0,0.5793156974750526,0.0,0.0,1.0,0.0,0.0,0.0,1.0,0.0,0
1.0,-0.40458289618453513,0.0,0.0,0.0,-0.5064419972567069,0.8944210574110707,-0.4992432456886769,-1.0266802625913654,0.0,-1.2041073516115204,1.0,1.0,0.0,0.0,0.0,1.0,-1.1406205550217723,1.0,0.0,0.0,0.0,0.0,0.0,0.0,1.0,1
1.0,0.5531140952945376,0.0,0.0,1.0,0.5329961123703084,0.9753388844232643,-0.49947808383674747,-0.8433380844915767,1.0,-0.2927870521938596,1.0,1.0,0.0,1.0,0.0,1.0,1.439283823723465,0.0,0.0,1.0,0.0,1.0,0.0,0.0,0.0,0
1.0,0.014409537587559178,0.0,0.0,1.0,-0.5064419972567069,-0.25391395191405913,-0.5869758250306306,-0.7284121101420575,1.0,0.5317408377554524,1.0,1.0,1.0,1.0,1.0,1.0,0.5793156974750526,0.0,1.0,0.0,0.0,0.0,1.0,0.0,0.0,0
1.0,-1.2425677637287238,1.0,0.0,1.0,-0.5064419972567069,-1.3724413864501228,1.1813840350020648,1.3859135447599438,1.0,-0.46637187113055684,1.0,1.0,0.0,1.0,1.0,1.0,0.5793156974750526,1.0,0.0,0.0,0.0,1.0,0.0,0.0,1.0,0
1.0,-0.10530258634732491,0.0,0.0,0.0,2.611872331624339,-0.7941872127009842,1.192350838105612,-1.0156560748501393,0.0,-0.8135415090039514,1.0,1.0,1.0,0.0,1.0,1.0,0.5793156974750526,0.0,0.0,0.0,1.0,0.0,1.0,0.0,1.0,0
1.0,-1.661560197500818,1.0,0.0,1.0,1.5724342219973237,1.4412268427614352,-0.4157036115131136,-0.9501733459494665,1.0,-1.2475035563456947,1.0,0.0,0.0,0.0,0.0,0.0,1.439283823723465,1.0,0.0,0.0,0.0,0.0,0.0,1.0,0.0,0
1.0,0.19397772348988532,0.0,0.0,1.0,-0.5064419972567069,-0.8951769047697303,0.5917128271353548,0.19766697423140392,1.0,0.09777879041370928,0.0,1.0,1.0,1.0,1.0,1.0,-2.0005886812701847,1.0,0.0,0.0,0.0,0.0,1.0,0.0,1.0,1
0.0,-1.3622798876636077,1.0,0.0,0.0,-0.5064419972567069,-0.8547210238171256,0.9684564245553522,1.2730220771609513,0.0,-1.4644845800165662,1.0,1.0,0.0,1.0,1.0,1.0,1.439283823723465,1.0,0.0,0.0,0.0,0.0,0.0,0.0,1.0,0
0.0,0.07426559955500123,0.0,0.0,1.0,-0.5064419972567069,-0.856085268548312,0.8971292968228175,0.5657234396348247,1.0,-0.075806028522988,1.0,1.0,0.0,0.0,0.0,1.0,-1.1406205550217723,0.0,0.0,1.0,0.0,0.0,0.0,0.0,1.0,1
1.0,-1.541848073565934,1.0,0.0,1.0,-0.5064419972567069,0.9550506972175763,-1.170161993586294,-0.5913431320891317,1.0,-0.16259843799133664,1.0,0.0,0.0,0.0,0.0,0.0,-0.2806524287733598,1.0,0.0,0.0,0.0,0.0,0.0,1.0,0.0,1
0.0,-1.0629995778263976,1.0,0.0,1.0,2.611872331624339,0.09838142638075525,0.35189924764968084,-1.0233209607474725,1.0,0.22796740461623224,1.0,1.0,1.0,0.0,1.0,1.0,0.5793156974750526,1.0,0.0,0.0,0.0,0.0,1.0,0.0,0.0,0
0.0,-0.28487077224965107,0.0,0.0,1.0,-0.5064419972567069,-0.7770330684447394,0.3439009094669671,-0.8968503434414763,1.0,-1.1173149421431716,1.0,1.0,0.0,0.0,0.0,1.0,-2.0005886812701847,0.0,0.0,0.0,1.0,0.0,0.0,0.0,1.0,1
1.0,-0.9432874538915136,0.0,0.0,0.0,-0.5064419972567069,-1.0966128553213574,1.2597946010201975,1.1473557997330703,0.0,-1.421088375282392,0.0,1.0,0.0,0.0,0.0,1.0,-2.0005886812701847,0.0,0.0,0.0,0.0,0.0,1.0,0.0,1.0,1
0.0,1.7502353346433785,0.0,1.0,1.0,-0.5064419972567069,0.47517215442660116,-0.5216875902649627,-0.697610624221293,1.0,1.00909908983137,1.0,1.0,0.0,1.0,0.0,1.0,0.5793156974750526,0.0,1.0,0.0,0.0,0.0,0.0,0.0,0.0,0
1.0,0.49325803332709556,0.0,0.0,0.0,-0.5064419972567069,-0.8650555617793028,0.7904772519837199,0.392222596514328,0.0,1.4864573419072875,1.0,1.0,1.0,1.0,1.0,1.0,-0.2806524287733598,0.0,0.0,0.0,0.0,0.0,0.0,0.0,0.0,0
0.0,-1.661560197500818,1.0,0.0,1.0,0.5329961123703084,0.8230319178129624,-1.2465263765264187,0.5863523918029558,1.0,1.3128725229705902,1.0,1.0,0.0,1.0,1.0,1.0,0.5793156974750526,1.0,0.0,0.0,0.0,0.0,0.0,0.0,0.0,0
1.0,-0.8834313919240715,0.0,0.0,0.0,-0.5064419972567069,0.7119219882288486,-0.9419288414417638,3.263242820280825,0.0,-1.4644845800165662,1.0,1.0,0.0,0.0,0.0,1.0,-0.2806524287733598,1.0,0.0,0.0,0.0,0.0,0.0,0.0,1.0,1
1.0,-1.3622798876636077,1.0,0.0,1.0,0.5329961123703084,-0.9086495290860088,0.8027068291762183,0.20552111657064648,1.0,-1.2475035563456947,1.0,1.0,0.0,0.0,0.0,0.0,1.439283823723465,1.0,0.0,0.0,0.0,1.0,0.0,0.0,1.0,0
0.0,-0.46443895815197717,0.0,0.0,0.0,-0.5064419972567069,1.5032001059353781,-0.5988732146659322,-1.0229424478636535,0.0,0.05438258567953497,1.0,1.0,0.0,0.0,0.0,1.0,-0.2806524287733598,1.0,0.0,0.0,0.0,0.0,0.0,0.0,0.0,1
0.0,-0.04544652437988287,0.0,0.0,0.0,-0.5064419972567069,0.6358821245945511,-1.2220063210892658,-0.38789245703646297,0.0,-1.4644845800165662,1.0,0.0,0.0,0.0,0.0,0.0,1.439283823723465,1.0,0.0,0.0,0.0,0.0,0.0,1.0,1.0,0
0.0,-1.3024238256961658,1.0,0.0,1.0,0.5329961123703084,0.22896196674896444,-0.39925571371582624,-0.5881257725766709,1.0,-1.1173149421431716,1.0,1.0,0.0,1.0,0.0,1.0,-0.2806524287733598,0.0,0.0,0.0,1.0,0.0,1.0,0.0,1.0,0
1.0,-0.3447268342170931,0.0,0.0,1.0,-0.5064419972567069,-1.3790208145075797,1.211248619137219,0.15664564044752863,0.0,0.7921180661604984,1.0,1.0,1.0,0.0,0.0,0.0,0.5793156974750526,1.0,0.0,0.0,0.0,1.0,0.0,0.0,0.0,0
1.0,1.2115307769364,0.0,1.0,1.0,-0.5064419972567069,-0.9273648318802233,1.0151910615083937,0.024686586326158163,1.0,0.6619294519579755,1.0,1.0,1.0,1.0,0.0,1.0,1.439283823723465,1.0,0.0,0.0,0.0,0.0,0.0,0.0,0.0,0
0.0,-1.601704135533376,1.0,0.0,0.0,0.5329961123703084,-1.387503068796501,1.1661809178010467,1.1433341003424944,0.0,0.1411749951478836,1.0,1.0,1.0,0.0,0.0,1.0,-2.0005886812701847,1.0,0.0,0.0,0.0,0.0,1.0,0.0,1.0,1
1.0,0.49325803332709556,0.0,0.0,1.0,-0.5064419972567069,0.9420434687772922,-0.7236017990757923,-0.10930697454573898,1.0,0.9223066803630213,0.0,1.0,1.0,0.0,0.0,1.0,-0.2806524287733598,1.0,0.0,0.0,0.0,0.0,1.0,0.0,0.0,0
1.0,0.43340197135965347,0.0,0.0,0.0,-0.5064419972567069,-1.3174599786086236,1.2111457332688071,1.1971775580657356,0.0,-0.5097680758647312,1.0,1.0,1.0,0.0,0.0,1.0,-1.1406205550217723,0.0,0.0,1.0,0.0,0.0,0.0,0.0,1.0,1
1.0,0.3136898474247694,0.0,0.0,0.0,-0.5064419972567069,-0.9348338089621625,1.2226546480108358,-0.4342602853042805,0.0,0.7053256566921497,1.0,1.0,1.0,1.0,0.0,1.0,-0.2806524287733598,1.0,0.0,0.0,0.0,0.0,0.0,0.0,0.0,0
1.0,-0.8834313919240715,0.0,0.0,0.0,-0.5064419972567069,0.7578728561099711,-1.161075741153762,-1.0296610515514393,0.0,-0.3361832569280339,1.0,1.0,1.0,0.0,1.0,1.0,-0.2806524287733598,1.0,0.0,0.0,0.0,1.0,0.0,0.0,1.0,0
0.0,0.014409537587559178,0.0,0.0,1.0,-0.5064419972567069,0.8895459244164328,-0.3273569465619505,-0.9331875802880925,1.0,0.6619294519579755,0.0,1.0,1.0,0.0,1.0,1.0,-0.2806524287733598,1.0,0.0,0.0,0.0,0.0,1.0,0.0,1.0,0
1.0,-1.2425677637287238,1.0,0.0,1.0,-0.5064419972567069,-1.0008391552598144,0.666928856145118,-0.030387038269494477,1.0,1.4864573419072875,1.0,1.0,1.0,1.0,1.0,1.0,-0.2806524287733598,0.0,0.0,0.0,0.0,1.0,0.0,0.0,0.0,0
0.0,-1.0031435158589557,0.0,0.0,1.0,-0.5064419972567069,0.4676029009091722,0.009264391779630997,-0.9440698256978863,1.0,1.4864573419072875,1.0,1.0,0.0,0.0,1.0,1.0,1.439283823723465,0.0,0.0,0.0,0.0,1.0,0.0,0.0,0.0,0
0.0,1.5108110867736102,0.0,1.0,1.0,-0.5064419972567069,-1.3174599786086236,1.2111457332688071,1.1971775580657356,1.0,-0.16259843799133664,1.0,1.0,0.0,0.0,0.0,1.0,-0.2806524287733598,1.0,0.0,0.0,0.0,0.0,0.0,0.0,1.0,1
0.0,0.43340197135965347,0.0,0.0,0.0,-0.5064419972567069,-0.9583251813369248,1.5581613125493827,-0.7418493175176292,0.0,-1.421088375282392,1.0,1.0,0.0,0.0,0.0,0.0,-0.2806524287733598,1.0,0.0,0.0,0.0,0.0,1.0,0.0,1.0,0
1.0,0.6129701572619797,0.0,0.0,1.0,-0.5064419972567069,-0.8759796281404332,0.6942891151963007,-1.0361903987973156,1.0,-0.6833528948014285,1.0,1.0,1.0,1.0,1.0,1.0,-2.0005886812701847,0.0,0.0,0.0,1.0,0.0,0.0,0.0,1.0,1
1.0,-0.7637192679891874,0.0,0.0,0.0,-0.5064419972567069,1.1716413284226876,-0.208779829791116,-0.9965884883277613,0.0,-0.5531642805989055,1.0,1.0,0.0,1.0,0.0,1.0,1.439283823723465,1.0,0.0,0.0,0.0,0.0,1.0,0.0,1.0,0
0.0,0.2538337854573274,0.0,0.0,0.0,-0.5064419972567069,0.9166981953674124,-0.7262154692306799,-0.4979923921172909,0.0,0.010986380945360646,0.0,1.0,0.0,0.0,0.0,0.0,-0.2806524287733598,1.0,0.0,0.0,0.0,0.0,1.0,0.0,0.0,0
0.0,0.13412166152244326,0.0,0.0,1.0,-0.5064419972567069,-0.8126538461088075,0.5455498296036544,1.0378709480884483,1.0,0.9657028850971957,1.0,1.0,1.0,1.0,0.0,1.0,-0.2806524287733598,1.0,0.0,0.0,0.0,0.0,1.0,0.0,0.0,0
1.0,-0.5242950201194192,0.0,0.0,1.0,-0.5064419972567069,0.818879341230485,-1.4746603337753919,-1.0215703386598098,1.0,1.4864573419072875,1.0,1.0,1.0,1.0,1.0,1.0,-0.2806524287733598,1.0,0.0,0.0,0.0,1.0,0.0,0.0,0.0,0
0.0,-0.5841510820868613,0.0,0.0,1.0,-0.5064419972567069,0.8724888218719491,-1.5123493189973454,-0.9527283079152441,1.0,-0.20599464272551093,1.0,1.0,0.0,0.0,0.0,1.0,-1.1406205550217723,1.0,0.0,0.0,0.0,0.0,0.0,0.0,1.0,1
0.0,0.3136898474247694,0.0,0.0,1.0,-0.5064419972567069,-0.8305050733278765,0.7549253400464023,0.7825166938421103,1.0,1.2260801135022417,1.0,1.0,0.0,0.0,1.0,0.0,1.439283823723465,0.0,1.0,0.0,0.0,0.0,0.0,0.0,1.0,0
1.0,0.37354590939221144,0.0,0.0,0.0,-0.5064419972567069,2.0190083425061984,-1.214354011611963,-0.9140726796552371,0.0,-0.3361832569280339,0.0,1.0,0.0,0.0,0.0,1.0,-2.0005886812701847,1.0,0.0,0.0,0.0,1.0,0.0,0.0,1.0,1
1.0,-1.0031435158589557,0.0,0.0,1.0,1.5724342219973237,-1.1084729698605258,0.9479807526270606,0.2748362884199859,0.0,-1.2475035563456947,1.0,1.0,0.0,0.0,0.0,1.0,0.5793156974750526,0.0,0.0,0.0,0.0,0.0,1.0,0.0,1.0,0
0.0,-0.6440071440543034,0.0,0.0,1.0,-0.5064419972567069,0.9590051469718734,-0.6466445536203954,-1.0230370760846081,1.0,0.18457119988205792,1.0,1.0,0.0,1.0,1.0,1.0,-2.0005886812701847,0.0,1.0,0.0,0.0,0.0,0.0,0.0,0.0,1
1.0,1.271386838903842,0.0,1.0,1.0,-0.5064419972567069,-0.9482324389732225,0.8150808156817781,0.5491635009677471,1.0,-1.030522532674823,0.0,1.0,0.0,0.0,0.0,1.0,0.5793156974750526,1.0,0.0,0.0,0.0,0.0,1.0,0.0,1.0,0
0.0,0.9721065290666319,0.0,0.0,1.0,-0.5064419972567069,1.0647037881038681,-0.49719890809709993,-0.9171954109467432,1.0,0.3581560188187552,1.0,1.0,1.0,1.0,1.0,1.0,-0.2806524287733598,0.0,1.0,0.0,0.0,1.0,0.0,0.0,0.0,0
0.0,1.9298035205457047,0.0,1.0,0.0,-0.5064419972567069,-0.9420132782706797,2.077559165434443,-0.9915731926171606,0.0,-0.6833528948014285,1.0,1.0,0.0,1.0,0.0,1.0,-2.0005886812701847,1.0,0.0,0.0,0.0,0.0,0.0,0.0,1.0,1
1.0,0.7326822811968637,0.0,0.0,0.0,-0.5064419972567069,0.44979008603434306,-1.190997996739817,-1.023415588968427,0.0,-1.1173149421431716,1.0,1.0,0.0,0.0,0.0,1.0,-0.2806524287733598,0.0,0.0,0.0,1.0,0.0,1.0,0.0,1.0,0
1.0,1.8699474585782625,0.0,1.0,1.0,-0.5064419972567069,-1.0121538145107858,0.9261763304699886,0.21280748958416065,1.0,-1.3342959658140432,1.0,1.0,0.0,0.0,0.0,1.0,-0.2806524287733598,1.0,0.0,0.0,0.0,0.0,0.0,0.0,1.0,1
1.0,1.091818653001516,0.0,1.0,1.0,-0.5064419972567069,2.316813586625309,-1.056562615085718,-0.9822049987426423,1.0,0.4883446330212782,1.0,1.0,0.0,0.0,1.0,1.0,-0.2806524287733598,1.0,0.0,0.0,0.0,0.0,1.0,0.0,0.0,0
0.0,-0.40458289618453513,0.0,0.0,0.0,-0.5064419972567069,-0.7970750123068328,1.1394656562567573,-0.5411428608726476,0.0,-1.2041073516115204,1.0,1.0,0.0,1.0,1.0,1.0,0.5793156974750526,0.0,0.0,0.0,0.0,0.0,0.0,0.0,1.0,0
0.0,-0.5841510820868613,0.0,0.0,1.0,-0.5064419972567069,-0.8010775785765444,1.026878988434023,-0.9856116146970126,1.0,1.5298535466414618,1.0,1.0,1.0,1.0,1.0,1.0,-0.2806524287733598,0.0,0.0,0.0,0.0,0.0,0.0,0.0,0.0,0
0.0,1.271386838903842,0.0,1.0,1.0,-0.5064419972567069,0.13181310476366045,0.19445895491653312,-1.0227058773112667,1.0,1.0524952945655444,1.0,0.0,0.0,0.0,0.0,0.0,-0.2806524287733598,1.0,0.0,0.0,0.0,0.0,0.0,1.0,0.0,0
1.0,-0.04544652437988287,0.0,0.0,1.0,-0.5064419972567069,0.6297038022790447,-1.2622047064828639,0.9725301615192075,1.0,1.4864573419072875,1.0,0.0,0.0,0.0,0.0,0.0,0.5793156974750526,1.0,0.0,0.0,0.0,0.0,0.0,1.0,0.0,0
0.0,0.8523944051317478,0.0,0.0,1.0,2.611872331624339,0.07878910911649453,-0.7384630399158603,-0.42195861658016565,1.0,-0.11920223325716231,1.0,1.0,0.0,1.0,1.0,1.0,0.5793156974750526,0.0,0.0,1.0,0.0,0.0,0.0,0.0,1.0,0
1.0,-1.1827117017612818,1.0,0.0,1.0,1.5724342219973237,1.1518500756493146,-0.9562493547581751,-1.0004682453869052,1.0,0.7921180661604984,1.0,1.0,1.0,0.0,0.0,1.0,-0.2806524287733598,1.0,0.0,0.0,0.0,0.0,1.0,0.0,0.0,0
0.0,0.5531140952945376,0.0,0.0,1.0,-0.5064419972567069,-0.9506212824444271,0.8447650035185135,0.1221063397990523,1.0,0.22796740461623224,1.0,1.0,1.0,0.0,0.0,1.0,0.5793156974750526,0.0,1.0,0.0,0.0,0.0,1.0,0.0,0.0,0
1.0,-1.601704135533376,1.0,0.0,1.0,-0.5064419972567069,0.8139500266134456,-1.1833853652207396,0.23528169206090893,1.0,-0.075806028522988,1.0,1.0,1.0,0.0,0.0,1.0,0.5793156974750526,1.0,0.0,0.0,0.0,1.0,0.0,0.0,0.0,0
0.0,0.2538337854573274,0.0,0.0,1.0,-0.5064419972567069,1.4611701275499032,-1.5773141322663513,-0.9285507974613106,1.0,-0.8135415090039514,1.0,1.0,1.0,0.0,1.0,1.0,-2.0005886812701847,1.0,0.0,0.0,0.0,0.0,0.0,0.0,1.0,1
0.0,-1.541848073565934,1.0,0.0,0.0,0.5329961123703084,0.2346348634823781,-0.019023224202057206,0.2204250613710164,0.0,0.09777879041370928,1.0,1.0,0.0,0.0,1.0,1.0,-0.2806524287733598,0.0,0.0,1.0,0.0,0.0,0.0,0.0,0.0,0
0.0,0.5531140952945376,0.0,0.0,1.0,1.5724342219973237,-0.8702998576191032,0.841084180836139,1.0493209628239706,1.0,1.3562687277047645,1.0,1.0,0.0,1.0,1.0,1.0,-0.2806524287733598,1.0,0.0,0.0,0.0,0.0,0.0,0.0,0.0,0
1.0,0.6129701572619797,0.0,0.0,1.0,-0.5064419972567069,-0.96207503481559,1.4306211295651405,0.14207289442050025,1.0,-0.2927870521938596,1.0,0.0,0.0,0.0,0.0,0.0,-0.2806524287733598,1.0,0.0,0.0,0.0,0.0,0.0,1.0,0.0,0
1.0,0.8523944051317478,0.0,0.0,0.0,-0.5064419972567069,0.670880217941481,-1.1562318006495929,-0.5570877161035196,0.0,-1.290899761079869,1.0,1.0,1.0,0.0,0.0,1.0,-2.0005886812701847,1.0,0.0,0.0,0.0,0.0,0.0,0.0,1.0,1
0.0,-1.1827117017612818,1.0,0.0,0.0,-0.5064419972567069,0.93118409689067,-1.485295872064961,-1.0230843901950857,0.0,0.1411749951478836,1.0,0.0,0.0,0.0,0.0,0.0,1.439283823723465,1.0,0.0,0.0,0.0,0.0,0.0,1.0,0.0,0
1.0,1.8699474585782625,0.0,1.0,0.0,-0.5064419972567069,0.708931890485184,-1.2602074287952223,0.8666884963813424,0.0,0.6619294519579755,1.0,1.0,1.0,1.0,0.0,1.0,-0.2806524287733598,0.0,1.0,0.0,0.0,0.0,1.0,0.0,0.0,0
1.0,-0.28487077224965107,0.0,0.0,0.0,-0.5064419972567069,0.4853570864164772,-1.0625073882447076,0.27918918658390346,0.0,1.0958914992997186,1.0,1.0,0.0,0.0,1.0,1.0,-0.2806524287733598,0.0,1.0,0.0,0.0,0.0,0.0,0.0,0.0,0
1.0,-0.28487077224965107,0.0,0.0,0.0,-0.5064419972567069,-1.0434865615363755,1.477397289962838,-0.966212829401293,0.0,0.8355142708946727,1.0,1.0,0.0,0.0,1.0,1.0,-0.2806524287733598,0.0,1.0,0.0,0.0,0.0,0.0,0.0,1.0,0
0.0,-1.3622798876636077,1.0,0.0,0.0,-0.5064419972567069,1.5019203683615199,-0.8417060099492365,-0.5087800093061301,0.0,-0.9871263279406487,1.0,0.0,0.0,0.0,0.0,0.0,-0.2806524287733598,0.0,0.0,0.0,1.0,0.0,0.0,1.0,0.0,0
0.0,0.8523944051317478,0.0,0.0,1.0,0.5329961123703084,0.696314041913344,-1.181550951710441,-0.3755434742018708,1.0,1.3562687277047645,1.0,1.0,1.0,1.0,1.0,1.0,-0.2806524287733598,0.0,0.0,0.0,0.0,0.0,0.0,0.0,0.0,0
1.0,0.7326822811968637,0.0,0.0,0.0,-0.5064419972567069,0.4546684537527068,-0.9795398548620914,1.4389526626050697,0.0,-1.421088375282392,1.0,1.0,1.0,1.0,1.0,1.0,-2.0005886812701847,0.0,0.0,0.0,0.0,0.0,0.0,0.0,1.0,1
0.0,1.7502353346433785,0.0,1.0,1.0,-0.5064419972567069,-0.8422374162798897,1.0607911856792942,1.5455040394000952,1.0,-1.1173149421431716,1.0,1.0,0.0,0.0,0.0,1.0,-0.2806524287733598,0.0,0.0,0.0,1.0,0.0,0.0,0.0,0.0,0
0.0,1.5108110867736102,0.0,1.0,0.0,-0.5064419972567069,0.851887675145829,-1.3650725813995757,-0.6616992143689732,0.0,1.00909908983137,1.0,1.0,1.0,0.0,1.0,0.0,-0.2806524287733598,1.0,0.0,0.0,0.0,0.0,1.0,0.0,0.0,0
0.0,0.3136898474247694,0.0,0.0,0.0,-0.5064419972567069,1.8026675937088779,-1.16941780118385,0.9252160510418426,0.0,1.5298535466414618,1.0,0.0,0.0,0.0,0.0,0.0,1.439283823723465,0.0,0.0,0.0,0.0,0.0,0.0,1.0,0.0,0
1.0,-1.661560197500818,1.0,0.0,1.0,-0.5064419972567069,-0.8432717191910855,1.0317612227815929,-0.42508134787167173,1.0,1.3128725229705902,0.0,1.0,0.0,1.0,1.0,1.0,0.5793156974750526,1.0,0.0,0.0,0.0,0.0,1.0,0.0,0.0,0
0.0,0.7925383431643057,0.0,0.0,1.0,0.5329961123703084,1.1957307203461813,-0.7066722293205735,-0.991620506727638,1.0,-1.030522532674823,1.0,1.0,0.0,1.0,1.0,1.0,-0.2806524287733598,0.0,0.0,0.0,1.0,0.0,0.0,0.0,1.0,0
1.0,1.9896595825131467,0.0,1.0,0.0,-0.5064419972567069,-0.878687496239057,0.7872208911799821,1.1224685776219765,0.0,-0.16259843799133664,0.0,1.0,1.0,1.0,0.0,1.0,0.5793156974750526,1.0,0.0,0.0,0.0,0.0,1.0,0.0,0.0,0
1.0,1.031962591034074,0.0,0.0,0.0,-0.5064419972567069,0.7170421515456843,-1.298766099496774,-0.2399885476842206,0.0,-0.5965604853330798,1.0,1.0,1.0,0.0,0.0,1.0,-1.1406205550217723,1.0,0.0,0.0,0.0,0.0,0.0,0.0,1.0,1
1.0,1.091818653001516,0.0,1.0,0.0,-0.5064419972567069,-0.9142981653914829,0.6697150792811019,1.1916418071398838,0.0,1.4864573419072875,1.0,1.0,0.0,1.0,1.0,0.0,-0.2806524287733598,1.0,0.0,0.0,0.0,0.0,0.0,0.0,0.0,0
0.0,-0.3447268342170931,0.0,0.0,0.0,-0.5064419972567069,-1.220699283470367,1.6460364557179672,-0.9017236968206448,0.0,-1.4644845800165662,1.0,1.0,0.0,0.0,0.0,0.0,1.439283823723465,1.0,0.0,0.0,0.0,0.0,0.0,0.0,1.0,0
0.0,1.3312429008712843,0.0,1.0,0.0,-0.5064419972567069,-0.8741281531481094,0.6210320700307784,-0.9176212379410394,0.0,-0.2927870521938596,1.0,1.0,0.0,1.0,0.0,1.0,-0.2806524287733598,1.0,0.0,0.0,0.0,0.0,1.0,0.0,0.0,0
1.0,-1.661560197500818,1.0,0.0,0.0,-0.5064419972567069,-0.22338665109609354,0.26450346958099746,-0.5270905700608702,0.0,-1.1173149421431716,1.0,1.0,1.0,1.0,1.0,0.0,0.5793156974750526,0.0,0.0,0.0,1.0,0.0,1.0,0.0,1.0,0
1.0,-0.8834313919240715,0.0,0.0,0.0,-0.5064419972567069,-0.964623592770738,1.0366799054861326,-0.00048452044779991515,0.0,1.00909908983137,1.0,1.0,0.0,1.0,1.0,1.0,1.439283823723465,1.0,0.0,0.0,0.0,1.0,0.0,0.0,0.0,0
0.0,-1.1827117017612818,1.0,0.0,0.0,-0.5064419972567069,1.4206135658213468,-1.0529805259272877,-0.9458204477855489,0.0,0.748721861426324,1.0,0.0,0.0,0.0,0.0,0.0,1.439283823723465,1.0,0.0,0.0,0.0,0.0,0.0,1.0,0.0,0
0.0,-0.7038632060217453,0.0,0.0,1.0,-0.5064419972567069,-0.964623592770738,1.0366799054861326,-0.00048452044779991515,1.0,1.5298535466414618,1.0,1.0,1.0,1.0,1.0,1.0,-0.2806524287733598,1.0,0.0,0.0,0.0,1.0,0.0,0.0,0.0,0
1.0,-0.7038632060217453,0.0,0.0,0.0,-0.5064419972567069,-0.8678814972939042,0.6400816423211634,-0.008622547449906662,0.0,-0.37957946166220824,0.0,1.0,0.0,1.0,0.0,1.0,1.439283823723465,0.0,0.0,1.0,0.0,0.0,1.0,0.0,1.0,0
0.0,0.014409537587559178,0.0,0.0,1.0,-0.5064419972567069,0.9183179832729035,-0.7032022534626959,-1.0091740417147403,1.0,-0.03240982378881367,1.0,0.0,0.0,0.0,0.0,0.0,-0.2806524287733598,1.0,0.0,0.0,0.0,0.0,0.0,1.0,0.0,0
0.0,-1.42213594963105,1.0,0.0,1.0,-0.5064419972567069,0.568130027485188,-1.232160187420897,0.8348461000300759,1.0,-1.160711146877346,1.0,0.0,0.0,0.0,0.0,0.0,1.439283823723465,0.0,0.0,0.0,1.0,0.0,0.0,1.0,0.0,0
0.0,-1.601704135533376,1.0,0.0,0.0,-0.5064419972567069,-0.7816817707786023,0.6108772809559351,0.5425868396113934,0.0,-1.421088375282392,1.0,0.0,0.0,0.0,0.0,0.0,-0.2806524287733598,1.0,0.0,0.0,0.0,0.0,0.0,1.0,1.0,0
1.0,-0.28487077224965107,0.0,0.0,1.0,0.5329961123703084,-0.8626808702243954,0.7166937818143677,0.7803875588706289,1.0,-1.160711146877346,1.0,1.0,1.0,0.0,0.0,1.0,0.5793156974750526,1.0,0.0,0.0,0.0,1.0,0.0,0.0,0.0,0
1.0,1.2115307769364,0.0,1.0,0.0,-0.5064419972567069,0.6334694250358716,-1.2352236948928197,0.529953972113937,0.0,-0.5965604853330798,1.0,1.0,1.0,0.0,0.0,0.0,0.5793156974750526,1.0,0.0,0.0,0.0,0.0,0.0,0.0,0.0,0
0.0,-0.9432874538915136,0.0,0.0,1.0,0.5329961123703084,-1.0707334481563227,0.9357068837602698,0.9139079786377524,1.0,0.7053256566921497,1.0,1.0,0.0,0.0,0.0,1.0,-0.2806524287733598,0.0,1.0,0.0,0.0,0.0,1.0,0.0,1.0,0
1.0,-0.28487077224965107,0.0,0.0,1.0,-0.5064419972567069,-0.8764276373764015,0.6349267373537283,0.2781009620429241,1.0,-0.46637187113055684,1.0,0.0,0.0,0.0,0.0,0.0,-0.2806524287733598,0.0,0.0,1.0,0.0,0.0,0.0,1.0,0.0,0
0.0,0.014409537587559178,0.0,0.0,1.0,2.611872331624339,0.8690838708105041,-1.2745976092243243,-0.8431488280496672,1.0,1.3562687277047645,1.0,0.0,0.0,0.0,0.0,0.0,-0.2806524287733598,0.0,0.0,0.0,0.0,0.0,0.0,1.0,0.0,0
1.0,1.9896595825131467,0.0,1.0,1.0,-0.5064419972567069,-1.3190243718703194,1.179945478330762,0.29712123445482475,1.0,-0.8569377137381258,1.0,1.0,1.0,1.0,0.0,1.0,-2.0005886812701847,0.0,0.0,0.0,1.0,0.0,0.0,0.0,1.0,1
1.0,-0.8834313919240715,0.0,0.0,1.0,-0.5064419972567069,1.7540112837719253,-1.9938851723077433,-0.9803597484340252,1.0,1.0958914992997186,1.0,1.0,0.0,1.0,1.0,1.0,-2.0005886812701847,1.0,0.0,0.0,0.0,0.0,0.0,0.0,1.0,1
1.0,0.07426559955500123,0.0,0.0,0.0,-0.5064419972567069,-0.8707401843862229,0.7018786781350229,0.41043852904811345,0.0,0.010986380945360646,1.0,1.0,0.0,1.0,0.0,1.0,1.439283823723465,1.0,0.0,0.0,0.0,0.0,0.0,0.0,0.0,0
1.0,-0.3447268342170931,0.0,0.0,0.0,2.611872331624339,-1.3693603121016813,1.3318677666415937,1.8902346483381753,0.0,-0.5097680758647312,1.0,0.0,0.0,0.0,0.0,0.0,1.439283823723465,0.0,0.0,1.0,0.0,0.0,0.0,1.0,1.0,0
1.0,-1.3024238256961658,1.0,0.0,1.0,0.5329961123703084,-1.383809822983028,1.2876572937516364,1.5781980897399543,1.0,-0.5965604853330798,1.0,1.0,0.0,0.0,1.0,1.0,-0.2806524287733598,1.0,0.0,0.0,0.0,0.0,0.0,0.0,1.0,0
1.0,-0.225014710282209,0.0,0.0,0.0,-0.5064419972567069,0.45760922195956005,-1.050679665722097,1.3318335164843158,0.0,-1.2475035563456947,1.0,1.0,1.0,0.0,0.0,1.0,-0.2806524287733598,1.0,0.0,0.0,0.0,0.0,1.0,0.0,1.0,0
0.0,-1.3622798876636077,1.0,0.0,1.0,2.611872331624339,-0.8284320197603623,0.6784709896428678,0.09745568824034524,1.0,-0.075806028522988,1.0,1.0,0.0,1.0,1.0,1.0,-0.2806524287733598,1.0,0.0,0.0,0.0,0.0,0.0,0.0,1.0,0
0.0,1.9896595825131467,0.0,1.0,1.0,-0.5064419972567069,-0.8912232636963654,0.7612876545099246,1.916399351432158,1.0,0.6185332472238011,1.0,1.0,1.0,1.0,0.0,1.0,-2.0005886812701847,0.0,1.0,0.0,0.0,0.0,0.0,0.0,1.0,1
1.0,0.07426559955500123,0.0,0.0,0.0,-0.5064419972567069,-0.5553602819265674,0.4036319232237062,-0.9781832993520664,0.0,-1.4644845800165662,1.0,1.0,0.0,1.0,0.0,1.0,-0.2806524287733598,1.0,0.0,0.0,0.0,0.0,0.0,0.0,1.0,0
0.0,0.19397772348988532,0.0,0.0,0.0,-0.5064419972567069,-0.8112317806910321,0.6654658467786353,0.18739981225781574,0.0,-0.42297566639638257,1.0,1.0,1.0,0.0,0.0,1.0,-0.2806524287733598,1.0,0.0,0.0,0.0,0.0,1.0,0.0,0.0,0
1.0,0.37354590939221144,0.0,0.0,0.0,0.5329961123703084,0.34402068532085867,-1.0381146713711462,-0.34762814902022554,0.0,-0.46637187113055684,1.0,1.0,0.0,0.0,0.0,0.0,1.439283823723465,1.0,0.0,0.0,0.0,0.0,1.0,0.0,1.0,0
1.0,0.43340197135965347,0.0,0.0,0.0,-0.5064419972567069,0.3909096230823453,-0.9612856872225531,0.7176963624881205,0.0,-0.9437301232064743,1.0,0.0,0.0,0.0,0.0,0.0,-1.1406205550217723,0.0,0.0,0.0,1.0,0.0,0.0,1.0,1.0,1
0.0,-0.5841510820868613,0.0,0.0,1.0,-0.5064419972567069,0.4660041387078948,-0.9690344233657633,0.19449692882942046,1.0,1.0524952945655444,1.0,1.0,1.0,1.0,1.0,1.0,0.5793156974750526,0.0,1.0,0.0,0.0,1.0,0.0,0.0,0.0,0
1.0,1.5108110867736102,0.0,1.0,1.0,-0.5064419972567069,-0.5627188740613802,0.3510770834456241,-0.8243651261901533,1.0,0.9223066803630213,1.0,1.0,0.0,0.0,1.0,1.0,1.439283823723465,0.0,1.0,0.0,0.0,0.0,0.0,0.0,1.0,0
0.0,1.6305232107084944,0.0,1.0,0.0,-0.5064419972567069,-0.15093652211605618,0.34877022540953473,-0.998244482194469,0.0,-0.5531642805989055,1.0,1.0,0.0,0.0,0.0,0.0,-0.2806524287733598,0.0,0.0,1.0,0.0,0.0,0.0,0.0,0.0,0
1.0,0.2538337854573274,0.0,0.0,1.0,-0.5064419972567069,-1.417576295271514,1.1643345086289643,-0.16069009852415717,1.0,0.5317408377554524,0.0,1.0,0.0,0.0,1.0,1.0,1.439283823723465,0.0,1.0,0.0,0.0,0.0,1.0,0.0,0.0,0
1.0,1.8100913966108205,0.0,1.0,1.0,1.5724342219973237,-0.5064690501790591,0.8299319063464868,-0.6735750560987918,1.0,-1.1173149421431716,1.0,1.0,0.0,1.0,0.0,1.0,1.439283823723465,1.0,0.0,0.0,0.0,0.0,0.0,0.0,1.0,0
1.0,-1.0031435158589557,0.0,0.0,0.0,-0.5064419972567069,-0.8960648364323537,1.2095913723240967,0.44043567509076276,0.0,-0.24939084745968526,1.0,1.0,1.0,1.0,0.0,1.0,-0.2806524287733598,0.0,0.0,1.0,0.0,0.0,0.0,0.0,1.0,0
1.0,0.9721065290666319,0.0,0.0,1.0,-0.5064419972567069,-0.9043360249981913,1.24680514479061,-0.6901823088763468,1.0,0.748721861426324,1.0,1.0,1.0,1.0,1.0,1.0,0.5793156974750526,0.0,1.0,0.0,0.0,0.0,0.0,0.0,0.0,0
0.0,0.8523944051317478,0.0,0.0,1.0,-0.5064419972567069,-0.9351835634649728,1.472013544678224,-1.0025500662479092,1.0,-1.290899761079869,1.0,1.0,0.0,1.0,0.0,1.0,-1.1406205550217723,1.0,0.0,0.0,0.0,0.0,1.0,0.0,1.0,1
0.0,1.9298035205457047,0.0,1.0,0.0,-0.5064419972567069,-1.2095916465378211,1.181107212037732,1.0773782303370478,0.0,1.3128725229705902,1.0,1.0,1.0,0.0,0.0,1.0,-0.2806524287733598,0.0,0.0,0.0,0.0,0.0,1.0,0.0,0.0,0
0.0,0.7925383431643057,0.0,0.0,1.0,2.611872331624339,0.7424517150896078,-0.3212451568811505,-1.0154195042977525,1.0,1.5298535466414618,1.0,1.0,1.0,1.0,1.0,1.0,-0.2806524287733598,1.0,0.0,0.0,0.0,0.0,0.0,0.0,0.0,0
1.0,-0.9432874538915136,0.0,0.0,1.0,-0.5064419972567069,-0.8816137081891424,0.8160017134097858,0.4201852358064506,1.0,0.4883446330212782,0.0,1.0,0.0,1.0,0.0,1.0,-1.1406205550217723,1.0,0.0,0.0,0.0,0.0,1.0,0.0,0.0,1
0.0,-0.8235753299566294,0.0,0.0,1.0,-0.5064419972567069,0.8109093863115729,0.001977488615246103,-1.0260651791551596,1.0,-0.5965604853330798,1.0,1.0,1.0,1.0,0.0,1.0,-2.0005886812701847,0.0,0.0,0.0,1.0,0.0,0.0,0.0,1.0,1
0.0,-1.0629995778263976,1.0,0.0,0.0,-0.5064419972567069,-0.8164372598461251,0.5624383372858296,2.1810271713320595,0.0,-0.7701453042697771,1.0,1.0,1.0,1.0,0.0,1.0,0.5793156974750526,1.0,0.0,0.0,0.0,0.0,0.0,0.0,1.0,0
1.0,1.8100913966108205,0.0,1.0,0.0,-0.5064419972567069,-0.7844757633964129,0.24848464737842696,1.1815639016082051,0.0,0.5317408377554524,1.0,1.0,1.0,1.0,1.0,1.0,0.5793156974750526,0.0,1.0,0.0,0.0,0.0,0.0,0.0,0.0,0
1.0,-0.04544652437988287,0.0,0.0,0.0,-0.5064419972567069,-1.3945559795392628,1.9150913062974453,1.0310104020692303,0.0,-0.20599464272551093,1.0,0.0,0.0,0.0,0.0,0.0,0.5793156974750526,1.0,0.0,0.0,0.0,0.0,0.0,1.0,0.0,0
0.0,0.37354590939221144,0.0,0.0,1.0,-0.5064419972567069,-0.9844722618902384,0.8837481360987084,-0.3087359502078317,0.0,0.6185332472238011,1.0,1.0,0.0,0.0,1.0,1.0,-0.2806524287733598,1.0,0.0,0.0,0.0,0.0,0.0,0.0,0.0,0
0.0,0.6728262192294217,0.0,0.0,1.0,-0.5064419972567069,0.8309573952806505,-0.6916818044304895,0.10753359377202394,1.0,-1.160711146877346,1.0,1.0,0.0,0.0,1.0,1.0,-2.0005886812701847,1.0,0.0,0.0,0.0,0.0,0.0,0.0,1.0,1
0.0,-1.601704135533376,1.0,0.0,0.0,-0.5064419972567069,1.3395242984517062,-1.3079257100148582,-1.0094106122671271,0.0,-0.9437301232064743,1.0,1.0,1.0,0.0,0.0,1.0,-0.2806524287733598,1.0,0.0,0.0,0.0,0.0,0.0,0.0,1.0,0
1.0,-1.541848073565934,1.0,0.0,1.0,0.5329961123703084,0.851887675145829,-1.3650725813995757,-0.6616992143689732,1.0,1.0524952945655444,1.0,0.0,0.0,0.0,0.0,0.0,0.5793156974750526,1.0,0.0,0.0,0.0,0.0,0.0,1.0,0.0,0
1.0,-1.2425677637287238,1.0,0.0,0.0,-0.5064419972567069,-0.9618587126664544,0.7435520685568938,0.39042466031618817,0.0,0.05438258567953497,1.0,1.0,0.0,1.0,1.0,1.0,-1.1406205550217723,1.0,0.0,0.0,0.0,0.0,0.0,0.0,1.0,1
0.0,-1.1827117017612818,1.0,0.0,0.0,-0.5064419972567069,-0.9583251813369248,1.5581613125493827,-0.7418493175176292,0.0,-0.9871263279406487,1.0,0.0,0.0,0.0,0.0,0.0,-0.2806524287733598,0.0,0.0,0.0,1.0,0.0,0.0,1.0,1.0,0
1.0,0.2538337854573274,0.0,0.0,0.0,-0.5064419972567069,-0.9929306600916847,1.536407641269101,-0.44741360801698793,0.0,-0.8135415090039514,1.0,1.0,0.0,1.0,1.0,1.0,0.5793156974750526,1.0,0.0,0.0,0.0,0.0,0.0,0.0,1.0,0
1.0,-0.5841510820868613,0.0,0.0,0.0,-0.5064419972567069,0.6339364382737246,-1.100977936969287,0.12286336556669014,0.0,0.4015522235529295,1.0,1.0,1.0,0.0,0.0,0.0,0.5793156974750526,1.0,0.0,0.0,0.0,0.0,0.0,0.0,1.0,0
1.0,0.07426559955500123,0.0,0.0,0.0,-0.5064419972567069,-0.8610149875058161,0.7678931118104462,0.7626920815520944,0.0,-1.4644845800165662,1.0,1.0,0.0,0.0,0.0,0.0,1.439283823723465,1.0,0.0,0.0,0.0,0.0,0.0,0.0,1.0,0
0.0,-0.16515864831476695,0.0,0.0,1.0,0.5329961123703084,0.6862831636408889,-1.0373792450292436,0.19402378772464682,1.0,-0.16259843799133664,1.0,1.0,0.0,1.0,1.0,1.0,0.5793156974750526,0.0,0.0,1.0,0.0,1.0,0.0,0.0,0.0,0
1.0,0.7326822811968637,0.0,0.0,1.0,-0.5064419972567069,0.24812123537448927,-0.03204451507254079,0.6790880483385908,1.0,-1.0739187374089973,1.0,0.0,0.0,0.0,0.0,0.0,-0.2806524287733598,1.0,0.0,0.0,0.0,0.0,0.0,1.0,0.0,1
0.0,0.2538337854573274,0.0,0.0,1.0,-0.5064419972567069,-1.4485762700938523,1.2480222430904442,2.46524303296959,1.0,-0.5965604853330798,1.0,1.0,0.0,1.0,0.0,0.0,0.5793156974750526,0.0,0.0,0.0,1.0,0.0,0.0,0.0,0.0,0
1.0,0.014409537587559178,0.0,0.0,1.0,-0.5064419972567069,-1.4122523443599757,1.275880322105816,1.6171376026628257,1.0,-0.16259843799133664,1.0,1.0,1.0,1.0,1.0,0.0,-2.0005886812701847,1.0,0.0,0.0,0.0,0.0,0.0,0.0,0.0,1
0.0,1.031962591034074,0.0,0.0,1.0,-0.5064419972567069,0.12449049893029372,0.5375334979282587,-1.0345344049306078,1.0,0.3581560188187552,1.0,1.0,0.0,0.0,0.0,1.0,1.439283823723465,0.0,1.0,0.0,0.0,0.0,0.0,0.0,1.0,0
0.0,0.014409537587559178,0.0,0.0,0.0,-0.5064419972567069,-0.5910975096447488,-0.36471051462545184,-0.7454925040243863,0.0,-1.2475035563456947,1.0,1.0,0.0,0.0,1.0,1.0,-0.2806524287733598,0.0,0.0,0.0,0.0,0.0,0.0,0.0,1.0,1
1.0,1.3312429008712843,0.0,1.0,0.0,-0.5064419972567069,-1.3474373763932725,1.203189379902349,2.4750370538384043,0.0,-1.4644845800165662,1.0,1.0,0.0,0.0,0.0,1.0,-0.2806524287733598,1.0,0.0,0.0,0.0,0.0,0.0,0.0,1.0,1
1.0,-0.9432874538915136,0.0,0.0,0.0,-0.5064419972567069,-0.9231362392901986,0.658550809129666,0.27710736572289946,0.0,-1.421088375282392,1.0,0.0,0.0,0.0,0.0,0.0,1.439283823723465,1.0,0.0,0.0,0.0,0.0,0.0,1.0,1.0,0
0.0,-0.16515864831476695,0.0,0.0,0.0,-0.5064419972567069,-0.928048167267212,0.9071235285783548,-0.9705657275652106,0.0,-1.030522532674823,1.0,0.0,0.0,0.0,0.0,0.0,0.5793156974750526,0.0,0.0,0.0,1.0,0.0,0.0,1.0,0.0,0
1.0,-0.10530258634732491,0.0,0.0,0.0,-0.5064419972567069,-0.9073503831697954,0.6481178129756717,0.4190970112654712,0.0,1.3562687277047645,1.0,1.0,1.0,1.0,0.0,1.0,0.5793156974750526,0.0,0.0,0.0,0.0,1.0,0.0,0.0,0.0,0
0.0,1.031962591034074,0.0,0.0,0.0,-0.5064419972567069,1.3025138026071124,-0.6937035348133109,-0.97865644045684,0.0,1.5298535466414618,1.0,1.0,0.0,1.0,1.0,1.0,1.439283823723465,0.0,0.0,0.0,0.0,0.0,0.0,0.0,0.0,0
1.0,-0.9432874538915136,0.0,0.0,0.0,-0.5064419972567069,-0.9934672198896334,1.0479087676625798,-0.41320550614185314,0.0,-1.2475035563456947,1.0,0.0,0.0,0.0,0.0,0.0,1.439283823723465,1.0,0.0,0.0,0.0,0.0,0.0,1.0,0.0,0
1.0,0.3136898474247694,0.0,0.0,1.0,-0.5064419972567069,-0.6420909074732983,-0.2206292367792702,-0.8174572660604581,1.0,1.0524952945655444,1.0,0.0,0.0,0.0,0.0,0.0,0.5793156974750526,0.0,1.0,0.0,0.0,0.0,0.0,1.0,0.0,0
0.0,-1.661560197500818,1.0,0.0,1.0,2.611872331624339,-0.8278008442934432,0.37544257939435627,0.750295784607025,1.0,-0.5531642805989055,1.0,0.0,0.0,0.0,0.0,0.0,-0.2806524287733598,0.0,0.0,1.0,0.0,0.0,0.0,1.0,0.0,0
0.0,0.9122504670991899,0.0,0.0,1.0,-0.5064419972567069,0.41756212921775165,-0.09126617457491329,-0.9911946797333417,1.0,0.27136360935040654,1.0,1.0,1.0,1.0,1.0,1.0,-0.2806524287733598,1.0,0.0,0.0,0.0,0.0,1.0,0.0,0.0,0
0.0,-0.5841510820868613,0.0,0.0,1.0,0.5329961123703084,-1.081822081086981,1.737575812191069,-0.6223338744518057,0.0,-1.160711146877346,1.0,0.0,0.0,0.0,0.0,0.0,0.5793156974750526,0.0,0.0,0.0,1.0,0.0,0.0,1.0,0.0,0
0.0,1.6305232107084944,0.0,1.0,1.0,1.5724342219973237,-0.9092390574849621,1.1557248530666908,1.149390306483597,1.0,0.5751370424896268,1.0,1.0,1.0,1.0,1.0,1.0,0.5793156974750526,1.0,0.0,0.0,0.0,0.0,1.0,0.0,0.0,0
0.0,-1.0031435158589557,0.0,0.0,0.0,2.611872331624339,-0.9420132782706797,2.077559165434443,-0.9915731926171606,0.0,-0.7267490995356027,1.0,0.0,0.0,0.0,0.0,0.0,-1.1406205550217723,1.0,0.0,0.0,0.0,0.0,0.0,1.0,1.0,1
1.0,0.6129701572619797,0.0,0.0,0.0,-0.5064419972567069,0.679819376956613,-1.0578175458573467,0.8987674632849957,0.0,1.0524952945655444,1.0,1.0,1.0,1.0,1.0,1.0,0.5793156974750526,0.0,1.0,0.0,0.0,1.0,0.0,0.0,0.0,0
0.0,0.6728262192294217,0.0,0.0,1.0,-0.5064419972567069,0.0909257925341813,0.019253087075882486,-0.8999730747329824,1.0,1.5298535466414618,1.0,1.0,0.0,1.0,1.0,1.0,0.5793156974750526,1.0,0.0,0.0,0.0,0.0,0.0,0.0,0.0,0
1.0,0.43340197135965347,0.0,0.0,1.0,1.5724342219973237,-1.0883845268448795,1.427236507454599,-0.8599926513796091,1.0,0.6619294519579755,1.0,1.0,1.0,1.0,0.0,1.0,-0.2806524287733598,0.0,1.0,0.0,0.0,0.0,0.0,0.0,1.0,0
1.0,0.6728262192294217,0.0,0.0,1.0,0.5329961123703084,-0.986963403499259,0.7572801807296391,-1.0170754981644603,1.0,1.5298535466414618,1.0,1.0,1.0,1.0,1.0,1.0,0.5793156974750526,1.0,0.0,0.0,0.0,0.0,0.0,0.0,0.0,0
0.0,0.9122504670991899,0.0,0.0,0.0,-0.5064419972567069,-1.2133843601058487,1.2194508835703193,1.0179517075774775,0.0,1.3996649324389387,0.0,1.0,1.0,0.0,1.0,1.0,-0.2806524287733598,1.0,0.0,0.0,0.0,1.0,0.0,0.0,0.0,0
0.0,1.6305232107084944,0.0,1.0,1.0,-0.5064419972567069,0.1318005702092246,0.05431917471080106,0.2030607828258235,1.0,-1.290899761079869,1.0,1.0,0.0,0.0,0.0,1.0,-0.2806524287733598,1.0,0.0,0.0,0.0,1.0,0.0,0.0,1.0,1
1.0,1.5108110867736102,0.0,1.0,1.0,-0.5064419972567069,-1.4062389929544645,1.2146097112957928,1.21917861943771,1.0,-0.42297566639638257,1.0,1.0,1.0,1.0,0.0,1.0,-2.0005886812701847,1.0,0.0,0.0,0.0,0.0,0.0,0.0,1.0,1
0.0,-0.9432874538915136,0.0,0.0,0.0,-0.5064419972567069,1.6271211588339278,-0.6434832353677404,-0.9111392048056405,0.0,-0.46637187113055684,1.0,0.0,0.0,0.0,0.0,0.0,-0.2806524287733598,0.0,0.0,1.0,0.0,0.0,0.0,1.0,1.0,0
0.0,1.6305232107084944,0.0,1.0,0.0,-0.5064419972567069,-1.220699283470367,1.6460364557179672,-0.9017236968206448,0.0,-0.5531642805989055,1.0,1.0,0.0,0.0,0.0,0.0,1.439283823723465,1.0,0.0,0.0,0.0,1.0,0.0,0.0,0.0,0
0.0,-0.5242950201194192,0.0,0.0,1.0,1.5724342219973237,-0.9257996299375956,0.8064476301675368,0.7554057085385804,1.0,-1.4644845800165662,1.0,1.0,1.0,0.0,0.0,1.0,-0.2806524287733598,0.0,0.0,0.0,0.0,0.0,0.0,0.0,1.0,0
0.0,1.7502353346433785,0.0,1.0,0.0,-0.5064419972567069,-0.7122573215032082,1.6703618123368744,-0.369865780944587,0.0,0.8355142708946727,1.0,1.0,0.0,1.0,0.0,0.0,-0.2806524287733598,1.0,0.0,0.0,0.0,0.0,0.0,0.0,0.0,0
1.0,-1.42213594963105,1.0,0.0,0.0,0.5329961123703084,1.6088207093574964,-0.19417972528073568,-0.9924248466057531,0.0,-1.160711146877346,1.0,1.0,1.0,1.0,1.0,1.0,-0.2806524287733598,0.0,0.0,0.0,1.0,1.0,0.0,0.0,0.0,0
0.0,-1.42213594963105,1.0,0.0,1.0,-0.5064419972567069,0.7947539630055453,-0.2787006968648502,-1.021333768107423,1.0,1.269476318236416,1.0,1.0,0.0,0.0,1.0,1.0,-1.1406205550217723,0.0,0.0,0.0,0.0,0.0,0.0,0.0,0.0,1
1.0,1.6305232107084944,0.0,1.0,0.0,-0.5064419972567069,1.3025138026071124,-0.6937035348133109,-0.97865644045684,0.0,-1.030522532674823,1.0,1.0,0.0,1.0,1.0,1.0,0.5793156974750526,1.0,0.0,0.0,0.0,0.0,0.0,0.0,0.0,0
0.0,1.3312429008712843,0.0,1.0,0.0,-0.5064419972567069,-0.8183736463362418,0.7019801798886101,-0.23710238694510133,0.0,0.748721861426324,1.0,1.0,0.0,0.0,0.0,1.0,1.439283823723465,1.0,0.0,0.0,0.0,0.0,0.0,0.0,0.0,0
0.0,-0.3447268342170931,0.0,0.0,1.0,2.611872331624339,-0.9204659748548825,0.9386010678523388,2.1212221356886705,1.0,0.31475981408458087,1.0,1.0,0.0,1.0,0.0,1.0,0.5793156974750526,1.0,0.0,0.0,0.0,0.0,1.0,0.0,1.0,0
0.0,-0.40458289618453513,0.0,0.0,1.0,1.5724342219973237,0.31857190075176606,0.11735176368878254,-0.9750132539500829,1.0,0.9223066803630213,1.0,1.0,0.0,0.0,0.0,1.0,-0.2806524287733598,1.0,0.0,0.0,0.0,0.0,0.0,0.0,0.0,0
1.0,-1.3622798876636077,1.0,0.0,1.0,-0.5064419972567069,-0.8610149875058161,0.7678931118104462,0.7626920815520944,1.0,0.1411749951478836,1.0,1.0,1.0,1.0,1.0,1.0,0.5793156974750526,0.0,1.0,0.0,0.0,0.0,0.0,0.0,0.0,0
0.0,0.2538337854573274,0.0,0.0,1.0,-0.5064419972567069,1.5526784400390463,-1.0756721656850405,-0.8594721961643581,1.0,1.4430611371731132,1.0,1.0,1.0,1.0,1.0,0.0,-1.1406205550217723,0.0,0.0,0.0,0.0,0.0,0.0,0.0,0.0,1
1.0,0.43340197135965347,0.0,0.0,1.0,0.5329961123703084,0.6381173186887995,-1.2477868437573332,-0.9312003876480431,1.0,-0.20599464272551093,1.0,1.0,1.0,1.0,1.0,1.0,-0.2806524287733598,0.0,0.0,1.0,0.0,1.0,0.0,0.0,1.0,0
0.0,-0.04544652437988287,0.0,0.0,0.0,-0.5064419972567069,-0.8859207428295083,0.6485395066246655,1.185822171551168,0.0,-1.160711146877346,0.0,1.0,0.0,1.0,0.0,0.0,-0.2806524287733598,0.0,0.0,0.0,1.0,0.0,1.0,0.0,1.0,1
1.0,-0.28487077224965107,0.0,0.0,0.0,-0.5064419972567069,-0.6353800687644984,1.1363850780353648,-0.9941754686934157,0.0,0.31475981408458087,1.0,0.0,0.0,0.0,0.0,0.0,1.439283823723465,0.0,1.0,0.0,0.0,0.0,0.0,1.0,0.0,0
1.0,-1.3622798876636077,1.0,0.0,1.0,-0.5064419972567069,-1.4555822773425964,1.46089172071465,-0.9943647251353251,1.0,1.5298535466414618,1.0,1.0,1.0,0.0,1.0,1.0,0.5793156974750526,0.0,0.0,0.0,0.0,0.0,0.0,0.0,0.0,0
0.0,0.5531140952945376,0.0,0.0,0.0,-0.5064419972567069,0.41218480536474394,-0.9542825275966049,1.784251040868878,0.0,-0.7267490995356027,1.0,1.0,0.0,0.0,0.0,0.0,-0.2806524287733598,1.0,0.0,0.0,0.0,0.0,0.0,0.0,1.0,0
1.0,0.7925383431643057,0.0,0.0,0.0,2.611872331624339,-0.22338665109609354,0.26450346958099746,-0.5270905700608702,0.0,0.5317408377554524,1.0,0.0,0.0,0.0,0.0,0.0,0.5793156974750526,1.0,0.0,0.0,0.0,0.0,0.0,1.0,0.0,0
1.0,-1.42213594963105,1.0,0.0,0.0,-0.5064419972567069,0.5278112179504456,-0.46043128197476,-0.7763413040556281,0.0,0.18457119988205792,1.0,0.0,0.0,0.0,0.0,0.0,0.5793156974750526,0.0,1.0,0.0,0.0,0.0,0.0,1.0,0.0,0
1.0,-0.225014710282209,0.0,0.0,1.0,4.69074855087837,-1.0273347772945385,0.8556339958413286,1.2436873286649852,1.0,1.5298535466414618,1.0,1.0,1.0,1.0,1.0,1.0,-0.2806524287733598,1.0,0.0,0.0,0.0,0.0,0.0,0.0,0.0,0
1.0,1.3312429008712843,0.0,1.0,0.0,-0.5064419972567069,0.4506347532671393,-0.983243746124834,-1.0106407791395386,0.0,1.4864573419072875,1.0,1.0,1.0,1.0,0.0,0.0,-0.2806524287733598,0.0,0.0,0.0,0.0,0.0,1.0,0.0,0.0,0
0.0,-1.1228556397938396,1.0,0.0,1.0,1.5724342219973237,0.20542935164670398,-0.1677136044043374,-0.3718529735846363,1.0,0.44494842828710385,1.0,0.0,0.0,0.0,0.0,0.0,0.5793156974750526,0.0,1.0,0.0,0.0,0.0,0.0,1.0,0.0,0
0.0,-0.8235753299566294,0.0,0.0,0.0,-0.5064419972567069,1.613940063993403,-1.8916166191088144,-0.996162661333465,0.0,-1.3776921705482175,1.0,1.0,0.0,1.0,0.0,1.0,-1.1406205550217723,1.0,0.0,0.0,0.0,0.0,0.0,0.0,1.0,1
1.0,0.43340197135965347,0.0,0.0,0.0,-0.5064419972567069,1.4502816431497512,-1.7398705747519339,-0.9091520121655912,0.0,-1.3776921705482175,1.0,1.0,0.0,1.0,1.0,1.0,-0.2806524287733598,1.0,0.0,0.0,0.0,0.0,0.0,0.0,1.0,1
0.0,-0.6440071440543034,0.0,0.0,0.0,-0.5064419972567069,0.6189091248669281,-1.2250273823733202,2.4943885250236466,0.0,-0.8135415090039514,1.0,1.0,0.0,1.0,1.0,1.0,-2.0005886812701847,1.0,0.0,0.0,0.0,0.0,1.0,0.0,0.0,1
1.0,-0.04544652437988287,0.0,0.0,1.0,-0.5064419972567069,0.19303267730958693,0.3395529434405562,-1.010167638034765,1.0,1.2260801135022417,1.0,1.0,0.0,0.0,0.0,1.0,1.439283823723465,1.0,0.0,0.0,0.0,1.0,0.0,0.0,0.0,0
0.0,-0.7038632060217453,0.0,0.0,0.0,-0.5064419972567069,-1.3724413864501228,1.1813840350020648,1.3859135447599438,0.0,-0.5531642805989055,1.0,1.0,1.0,0.0,0.0,1.0,-2.0005886812701847,1.0,0.0,0.0,0.0,0.0,1.0,0.0,1.0,1
0.0,-0.8235753299566294,0.0,0.0,0.0,-0.5064419972567069,-0.03155419094470225,0.2910978517641995,-0.7680140206116118,0.0,-1.3342959658140432,1.0,0.0,0.0,0.0,0.0,0.0,1.439283823723465,0.0,0.0,0.0,0.0,0.0,0.0,1.0,1.0,0
1.0,-0.8235753299566294,0.0,0.0,1.0,1.5724342219973237,-1.2694364615004543,1.21144193384064,-0.1881795967115061,1.0,1.2260801135022417,1.0,1.0,0.0,1.0,1.0,1.0,-0.2806524287733598,0.0,1.0,0.0,0.0,0.0,0.0,0.0,0.0,0
1.0,1.031962591034074,0.0,0.0,0.0,-0.5064419972567069,-1.3803535206824429,1.195396813456459,1.178441170316699,0.0,0.18457119988205792,1.0,1.0,0.0,0.0,1.0,1.0,0.5793156974750526,1.0,0.0,0.0,0.0,0.0,0.0,0.0,0.0,0
1.0,-0.7637192679891874,0.0,0.0,0.0,-0.5064419972567069,1.820896879263349,-1.0840622083622826,-0.9946486097981894,0.0,-0.6833528948014285,0.0,1.0,1.0,0.0,0.0,1.0,0.5793156974750526,0.0,0.0,0.0,1.0,0.0,1.0,0.0,0.0,0
0.0,1.7502353346433785,0.0,1.0,1.0,-0.5064419972567069,-0.8527191341715714,0.739605495828758,0.09759763057177734,1.0,-0.20599464272551093,1.0,1.0,0.0,0.0,1.0,1.0,-2.0005886812701847,1.0,0.0,0.0,0.0,0.0,0.0,0.0,1.0,1
0.0,0.6129701572619797,0.0,0.0,1.0,-0.5064419972567069,0.7978649585484459,-0.552643318251184,-1.0228005055322213,1.0,1.139287704033893,1.0,0.0,0.0,0.0,0.0,0.0,-0.2806524287733598,0.0,1.0,0.0,0.0,0.0,0.0,1.0,0.0,0
0.0,-0.9432874538915136,0.0,0.0,0.0,-0.5064419972567069,0.857459891103291,-1.4648737192431092,-1.0340612638258342,0.0,-0.6833528948014285,1.0,0.0,0.0,0.0,0.0,0.0,0.5793156974750526,0.0,0.0,0.0,1.0,0.0,0.0,1.0,1.0,0
1.0,-0.40458289618453513,0.0,0.0,1.0,2.611872331624339,0.8649272508233687,-0.3779966327984781,-1.0361903987973156,1.0,0.09777879041370928,1.0,0.0,0.0,0.0,0.0,0.0,-0.2806524287733598,0.0,0.0,1.0,0.0,0.0,0.0,1.0,0.0,0
0.0,1.271386838903842,0.0,1.0,1.0,-0.5064419972567069,-1.1094555171921139,1.1720980086636075,-0.8919296759518304,1.0,0.27136360935040654,1.0,1.0,0.0,0.0,0.0,0.0,-2.0005886812701847,0.0,1.0,0.0,0.0,0.0,0.0,0.0,1.0,1
0.0,-0.5242950201194192,0.0,0.0,1.0,-0.5064419972567069,-0.833839264807829,0.558953597536519,0.2603581706139123,1.0,1.4430611371731132,1.0,1.0,1.0,1.0,1.0,1.0,-1.1406205550217723,1.0,0.0,0.0,0.0,0.0,0.0,0.0,0.0,1
1.0,0.2538337854573274,0.0,0.0,1.0,0.5329961123703084,-0.9181761947977679,1.4962461656040789,0.041388467324667944,1.0,-0.42297566639638257,1.0,0.0,0.0,0.0,0.0,0.0,-0.2806524287733598,1.0,0.0,0.0,0.0,0.0,0.0,1.0,0.0,0
1.0,-0.40458289618453513,0.0,0.0,0.0,0.5329961123703084,1.489555636921191,-0.961291685053445,0.23892487856766603,0.0,-1.030522532674823,1.0,1.0,0.0,1.0,0.0,0.0,1.439283823723465,0.0,0.0,0.0,1.0,1.0,0.0,0.0,1.0,0
0.0,0.9122504670991899,0.0,0.0,0.0,-0.5064419972567069,0.6679940356974967,-1.147238283910107,-0.03388828244481947,0.0,-0.2927870521938596,1.0,0.0,0.0,0.0,0.0,0.0,0.5793156974750526,1.0,0.0,0.0,0.0,0.0,0.0,1.0,0.0,0
0.0,-0.16515864831476695,0.0,0.0,0.0,-0.5064419972567069,-1.4107817580863182,1.2960168859028003,-0.6651531444338208,0.0,0.748721861426324,1.0,1.0,0.0,1.0,1.0,1.0,1.439283823723465,0.0,1.0,0.0,0.0,0.0,0.0,0.0,1.0,0
1.0,-0.28487077224965107,0.0,0.0,1.0,0.5329961123703084,0.5394351976576587,-0.5503286168977786,0.518551271488892,1.0,0.4015522235529295,1.0,0.0,0.0,0.0,0.0,0.0,-0.2806524287733598,1.0,0.0,0.0,0.0,0.0,0.0,1.0,0.0,0
1.0,-0.7637192679891874,0.0,0.0,0.0,-0.5064419972567069,-0.833839264807829,0.558953597536519,0.2603581706139123,0.0,-0.8135415090039514,1.0,1.0,0.0,0.0,1.0,1.0,-2.0005886812701847,1.0,0.0,0.0,0.0,0.0,0.0,0.0,1.0,1
1.0,1.4509550248061682,0.0,1.0,1.0,0.5329961123703084,-0.8802781716310212,0.924546765953295,2.273573571425785,1.0,-0.6399566900672541,1.0,1.0,0.0,0.0,0.0,1.0,1.439283823723465,0.0,0.0,0.0,1.0,0.0,0.0,0.0,0.0,0
0.0,-0.5242950201194192,0.0,0.0,1.0,1.5724342219973237,0.6616462947268694,-1.0310722951585851,-0.3186245992976009,1.0,1.3996649324389387,1.0,1.0,1.0,0.0,1.0,1.0,0.5793156974750526,1.0,0.0,0.0,0.0,0.0,0.0,0.0,0.0,0
0.0,0.07426559955500123,0.0,0.0,1.0,-0.5064419972567069,-0.8829807833035901,1.0004783823258545,1.6256541425487512,1.0,1.0524952945655444,1.0,0.0,0.0,0.0,0.0,0.0,0.5793156974750526,0.0,1.0,0.0,0.0,0.0,0.0,1.0,0.0,0
0.0,-1.601704135533376,1.0,0.0,1.0,-0.5064419972567069,-1.4813132915567297,1.2549040619836924,0.31070038416182844,1.0,0.18457119988205792,1.0,1.0,1.0,1.0,1.0,1.0,-0.2806524287733598,1.0,0.0,0.0,0.0,0.0,1.0,0.0,0.0,0
0.0,1.9896595825131467,0.0,1.0,1.0,0.5329961123703084,-1.0191925733372473,0.9607302956208976,-0.5197568829368787,0.0,1.3562687277047645,1.0,1.0,0.0,1.0,0.0,0.0,1.439283823723465,0.0,0.0,0.0,0.0,0.0,0.0,0.0,0.0,0
1.0,-1.0031435158589557,0.0,0.0,1.0,-0.5064419972567069,0.6616462947268694,-1.0310722951585851,-0.3186245992976009,1.0,1.4864573419072875,1.0,1.0,0.0,1.0,1.0,1.0,1.439283823723465,0.0,0.0,0.0,0.0,1.0,0.0,0.0,0.0,0
0.0,0.8523944051317478,0.0,0.0,0.0,2.611872331624339,-0.8732280912715177,1.09297785311357,0.19274630674175797,0.0,-1.160711146877346,1.0,0.0,0.0,0.0,0.0,0.0,-0.2806524287733598,0.0,0.0,0.0,1.0,0.0,0.0,1.0,1.0,0
0.0,1.5706671487410524,0.0,1.0,0.0,-0.5064419972567069,-0.9509136206011102,0.7748173768915627,-0.2613272115095121,0.0,1.4864573419072875,0.0,1.0,1.0,0.0,1.0,1.0,-0.2806524287733598,0.0,0.0,0.0,0.0,0.0,1.0,0.0,0.0,0
1.0,-1.661560197500818,1.0,0.0,0.0,-0.5064419972567069,-1.000181293322162,1.497520012611608,-0.1437043328627832,0.0,-0.11920223325716231,1.0,0.0,0.0,0.0,0.0,0.0,1.439283823723465,1.0,0.0,0.0,0.0,0.0,0.0,1.0,1.0,0
0.0,0.7326822811968637,0.0,0.0,1.0,-0.5064419972567069,-0.8815162621369167,0.6891609697820822,-0.32084836249003706,1.0,1.139287704033893,1.0,1.0,1.0,0.0,0.0,1.0,-0.2806524287733598,1.0,0.0,0.0,0.0,1.0,0.0,0.0,0.0,0
0.0,0.5531140952945376,0.0,0.0,1.0,2.611872331624339,1.0167344526180975,-0.3199154839091513,-0.6313708695529823,1.0,0.05438258567953497,1.0,1.0,0.0,1.0,1.0,1.0,1.439283823723465,1.0,0.0,0.0,0.0,1.0,0.0,0.0,0.0,0
0.0,-0.46443895815197717,0.0,0.0,1.0,-0.5064419972567069,0.9914174830408152,-0.751221810341838,0.48642499047476134,1.0,1.5298535466414618,1.0,1.0,0.0,1.0,1.0,1.0,-0.2806524287733598,1.0,0.0,0.0,0.0,0.0,0.0,0.0,1.0,0
1.0,-0.6440071440543034,0.0,0.0,1.0,-0.5064419972567069,-0.96207503481559,1.4306211295651405,0.14207289442050025,1.0,-1.1173149421431716,1.0,1.0,0.0,0.0,1.0,1.0,-2.0005886812701847,1.0,0.0,0.0,0.0,0.0,0.0,0.0,1.0,1
1.0,0.6129701572619797,0.0,0.0,0.0,-0.5064419972567069,0.1634644720762019,0.008624469360423792,-0.04311453398790561,0.0,1.2260801135022417,1.0,1.0,1.0,1.0,1.0,1.0,0.5793156974750526,1.0,0.0,0.0,0.0,1.0,0.0,0.0,0.0,0
0.0,0.7925383431643057,0.0,0.0,0.0,-0.5064419972567069,1.8834964658186237,-0.9808155473560513,-1.016791613501596,0.0,-0.5531642805989055,1.0,1.0,1.0,0.0,0.0,1.0,-0.2806524287733598,1.0,0.0,0.0,0.0,0.0,1.0,0.0,1.0,0
0.0,0.2538337854573274,0.0,0.0,1.0,1.5724342219973237,0.41513891680696235,-0.917889073847724,-0.33731367293616,1.0,1.3562687277047645,1.0,1.0,1.0,1.0,1.0,1.0,0.5793156974750526,1.0,0.0,0.0,0.0,0.0,0.0,0.0,0.0,0
1.0,-0.7038632060217453,0.0,0.0,1.0,-0.5064419972567069,0.9986466862266113,-0.6728735294906797,0.47876010457742824,1.0,0.5317408377554524,1.0,1.0,1.0,1.0,1.0,1.0,0.5793156974750526,1.0,0.0,0.0,0.0,0.0,0.0,0.0,0.0,0
0.0,-1.42213594963105,1.0,0.0,0.0,-0.5064419972567069,-0.6930737924497409,0.8327578074406896,-0.5073605859918091,0.0,-0.42297566639638257,1.0,1.0,0.0,1.0,1.0,0.0,-0.2806524287733598,0.0,0.0,1.0,0.0,0.0,0.0,0.0,0.0,0
1.0,-1.1827117017612818,1.0,0.0,0.0,-0.5064419972567069,-0.8528485231205881,0.3040637780418191,0.17566591285942929,0.0,-1.290899761079869,1.0,0.0,0.0,0.0,0.0,0.0,-0.2806524287733598,0.0,0.0,0.0,0.0,0.0,0.0,1.0,1.0,1
1.0,0.5531140952945376,0.0,0.0,0.0,-0.5064419972567069,0.94492277723336,-0.8008497086437427,-0.02877835851326407,0.0,0.09777879041370928,0.0,1.0,0.0,1.0,1.0,1.0,0.5793156974750526,1.0,0.0,0.0,0.0,0.0,1.0,0.0,1.0,0
0.0,1.3312429008712843,0.0,1.0,0.0,-0.5064419972567069,0.6358821245945511,-1.2220063210892658,-0.38789245703646297,0.0,-1.160711146877346,1.0,1.0,0.0,0.0,0.0,0.0,-2.0005886812701847,1.0,0.0,0.0,0.0,0.0,0.0,0.0,1.0,1
1.0,-0.8235753299566294,0.0,0.0,1.0,0.5329961123703084,1.8279344250684166,-1.304510176006626,-1.0195358319092833,1.0,-0.8135415090039514,1.0,0.0,0.0,0.0,0.0,0.0,0.5793156974750526,0.0,0.0,0.0,1.0,0.0,0.0,1.0,0.0,0
0.0,-0.04544652437988287,0.0,0.0,0.0,-0.5064419972567069,0.9406646677893409,-0.45367126518581763,-1.0199616589035796,0.0,-1.2475035563456947,0.0,1.0,1.0,0.0,1.0,1.0,-0.2806524287733598,1.0,0.0,0.0,0.0,1.0,0.0,0.0,0.0,0
0.0,-1.601704135533376,1.0,0.0,1.0,-0.5064419972567069,-1.2445974223535996,1.2885159063126697,1.2665400440255523,1.0,1.4864573419072875,1.0,0.0,0.0,0.0,0.0,0.0,0.5793156974750526,1.0,0.0,0.0,0.0,0.0,0.0,1.0,0.0,0
0.0,0.7925383431643057,0.0,0.0,0.0,-0.5064419972567069,0.1759917483837325,-0.06628013381446744,0.6561880188675463,0.0,-0.6833528948014285,1.0,1.0,1.0,1.0,1.0,1.0,-0.2806524287733598,0.0,0.0,0.0,1.0,0.0,0.0,0.0,1.0,0
1.0,0.43340197135965347,0.0,0.0,1.0,0.5329961123703084,1.4774654526570543,-1.8369320879918127,-1.0219961656541061,1.0,1.3128725229705902,1.0,0.0,0.0,0.0,0.0,0.0,1.439283823723465,1.0,0.0,0.0,0.0,0.0,0.0,1.0,0.0,0
1.0,-0.7637192679891874,0.0,0.0,0.0,0.5329961123703084,-0.9292057940204373,0.6855193636863205,0.1225321667933486,0.0,-0.9437301232064743,1.0,1.0,1.0,0.0,1.0,1.0,-2.0005886812701847,1.0,0.0,0.0,0.0,0.0,0.0,0.0,1.0,1
1.0,-1.42213594963105,1.0,0.0,1.0,-0.5064419972567069,-1.1878704767217831,1.7552763339019481,-0.9993800208459258,1.0,1.3562687277047645,1.0,1.0,0.0,0.0,0.0,1.0,1.439283823723465,1.0,0.0,0.0,0.0,0.0,1.0,0.0,0.0,0
1.0,1.8699474585782625,0.0,1.0,1.0,0.5329961123703084,0.529806638148551,-0.5048982774783314,0.13185304655738947,1.0,1.5298535466414618,1.0,1.0,1.0,1.0,0.0,1.0,-0.2806524287733598,1.0,0.0,0.0,0.0,1.0,0.0,0.0,0.0,0
0.0,-1.2425677637287238,1.0,0.0,0.0,-0.5064419972567069,-1.4107817580863182,1.2960168859028003,-0.6651531444338208,0.0,-1.2475035563456947,1.0,1.0,0.0,0.0,1.0,1.0,1.439283823723465,0.0,0.0,0.0,0.0,0.0,0.0,0.0,1.0,0
1.0,-1.1827117017612818,1.0,0.0,0.0,-0.5064419972567069,0.5169724674275725,-1.1568182039623602,0.2922478810756562,0.0,-1.0739187374089973,1.0,0.0,0.0,0.0,0.0,0.0,0.5793156974750526,1.0,0.0,0.0,0.0,0.0,0.0,1.0,1.0,0
0.0,0.07426559955500123,0.0,0.0,1.0,2.611872331624339,0.68269625936989,-1.0921339046305423,0.09816539989750571,1.0,-0.8569377137381258,1.0,1.0,0.0,1.0,0.0,1.0,-0.2806524287733598,0.0,0.0,0.0,1.0,0.0,1.0,0.0,1.0,0
0.0,-1.661560197500818,1.0,0.0,1.0,-0.5064419972567069,0.0697161134072203,0.17863067918773426,0.7000955133905409,1.0,1.5298535466414618,1.0,1.0,0.0,1.0,1.0,1.0,-0.2806524287733598,1.0,0.0,0.0,0.0,0.0,1.0,0.0,0.0,0
1.0,0.6728262192294217,0.0,0.0,1.0,-0.5064419972567069,1.9819760122764616,-1.1887691105053535,-1.026396377928501,1.0,-0.24939084745968526,1.0,1.0,0.0,0.0,1.0,1.0,0.5793156974750526,0.0,0.0,1.0,0.0,0.0,1.0,0.0,0.0,0
1.0,-0.3447268342170931,0.0,0.0,0.0,-0.5064419972567069,-0.8859207428295083,0.6485395066246655,1.185822171551168,0.0,-1.2475035563456947,1.0,0.0,0.0,0.0,0.0,0.0,1.439283823723465,0.0,0.0,0.0,0.0,0.0,0.0,1.0,0.0,0
0.0,-0.28487077224965107,0.0,0.0,1.0,2.611872331624339,-1.4094474345495909,1.2578383854055928,0.14382351650816275,1.0,0.6619294519579755,1.0,0.0,0.0,0.0,0.0,0.0,1.439283823723465,0.0,1.0,0.0,0.0,0.0,0.0,1.0,0.0,0
1.0,0.7925383431643057,0.0,0.0,0.0,-0.5064419972567069,-0.8899548476555432,0.8789567919577538,1.0975340414004053,0.0,-1.4644845800165662,1.0,1.0,1.0,0.0,0.0,1.0,-2.0005886812701847,0.0,0.0,0.0,0.0,0.0,0.0,0.0,1.0,1
0.0,-1.0031435158589557,0.0,0.0,1.0,-0.5064419972567069,-0.9188134353716711,1.2836941116456433,-0.19873064334795848,1.0,1.4864573419072875,1.0,1.0,1.0,1.0,1.0,1.0,0.5793156974750526,0.0,0.0,0.0,0.0,1.0,0.0,0.0,0.0,0
1.0,-0.8834313919240715,0.0,0.0,1.0,-0.5064419972567069,-0.8365819061864992,0.5728957861350101,0.2693478516046116,0.0,-0.7267490995356027,1.0,1.0,1.0,0.0,0.0,1.0,-0.2806524287733598,0.0,0.0,0.0,1.0,0.0,0.0,0.0,1.0,0
1.0,1.091818653001516,0.0,1.0,1.0,-0.5064419972567069,0.6755669282791134,0.26571687690797646,-1.0133376834367485,1.0,0.1411749951478836,1.0,1.0,0.0,0.0,1.0,1.0,-2.0005886812701847,1.0,0.0,0.0,0.0,0.0,0.0,0.0,1.0,1
1.0,-0.28487077224965107,0.0,0.0,1.0,1.5724342219973237,-0.8108254185230294,0.40551108977990347,0.9748958670430756,1.0,1.1826839087680672,1.0,1.0,1.0,0.0,1.0,1.0,0.5793156974750526,1.0,0.0,0.0,0.0,0.0,0.0,0.0,0.0,0
0.0,-1.541848073565934,1.0,0.0,1.0,0.5329961123703084,0.7634284941083394,-0.21712604216567166,-0.8078051875230757,1.0,1.5298535466414618,1.0,1.0,1.0,1.0,1.0,1.0,0.5793156974750526,0.0,0.0,0.0,0.0,1.0,0.0,0.0,0.0,0
1.0,-0.04544652437988287,0.0,0.0,1.0,-0.5064419972567069,-0.9974135828346173,0.8149456338008639,3.1373399723005573,1.0,1.4430611371731132,0.0,1.0,1.0,1.0,1.0,1.0,-0.2806524287733598,1.0,0.0,0.0,0.0,1.0,0.0,0.0,0.0,0
0.0,-0.6440071440543034,0.0,0.0,1.0,2.611872331624339,1.0628996209460266,-1.7283279798825781,-0.9465301594427094,1.0,0.6185332472238011,1.0,1.0,0.0,0.0,0.0,1.0,1.439283823723465,1.0,0.0,0.0,0.0,0.0,0.0,0.0,0.0,0
0.0,-1.541848073565934,1.0,0.0,0.0,-0.5064419972567069,0.7471590467909892,-1.275225997353354,-0.4050201650292691,0.0,-0.5965604853330798,1.0,1.0,0.0,0.0,1.0,1.0,-1.1406205550217723,1.0,0.0,0.0,0.0,1.0,0.0,0.0,1.0,1
0.0,-0.3447268342170931,0.0,0.0,0.0,-0.5064419972567069,1.3092666927243455,-0.949588532864783,-0.8872455790145712,0.0,0.09777879041370928,0.0,1.0,0.0,1.0,0.0,1.0,-0.2806524287733598,1.0,0.0,0.0,0.0,0.0,1.0,0.0,0.0,0
0.0,1.6903792726759364,0.0,1.0,0.0,-0.5064419972567069,-0.914987161544991,0.6465574542000629,0.7383726287667289,0.0,0.6619294519579755,1.0,1.0,0.0,1.0,1.0,1.0,1.439283823723465,1.0,0.0,0.0,0.0,0.0,0.0,0.0,0.0,0
0.0,-0.5841510820868613,0.0,0.0,0.0,-0.5064419972567069,-0.877079029866602,0.7146965041267195,1.3015997998892797,0.0,0.878910475628847,1.0,0.0,0.0,0.0,0.0,0.0,-0.2806524287733598,1.0,0.0,0.0,0.0,0.0,0.0,1.0,0.0,0
1.0,-0.8235753299566294,0.0,0.0,1.0,-0.5064419972567069,-1.3724413864501228,1.1813840350020648,1.3859135447599438,1.0,0.9223066803630213,1.0,1.0,0.0,1.0,1.0,0.0,-1.1406205550217723,1.0,0.0,0.0,0.0,0.0,0.0,0.0,1.0,1
0.0,-0.40458289618453513,0.0,0.0,0.0,-0.5064419972567069,0.5851733824538361,-0.3005844749383665,-0.9544316158924292,0.0,0.7921180661604984,1.0,1.0,0.0,0.0,1.0,1.0,-2.0005886812701847,0.0,1.0,0.0,0.0,0.0,0.0,0.0,1.0,1
0.0,-0.225014710282209,0.0,0.0,1.0,-0.5064419972567069,1.289553477660846,-1.5158368269762987,-0.948044210977985,1.0,1.5298535466414618,1.0,1.0,1.0,1.0,0.0,1.0,0.5793156974750526,0.0,0.0,0.0,0.0,0.0,0.0,0.0,0.0,0
1.0,-1.1228556397938396,1.0,0.0,0.0,-0.5064419972567069,0.22451503030747508,-0.8787739889878704,0.017542155644076077,0.0,-1.3342959658140432,1.0,1.0,0.0,0.0,1.0,1.0,1.439283823723465,1.0,0.0,0.0,0.0,0.0,0.0,0.0,1.0,0
1.0,1.031962591034074,0.0,0.0,1.0,2.611872331624339,-1.2620839344726258,1.154265073301457,1.0049403271962023,1.0,1.3996649324389387,1.0,0.0,0.0,0.0,0.0,0.0,0.5793156974750526,1.0,0.0,0.0,0.0,0.0,0.0,1.0,0.0,0
0.0,-0.8834313919240715,0.0,0.0,0.0,-0.5064419972567069,-0.8236333071137364,0.6907162534700112,-0.5704776093686138,0.0,-1.3776921705482175,1.0,0.0,0.0,0.0,0.0,0.0,-0.2806524287733598,1.0,0.0,0.0,0.0,0.0,0.0,1.0,1.0,0
1.0,0.2538337854573274,0.0,0.0,0.0,-0.5064419972567069,-0.9067758153680716,0.8593729513462164,1.1554465126246998,0.0,-1.160711146877346,1.0,0.0,0.0,0.0,0.0,0.0,-0.2806524287733598,0.0,0.0,0.0,1.0,0.0,0.0,1.0,1.0,0
1.0,0.014409537587559178,0.0,0.0,1.0,2.611872331624339,1.8268398754278352,-2.0064506280303,0.07800958883414831,1.0,1.3996649324389387,1.0,0.0,0.0,0.0,0.0,0.0,1.439283823723465,1.0,0.0,0.0,0.0,0.0,0.0,1.0,0.0,0
1.0,-1.661560197500818,1.0,0.0,1.0,1.5724342219973237,-0.8416814481395859,2.489042199391448,-0.9631847263307417,0.0,1.3996649324389387,1.0,0.0,0.0,0.0,0.0,0.0,1.439283823723465,0.0,0.0,0.0,0.0,0.0,0.0,1.0,0.0,0
1.0,1.1516747149689581,0.0,1.0,1.0,-0.5064419972567069,1.0456743127678247,-0.17202466070217232,-1.036001142355406,1.0,-0.9437301232064743,1.0,1.0,0.0,0.0,1.0,1.0,-0.2806524287733598,0.0,0.0,0.0,1.0,0.0,0.0,0.0,0.0,0
0.0,-0.16515864831476695,0.0,0.0,1.0,0.5329961123703084,0.16832828353780077,-0.24389436144479465,-0.9837190502779181,1.0,0.05438258567953497,1.0,0.0,0.0,0.0,0.0,0.0,-0.2806524287733598,0.0,0.0,1.0,0.0,0.0,0.0,1.0,0.0,0
0.0,-1.661560197500818,1.0,0.0,0.0,-0.5064419972567069,-1.2445974223535996,1.2885159063126697,1.2665400440255523,0.0,-1.4644845800165662,0.0,1.0,0.0,1.0,0.0,1.0,-0.2806524287733598,1.0,0.0,0.0,0.0,0.0,1.0,0.0,1.0,1
0.0,-1.601704135533376,1.0,0.0,0.0,-0.5064419972567069,-0.8410102429665685,0.7526618509413933,0.08614761583625505,0.0,0.22796740461623224,1.0,0.0,0.0,0.0,0.0,0.0,1.439283823723465,1.0,0.0,0.0,0.0,0.0,0.0,1.0,0.0,0
1.0,0.49325803332709556,0.0,0.0,1.0,1.5724342219973237,0.41218480536474394,-0.9542825275966049,1.784251040868878,0.0,1.2260801135022417,1.0,1.0,1.0,1.0,0.0,1.0,-0.2806524287733598,0.0,1.0,0.0,0.0,0.0,1.0,0.0,0.0,0
0.0,0.5531140952945376,0.0,0.0,0.0,-0.5064419972567069,0.7036932554119031,-0.7048161313447379,-0.7026259199318937,0.0,0.878910475628847,1.0,0.0,0.0,0.0,0.0,0.0,-0.2806524287733598,0.0,1.0,0.0,0.0,0.0,0.0,1.0,0.0,0
1.0,-1.1827117017612818,1.0,0.0,0.0,-0.5064419972567069,-0.8654368548384337,0.6903093237124505,2.449203549517763,0.0,-1.421088375282392,1.0,1.0,1.0,0.0,0.0,1.0,-0.2806524287733598,0.0,0.0,0.0,0.0,0.0,0.0,0.0,1.0,0
0.0,0.2538337854573274,0.0,0.0,0.0,-0.5064419972567069,0.0403626129611094,0.9997747906248483,-1.034155892046789,0.0,0.748721861426324,0.0,1.0,1.0,0.0,1.0,1.0,-0.2806524287733598,0.0,1.0,0.0,0.0,0.0,1.0,0.0,0.0,0
0.0,-1.3024238256961658,1.0,0.0,0.0,-0.5064419972567069,-0.9181761947977679,1.4962461656040789,0.041388467324667944,0.0,-0.6833528948014285,1.0,1.0,0.0,1.0,1.0,1.0,0.5793156974750526,0.0,0.0,0.0,1.0,0.0,1.0,0.0,1.0,0
1.0,-0.7637192679891874,0.0,0.0,0.0,-0.5064419972567069,1.0988770269008215,-1.5493300988022125,-0.9722217214319184,0.0,0.7053256566921497,0.0,1.0,1.0,1.0,0.0,1.0,-0.2806524287733598,1.0,0.0,0.0,0.0,0.0,1.0,0.0,0.0,0
1.0,1.2115307769364,0.0,1.0,0.0,-0.5064419972567069,1.4300274205431802,-1.6603314937825457,-1.0328784110639,0.0,0.3581560188187552,0.0,1.0,0.0,0.0,0.0,0.0,-0.2806524287733598,0.0,1.0,0.0,0.0,1.0,0.0,0.0,0.0,0
0.0,0.7326822811968637,0.0,0.0,0.0,-0.5064419972567069,-0.37982678594652064,-0.491025294620925,-0.33414362753417653,0.0,-0.11920223325716231,0.0,1.0,0.0,0.0,0.0,1.0,0.5793156974750526,1.0,0.0,0.0,0.0,1.0,0.0,0.0,1.0,0
1.0,-1.3622798876636077,1.0,0.0,1.0,1.5724342219973237,-0.8365819061864992,0.5728957861350101,0.2693478516046116,1.0,0.7921180661604984,1.0,0.0,0.0,0.0,0.0,0.0,1.439283823723465,1.0,0.0,0.0,0.0,0.0,0.0,1.0,0.0,0
1.0,1.3910989628387262,0.0,1.0,1.0,-0.5064419972567069,-0.9143042304984671,0.6593508274965798,-0.3852428668497306,1.0,1.5298535466414618,1.0,1.0,1.0,1.0,0.0,1.0,0.5793156974750526,1.0,0.0,0.0,0.0,0.0,0.0,0.0,0.0,0
1.0,-1.661560197500818,1.0,0.0,0.0,-0.5064419972567069,-0.8824005547353467,0.48638353469414586,-1.0366635399020894,0.0,0.09777879041370928,0.0,1.0,1.0,0.0,0.0,1.0,0.5793156974750526,0.0,0.0,1.0,0.0,0.0,1.0,0.0,0.0,0
0.0,1.2115307769364,0.0,1.0,1.0,-0.5064419972567069,2.26318954972708,-1.4709781269781927,-1.0143785938672505,1.0,-0.37957946166220824,1.0,1.0,0.0,0.0,1.0,1.0,-0.2806524287733598,0.0,0.0,1.0,0.0,0.0,0.0,0.0,1.0,0
0.0,-0.16515864831476695,0.0,0.0,0.0,-0.5064419972567069,-1.000181293322162,1.497520012611608,-0.1437043328627832,0.0,-1.0739187374089973,1.0,1.0,0.0,0.0,0.0,1.0,-0.2806524287733598,0.0,0.0,0.0,1.0,1.0,0.0,0.0,0.0,1
0.0,-0.28487077224965107,0.0,0.0,1.0,0.5329961123703084,0.7852143583988856,-1.1587684217460665,0.9598972940217511,1.0,-1.421088375282392,1.0,1.0,0.0,0.0,0.0,1.0,0.5793156974750526,1.0,0.0,0.0,0.0,0.0,0.0,0.0,1.0,0
0.0,0.6129701572619797,0.0,0.0,1.0,0.5329961123703084,-0.46889854278950927,-0.38973254237126154,-0.6854035837181329,1.0,1.00909908983137,1.0,1.0,0.0,0.0,1.0,1.0,0.5793156974750526,0.0,1.0,0.0,0.0,0.0,0.0,0.0,1.0,0
0.0,0.7326822811968637,0.0,0.0,1.0,-0.5064419972567069,-0.8215222455424499,0.6334125157388427,1.1088894279149728,1.0,1.5298535466414618,1.0,1.0,1.0,1.0,1.0,1.0,-0.2806524287733598,1.0,0.0,0.0,0.0,0.0,0.0,0.0,0.0,0
1.0,-1.541848073565934,1.0,0.0,0.0,-0.5064419972567069,1.0155808692695272,-1.6408856032815653,-1.0018403545907488,0.0,-1.3342959658140432,0.0,1.0,1.0,1.0,1.0,0.0,0.5793156974750526,1.0,0.0,0.0,0.0,1.0,0.0,0.0,0.0,0
1.0,-0.10530258634732491,0.0,0.0,0.0,-0.5064419972567069,-0.8256998912337989,0.6689819597972361,-0.49226738474952975,0.0,-1.1173149421431716,1.0,1.0,0.0,1.0,1.0,1.0,-1.1406205550217723,1.0,0.0,0.0,0.0,0.0,0.0,0.0,1.0,1
1.0,0.07426559955500123,0.0,0.0,1.0,-0.5064419972567069,-1.3594442665214779,1.176608838867368,0.6141730887636463,1.0,-0.5097680758647312,1.0,1.0,0.0,1.0,1.0,1.0,-0.2806524287733598,0.0,0.0,1.0,0.0,0.0,0.0,0.0,1.0,1
1.0,1.031962591034074,0.0,0.0,0.0,-0.5064419972567069,0.3210921548743164,-0.9771213448970619,0.10909495941777698,0.0,0.27136360935040654,0.0,1.0,0.0,1.0,1.0,1.0,-2.0005886812701847,0.0,1.0,0.0,0.0,0.0,1.0,0.0,1.0,1
0.0,-0.225014710282209,0.0,0.0,1.0,1.5724342219973237,-0.5665338263550185,-0.3039372624080118,0.7306604287589185,1.0,-1.2041073516115204,1.0,1.0,0.0,0.0,0.0,1.0,0.5793156974750526,1.0,0.0,0.0,0.0,0.0,1.0,0.0,1.0,0
0.0,0.014409537587559178,0.0,0.0,0.0,-0.5064419972567069,-0.11668281956643278,-0.6596423145389113,-1.0251662110560895,0.0,1.2260801135022417,1.0,1.0,0.0,1.0,1.0,1.0,-0.2806524287733598,0.0,1.0,0.0,0.0,0.0,0.0,0.0,0.0,0
1.0,0.43340197135965347,0.0,0.0,0.0,-0.5064419972567069,0.4486166900029559,-0.9571393405884985,1.7941396899586473,0.0,-1.160711146877346,1.0,1.0,0.0,0.0,1.0,1.0,-0.2806524287733598,0.0,0.0,0.0,1.0,0.0,1.0,0.0,0.0,0
1.0,-0.16515864831476695,0.0,0.0,1.0,2.611872331624339,0.1722863723562884,0.3852605671959357,-1.0242672429570197,1.0,-1.4644845800165662,1.0,0.0,0.0,0.0,0.0,0.0,0.5793156974750526,1.0,0.0,0.0,0.0,0.0,0.0,1.0,1.0,0
1.0,1.9298035205457047,0.0,1.0,0.0,-0.5064419972567069,-0.9618587126664544,0.7435520685568938,0.39042466031618817,0.0,-1.3342959658140432,1.0,1.0,0.0,0.0,1.0,1.0,-0.2806524287733598,1.0,0.0,0.0,0.0,0.0,0.0,0.0,1.0,1
0.0,-1.0629995778263976,1.0,0.0,1.0,0.5329961123703084,1.7663861237238965,-1.2478795794503856,0.45727949842070464,1.0,1.3996649324389387,1.0,0.0,0.0,0.0,0.0,0.0,-0.2806524287733598,1.0,0.0,0.0,0.0,0.0,0.0,1.0,0.0,0
0.0,-0.8235753299566294,0.0,0.0,1.0,1.5724342219973237,1.91239063549573,-1.797426221380643,-0.9583586870620505,1.0,-1.421088375282392,1.0,1.0,0.0,0.0,0.0,1.0,1.439283823723465,0.0,0.0,0.0,0.0,0.0,1.0,0.0,1.0,0
0.0,-0.40458289618453513,0.0,0.0,1.0,2.611872331624339,-1.010644411552421,0.8548994922426446,3.2772951110926023,1.0,0.6185332472238011,1.0,0.0,0.0,0.0,0.0,0.0,1.439283823723465,1.0,0.0,0.0,0.0,0.0,0.0,1.0,0.0,0
1.0,-0.8834313919240715,0.0,0.0,0.0,2.611872331624339,-0.7591980148442997,1.4858929867381283,-0.9339446060557303,0.0,-0.5097680758647312,0.0,1.0,1.0,0.0,0.0,1.0,0.5793156974750526,0.0,0.0,1.0,0.0,1.0,0.0,0.0,0.0,0
1.0,-0.5841510820868613,0.0,0.0,0.0,1.5724342219973237,0.6221430399113935,-1.0974475214308592,0.9904148952796513,0.0,-1.4644845800165662,1.0,0.0,0.0,0.0,0.0,0.0,-0.2806524287733598,1.0,0.0,0.0,0.0,0.0,0.0,1.0,0.0,0
0.0,0.7925383431643057,0.0,0.0,1.0,0.5329961123703084,0.4576553167726455,-1.0115119844990155,0.6826366066243932,1.0,1.3128725229705902,1.0,1.0,1.0,0.0,0.0,1.0,-0.2806524287733598,0.0,0.0,0.0,0.0,0.0,0.0,0.0,0.0,0
1.0,1.271386838903842,0.0,1.0,1.0,-0.5064419972567069,1.9499906597392744,-0.34421592646126625,-1.0331622957267643,1.0,-0.2927870521938596,1.0,1.0,0.0,0.0,0.0,1.0,1.439283823723465,0.0,0.0,1.0,0.0,0.0,0.0,0.0,0.0,0
1.0,-0.10530258634732491,0.0,0.0,0.0,-0.5064419972567069,-1.0410847791702675,1.3326585575763668,0.8205572386659117,0.0,1.0958914992997186,1.0,1.0,1.0,0.0,1.0,1.0,-0.2806524287733598,1.0,0.0,0.0,0.0,0.0,1.0,0.0,0.0,0
1.0,-1.2425677637287238,1.0,0.0,0.0,-0.5064419972567069,-1.0563227539596802,0.942195152672559,1.2468100599564913,0.0,-0.03240982378881367,1.0,1.0,1.0,1.0,1.0,0.0,0.5793156974750526,1.0,0.0,0.0,0.0,1.0,0.0,0.0,0.0,0
0.0,-1.1228556397938396,1.0,0.0,1.0,-0.5064419972567069,0.43962092332262875,-1.0706616700306604,1.5381703522761037,1.0,0.7921180661604984,1.0,1.0,1.0,0.0,0.0,0.0,-2.0005886812701847,0.0,1.0,0.0,0.0,0.0,1.0,0.0,0.0,1
1.0,0.2538337854573274,0.0,0.0,1.0,2.611872331624339,-1.0500105949500345,0.8456900535909821,0.010019212078175074,1.0,-1.2041073516115204,1.0,1.0,0.0,0.0,0.0,1.0,1.439283823723465,1.0,0.0,0.0,0.0,0.0,1.0,0.0,1.0,0
1.0,-1.0629995778263976,1.0,0.0,1.0,-0.5064419972567069,0.44789251622893383,-0.9950880780253085,0.241385212312489,1.0,-0.5097680758647312,1.0,1.0,0.0,0.0,0.0,0.0,-0.2806524287733598,1.0,0.0,0.0,0.0,1.0,0.0,0.0,1.0,0
0.0,0.7326822811968637,0.0,0.0,0.0,-0.5064419972567069,0.5394351976576587,-0.5503286168977786,0.518551271488892,0.0,0.09777879041370928,1.0,1.0,0.0,0.0,0.0,1.0,0.5793156974750526,0.0,0.0,1.0,0.0,0.0,1.0,0.0,0.0,0
0.0,1.4509550248061682,0.0,1.0,1.0,-0.5064419972567069,-0.8220834701088057,1.2379454258172202,-0.7819243690919572,1.0,1.269476318236416,1.0,1.0,1.0,1.0,0.0,0.0,-2.0005886812701847,1.0,0.0,0.0,0.0,0.0,1.0,0.0,0.0,1
0.0,0.2538337854573274,0.0,0.0,1.0,-0.5064419972567069,-0.8710503135233938,0.7738235824496154,1.8784534348293114,1.0,-1.3776921705482175,1.0,1.0,0.0,0.0,0.0,1.0,-0.2806524287733598,0.0,0.0,0.0,0.0,0.0,0.0,0.0,1.0,1
1.0,1.5108110867736102,0.0,1.0,0.0,-0.5064419972567069,1.7540112837719253,-1.9938851723077433,-0.9803597484340252,0.0,-1.2475035563456947,1.0,1.0,0.0,1.0,0.0,1.0,-0.2806524287733598,1.0,0.0,0.0,0.0,0.0,0.0,0.0,0.0,0
1.0,-1.3622798876636077,1.0,0.0,0.0,-0.5064419972567069,-0.8004815807301422,0.6988654601682843,0.34012976087874935,0.0,-1.421088375282392,1.0,0.0,0.0,0.0,0.0,0.0,-0.2806524287733598,0.0,0.0,0.0,0.0,0.0,0.0,1.0,0.0,0
0.0,1.6903792726759364,0.0,1.0,0.0,-0.5064419972567069,-0.84777526329777,0.7599270696402413,-0.41462492945617413,0.0,-0.9437301232064743,1.0,1.0,0.0,0.0,0.0,1.0,-2.0005886812701847,1.0,0.0,0.0,0.0,0.0,0.0,0.0,1.0,1
1.0,0.6728262192294217,0.0,0.0,1.0,0.5329961123703084,0.9963949141732691,-0.4852876773135774,-0.8277717421445236,1.0,1.3128725229705902,0.0,1.0,1.0,0.0,0.0,1.0,-0.2806524287733598,1.0,0.0,0.0,0.0,0.0,1.0,0.0,0.0,0
1.0,-1.0031435158589557,0.0,0.0,1.0,0.5329961123703084,0.3313700851712984,-0.8161386409636964,1.3270074772156246,1.0,0.27136360935040654,1.0,1.0,1.0,1.0,1.0,1.0,-0.2806524287733598,1.0,0.0,0.0,0.0,1.0,0.0,0.0,0.0,0
0.0,-0.9432874538915136,0.0,0.0,0.0,-0.5064419972567069,-1.0585830171628003,0.857095159721387,-0.8364775384723587,0.0,-0.20599464272551093,1.0,1.0,0.0,0.0,0.0,1.0,-2.0005886812701847,0.0,0.0,1.0,0.0,0.0,0.0,0.0,1.0,1
1.0,-0.7637192679891874,0.0,0.0,0.0,-0.5064419972567069,0.568130027485188,-1.232160187420897,0.8348461000300759,0.0,-0.9437301232064743,1.0,1.0,0.0,0.0,0.0,1.0,0.5793156974750526,0.0,0.0,0.0,1.0,0.0,1.0,0.0,1.0,0
0.0,1.8699474585782625,0.0,1.0,1.0,-0.5064419972567069,1.1680968799005838,-1.7924775495216376,-1.0190626908045095,1.0,-0.20599464272551093,1.0,1.0,0.0,1.0,0.0,1.0,1.439283823723465,0.0,0.0,1.0,0.0,0.0,0.0,0.0,0.0,0
0.0,0.7326822811968637,0.0,0.0,1.0,-0.5064419972567069,-0.146089692954013,0.20953519492555908,-0.5963111136892549,1.0,1.4864573419072875,1.0,1.0,1.0,1.0,1.0,1.0,-0.2806524287733598,0.0,0.0,0.0,0.0,0.0,1.0,0.0,0.0,0
0.0,-0.40458289618453513,0.0,0.0,0.0,-0.5064419972567069,2.096843073467624,-1.4987896074612352,-0.9351747729281418,0.0,0.09777879041370928,0.0,1.0,1.0,0.0,0.0,1.0,-0.2806524287733598,0.0,0.0,1.0,0.0,0.0,1.0,0.0,0.0,0
0.0,-1.1827117017612818,1.0,0.0,0.0,-0.5064419972567069,0.857459891103291,-1.4648737192431092,-1.0340612638258342,0.0,1.269476318236416,1.0,1.0,1.0,1.0,1.0,1.0,-0.2806524287733598,0.0,0.0,0.0,0.0,0.0,0.0,0.0,0.0,0
1.0,-1.481992011598492,1.0,0.0,0.0,-0.5064419972567069,0.31368908528827966,-0.5513777759325899,0.3407921584254325,0.0,-0.6399566900672541,1.0,1.0,0.0,1.0,0.0,1.0,1.439283823723465,1.0,0.0,0.0,0.0,0.0,1.0,0.0,0.0,0
1.0,0.49325803332709556,0.0,0.0,0.0,-0.5064419972567069,0.0005674243294180545,-0.5632248760627073,-0.35221761773652993,0.0,-1.4644845800165662,1.0,1.0,0.0,0.0,1.0,1.0,-2.0005886812701847,0.0,0.0,0.0,0.0,1.0,0.0,0.0,1.0,1
0.0,0.7326822811968637,0.0,0.0,1.0,0.5329961123703084,-1.0091443084247689,0.809510676267847,1.7431823929745254,1.0,-0.11920223325716231,1.0,1.0,0.0,0.0,1.0,1.0,-0.2806524287733598,0.0,0.0,1.0,0.0,0.0,0.0,0.0,0.0,0
1.0,-0.28487077224965107,0.0,0.0,1.0,-0.5064419972567069,-0.8459464313715214,0.6756178676238358,1.268290666113215,1.0,-0.8135415090039514,1.0,1.0,0.0,0.0,0.0,1.0,-0.2806524287733598,0.0,0.0,0.0,1.0,0.0,1.0,0.0,1.0,0
1.0,-1.3024238256961658,1.0,0.0,1.0,-0.5064419972567069,0.7471590467909892,-1.275225997353354,-0.4050201650292691,1.0,0.8355142708946727,1.0,1.0,0.0,0.0,0.0,1.0,0.5793156974750526,1.0,0.0,0.0,0.0,0.0,0.0,0.0,1.0,0
0.0,-1.0031435158589557,0.0,0.0,1.0,-0.5064419972567069,1.754764570059477,-0.3931337738596603,-0.11739768743736836,1.0,0.7921180661604984,0.0,1.0,0.0,1.0,1.0,0.0,-2.0005886812701847,1.0,0.0,0.0,0.0,0.0,1.0,0.0,1.0,1
1.0,-0.7637192679891874,0.0,0.0,1.0,-0.5064419972567069,-0.21382440342335576,0.5569821566588818,-0.9181890072667678,1.0,-0.16259843799133664,1.0,0.0,0.0,0.0,0.0,0.0,0.5793156974750526,1.0,0.0,0.0,0.0,0.0,0.0,1.0,1.0,0
0.0,-1.1228556397938396,1.0,0.0,0.0,-0.5064419972567069,-0.864580057391669,0.8794112429908625,0.14888612632924078,0.0,0.22796740461623224,1.0,1.0,1.0,1.0,1.0,1.0,-0.2806524287733598,0.0,1.0,0.0,0.0,0.0,0.0,0.0,0.0,0
1.0,-1.661560197500818,1.0,0.0,1.0,-0.5064419972567069,-1.37157124576799,1.2321981197061194,0.3919860259619412,1.0,-0.5097680758647312,0.0,1.0,0.0,0.0,0.0,1.0,-2.0005886812701847,0.0,0.0,1.0,0.0,1.0,0.0,0.0,1.0,1
0.0,-0.7038632060217453,0.0,0.0,1.0,1.5724342219973237,0.8274994756182007,-1.005534453955911,-0.5650838007741942,1.0,0.9657028850971957,1.0,0.0,0.0,0.0,0.0,0.0,-0.2806524287733598,0.0,1.0,0.0,0.0,0.0,0.0,1.0,0.0,0
1.0,1.9298035205457047,0.0,1.0,1.0,-0.5064419972567069,-0.8165941439468073,0.49601374425159,0.08117963423613175,1.0,-1.5078807847507405,1.0,1.0,0.0,0.0,0.0,1.0,0.5793156974750526,0.0,0.0,0.0,0.0,0.0,0.0,0.0,0.0,0
0.0,1.2115307769364,0.0,1.0,0.0,-0.5064419972567069,-0.9369832828776887,0.8078866482104458,1.213453612069949,0.0,1.2260801135022417,1.0,1.0,1.0,1.0,1.0,1.0,-0.2806524287733598,1.0,0.0,0.0,0.0,0.0,0.0,0.0,0.0,0
1.0,0.014409537587559178,0.0,0.0,1.0,-0.5064419972567069,-1.387503068796501,1.1661809178010467,1.1433341003424944,1.0,-1.2475035563456947,1.0,1.0,0.0,1.0,1.0,1.0,-1.1406205550217723,1.0,0.0,0.0,0.0,0.0,0.0,0.0,1.0,1
1.0,-0.04544652437988287,0.0,0.0,1.0,-0.5064419972567069,-0.7846876378004258,0.27323215901793413,0.2583236638633856,1.0,0.31475981408458087,1.0,1.0,1.0,1.0,0.0,1.0,-0.2806524287733598,0.0,1.0,0.0,0.0,0.0,0.0,0.0,1.0,0
1.0,-0.28487077224965107,0.0,0.0,0.0,-0.5064419972567069,-0.8940229170806954,0.6520330124345107,0.42255094133031884,0.0,-1.160711146877346,0.0,1.0,1.0,0.0,0.0,1.0,-0.2806524287733598,0.0,0.0,0.0,1.0,0.0,1.0,0.0,1.0,0
0.0,-1.2425677637287238,1.0,0.0,0.0,-0.5064419972567069,0.765891736225227,-1.088488607561919,0.17301632267269684,0.0,1.139287704033893,1.0,1.0,1.0,1.0,0.0,1.0,0.5793156974750526,1.0,0.0,0.0,0.0,0.0,0.0,0.0,0.0,0
0.0,0.8523944051317478,0.0,0.0,0.0,-0.5064419972567069,1.9072445943890874,-0.8363176509485489,-1.0209079411131268,0.0,-0.6399566900672541,1.0,0.0,0.0,0.0,0.0,0.0,0.5793156974750526,0.0,0.0,0.0,1.0,0.0,0.0,1.0,0.0,0
1.0,1.091818653001516,0.0,1.0,0.0,-0.5064419972567069,-0.9427932510289677,0.7532934686716719,2.411683459909213,0.0,0.1411749951478836,1.0,1.0,1.0,0.0,0.0,1.0,-2.0005886812701847,0.0,1.0,0.0,0.0,0.0,0.0,0.0,1.0,1
0.0,-0.5242950201194192,0.0,0.0,0.0,-0.5064419972567069,-0.6449063301357929,-0.17433382559629196,-0.6606583039384711,0.0,-0.7267490995356027,1.0,1.0,0.0,1.0,0.0,1.0,0.5793156974750526,0.0,0.0,0.0,1.0,0.0,0.0,0.0,1.0,0
1.0,-0.225014710282209,0.0,0.0,0.0,-0.5064419972567069,-0.8848759270662057,1.147345421936414,1.4327072000220575,0.0,-0.16259843799133664,1.0,1.0,0.0,0.0,0.0,0.0,0.5793156974750526,1.0,0.0,0.0,0.0,0.0,0.0,0.0,1.0,0
0.0,1.271386838903842,0.0,1.0,1.0,-0.5064419972567069,-1.1551128338951566,1.1351453725267753,0.9613167173360719,1.0,0.7921180661604984,1.0,1.0,0.0,0.0,0.0,1.0,1.439283823723465,1.0,0.0,0.0,0.0,0.0,0.0,0.0,0.0,0
1.0,0.2538337854573274,0.0,0.0,1.0,-0.5064419972567069,0.5872836353441905,-0.5755887123929078,1.464407654041892,1.0,-0.24939084745968526,1.0,1.0,0.0,1.0,1.0,1.0,-2.0005886812701847,1.0,0.0,0.0,0.0,0.0,0.0,0.0,1.0,1
1.0,1.271386838903842,0.0,1.0,0.0,-0.5064419972567069,1.510708708382957,-1.8091118414482354,-1.0277211730218674,0.0,1.3128725229705902,1.0,1.0,0.0,0.0,0.0,1.0,0.5793156974750526,1.0,0.0,0.0,0.0,0.0,1.0,0.0,1.0,0
1.0,-0.8235753299566294,0.0,0.0,0.0,0.5329961123703084,0.4506347532671393,-0.983243746124834,-1.0106407791395386,0.0,-1.0739187374089973,1.0,1.0,0.0,0.0,0.0,0.0,-0.2806524287733598,1.0,0.0,0.0,0.0,0.0,1.0,0.0,1.0,1
1.0,0.6728262192294217,0.0,0.0,1.0,-0.5064419972567069,-0.8432717191910855,1.0317612227815929,-0.42508134787167173,1.0,-1.2475035563456947,1.0,1.0,0.0,0.0,1.0,1.0,-2.0005886812701847,1.0,0.0,0.0,0.0,0.0,0.0,0.0,1.0,1
1.0,0.19397772348988532,0.0,0.0,0.0,-0.5064419972567069,1.009290544645027,-0.7397613396185692,0.6865636777940145,0.0,-1.3342959658140432,1.0,1.0,0.0,0.0,0.0,1.0,-2.0005886812701847,1.0,0.0,0.0,0.0,0.0,0.0,0.0,1.0,1
1.0,-1.1827117017612818,1.0,0.0,0.0,-0.5064419972567069,1.552031090953501,-1.808321050513469,-0.9225419054306854,0.0,-1.4644845800165662,1.0,0.0,0.0,0.0,0.0,0.0,0.5793156974750526,1.0,0.0,0.0,0.0,0.0,0.0,1.0,1.0,0
0.0,-1.42213594963105,1.0,0.0,0.0,-0.5064419972567069,1.6646835794141643,-1.2404058207850774,-0.4529493589428396,0.0,-1.1173149421431716,1.0,1.0,0.0,1.0,0.0,1.0,-0.2806524287733598,0.0,0.0,0.0,1.0,0.0,1.0,0.0,1.0,0
1.0,-0.9432874538915136,0.0,0.0,1.0,1.5724342219973237,-0.15222151611596935,-0.5743370112225281,-0.972694862536692,1.0,-0.8569377137381258,1.0,0.0,0.0,0.0,0.0,0.0,-2.0005886812701847,0.0,0.0,0.0,1.0,0.0,0.0,1.0,1.0,1
1.0,0.5531140952945376,0.0,0.0,0.0,-0.5064419972567069,-0.5064690501790591,0.8299319063464868,-0.6735750560987918,0.0,-1.4644845800165662,0.0,1.0,0.0,0.0,1.0,1.0,-2.0005886812701847,1.0,0.0,0.0,0.0,1.0,0.0,0.0,1.0,1
0.0,1.5108110867736102,0.0,1.0,0.0,-0.5064419972567069,0.881828682288567,-0.4065878312977157,-0.8311783580988938,0.0,0.748721861426324,0.0,1.0,0.0,1.0,1.0,1.0,-0.2806524287733598,1.0,0.0,0.0,0.0,0.0,1.0,0.0,0.0,0
0.0,-0.5841510820868613,0.0,0.0,0.0,-0.5064419972567069,-0.8850121898031387,0.6276509071079148,1.7173488886538844,0.0,-1.0739187374089973,1.0,0.0,0.0,0.0,0.0,0.0,0.5793156974750526,0.0,0.0,0.0,1.0,0.0,0.0,1.0,1.0,0
0.0,0.6728262192294217,0.0,0.0,0.0,-0.5064419972567069,0.9330493194588265,-1.360622190876359,0.6215067758876379,0.0,-0.2927870521938596,1.0,1.0,1.0,0.0,1.0,1.0,-0.2806524287733598,1.0,0.0,0.0,0.0,0.0,1.0,0.0,1.0,0
0.0,-1.2425677637287238,1.0,0.0,1.0,-0.5064419972567069,1.023025181583062,-0.6570766270311776,-0.05896476099782282,1.0,-1.2475035563456947,1.0,0.0,0.0,0.0,0.0,0.0,1.439283823723465,0.0,0.0,0.0,0.0,0.0,0.0,1.0,0.0,0
0.0,0.19397772348988532,0.0,0.0,0.0,-0.5064419972567069,0.7797682966667144,-0.31378293250601996,-0.8312256722093713,0.0,1.2260801135022417,1.0,1.0,1.0,0.0,1.0,0.0,-0.2806524287733598,0.0,1.0,0.0,0.0,0.0,0.0,0.0,0.0,0
0.0,-0.10530258634732491,0.0,0.0,1.0,1.5724342219973237,0.4660041387078948,-0.9690344233657633,0.19449692882942046,1.0,-0.46637187113055684,1.0,0.0,0.0,0.0,0.0,0.0,1.439283823723465,1.0,0.0,0.0,0.0,0.0,0.0,1.0,0.0,0
0.0,-1.3024238256961658,1.0,0.0,0.0,2.611872331624339,-1.2796480799610666,1.1549815834074657,1.1925407752389539,0.0,-0.5965604853330798,1.0,1.0,0.0,0.0,1.0,1.0,0.5793156974750526,0.0,0.0,0.0,1.0,0.0,1.0,0.0,1.0,0
1.0,0.43340197135965347,0.0,0.0,1.0,-0.5064419972567069,0.35646264579013187,-0.23535529573841749,-0.11971607885075924,1.0,-0.5531642805989055,1.0,1.0,1.0,0.0,1.0,0.0,-0.2806524287733598,1.0,0.0,0.0,0.0,0.0,1.0,0.0,0.0,0
0.0,0.9721065290666319,0.0,0.0,1.0,2.611872331624339,-0.8944029971184294,0.7964806193368288,0.4792332456822019,1.0,1.4430611371731132,1.0,1.0,0.0,1.0,1.0,1.0,0.5793156974750526,1.0,0.0,0.0,0.0,0.0,1.0,0.0,0.0,0
0.0,-0.6440071440543034,0.0,0.0,0.0,-0.5064419972567069,1.120294941367602,-0.6248784253067174,-0.17620912676073283,0.0,-1.2041073516115204,1.0,0.0,0.0,0.0,0.0,0.0,1.439283823723465,0.0,0.0,0.0,0.0,0.0,0.0,1.0,1.0,0
0.0,1.6305232107084944,0.0,1.0,1.0,-0.5064419972567069,1.4819229019506506,-1.3045272467560958,-1.0247403840617932,1.0,-1.160711146877346,1.0,1.0,0.0,0.0,0.0,1.0,-2.0005886812701847,1.0,0.0,0.0,0.0,1.0,0.0,0.0,1.0,1
0.0,-0.8235753299566294,0.0,0.0,1.0,-0.5064419972567069,-0.9518326864795895,0.6291628218647636,-0.15274132796395987,1.0,-1.3342959658140432,1.0,1.0,0.0,0.0,0.0,1.0,-2.0005886812701847,1.0,0.0,0.0,0.0,0.0,0.0,0.0,1.0,1
1.0,-1.0031435158589557,0.0,0.0,1.0,-0.5064419972567069,-0.8682146738376177,0.951208047019545,0.5926451684964453,1.0,1.4864573419072875,1.0,0.0,0.0,0.0,0.0,0.0,1.439283823723465,1.0,0.0,0.0,0.0,0.0,0.0,1.0,0.0,0
0.0,-0.5841510820868613,0.0,0.0,0.0,-0.5064419972567069,2.3099361596446495,-0.17344153290793826,-1.026254435597069,0.0,-0.16259843799133664,1.0,1.0,0.0,0.0,0.0,1.0,-1.1406205550217723,1.0,0.0,0.0,0.0,0.0,0.0,0.0,1.0,1
1.0,0.7326822811968637,0.0,0.0,1.0,0.5329961123703084,-0.993302248979638,1.5849028722752891,-0.10500139049229879,1.0,0.27136360935040654,1.0,0.0,0.0,0.0,0.0,0.0,0.5793156974750526,0.0,1.0,0.0,0.0,0.0,0.0,1.0,0.0,0
1.0,-0.5841510820868613,0.0,0.0,1.0,0.5329961123703084,1.4938032335131033,-1.1672558138324347,-0.3823567061106113,1.0,1.139287704033893,1.0,1.0,1.0,0.0,0.0,1.0,-0.2806524287733598,0.0,1.0,0.0,0.0,0.0,1.0,0.0,0.0,0
0.0,-1.661560197500818,1.0,0.0,1.0,2.611872331624339,1.9720539015892742,-0.9776772976837579,-1.0246457558408386,1.0,1.4430611371731132,0.0,1.0,0.0,1.0,1.0,1.0,-0.2806524287733598,0.0,0.0,0.0,0.0,1.0,0.0,0.0,0.0,0
1.0,-0.8235753299566294,0.0,0.0,1.0,-0.5064419972567069,-1.2796480799610666,1.1549815834074657,1.1925407752389539,1.0,-1.4644845800165662,1.0,1.0,0.0,0.0,0.0,1.0,-1.1406205550217723,1.0,0.0,0.0,0.0,0.0,0.0,0.0,1.0,1
1.0,-0.7038632060217453,0.0,0.0,1.0,2.611872331624339,0.9178186227977949,-0.5220875994484196,-0.9321466698575904,1.0,1.5298535466414618,1.0,1.0,1.0,1.0,1.0,1.0,-0.2806524287733598,1.0,0.0,0.0,0.0,0.0,1.0,0.0,0.0,0
0.0,0.43340197135965347,0.0,0.0,1.0,-0.5064419972567069,1.3671726951540686,-0.4043197284766396,-1.0207186846712173,1.0,-0.8569377137381258,1.0,1.0,1.0,1.0,0.0,1.0,-2.0005886812701847,1.0,0.0,0.0,0.0,0.0,0.0,0.0,1.0,1
0.0,-1.42213594963105,1.0,0.0,0.0,-0.5064419972567069,-0.9897226228370231,0.7456453115388368,-0.13660721629117847,0.0,-1.290899761079869,1.0,1.0,0.0,0.0,1.0,1.0,-2.0005886812701847,0.0,0.0,0.0,0.0,0.0,0.0,0.0,1.0,1
1.0,-0.8834313919240715,0.0,0.0,1.0,2.611872331624339,0.6077012114988952,-1.2600584057660937,0.20703516810592215,1.0,1.3562687277047645,1.0,1.0,0.0,0.0,1.0,1.0,-0.2806524287733598,1.0,0.0,0.0,0.0,0.0,0.0,0.0,0.0,0
1.0,0.7326822811968637,0.0,0.0,1.0,0.5329961123703084,0.7170421515456843,-1.298766099496774,-0.2399885476842206,1.0,-1.030522532674823,1.0,0.0,0.0,0.0,0.0,0.0,-0.2806524287733598,0.0,0.0,0.0,1.0,0.0,0.0,1.0,1.0,0
1.0,-1.1228556397938396,1.0,0.0,0.0,1.5724342219973237,-0.23518166682028602,-0.0613868265483261,-0.9188040907029735,0.0,-0.6399566900672541,1.0,0.0,0.0,0.0,0.0,0.0,-0.2806524287733598,0.0,0.0,0.0,1.0,0.0,0.0,1.0,1.0,0
0.0,-0.7038632060217453,0.0,0.0,0.0,-0.5064419972567069,0.818879341230485,-1.4746603337753919,-1.0215703386598098,0.0,-1.4644845800165662,1.0,1.0,0.0,0.0,0.0,1.0,-0.2806524287733598,1.0,0.0,0.0,0.0,1.0,0.0,0.0,1.0,0
0.0,0.13412166152244326,0.0,0.0,0.0,-0.5064419972567069,-0.5472043303934463,-0.3582693056170979,-1.0272480319170936,0.0,-1.421088375282392,1.0,0.0,0.0,0.0,0.0,0.0,-0.2806524287733598,1.0,0.0,0.0,0.0,0.0,0.0,1.0,0.0,0
0.0,-0.40458289618453513,0.0,0.0,0.0,-0.5064419972567069,1.0297251030992904,-0.20745938425125757,-1.0285255128999826,0.0,-1.2041073516115204,1.0,0.0,0.0,0.0,0.0,0.0,0.5793156974750526,0.0,0.0,0.0,0.0,0.0,0.0,1.0,0.0,0
1.0,-1.1827117017612818,1.0,0.0,1.0,-0.5064419972567069,-1.0204848454655444,1.5914755721917022,0.0969825471355716,1.0,-0.6399566900672541,1.0,1.0,1.0,0.0,1.0,1.0,-2.0005886812701847,1.0,0.0,0.0,0.0,0.0,1.0,0.0,1.0,1
1.0,0.19397772348988532,0.0,0.0,0.0,-0.5064419972567069,-0.8779625137841027,0.6763994311264616,1.933385117093532,0.0,-0.5097680758647312,1.0,0.0,0.0,0.0,0.0,0.0,1.439283823723465,1.0,0.0,0.0,0.0,0.0,0.0,1.0,0.0,0
1.0,0.3136898474247694,0.0,0.0,1.0,0.5329961123703084,-0.915074903426042,0.7561982643107128,0.14131586865286241,1.0,-1.3342959658140432,1.0,0.0,0.0,0.0,0.0,0.0,0.5793156974750526,0.0,0.0,0.0,0.0,0.0,0.0,1.0,0.0,0
1.0,-0.10530258634732491,0.0,0.0,1.0,1.5724342219973237,0.9256878969407554,-0.8852788672780234,2.152307506272299,1.0,-1.2041073516115204,1.0,0.0,0.0,0.0,0.0,0.0,0.5793156974750526,0.0,0.0,0.0,0.0,0.0,0.0,1.0,0.0,0
0.0,0.43340197135965347,0.0,0.0,1.0,1.5724342219973237,-0.3797746260264482,0.3680297217812044,1.7635747745902697,1.0,1.5298535466414618,1.0,0.0,0.0,0.0,0.0,0.0,0.5793156974750526,1.0,0.0,0.0,0.0,0.0,0.0,1.0,0.0,0
0.0,0.9721065290666319,0.0,0.0,1.0,0.5329961123703084,-0.8578061415702251,1.4604506494581495,-0.8716319225570408,1.0,1.4430611371731132,1.0,0.0,0.0,0.0,0.0,0.0,-0.2806524287733598,0.0,0.0,0.0,0.0,0.0,0.0,1.0,0.0,0
0.0,0.7326822811968637,0.0,0.0,1.0,2.611872331624339,-1.3427114450304682,1.1797632365459059,-0.8357205127047209,1.0,-0.9437301232064743,1.0,0.0,0.0,0.0,0.0,0.0,-2.0005886812701847,1.0,0.0,0.0,0.0,0.0,0.0,1.0,1.0,1
0.0,-0.40458289618453513,0.0,0.0,1.0,-0.5064419972567069,-0.3939580808813806,0.39422455615255564,-0.31025000174310735,1.0,1.2260801135022417,1.0,1.0,1.0,0.0,1.0,1.0,-0.2806524287733598,0.0,1.0,0.0,0.0,0.0,1.0,0.0,0.0,0
0.0,0.9122504670991899,0.0,0.0,1.0,0.5329961123703084,-1.1703463609394464,2.307633651663369,-1.023415588968427,1.0,1.1826839087680672,1.0,0.0,0.0,0.0,0.0,0.0,-0.2806524287733598,1.0,0.0,0.0,0.0,0.0,0.0,1.0,0.0,0
0.0,1.3312429008712843,0.0,1.0,0.0,-0.5064419972567069,-1.4485762700938523,1.2480222430904442,2.46524303296959,0.0,0.6185332472238011,1.0,1.0,0.0,1.0,1.0,1.0,0.5793156974750526,1.0,0.0,0.0,0.0,0.0,0.0,0.0,0.0,0
0.0,0.7326822811968637,0.0,0.0,1.0,-0.5064419972567069,-1.081822081086981,1.737575812191069,-0.6223338744518057,1.0,1.00909908983137,1.0,1.0,1.0,1.0,0.0,1.0,0.5793156974750526,0.0,1.0,0.0,0.0,0.0,0.0,0.0,0.0,0
1.0,-1.601704135533376,1.0,0.0,1.0,1.5724342219973237,0.2764056596293579,-0.2003547228717222,0.30814542219605073,1.0,0.4883446330212782,1.0,0.0,0.0,0.0,0.0,0.0,1.439283823723465,0.0,1.0,0.0,0.0,0.0,0.0,1.0,0.0,0
1.0,1.5706671487410524,0.0,1.0,0.0,-0.5064419972567069,-0.9369161623603868,0.8512735727815215,-0.03615935974773298,0.0,-1.290899761079869,1.0,1.0,0.0,0.0,0.0,1.0,0.5793156974750526,1.0,0.0,0.0,0.0,1.0,0.0,0.0,0.0,0
1.0,0.8523944051317478,0.0,0.0,0.0,-0.5064419972567069,-0.8829807833035901,1.0004783823258545,1.6256541425487512,0.0,-0.075806028522988,1.0,1.0,0.0,1.0,1.0,1.0,0.5793156974750526,1.0,0.0,0.0,0.0,0.0,1.0,0.0,1.0,0
1.0,-0.5841510820868613,0.0,0.0,1.0,-0.5064419972567069,0.7379882006890246,-0.7326732876168977,0.420753005132179,1.0,0.7921180661604984,1.0,1.0,1.0,0.0,0.0,1.0,-0.2806524287733598,0.0,1.0,0.0,0.0,0.0,0.0,0.0,1.0,0
1.0,-1.42213594963105,1.0,0.0,0.0,-0.5064419972567069,0.8629726690122996,-0.7759970042777868,1.1896546144998346,0.0,0.09777879041370928,1.0,1.0,0.0,0.0,0.0,1.0,0.5793156974750526,0.0,0.0,1.0,0.0,0.0,1.0,0.0,0.0,0
0.0,-0.04544652437988287,0.0,0.0,0.0,-0.5064419972567069,0.6134561893468433,-1.2444598930976922,-0.060478812533098496,0.0,-1.4644845800165662,0.0,1.0,0.0,0.0,0.0,1.0,-2.0005886812701847,0.0,0.0,0.0,0.0,1.0,0.0,0.0,1.0,1
0.0,-0.40458289618453513,0.0,0.0,0.0,-0.5064419972567069,-0.9231362392901986,0.658550809129666,0.27710736572289946,0.0,-0.9871263279406487,1.0,1.0,0.0,0.0,0.0,1.0,-1.1406205550217723,0.0,0.0,0.0,1.0,1.0,0.0,0.0,1.0,1
0.0,-0.5242950201194192,0.0,0.0,0.0,-0.5064419972567069,-1.4723066076838283,1.2674063097960626,2.216891267073902,0.0,-0.7267490995356027,1.0,1.0,0.0,0.0,0.0,1.0,-0.2806524287733598,0.0,0.0,0.0,1.0,0.0,1.0,0.0,1.0,0
1.0,1.9896595825131467,0.0,1.0,0.0,-0.5064419972567069,-0.7673317276518102,0.6275457143814727,2.841910666479891,0.0,0.3581560188187552,1.0,1.0,1.0,0.0,0.0,0.0,0.5793156974750526,1.0,0.0,0.0,0.0,0.0,0.0,0.0,1.0,0
0.0,1.5706671487410524,0.0,1.0,1.0,-0.5064419972567069,1.0383820324693847,-1.3041752202197863,-0.6686543886091457,1.0,0.748721861426324,1.0,1.0,0.0,0.0,0.0,1.0,1.439283823723465,1.0,0.0,0.0,0.0,0.0,0.0,0.0,1.0,0
1.0,-0.8834313919240715,0.0,0.0,0.0,-0.5064419972567069,1.4116469116545465,-1.809861108938359,-1.028856711673324,0.0,-1.2041073516115204,1.0,0.0,0.0,0.0,0.0,0.0,0.5793156974750526,0.0,0.0,0.0,0.0,0.0,0.0,1.0,1.0,0
1.0,1.4509550248061682,0.0,1.0,1.0,-0.5064419972567069,-1.0797866311827744,1.1192183632740385,0.6731737845289203,0.0,0.9657028850971957,1.0,1.0,1.0,1.0,0.0,0.0,-0.2806524287733598,1.0,0.0,0.0,0.0,0.0,0.0,0.0,0.0,0
0.0,-1.541848073565934,1.0,0.0,0.0,-0.5064419972567069,-1.3794037249285722,1.2452521679607178,0.17259049567840057,0.0,-0.5531642805989055,1.0,1.0,0.0,0.0,0.0,1.0,-0.2806524287733598,0.0,0.0,1.0,0.0,1.0,0.0,0.0,1.0,0
0.0,-0.6440071440543034,0.0,0.0,0.0,-0.5064419972567069,-1.1840911063891235,1.1797826141534125,-0.8550719838899631,0.0,0.748721861426324,1.0,1.0,0.0,0.0,0.0,1.0,0.5793156974750526,0.0,1.0,0.0,0.0,0.0,0.0,0.0,1.0,0
0.0,-0.46443895815197717,0.0,0.0,0.0,-0.5064419972567069,0.48599351830944815,-0.3873546331076631,-0.49482234671530745,0.0,-1.030522532674823,1.0,0.0,0.0,0.0,0.0,0.0,1.439283823723465,0.0,0.0,0.0,1.0,0.0,0.0,1.0,0.0,0
0.0,0.2538337854573274,0.0,0.0,0.0,-0.5064419972567069,-0.9649822427637907,1.6189723972386174,-0.7755842782879903,0.0,0.1411749951478836,1.0,1.0,0.0,1.0,1.0,1.0,-2.0005886812701847,1.0,0.0,0.0,0.0,0.0,0.0,0.0,1.0,1
0.0,0.9721065290666319,0.0,0.0,1.0,1.5724342219973237,-1.0191925733372473,0.9607302956208976,-0.5197568829368787,1.0,-0.5531642805989055,1.0,1.0,1.0,0.0,0.0,1.0,-2.0005886812701847,0.0,0.0,1.0,0.0,0.0,1.0,0.0,1.0,1
1.0,1.4509550248061682,0.0,1.0,0.0,-0.5064419972567069,0.4164784967697446,-0.22587180235207815,-0.8831292514030404,0.0,-0.46637187113055684,1.0,1.0,1.0,0.0,0.0,1.0,-0.2806524287733598,1.0,0.0,0.0,0.0,0.0,0.0,0.0,1.0,0
1.0,-1.42213594963105,1.0,0.0,1.0,2.611872331624339,-0.9188134353716711,1.2836941116456433,-0.19873064334795848,1.0,-1.4644845800165662,1.0,1.0,0.0,1.0,0.0,0.0,-0.2806524287733598,1.0,0.0,0.0,0.0,0.0,1.0,0.0,1.0,0
0.0,0.6129701572619797,0.0,0.0,1.0,0.5329961123703084,-1.3095292447148836,1.6134908411732714,-0.8679414219398064,1.0,-1.3776921705482175,1.0,1.0,0.0,0.0,0.0,1.0,-2.0005886812701847,1.0,0.0,0.0,0.0,0.0,0.0,0.0,1.0,1
0.0,-0.28487077224965107,0.0,0.0,1.0,0.5329961123703084,0.682884277686428,-0.8869670259888299,0.22028311903958428,1.0,-0.075806028522988,1.0,0.0,0.0,0.0,0.0,0.0,0.5793156974750526,1.0,0.0,0.0,0.0,0.0,0.0,1.0,0.0,0
1.0,-0.5242950201194192,0.0,0.0,1.0,2.611872331624339,-0.8562918865262729,0.7862543176628638,0.5108390714810815,1.0,-0.075806028522988,1.0,0.0,0.0,0.0,0.0,0.0,0.5793156974750526,1.0,0.0,0.0,0.0,0.0,0.0,1.0,0.0,0
0.0,1.5706671487410524,0.0,1.0,1.0,-0.5064419972567069,-0.9334432821007075,1.0896961168714405,1.1652878476039916,1.0,1.0524952945655444,1.0,1.0,0.0,0.0,1.0,1.0,0.5793156974750526,1.0,0.0,0.0,0.0,0.0,1.0,0.0,0.0,0
0.0,0.5531140952945376,0.0,0.0,0.0,-0.5064419972567069,0.9727373578671146,-0.7491027305498904,0.6389656826537855,0.0,-0.24939084745968526,1.0,1.0,0.0,0.0,1.0,1.0,-0.2806524287733598,1.0,0.0,0.0,0.0,0.0,0.0,0.0,1.0,0
1.0,-0.5242950201194192,0.0,0.0,0.0,-0.5064419972567069,-1.3930789238181536,1.207668375465213,-0.48597460805604026,0.0,-1.2041073516115204,1.0,1.0,0.0,0.0,0.0,1.0,-2.0005886812701847,1.0,0.0,0.0,0.0,0.0,1.0,0.0,1.0,1
1.0,1.031962591034074,0.0,0.0,0.0,-0.5064419972567069,1.4774654526570543,-1.8369320879918127,-1.0219961656541061,0.0,-0.8135415090039514,1.0,1.0,1.0,1.0,0.0,1.0,-0.2806524287733598,0.0,0.0,0.0,1.0,0.0,1.0,0.0,1.0,0
0.0,-0.5841510820868613,0.0,0.0,0.0,-0.5064419972567069,-0.7112998432804891,-0.019648382729831403,-0.2575893967818003,0.0,-0.7701453042697771,0.0,1.0,0.0,0.0,0.0,1.0,0.5793156974750526,0.0,0.0,0.0,1.0,0.0,1.0,0.0,1.0,0
1.0,-0.46443895815197717,0.0,0.0,0.0,-0.5064419972567069,-0.612582948969299,-0.12275940048354242,-0.9748713116186508,0.0,0.8355142708946727,0.0,1.0,1.0,1.0,0.0,1.0,-0.2806524287733598,1.0,0.0,0.0,0.0,0.0,1.0,0.0,0.0,0
0.0,0.014409537587559178,0.0,0.0,0.0,1.5724342219973237,0.8118862728766443,-0.5849614765935193,-1.0030232073526828,0.0,-1.290899761079869,1.0,0.0,0.0,0.0,0.0,0.0,-0.2806524287733598,1.0,0.0,0.0,0.0,0.0,0.0,1.0,0.0,0
1.0,0.3136898474247694,0.0,0.0,1.0,-0.5064419972567069,2.2422746347995957,-1.3431915715557021,-0.5859020093842348,1.0,1.5298535466414618,1.0,1.0,1.0,1.0,1.0,1.0,-0.2806524287733598,1.0,0.0,0.0,0.0,0.0,1.0,0.0,0.0,0
0.0,0.49325803332709556,0.0,0.0,0.0,0.5329961123703084,1.0371217032378757,-0.7442984680039401,0.16544606499631848,0.0,-0.37957946166220824,1.0,1.0,0.0,0.0,0.0,1.0,-0.2806524287733598,0.0,0.0,1.0,0.0,0.0,1.0,0.0,0.0,0
1.0,0.7326822811968637,0.0,0.0,1.0,2.611872331624339,0.4651335936852975,-1.1330497228733676,-0.7248635518562552,1.0,1.3996649324389387,1.0,1.0,1.0,0.0,0.0,1.0,0.5793156974750526,0.0,0.0,0.0,0.0,1.0,0.0,0.0,0.0,0
1.0,0.6728262192294217,0.0,0.0,1.0,-0.5064419972567069,0.31308419195162923,0.18996888643509105,-0.9126059422304388,1.0,0.5751370424896268,1.0,1.0,1.0,0.0,1.0,1.0,-1.1406205550217723,0.0,1.0,0.0,0.0,0.0,0.0,0.0,0.0,1
1.0,0.8523944051317478,0.0,0.0,0.0,-0.5064419972567069,0.4455327852712561,-0.41354531513454673,0.2785267890372204,0.0,1.3128725229705902,0.0,1.0,0.0,1.0,1.0,1.0,1.439283823723465,1.0,0.0,0.0,0.0,0.0,1.0,0.0,1.0,0
0.0,-1.481992011598492,1.0,0.0,0.0,-0.5064419972567069,0.4489664445057662,-0.2520860143309294,-0.8408304366362763,0.0,-0.20599464272551093,1.0,1.0,1.0,1.0,1.0,1.0,-0.2806524287733598,1.0,0.0,0.0,0.0,0.0,0.0,0.0,1.0,0
1.0,-0.5841510820868613,0.0,0.0,0.0,-0.5064419972567069,-0.8038448847236216,0.9679498385306284,-1.034960231924904,0.0,-1.2475035563456947,1.0,1.0,1.0,1.0,0.0,1.0,-0.2806524287733598,0.0,0.0,0.0,0.0,0.0,1.0,0.0,1.0,0
0.0,0.9122504670991899,0.0,0.0,0.0,-0.5064419972567069,-0.8403050731944312,0.9709252240255724,0.06670151643005812,0.0,0.18457119988205792,1.0,1.0,0.0,0.0,0.0,1.0,-0.2806524287733598,0.0,1.0,0.0,0.0,0.0,0.0,0.0,0.0,0
1.0,-0.9432874538915136,0.0,0.0,0.0,-0.5064419972567069,-1.1551128338951566,1.1351453725267753,0.9613167173360719,0.0,-1.2041073516115204,1.0,1.0,1.0,0.0,1.0,1.0,-2.0005886812701847,0.0,0.0,0.0,0.0,0.0,1.0,0.0,1.0,1
0.0,1.271386838903842,0.0,1.0,0.0,-0.5064419972567069,0.22850223163949246,-0.9222997864127219,-0.6311342990005955,0.0,1.139287704033893,1.0,1.0,1.0,1.0,1.0,1.0,-0.2806524287733598,1.0,0.0,0.0,0.0,0.0,0.0,0.0,1.0,0
1.0,0.37354590939221144,0.0,0.0,1.0,-0.5064419972567069,-1.4320290408765868,1.2514008673700938,0.6827312348453479,1.0,0.18457119988205792,1.0,1.0,0.0,1.0,0.0,1.0,-0.2806524287733598,1.0,0.0,0.0,0.0,0.0,0.0,0.0,0.0,0
1.0,-1.1228556397938396,1.0,0.0,0.0,-0.5064419972567069,0.2346348634823781,-0.019023224202057206,0.2204250613710164,0.0,1.3128725229705902,1.0,1.0,1.0,0.0,0.0,1.0,-0.2806524287733598,0.0,0.0,0.0,0.0,0.0,1.0,0.0,0.0,0
1.0,-0.16515864831476695,0.0,0.0,1.0,0.5329961123703084,0.6424372922240686,-0.7143812875055648,-0.5245829222055699,1.0,1.1826839087680672,1.0,1.0,1.0,1.0,1.0,1.0,0.5793156974750526,1.0,0.0,0.0,0.0,0.0,1.0,0.0,0.0,0
0.0,-1.0629995778263976,1.0,0.0,0.0,-0.5064419972567069,1.6628976075772812,-0.784635726251314,-1.0334934945001057,0.0,-0.9437301232064743,1.0,1.0,0.0,0.0,1.0,1.0,-2.0005886812701847,0.0,0.0,0.0,1.0,0.0,0.0,0.0,1.0,1
0.0,-1.0629995778263976,1.0,0.0,0.0,-0.5064419972567069,1.223757984064881,-1.851080509698727,-0.9954529496763045,0.0,0.9223066803630213,1.0,0.0,0.0,0.0,0.0,0.0,0.5793156974750526,0.0,1.0,0.0,0.0,0.0,0.0,1.0,0.0,0
0.0,-0.7637192679891874,0.0,0.0,1.0,-0.5064419972567069,1.0155808692695272,-1.6408856032815653,-1.0018403545907488,1.0,-0.6833528948014285,1.0,1.0,1.0,0.0,0.0,0.0,-1.1406205550217723,0.0,0.0,0.0,1.0,1.0,0.0,0.0,0.0,1
0.0,-0.7038632060217453,0.0,0.0,1.0,2.611872331624339,0.7287890507544623,-1.3526164707479287,-0.9983391104154238,1.0,-0.9437301232064743,1.0,0.0,0.0,0.0,0.0,0.0,0.5793156974750526,0.0,0.0,0.0,1.0,0.0,0.0,1.0,0.0,0
1.0,1.6305232107084944,0.0,1.0,0.0,-0.5064419972567069,0.48165413643182964,-1.1705629255129628,0.17259049567840057,0.0,-0.075806028522988,1.0,1.0,1.0,1.0,1.0,0.0,-0.2806524287733598,1.0,0.0,0.0,0.0,0.0,0.0,0.0,0.0,0
0.0,-0.5841510820868613,0.0,0.0,0.0,-0.5064419972567069,-1.1551128338951566,1.1351453725267753,0.9613167173360719,0.0,-1.160711146877346,1.0,1.0,1.0,1.0,1.0,1.0,-2.0005886812701847,1.0,0.0,0.0,0.0,0.0,0.0,0.0,1.0,1
1.0,-0.28487077224965107,0.0,0.0,0.0,-0.5064419972567069,-1.0289553738809618,2.3271099926904273,0.1295346551439986,0.0,0.010986380945360646,1.0,1.0,1.0,0.0,0.0,1.0,-0.2806524287733598,1.0,0.0,0.0,0.0,1.0,0.0,0.0,0.0,0
0.0,0.49325803332709556,0.0,0.0,1.0,-0.5064419972567069,0.21516223099595655,0.03658451150098886,1.5509451621049923,1.0,1.5298535466414618,1.0,1.0,1.0,1.0,1.0,0.0,-0.2806524287733598,1.0,0.0,0.0,0.0,0.0,1.0,0.0,0.0,0
1.0,-1.481992011598492,1.0,0.0,0.0,-0.5064419972567069,-1.0098163222787213,0.7920726750014738,0.4912510297434526,0.0,1.2260801135022417,1.0,1.0,0.0,0.0,1.0,1.0,1.439283823723465,1.0,0.0,0.0,0.0,0.0,0.0,0.0,0.0,0
0.0,-1.1827117017612818,1.0,0.0,1.0,-0.5064419972567069,-0.9420023610781083,0.6286857636229058,0.560045746377541,1.0,-0.7267490995356027,1.0,0.0,0.0,0.0,0.0,0.0,-0.2806524287733598,0.0,0.0,0.0,1.0,0.0,0.0,1.0,0.0,0
1.0,0.7326822811968637,0.0,0.0,1.0,-0.5064419972567069,0.12463484847653997,-0.04889795851257076,-0.7795113494576116,1.0,-0.11920223325716231,1.0,1.0,1.0,0.0,0.0,1.0,0.5793156974750526,1.0,0.0,0.0,0.0,0.0,1.0,0.0,1.0,0
0.0,0.6129701572619797,0.0,0.0,1.0,-0.5064419972567069,1.7297383212770163,-1.9240833391086722,-0.9864632686856052,1.0,-0.6833528948014285,1.0,1.0,0.0,0.0,0.0,1.0,-0.2806524287733598,1.0,0.0,0.0,0.0,0.0,1.0,0.0,1.0,0
0.0,0.7326822811968637,0.0,0.0,1.0,-0.5064419972567069,-0.9707275164405613,0.8944736418516807,0.8986728350640409,1.0,1.2260801135022417,1.0,0.0,0.0,0.0,0.0,0.0,-0.2806524287733598,1.0,0.0,0.0,0.0,0.0,0.0,1.0,0.0,0
0.0,-0.8834313919240715,0.0,0.0,0.0,2.611872331624339,0.48856148460694837,-1.0082819218768884,-0.5802716302374283,0.0,-0.46637187113055684,0.0,1.0,0.0,0.0,0.0,1.0,0.5793156974750526,1.0,0.0,0.0,0.0,1.0,0.0,0.0,0.0,0
0.0,-0.225014710282209,0.0,0.0,0.0,-0.5064419972567069,-0.9942326363911564,0.7521695674364965,0.4462079965690013,0.0,-0.42297566639638257,1.0,0.0,0.0,0.0,0.0,0.0,0.5793156974750526,1.0,0.0,0.0,0.0,0.0,0.0,1.0,1.0,0
0.0,-0.9432874538915136,0.0,0.0,0.0,-0.5064419972567069,-1.0966128553213574,1.2597946010201975,1.1473557997330703,0.0,1.3128725229705902,1.0,0.0,0.0,0.0,0.0,0.0,-0.2806524287733598,1.0,0.0,0.0,0.0,0.0,0.0,1.0,0.0,0
0.0,1.9298035205457047,0.0,1.0,1.0,-0.5064419972567069,-0.8772233794128482,0.6558651650040571,2.1574647443143316,1.0,-1.030522532674823,1.0,1.0,1.0,0.0,1.0,1.0,0.5793156974750526,0.0,0.0,0.0,1.0,0.0,0.0,0.0,0.0,0
0.0,-1.481992011598492,1.0,0.0,1.0,-0.5064419972567069,-0.9197668701897321,0.7231539070586157,3.517603478207138,1.0,1.5298535466414618,1.0,1.0,0.0,1.0,1.0,1.0,1.439283823723465,1.0,0.0,0.0,0.0,0.0,0.0,0.0,0.0,0
1.0,-0.5841510820868613,0.0,0.0,0.0,-0.5064419972567069,-0.4061097248962998,0.5395856788371582,-0.9692409324718444,0.0,-0.9437301232064743,1.0,1.0,0.0,0.0,1.0,1.0,-0.2806524287733598,1.0,0.0,0.0,0.0,0.0,0.0,0.0,1.0,1
1.0,1.6903792726759364,0.0,1.0,1.0,0.5329961123703084,0.7801766805370461,-0.9124458116257785,-0.7889741715530845,1.0,0.878910475628847,1.0,1.0,0.0,1.0,0.0,1.0,-0.2806524287733598,1.0,0.0,0.0,0.0,0.0,0.0,0.0,1.0,0
0.0,-0.16515864831476695,0.0,0.0,1.0,-0.5064419972567069,-0.8793267585152892,0.7011012669768582,-0.576723071951626,1.0,0.6185332472238011,1.0,1.0,0.0,0.0,1.0,1.0,-2.0005886812701847,1.0,0.0,0.0,0.0,0.0,0.0,0.0,1.0,1
1.0,0.2538337854573274,0.0,0.0,0.0,-0.5064419972567069,0.8150142507191034,-1.2906025902786804,0.638634483880444,0.0,0.18457119988205792,1.0,1.0,0.0,1.0,1.0,1.0,-0.2806524287733598,1.0,0.0,0.0,0.0,0.0,1.0,0.0,0.0,0
0.0,-0.7038632060217453,0.0,0.0,0.0,-0.5064419972567069,-0.845505700263937,0.7899988096270374,0.4263833842789854,0.0,0.7053256566921497,1.0,1.0,0.0,1.0,1.0,1.0,0.5793156974750526,1.0,0.0,0.0,0.0,0.0,1.0,0.0,0.0,0
0.0,1.3312429008712843,0.0,1.0,1.0,-0.5064419972567069,-1.3823133589195666,1.5117542494374645,-0.9612921619116471,1.0,1.3996649324389387,0.0,1.0,0.0,1.0,0.0,1.0,-0.2806524287733598,1.0,0.0,0.0,0.0,0.0,1.0,0.0,0.0,0
1.0,0.6728262192294217,0.0,0.0,1.0,2.611872331624339,0.7320063878398368,-0.7511055446968178,-0.1330586580053761,1.0,-0.7267490995356027,1.0,0.0,0.0,0.0,0.0,0.0,0.5793156974750526,1.0,0.0,0.0,0.0,0.0,0.0,1.0,1.0,0
1.0,-0.8834313919240715,0.0,0.0,1.0,1.5724342219973237,-0.9619092552246654,0.6488274025075699,0.9490150486119571,1.0,-0.3361832569280339,1.0,1.0,0.0,0.0,1.0,1.0,0.5793156974750526,1.0,0.0,0.0,0.0,0.0,0.0,0.0,1.0,0
0.0,-0.46443895815197717,0.0,0.0,0.0,-0.5064419972567069,1.0925179643971552,-0.524903811738869,-0.9832459091731444,0.0,-1.3776921705482175,1.0,1.0,0.0,1.0,1.0,0.0,-1.1406205550217723,1.0,0.0,0.0,0.0,0.0,1.0,0.0,0.0,1
0.0,-0.6440071440543034,0.0,0.0,1.0,-0.5064419972567069,0.6453683562597415,-1.0229475411554985,0.5181727586050732,1.0,-1.160711146877346,1.0,1.0,0.0,0.0,0.0,1.0,-0.2806524287733598,0.0,0.0,0.0,1.0,0.0,0.0,0.0,1.0,1
1.0,0.9721065290666319,0.0,0.0,0.0,-0.5064419972567069,-0.7941872127009842,1.192350838105612,-1.0156560748501393,0.0,0.5751370424896268,1.0,0.0,0.0,0.0,0.0,0.0,0.5793156974750526,0.0,1.0,0.0,0.0,0.0,0.0,1.0,0.0,0
0.0,-1.2425677637287238,1.0,0.0,0.0,-0.5064419972567069,-0.427504187616073,0.2609181508213118,-0.07008357696000356,0.0,-1.421088375282392,1.0,0.0,0.0,0.0,0.0,0.0,1.439283823723465,0.0,0.0,0.0,0.0,0.0,0.0,1.0,1.0,0
1.0,0.8523944051317478,0.0,0.0,0.0,-0.5064419972567069,-1.3474373763932725,1.203189379902349,2.4750370538384043,0.0,-1.0739187374089973,1.0,1.0,0.0,1.0,1.0,1.0,-1.1406205550217723,1.0,0.0,0.0,0.0,0.0,0.0,0.0,0.0,1
0.0,0.3136898474247694,0.0,0.0,1.0,1.5724342219973237,-0.16555181258832768,0.2918535784568208,-0.8973234845462499,1.0,-0.37957946166220824,1.0,1.0,0.0,0.0,1.0,1.0,-0.2806524287733598,1.0,0.0,0.0,0.0,0.0,1.0,0.0,1.0,0
1.0,1.6305232107084944,0.0,1.0,0.0,-0.5064419972567069,1.120294941367602,-0.6248784253067174,-0.17620912676073283,0.0,-0.46637187113055684,1.0,1.0,1.0,0.0,0.0,0.0,-2.0005886812701847,1.0,0.0,0.0,0.0,0.0,0.0,0.0,1.0,1
0.0,0.9122504670991899,0.0,0.0,0.0,-0.5064419972567069,0.7161744369063482,-0.23151899082441005,-0.9653138613022232,0.0,-0.2927870521938596,1.0,1.0,1.0,1.0,0.0,1.0,0.5793156974750526,0.0,0.0,1.0,0.0,0.0,0.0,0.0,0.0,0
0.0,-1.42213594963105,1.0,0.0,1.0,1.5724342219973237,2.3220340263776347,-1.2769293813271996,-0.988639717767564,1.0,0.44494842828710385,1.0,1.0,1.0,1.0,1.0,1.0,-0.2806524287733598,0.0,1.0,0.0,0.0,0.0,0.0,0.0,0.0,0
1.0,-1.481992011598492,1.0,0.0,0.0,0.5329961123703084,-0.11333245446785391,0.33050313936499426,-0.7595447948361636,0.0,-1.2475035563456947,0.0,1.0,1.0,0.0,1.0,1.0,-0.2806524287733598,1.0,0.0,0.0,0.0,0.0,1.0,0.0,1.0,0
1.0,-0.46443895815197717,0.0,0.0,0.0,-0.5064419972567069,0.6128238008585275,-0.550995760241815,-0.2553183194788868,0.0,0.09777879041370928,1.0,1.0,0.0,1.0,0.0,1.0,-0.2806524287733598,1.0,0.0,0.0,0.0,0.0,0.0,0.0,0.0,1
0.0,1.8699474585782625,0.0,1.0,0.0,-0.5064419972567069,0.502147728594079,-1.1420787652266047,0.653680371012246,0.0,-0.7267490995356027,1.0,1.0,0.0,0.0,0.0,1.0,-1.1406205550217723,0.0,0.0,0.0,1.0,0.0,0.0,0.0,1.0,1
1.0,-0.7038632060217453,0.0,0.0,0.0,-0.5064419972567069,0.9596565394620767,-0.8212510997432698,-0.43364520186807476,0.0,-0.20599464272551093,1.0,0.0,0.0,0.0,0.0,0.0,-0.2806524287733598,0.0,0.0,1.0,0.0,0.0,0.0,1.0,1.0,0
1.0,-0.5841510820868613,0.0,0.0,0.0,1.5724342219973237,1.2155834328703368,-1.8258038048257408,-0.9873149226741977,0.0,-0.8569377137381258,1.0,1.0,0.0,1.0,0.0,1.0,0.5793156974750526,1.0,0.0,0.0,0.0,0.0,0.0,0.0,1.0,0
0.0,-1.601704135533376,1.0,0.0,0.0,-0.5064419972567069,0.9753223064641733,-0.11771983841791538,-1.0310804748657603,0.0,-0.20599464272551093,1.0,0.0,0.0,0.0,0.0,0.0,1.439283823723465,1.0,0.0,0.0,0.0,0.0,0.0,1.0,0.0,0
0.0,-1.661560197500818,1.0,0.0,1.0,2.611872331624339,0.6334694250358716,-1.2352236948928197,0.529953972113937,1.0,-0.9437301232064743,1.0,0.0,0.0,0.0,0.0,0.0,-0.2806524287733598,1.0,0.0,0.0,0.0,0.0,0.0,1.0,0.0,0
1.0,-1.0629995778263976,1.0,0.0,1.0,-0.5064419972567069,0.6078730561968069,-1.0434172152528918,-0.4120699674903964,1.0,0.4883446330212782,1.0,1.0,0.0,1.0,1.0,1.0,1.439283823723465,1.0,0.0,0.0,0.0,0.0,0.0,0.0,0.0,0
0.0,0.6129701572619797,0.0,0.0,0.0,-0.5064419972567069,0.6272029564988465,-1.2388316208612544,0.7965216705434103,0.0,0.3581560188187552,1.0,1.0,1.0,1.0,1.0,1.0,-0.2806524287733598,1.0,0.0,0.0,0.0,0.0,0.0,0.0,0.0,0
0.0,1.9298035205457047,0.0,1.0,0.0,-0.5064419972567069,0.5909380644729589,-1.2555281979548267,1.9595498201875148,0.0,0.3581560188187552,1.0,1.0,1.0,1.0,0.0,1.0,-2.0005886812701847,1.0,0.0,0.0,0.0,0.0,1.0,0.0,0.0,1
1.0,-1.3024238256961658,1.0,0.0,1.0,-0.5064419972567069,0.6356730805737965,-0.9888291108018041,-0.10145283220649642,1.0,1.2260801135022417,1.0,1.0,0.0,1.0,1.0,1.0,1.439283823723465,1.0,0.0,0.0,0.0,0.0,0.0,0.0,0.0,0
1.0,-0.8834313919240715,0.0,0.0,1.0,-0.5064419972567069,-1.1703463609394464,2.307633651663369,-1.023415588968427,0.0,0.878910475628847,1.0,1.0,1.0,0.0,1.0,1.0,0.5793156974750526,0.0,1.0,0.0,0.0,0.0,0.0,0.0,1.0,0
0.0,-0.7637192679891874,0.0,0.0,1.0,-0.5064419972567069,1.677449416596444,-1.465945485486676,-1.0270114613647068,1.0,-1.1173149421431716,1.0,0.0,0.0,0.0,0.0,0.0,1.439283823723465,1.0,0.0,0.0,0.0,0.0,0.0,1.0,0.0,0
1.0,0.7326822811968637,0.0,0.0,1.0,-0.5064419972567069,1.489555636921191,-0.961291685053445,0.23892487856766603,1.0,0.6185332472238011,1.0,0.0,0.0,0.0,0.0,0.0,1.439283823723465,1.0,0.0,0.0,0.0,0.0,0.0,1.0,0.0,0
0.0,-1.1228556397938396,1.0,0.0,1.0,-0.5064419972567069,1.510708708382957,-1.8091118414482354,-1.0277211730218674,0.0,1.5298535466414618,1.0,1.0,1.0,0.0,1.0,1.0,0.5793156974750526,1.0,0.0,0.0,0.0,0.0,0.0,0.0,0.0,0
0.0,-1.1827117017612818,1.0,0.0,1.0,-0.5064419972567069,0.9540208420515032,-1.5840570783058303,-0.9626642711154907,1.0,0.6619294519579755,1.0,1.0,0.0,0.0,1.0,1.0,-0.2806524287733598,1.0,0.0,0.0,0.0,0.0,0.0,0.0,1.0,0
1.0,1.031962591034074,0.0,0.0,1.0,4.69074855087837,1.8086817537953213,-1.2041157142762144,-0.7401933236509214,1.0,0.09777879041370928,1.0,1.0,0.0,1.0,0.0,1.0,1.439283823723465,0.0,0.0,1.0,0.0,0.0,0.0,0.0,1.0,0
0.0,-0.04544652437988287,0.0,0.0,1.0,-0.5064419972567069,-0.8198066289465916,0.432406286251012,0.5268785549329082,1.0,1.5298535466414618,0.0,1.0,1.0,1.0,0.0,1.0,0.5793156974750526,0.0,0.0,0.0,0.0,0.0,1.0,0.0,0.0,0
1.0,0.9122504670991899,0.0,0.0,0.0,-0.5064419972567069,0.6982653890006872,-0.6364547003034003,0.0883713790286912,0.0,-1.4644845800165662,1.0,1.0,0.0,0.0,0.0,0.0,0.5793156974750526,1.0,0.0,0.0,0.0,0.0,1.0,0.0,1.0,0
0.0,0.07426559955500123,0.0,0.0,1.0,1.5724342219973237,-0.6680916167780366,1.1062242933283777,-0.46548759821934127,1.0,-1.1173149421431716,1.0,0.0,0.0,0.0,0.0,0.0,-0.2806524287733598,0.0,0.0,0.0,1.0,0.0,0.0,1.0,0.0,0
1.0,1.8100913966108205,0.0,1.0,0.0,-0.5064419972567069,-0.9600557585300126,0.8340971692164421,1.8278273366185311,0.0,-0.6833528948014285,1.0,1.0,0.0,0.0,0.0,1.0,0.5793156974750526,1.0,0.0,0.0,0.0,0.0,0.0,0.0,1.0,0
0.0,-1.2425677637287238,1.0,0.0,1.0,1.5724342219973237,0.4660041387078948,-0.9690344233657633,0.19449692882942046,1.0,0.05438258567953497,1.0,1.0,1.0,1.0,1.0,1.0,0.5793156974750526,0.0,0.0,1.0,0.0,0.0,1.0,0.0,0.0,0
1.0,-1.2425677637287238,1.0,0.0,0.0,-0.5064419972567069,0.7749344063995747,-1.2935327613561132,-0.2598604740847138,0.0,-1.3776921705482175,1.0,1.0,0.0,0.0,1.0,0.0,-0.2806524287733598,0.0,0.0,0.0,0.0,0.0,0.0,0.0,1.0,1
0.0,-0.04544652437988287,0.0,0.0,0.0,-0.5064419972567069,-0.831664721783431,0.7179616309909985,0.4436057204927462,0.0,-1.2041073516115204,1.0,1.0,0.0,0.0,1.0,0.0,1.439283823723465,1.0,0.0,0.0,0.0,1.0,0.0,0.0,1.0,0
0.0,0.37354590939221144,0.0,0.0,0.0,-0.5064419972567069,-0.8823140258756925,0.6165964433989948,0.1222482821304844,0.0,-0.42297566639638257,1.0,1.0,1.0,0.0,0.0,1.0,-0.2806524287733598,1.0,0.0,0.0,0.0,1.0,0.0,0.0,1.0,0
0.0,0.5531140952945376,0.0,0.0,1.0,-0.5064419972567069,1.6540603423594975,-1.914430983714085,-1.0244091852884518,1.0,1.0958914992997186,0.0,1.0,1.0,0.0,0.0,1.0,0.5793156974750526,0.0,1.0,0.0,0.0,1.0,0.0,0.0,0.0,0
0.0,-0.46443895815197717,0.0,0.0,1.0,-0.5064419972567069,-0.8560994204646122,0.6036522015869186,-0.5418052584193307,1.0,0.6619294519579755,1.0,1.0,0.0,0.0,0.0,1.0,-0.2806524287733598,1.0,0.0,0.0,0.0,1.0,0.0,0.0,1.0,0
1.0,1.3910989628387262,0.0,1.0,0.0,-0.5064419972567069,0.5342244620765106,-1.2685776324933582,-0.9261850919374425,0.0,-0.42297566639638257,1.0,1.0,1.0,1.0,0.0,1.0,-0.2806524287733598,0.0,0.0,1.0,0.0,0.0,0.0,0.0,0.0,0
0.0,-1.601704135533376,1.0,0.0,1.0,1.5724342219973237,0.15398390117753105,0.2696071623000296,-0.5744519946487124,1.0,1.3996649324389387,1.0,1.0,0.0,1.0,1.0,1.0,1.439283823723465,0.0,0.0,0.0,0.0,0.0,1.0,0.0,0.0,0
0.0,0.13412166152244326,0.0,0.0,1.0,1.5724342219973237,0.09754848502146554,-0.9654163472219692,-0.4163755515438366,1.0,0.4883446330212782,1.0,1.0,1.0,1.0,1.0,1.0,-0.2806524287733598,1.0,0.0,0.0,0.0,0.0,0.0,0.0,0.0,0
0.0,1.1516747149689581,0.0,1.0,0.0,-0.5064419972567069,-0.6424976739817685,-0.1257463202686639,-0.7670204242915872,0.0,0.22796740461623224,1.0,1.0,0.0,0.0,0.0,1.0,0.5793156974750526,1.0,0.0,0.0,0.0,0.0,0.0,0.0,0.0,0
0.0,-0.16515864831476695,0.0,0.0,0.0,-0.5064419972567069,-0.9485676372192652,0.641225843907064,0.7286732361188691,0.0,1.0958914992997186,1.0,1.0,1.0,1.0,0.0,1.0,-0.2806524287733598,1.0,0.0,0.0,0.0,0.0,0.0,0.0,1.0,0
1.0,0.9122504670991899,0.0,0.0,0.0,-0.5064419972567069,1.1957307203461813,-0.7066722293205735,-0.991620506727638,0.0,-0.42297566639638257,1.0,0.0,0.0,0.0,0.0,0.0,1.439283823723465,1.0,0.0,0.0,0.0,0.0,0.0,1.0,0.0,0
1.0,-1.481992011598492,1.0,0.0,0.0,-0.5064419972567069,-0.966073962021114,0.7279410988551027,0.4558600751063837,0.0,-1.2475035563456947,1.0,1.0,0.0,0.0,0.0,1.0,-0.2806524287733598,1.0,0.0,0.0,0.0,0.0,0.0,0.0,1.0,0
0.0,0.6129701572619797,0.0,0.0,0.0,-0.5064419972567069,-0.16555181258832768,0.2918535784568208,-0.8973234845462499,0.0,-1.4644845800165662,1.0,1.0,0.0,1.0,1.0,1.0,0.5793156974750526,1.0,0.0,0.0,0.0,0.0,0.0,0.0,1.0,0
1.0,0.8523944051317478,0.0,0.0,1.0,1.5724342219973237,0.42873486496527047,-1.0125039334545323,1.0908154377126194,1.0,-1.4644845800165662,1.0,1.0,0.0,0.0,0.0,1.0,-0.2806524287733598,1.0,0.0,0.0,0.0,0.0,0.0,0.0,1.0,0
0.0,0.07426559955500123,0.0,0.0,0.0,-0.5064419972567069,0.3855031867158107,0.21237632128280093,-1.0242672429570197,0.0,1.139287704033893,0.0,1.0,1.0,0.0,0.0,1.0,-0.2806524287733598,0.0,1.0,0.0,0.0,0.0,1.0,0.0,0.0,0
0.0,-0.6440071440543034,0.0,0.0,0.0,-0.5064419972567069,-1.0797866311827744,1.1192183632740385,0.6731737845289203,0.0,-0.2927870521938596,1.0,1.0,1.0,1.0,0.0,1.0,-0.2806524287733598,0.0,0.0,1.0,0.0,0.0,0.0,0.0,1.0,0
1.0,-1.481992011598492,1.0,0.0,0.0,-0.5064419972567069,-1.32263634525019,1.1552417969939346,-0.377388724510488,0.0,0.8355142708946727,1.0,1.0,0.0,0.0,1.0,1.0,-0.2806524287733598,1.0,0.0,0.0,0.0,0.0,0.0,0.0,1.0,1
1.0,-0.5242950201194192,0.0,0.0,0.0,-0.5064419972567069,-0.6449063301357929,-0.17433382559629196,-0.6606583039384711,0.0,0.44494842828710385,1.0,1.0,1.0,1.0,0.0,0.0,-0.2806524287733598,0.0,1.0,0.0,0.0,0.0,1.0,0.0,0.0,0
0.0,0.07426559955500123,0.0,0.0,0.0,0.5329961123703084,-1.4684839729213415,1.440955392195197,-1.0328784110639,0.0,-0.42297566639638257,1.0,0.0,0.0,0.0,0.0,0.0,-0.2806524287733598,0.0,0.0,1.0,0.0,0.0,0.0,1.0,0.0,0
0.0,-0.8235753299566294,0.0,0.0,1.0,-0.5064419972567069,0.4414307512469869,-1.0158345750870346,0.37817030570255067,1.0,-0.20599464272551093,1.0,1.0,0.0,0.0,1.0,1.0,0.5793156974750526,1.0,0.0,0.0,0.0,0.0,0.0,0.0,1.0,0
1.0,-0.40458289618453513,0.0,0.0,0.0,-0.5064419972567069,-1.3865140520174613,1.8779928767327334,-0.9599673668182809,0.0,-1.2041073516115204,1.0,1.0,0.0,0.0,0.0,1.0,-1.1406205550217723,1.0,0.0,0.0,0.0,1.0,0.0,0.0,1.0,1
1.0,0.3136898474247694,0.0,0.0,1.0,0.5329961123703084,0.029465233070714997,0.06336436507028938,1.480115938720377,1.0,1.5298535466414618,1.0,1.0,1.0,1.0,0.0,1.0,-0.2806524287733598,0.0,0.0,0.0,0.0,0.0,1.0,0.0,0.0,0
1.0,-0.8834313919240715,0.0,0.0,0.0,-0.5064419972567069,0.8690838708105041,-1.2745976092243243,-0.8431488280496672,0.0,-0.6399566900672541,1.0,1.0,1.0,0.0,0.0,0.0,-2.0005886812701847,1.0,0.0,0.0,0.0,0.0,1.0,0.0,1.0,1
1.0,-0.5841510820868613,0.0,0.0,0.0,-0.5064419972567069,1.6685478612446167,-0.14817959192637825,-1.0295191092200071,0.0,-1.3776921705482175,1.0,1.0,0.0,0.0,1.0,1.0,1.439283823723465,1.0,0.0,0.0,0.0,1.0,0.0,0.0,1.0,0
0.0,1.1516747149689581,0.0,1.0,0.0,-0.5064419972567069,-0.9159689001956497,0.6263433799730652,0.8238692263993271,0.0,1.0958914992997186,1.0,1.0,0.0,1.0,1.0,1.0,1.439283823723465,1.0,0.0,0.0,0.0,0.0,0.0,0.0,0.0,0
0.0,0.6728262192294217,0.0,0.0,1.0,-0.5064419972567069,0.6584087406182134,-0.3352205642353561,-0.58490841306421,1.0,1.269476318236416,1.0,1.0,1.0,0.0,1.0,1.0,0.5793156974750526,1.0,0.0,0.0,0.0,0.0,1.0,0.0,0.0,0
1.0,0.19397772348988532,0.0,0.0,0.0,-0.5064419972567069,0.8118862728766443,-0.5849614765935193,-1.0030232073526828,0.0,0.1411749951478836,1.0,1.0,0.0,0.0,1.0,1.0,0.5793156974750526,0.0,1.0,0.0,0.0,0.0,0.0,0.0,1.0,0
0.0,-1.42213594963105,1.0,0.0,0.0,-0.5064419972567069,-1.0027411728103461,1.2880000928557986,0.36743000262418885,0.0,1.3996649324389387,1.0,1.0,1.0,1.0,0.0,0.0,0.5793156974750526,0.0,0.0,0.0,0.0,0.0,1.0,0.0,0.0,0
1.0,-0.225014710282209,0.0,0.0,0.0,-0.5064419972567069,0.6998690032875549,-1.0438255291252772,0.2589387472995913,0.0,0.6619294519579755,1.0,1.0,0.0,0.0,0.0,1.0,0.5793156974750526,0.0,1.0,0.0,0.0,0.0,0.0,0.0,0.0,0
0.0,0.9721065290666319,0.0,0.0,1.0,-0.5064419972567069,-1.3594442665214779,1.176608838867368,0.6141730887636463,1.0,1.3562687277047645,1.0,1.0,0.0,1.0,1.0,0.0,-0.2806524287733598,0.0,0.0,0.0,0.0,0.0,1.0,0.0,0.0,1
0.0,-1.3622798876636077,1.0,0.0,0.0,-0.5064419972567069,-1.2133843601058487,1.2194508835703193,1.0179517075774775,0.0,-1.2041073516115204,1.0,1.0,1.0,1.0,1.0,1.0,-0.2806524287733598,1.0,0.0,0.0,0.0,0.0,1.0,0.0,1.0,0
1.0,1.5108110867736102,0.0,1.0,0.0,-0.5064419972567069,-1.3448799229478792,1.2332112917555669,0.3483151019913335,0.0,-0.075806028522988,1.0,1.0,1.0,1.0,1.0,1.0,-0.2806524287733598,0.0,0.0,1.0,0.0,0.0,0.0,0.0,0.0,0
1.0,-1.541848073565934,1.0,0.0,1.0,-0.5064419972567069,1.0994997112179596,-0.4731360719226985,-0.9083476722874759,1.0,1.5298535466414618,1.0,1.0,1.0,0.0,1.0,1.0,-0.2806524287733598,1.0,0.0,0.0,0.0,0.0,1.0,0.0,0.0,0
1.0,-1.3024238256961658,1.0,0.0,1.0,-0.5064419972567069,-0.9062594725934073,0.7118383070200144,2.6587104307115346,1.0,-1.421088375282392,1.0,1.0,0.0,1.0,1.0,1.0,-2.0005886812701847,1.0,0.0,0.0,0.0,0.0,0.0,0.0,1.0,1
0.0,1.5706671487410524,0.0,1.0,0.0,-0.5064419972567069,-1.387503068796501,1.1661809178010467,1.1433341003424944,0.0,0.010986380945360646,1.0,1.0,0.0,1.0,0.0,1.0,-2.0005886812701847,0.0,0.0,1.0,0.0,0.0,0.0,0.0,1.0,1
1.0,-0.46443895815197717,0.0,0.0,0.0,-0.5064419972567069,-1.3474373763932725,1.203189379902349,2.4750370538384043,0.0,-1.160711146877346,1.0,1.0,0.0,0.0,0.0,1.0,-2.0005886812701847,1.0,0.0,0.0,0.0,0.0,0.0,0.0,1.0,1
1.0,-0.40458289618453513,0.0,0.0,0.0,-0.5064419972567069,-1.3594442665214779,1.176608838867368,0.6141730887636463,0.0,-1.160711146877346,1.0,1.0,0.0,0.0,1.0,1.0,-0.2806524287733598,1.0,0.0,0.0,0.0,0.0,0.0,0.0,1.0,1
1.0,-1.541848073565934,1.0,0.0,1.0,-0.5064419972567069,-0.06546258673664085,0.538911614919018,-1.0281470000161637,1.0,0.748721861426324,1.0,1.0,0.0,1.0,1.0,1.0,-2.0005886812701847,0.0,1.0,0.0,0.0,0.0,0.0,0.0,0.0,1
0.0,-1.661560197500818,1.0,0.0,1.0,1.5724342219973237,0.7036932554119031,-0.7048161313447379,-0.7026259199318937,1.0,-1.1173149421431716,1.0,1.0,1.0,0.0,0.0,1.0,-0.2806524287733598,1.0,0.0,0.0,0.0,0.0,1.0,0.0,1.0,0
1.0,0.8523944051317478,0.0,0.0,0.0,-0.5064419972567069,-0.8305050733278765,0.7549253400464023,0.7825166938421103,0.0,-0.20599464272551093,1.0,0.0,0.0,0.0,0.0,0.0,-0.2806524287733598,0.0,0.0,1.0,0.0,0.0,0.0,1.0,0.0,0
1.0,0.9721065290666319,0.0,0.0,0.0,0.5329961123703084,0.5404965913800552,-1.1591601262405948,0.4712844751220046,0.0,0.1411749951478836,1.0,1.0,1.0,0.0,0.0,1.0,-0.2806524287733598,1.0,0.0,0.0,0.0,0.0,1.0,0.0,1.0,0
0.0,-0.16515864831476695,0.0,0.0,0.0,0.5329961123703084,0.4583414825428953,-1.076373911899616,-0.02011987629590631,0.0,1.0958914992997186,1.0,1.0,0.0,1.0,1.0,1.0,0.5793156974750526,0.0,1.0,0.0,0.0,0.0,0.0,0.0,0.0,0
1.0,1.2115307769364,0.0,1.0,1.0,-0.5064419972567069,1.0588586423320754,-1.3712032873162696,-0.9619072453478529,1.0,0.7921180661604984,1.0,1.0,0.0,1.0,0.0,1.0,-0.2806524287733598,1.0,0.0,0.0,0.0,0.0,0.0,0.0,0.0,0
0.0,-0.8235753299566294,0.0,0.0,0.0,-0.5064419972567069,1.754764570059477,-0.3931337738596603,-0.11739768743736836,0.0,-1.4644845800165662,1.0,0.0,0.0,0.0,0.0,0.0,-2.0005886812701847,0.0,0.0,0.0,0.0,0.0,0.0,1.0,1.0,1
0.0,-1.481992011598492,1.0,0.0,0.0,-0.5064419972567069,1.5032001059353781,-0.5988732146659322,-1.0229424478636535,0.0,-1.160711146877346,1.0,1.0,0.0,0.0,0.0,1.0,0.5793156974750526,1.0,0.0,0.0,0.0,0.0,0.0,0.0,1.0,0
1.0,-1.481992011598492,1.0,0.0,1.0,-0.5064419972567069,-0.23518166682028602,-0.0613868265483261,-0.9188040907029735,1.0,1.4430611371731132,0.0,1.0,0.0,1.0,1.0,1.0,0.5793156974750526,1.0,0.0,0.0,0.0,1.0,0.0,0.0,0.0,0
1.0,0.014409537587559178,0.0,0.0,0.0,-0.5064419972567069,0.5470384157742046,-1.017125031472421,2.1112388583779462,0.0,1.5298535466414618,1.0,1.0,1.0,1.0,1.0,1.0,-0.2806524287733598,0.0,0.0,0.0,0.0,0.0,1.0,0.0,0.0,0
1.0,0.6728262192294217,0.0,0.0,1.0,-0.5064419972567069,-0.6132193808622728,1.6916831784211905,-1.036095770576361,1.0,-0.37957946166220824,1.0,1.0,0.0,0.0,1.0,1.0,-2.0005886812701847,0.0,0.0,1.0,0.0,0.0,0.0,0.0,1.0,1
1.0,-0.16515864831476695,0.0,0.0,0.0,-0.5064419972567069,0.12463484847653997,-0.04889795851257076,-0.7795113494576116,0.0,-0.7267490995356027,1.0,1.0,0.0,0.0,1.0,1.0,1.439283823723465,1.0,0.0,0.0,0.0,1.0,0.0,0.0,1.0,0
0.0,-0.40458289618453513,0.0,0.0,0.0,-0.5064419972567069,-1.0587132147927463,0.875351634218962,-0.4021340042901498,0.0,-1.1173149421431716,1.0,1.0,0.0,0.0,0.0,1.0,-1.1406205550217723,1.0,0.0,0.0,0.0,0.0,0.0,0.0,1.0,1
0.0,-0.225014710282209,0.0,0.0,0.0,-0.5064419972567069,1.1256839910941134,-0.582492677123299,-0.8598980231586544,0.0,-1.3776921705482175,1.0,1.0,0.0,1.0,1.0,1.0,-0.2806524287733598,0.0,0.0,0.0,0.0,0.0,0.0,0.0,1.0,1
0.0,1.3910989628387262,0.0,1.0,1.0,-0.5064419972567069,0.6978634745778073,-1.2106049059317159,0.3089024479636886,1.0,-1.4644845800165662,1.0,1.0,0.0,0.0,0.0,1.0,-2.0005886812701847,0.0,0.0,0.0,0.0,0.0,0.0,0.0,1.0,1
1.0,-0.5242950201194192,0.0,0.0,1.0,0.5329961123703084,-0.9707732069131821,0.7943472370250543,1.2028552513230193,1.0,-1.290899761079869,1.0,0.0,0.0,0.0,0.0,0.0,-0.2806524287733598,0.0,0.0,0.0,0.0,0.0,0.0,1.0,0.0,0
1.0,-0.04544652437988287,0.0,0.0,1.0,-0.5064419972567069,1.2628480029244378,-0.6873596752140767,-0.9653138613022232,1.0,-0.8569377137381258,1.0,1.0,0.0,0.0,1.0,1.0,0.5793156974750526,0.0,0.0,0.0,1.0,0.0,0.0,0.0,1.0,0
0.0,0.43340197135965347,0.0,0.0,1.0,1.5724342219973237,0.7084301039672818,-1.0203181843659657,0.8500812436037873,1.0,0.22796740461623224,1.0,1.0,0.0,1.0,1.0,1.0,-0.2806524287733598,1.0,0.0,0.0,0.0,0.0,1.0,0.0,0.0,0
0.0,-0.10530258634732491,0.0,0.0,0.0,-0.5064419972567069,-0.8973793472862613,1.0263765547537669,-0.13916217825695618,0.0,-0.5531642805989055,1.0,1.0,0.0,0.0,0.0,1.0,1.439283823723465,1.0,0.0,0.0,0.0,0.0,1.0,0.0,1.0,0
1.0,-0.225014710282209,0.0,0.0,0.0,2.611872331624339,2.1225930916836453,-0.360919424128949,-0.7960712881246892,0.0,-1.160711146877346,1.0,1.0,0.0,1.0,0.0,1.0,-0.2806524287733598,1.0,0.0,0.0,0.0,0.0,0.0,0.0,1.0,0
0.0,1.7502353346433785,0.0,1.0,1.0,1.5724342219973237,-1.0878014678933778,0.9498903697093294,1.9011642078584465,1.0,1.4864573419072875,1.0,1.0,1.0,1.0,0.0,1.0,-0.2806524287733598,0.0,0.0,0.0,0.0,0.0,0.0,0.0,0.0,0
1.0,1.5706671487410524,0.0,1.0,1.0,-0.5064419972567069,-0.5435199800702188,1.3556560867097056,-1.0051050282136869,1.0,-1.0739187374089973,1.0,1.0,1.0,1.0,1.0,0.0,0.5793156974750526,1.0,0.0,0.0,0.0,0.0,1.0,0.0,0.0,0
1.0,-0.8834313919240715,0.0,0.0,0.0,1.5724342219973237,0.40688471054068337,-1.1707387080953144,-0.9399534980863556,0.0,-0.6399566900672541,1.0,1.0,0.0,0.0,1.0,1.0,-0.2806524287733598,0.0,0.0,0.0,1.0,0.0,0.0,0.0,1.0,0
0.0,-1.42213594963105,1.0,0.0,1.0,2.611872331624339,1.603103335172859,-1.8387835722515746,-1.0294717951095298,1.0,0.31475981408458087,1.0,0.0,0.0,0.0,0.0,0.0,-0.2806524287733598,1.0,0.0,0.0,0.0,0.0,0.0,1.0,0.0,0
0.0,0.9721065290666319,0.0,0.0,0.0,-0.5064419972567069,0.43314904982903957,0.25084179491969405,-1.0347236613725173,0.0,-0.8135415090039514,1.0,1.0,0.0,1.0,0.0,1.0,0.5793156974750526,0.0,0.0,0.0,1.0,0.0,1.0,0.0,1.0,0
0.0,-0.28487077224965107,0.0,0.0,1.0,1.5724342219973237,-0.8654368548384337,0.6903093237124505,2.449203549517763,1.0,0.5317408377554524,1.0,1.0,1.0,0.0,0.0,1.0,-0.2806524287733598,0.0,1.0,0.0,0.0,1.0,0.0,0.0,1.0,0
0.0,0.19397772348988532,0.0,0.0,1.0,-0.5064419972567069,1.7652022148404023,-2.0122671398824856,-0.45801196876391764,1.0,1.5298535466414618,1.0,1.0,1.0,1.0,1.0,1.0,-0.2806524287733598,1.0,0.0,0.0,0.0,0.0,0.0,0.0,0.0,0
1.0,-1.2425677637287238,1.0,0.0,1.0,-0.5064419972567069,-1.2445974223535996,1.2885159063126697,1.2665400440255523,1.0,0.010986380945360646,1.0,1.0,0.0,1.0,1.0,1.0,-2.0005886812701847,1.0,0.0,0.0,0.0,0.0,0.0,0.0,1.0,1
0.0,0.014409537587559178,0.0,0.0,0.0,-0.5064419972567069,1.7652022148404023,-2.0122671398824856,-0.45801196876391764,0.0,-1.290899761079869,1.0,0.0,0.0,0.0,0.0,0.0,-0.2806524287733598,1.0,0.0,0.0,0.0,0.0,0.0,1.0,1.0,0
1.0,-1.661560197500818,1.0,0.0,1.0,1.5724342219973237,-0.9328586057873415,0.7027806596271299,0.3739593498700652,1.0,0.18457119988205792,1.0,1.0,1.0,0.0,0.0,1.0,0.5793156974750526,0.0,1.0,0.0,0.0,0.0,0.0,0.0,1.0,0
1.0,0.13412166152244326,0.0,0.0,0.0,-0.5064419972567069,-0.942531642747676,1.1453467601339478,-0.9896333140875887,0.0,-1.0739187374089973,1.0,1.0,1.0,1.0,1.0,1.0,-2.0005886812701847,0.0,0.0,0.0,1.0,0.0,0.0,0.0,1.0,1
1.0,0.8523944051317478,0.0,0.0,1.0,-0.5064419972567069,-0.9420023610781083,0.6286857636229058,0.560045746377541,1.0,-1.290899761079869,1.0,1.0,0.0,0.0,0.0,0.0,1.439283823723465,1.0,0.0,0.0,0.0,0.0,1.0,0.0,1.0,0
1.0,1.3910989628387262,0.0,1.0,0.0,-0.5064419972567069,0.7208449736253542,-0.7220299060100059,1.3268655348841925,0.0,-1.2041073516115204,1.0,1.0,0.0,0.0,0.0,1.0,-2.0005886812701847,1.0,0.0,0.0,0.0,0.0,0.0,0.0,1.0,1
1.0,1.5108110867736102,0.0,1.0,0.0,-0.5064419972567069,1.8860442150928394,-1.226437795376582,-0.9787037545673174,0.0,0.7053256566921497,1.0,1.0,1.0,0.0,1.0,1.0,0.5793156974750526,0.0,1.0,0.0,0.0,0.0,0.0,0.0,0.0,0
0.0,0.014409537587559178,0.0,0.0,0.0,-0.5064419972567069,-1.231068190372126,1.391813318195691,-0.9831039668417123,0.0,0.09777879041370928,1.0,1.0,0.0,1.0,0.0,1.0,0.5793156974750526,1.0,0.0,0.0,0.0,0.0,0.0,0.0,0.0,0
1.0,-0.225014710282209,0.0,0.0,0.0,-0.5064419972567069,0.190130725787441,-0.9219971266383846,-0.007676265240359367,0.0,-0.9437301232064743,1.0,1.0,0.0,1.0,1.0,1.0,-0.2806524287733598,1.0,0.0,0.0,0.0,0.0,0.0,0.0,1.0,1
1.0,-1.0031435158589557,0.0,0.0,0.0,2.611872331624339,0.4348958006407537,-0.9849120658565278,1.1480181972797534,0.0,-0.9003339184723,1.0,1.0,0.0,0.0,0.0,1.0,0.5793156974750526,0.0,0.0,0.0,1.0,0.0,0.0,0.0,0.0,0
0.0,0.3136898474247694,0.0,0.0,0.0,-0.5064419972567069,-0.31113055384980653,0.4238035512628423,1.4932219473226072,0.0,-0.075806028522988,1.0,1.0,0.0,0.0,0.0,1.0,0.5793156974750526,1.0,0.0,0.0,0.0,0.0,0.0,0.0,1.0,0
1.0,1.9896595825131467,0.0,1.0,0.0,-0.5064419972567069,0.8877882564121442,-1.4942492494746153,-0.9482334674198944,0.0,0.878910475628847,1.0,1.0,1.0,1.0,1.0,1.0,0.5793156974750526,0.0,1.0,0.0,0.0,0.0,0.0,0.0,0.0,0
0.0,-1.601704135533376,1.0,0.0,1.0,-0.5064419972567069,-1.4723066076838283,1.2674063097960626,2.216891267073902,1.0,0.5751370424896268,0.0,1.0,1.0,0.0,0.0,1.0,0.5793156974750526,0.0,1.0,0.0,0.0,0.0,1.0,0.0,0.0,0
0.0,0.3136898474247694,0.0,0.0,1.0,-0.5064419972567069,1.0016731746121839,-1.6963922986026236,-1.001603784038362,1.0,1.139287704033893,1.0,1.0,0.0,0.0,1.0,0.0,0.5793156974750526,1.0,0.0,0.0,0.0,1.0,0.0,0.0,0.0,0
0.0,0.49325803332709556,0.0,0.0,0.0,-0.5064419972567069,-0.3651577181923123,0.1649200991360713,-1.0260178650446823,0.0,0.6185332472238011,1.0,1.0,0.0,0.0,1.0,0.0,1.439283823723465,0.0,1.0,0.0,0.0,0.0,0.0,0.0,1.0,0
0.0,-0.46443895815197717,0.0,0.0,1.0,1.5724342219973237,-1.004202054912829,0.8956192275523995,1.5680255559873209,1.0,1.3562687277047645,0.0,1.0,1.0,0.0,0.0,1.0,-0.2806524287733598,0.0,0.0,0.0,0.0,0.0,1.0,0.0,0.0,0
0.0,0.13412166152244326,0.0,0.0,0.0,-0.5064419972567069,1.0297251030992904,-0.20745938425125757,-1.0285255128999826,0.0,-0.075806028522988,1.0,0.0,0.0,0.0,0.0,0.0,-0.2806524287733598,1.0,0.0,0.0,0.0,0.0,0.0,1.0,1.0,0
0.0,-0.28487077224965107,0.0,0.0,1.0,1.5724342219973237,-0.2667598485085384,0.38516690875967113,1.0879292769735003,1.0,1.3128725229705902,1.0,1.0,1.0,0.0,0.0,0.0,0.5793156974750526,0.0,0.0,0.0,0.0,1.0,0.0,0.0,0.0,0
0.0,0.7925383431643057,0.0,0.0,0.0,-0.5064419972567069,1.1568630887427471,-1.474156515980311,-0.5082122399804017,0.0,-0.24939084745968526,1.0,1.0,0.0,0.0,0.0,1.0,-0.2806524287733598,1.0,0.0,0.0,0.0,0.0,0.0,0.0,1.0,0
1.0,0.6728262192294217,0.0,0.0,0.0,-0.5064419972567069,0.5216025701000127,-1.1747060425457752,0.17244855334696846,0.0,1.00909908983137,0.0,1.0,0.0,0.0,1.0,1.0,-1.1406205550217723,0.0,1.0,0.0,0.0,1.0,0.0,0.0,1.0,1
1.0,-1.541848073565934,1.0,0.0,1.0,2.611872331624339,0.31299725875151035,-1.0790757040314827,1.0064070646210006,1.0,-0.7267490995356027,1.0,0.0,0.0,0.0,0.0,0.0,-0.2806524287733598,1.0,0.0,0.0,0.0,0.0,0.0,1.0,1.0,0
0.0,0.43340197135965347,0.0,0.0,0.0,-0.5064419972567069,2.002383075579057,-0.5320287734691231,-1.008085817173761,0.0,-1.290899761079869,1.0,1.0,0.0,0.0,0.0,1.0,-0.2806524287733598,1.0,0.0,0.0,0.0,0.0,0.0,0.0,1.0,0
1.0,-1.541848073565934,1.0,0.0,1.0,-0.5064419972567069,2.1646186223239976,-1.972361725459465,-0.979697350887342,1.0,-1.160711146877346,1.0,0.0,0.0,0.0,0.0,0.0,0.5793156974750526,0.0,0.0,0.0,1.0,0.0,0.0,1.0,1.0,0
1.0,-1.0031435158589557,0.0,0.0,1.0,-0.5064419972567069,1.3516621948907896,-0.6405429141149482,-1.0238414159627234,1.0,-0.5965604853330798,1.0,1.0,1.0,0.0,0.0,1.0,-0.2806524287733598,0.0,0.0,0.0,1.0,0.0,1.0,0.0,0.0,0
1.0,0.13412166152244326,0.0,0.0,1.0,0.5329961123703084,-0.7995022681222772,1.3204432829036887,-0.7794640353471342,1.0,-0.9003339184723,1.0,1.0,1.0,1.0,1.0,1.0,-0.2806524287733598,0.0,0.0,0.0,1.0,0.0,0.0,0.0,1.0,0
1.0,0.5531140952945376,0.0,0.0,0.0,-0.5064419972567069,-0.9064867119351144,0.6064914824577297,-0.18278578811708654,0.0,0.22796740461623224,1.0,1.0,0.0,1.0,1.0,1.0,0.5793156974750526,0.0,1.0,0.0,0.0,0.0,1.0,0.0,0.0,0
1.0,1.3910989628387262,0.0,1.0,1.0,-0.5064419972567069,-0.8774938831843854,0.7589531141774065,0.23712694236952617,1.0,1.5298535466414618,1.0,1.0,1.0,1.0,0.0,1.0,-0.2806524287733598,1.0,0.0,0.0,0.0,0.0,1.0,0.0,0.0,0
1.0,-1.661560197500818,1.0,0.0,1.0,-0.5064419972567069,0.4995894664677563,-1.1272013763802855,-0.7118521714749798,1.0,0.5317408377554524,0.0,1.0,1.0,0.0,0.0,1.0,0.5793156974750526,1.0,0.0,0.0,0.0,1.0,0.0,0.0,0.0,0
0.0,0.49325803332709556,0.0,0.0,0.0,-0.5064419972567069,1.6673263486978152,-1.985426846632635,-1.0333042380581963,0.0,1.0958914992997186,1.0,1.0,1.0,1.0,0.0,1.0,-0.2806524287733598,0.0,1.0,0.0,0.0,1.0,0.0,0.0,0.0,0
1.0,0.43340197135965347,0.0,0.0,0.0,-0.5064419972567069,0.47517215442660116,-0.5216875902649627,-0.697610624221293,0.0,-1.1173149421431716,1.0,1.0,0.0,1.0,1.0,1.0,-0.2806524287733598,1.0,0.0,0.0,0.0,0.0,0.0,0.0,1.0,0
0.0,1.9298035205457047,0.0,1.0,0.0,-0.5064419972567069,-1.3370300571472737,1.4416146922219109,-0.9620965017897624,0.0,-0.075806028522988,1.0,1.0,0.0,1.0,0.0,1.0,0.5793156974750526,1.0,0.0,0.0,0.0,0.0,1.0,0.0,0.0,0
1.0,-1.3024238256961658,1.0,0.0,1.0,2.611872331624339,1.5979350553406058,-0.6277375451566412,-1.033114981616287,1.0,-0.8569377137381258,1.0,1.0,1.0,0.0,0.0,1.0,0.5793156974750526,1.0,0.0,0.0,0.0,0.0,1.0,0.0,1.0,0
0.0,-1.541848073565934,1.0,0.0,0.0,-0.5064419972567069,-0.8672559825935047,0.8052757462852075,1.9275181673943387,0.0,0.8355142708946727,1.0,1.0,0.0,0.0,1.0,1.0,-0.2806524287733598,1.0,0.0,0.0,0.0,0.0,0.0,0.0,1.0,1
1.0,-0.7038632060217453,0.0,0.0,1.0,-0.5064419972567069,0.49989110445514934,-1.2217013544568915,-0.1888893083686666,1.0,1.2260801135022417,1.0,1.0,1.0,1.0,1.0,0.0,-0.2806524287733598,0.0,1.0,0.0,0.0,0.0,0.0,0.0,1.0,0
0.0,0.2538337854573274,0.0,0.0,1.0,-0.5064419972567069,-1.0883845268448795,1.427236507454599,-0.8599926513796091,1.0,-0.5531642805989055,1.0,1.0,0.0,1.0,1.0,1.0,-0.2806524287733598,0.0,0.0,1.0,0.0,0.0,0.0,0.0,1.0,1
1.0,1.3910989628387262,0.0,1.0,1.0,-0.5064419972567069,-1.1840911063891235,1.1797826141534125,-0.8550719838899631,1.0,-0.8135415090039514,0.0,1.0,0.0,1.0,1.0,1.0,-1.1406205550217723,1.0,0.0,0.0,0.0,0.0,1.0,0.0,1.0,1
1.0,-0.7637192679891874,0.0,0.0,0.0,-0.5064419972567069,0.5380624617766944,0.4257759148836981,-0.6484039493248336,0.0,-0.9003339184723,0.0,1.0,1.0,0.0,0.0,1.0,-0.2806524287733598,1.0,0.0,0.0,0.0,0.0,1.0,0.0,1.0,0
0.0,-0.8834313919240715,0.0,0.0,1.0,2.611872331624339,-0.867223635356249,0.4285376853244957,-0.10840800644666905,1.0,-0.7267490995356027,1.0,1.0,0.0,0.0,0.0,1.0,0.5793156974750526,0.0,0.0,0.0,1.0,0.0,0.0,0.0,1.0,0
1.0,-1.2425677637287238,1.0,0.0,1.0,2.611872331624339,0.5194866564431387,-1.0483894170638712,0.9732398731763678,1.0,0.05438258567953497,1.0,0.0,0.0,0.0,0.0,0.0,0.5793156974750526,0.0,0.0,1.0,0.0,0.0,0.0,1.0,0.0,0
1.0,1.031962591034074,0.0,0.0,1.0,0.5329961123703084,-1.2837068495555057,1.3500162801830835,0.5291023181253444,1.0,0.7053256566921497,1.0,1.0,1.0,1.0,1.0,1.0,-0.2806524287733598,0.0,1.0,0.0,0.0,0.0,0.0,0.0,0.0,0
1.0,-1.42213594963105,1.0,0.0,1.0,2.611872331624339,1.201877504105367,-0.2087180059957477,-0.9926141030476626,1.0,-0.16259843799133664,1.0,0.0,0.0,0.0,0.0,0.0,-0.2806524287733598,1.0,0.0,0.0,0.0,0.0,0.0,1.0,0.0,0
1.0,-0.7637192679891874,0.0,0.0,0.0,-0.5064419972567069,0.7546939313688364,-0.2853744371632445,-0.9357425422538701,0.0,-1.3776921705482175,1.0,1.0,1.0,0.0,0.0,0.0,-2.0005886812701847,0.0,0.0,0.0,0.0,1.0,0.0,0.0,1.0,1
1.0,-1.1827117017612818,1.0,0.0,0.0,-0.5064419972567069,-1.0273347772945385,0.8556339958413286,1.2436873286649852,0.0,-0.075806028522988,1.0,1.0,1.0,1.0,1.0,0.0,-2.0005886812701847,0.0,0.0,1.0,0.0,1.0,0.0,0.0,0.0,1
0.0,1.1516747149689581,0.0,1.0,1.0,-0.5064419972567069,-0.2994633097127664,1.9576140818482086,-1.0295191092200071,1.0,1.1826839087680672,1.0,1.0,0.0,1.0,1.0,1.0,0.5793156974750526,1.0,0.0,0.0,0.0,0.0,0.0,0.0,0.0,0
1.0,-0.16515864831476695,0.0,0.0,1.0,-0.5064419972567069,-0.5910975096447488,-0.36471051462545184,-0.7454925040243863,1.0,-0.7267490995356027,0.0,1.0,0.0,0.0,0.0,1.0,-0.2806524287733598,1.0,0.0,0.0,0.0,0.0,1.0,0.0,1.0,1
1.0,-0.10530258634732491,0.0,0.0,1.0,0.5329961123703084,-1.4094474345495909,1.2578383854055928,0.14382351650816275,1.0,1.3996649324389387,1.0,1.0,0.0,1.0,1.0,0.0,0.5793156974750526,0.0,0.0,0.0,0.0,0.0,0.0,0.0,0.0,0
1.0,-0.5242950201194192,0.0,0.0,0.0,-0.5064419972567069,0.9836420158858928,-0.6894713730603077,0.8908660068352757,0.0,-0.16259843799133664,1.0,1.0,1.0,0.0,0.0,1.0,0.5793156974750526,1.0,0.0,0.0,0.0,0.0,1.0,0.0,1.0,0
1.0,1.271386838903842,0.0,1.0,0.0,-0.5064419972567069,-1.3474373763932725,1.203189379902349,2.4750370538384043,0.0,-0.46637187113055684,1.0,1.0,0.0,0.0,0.0,1.0,-2.0005886812701847,0.0,0.0,1.0,0.0,0.0,0.0,0.0,1.0,1
1.0,-0.5242950201194192,0.0,0.0,0.0,-0.5064419972567069,1.4300274205431802,-1.6603314937825457,-1.0328784110639,0.0,0.27136360935040654,1.0,1.0,0.0,0.0,0.0,0.0,0.5793156974750526,1.0,0.0,0.0,0.0,0.0,1.0,0.0,0.0,0
1.0,-1.661560197500818,1.0,0.0,0.0,-0.5064419972567069,1.3390423246166208,-0.6865462770705546,-1.0157980171815715,0.0,-1.2475035563456947,1.0,1.0,0.0,1.0,1.0,0.0,1.439283823723465,1.0,0.0,0.0,0.0,0.0,1.0,0.0,1.0,0
0.0,1.8100913966108205,0.0,1.0,1.0,-0.5064419972567069,-0.2364864735030189,-0.2461504686040806,-0.9778047864682474,1.0,0.9657028850971957,0.0,1.0,1.0,1.0,0.0,1.0,-0.2806524287733598,1.0,0.0,0.0,0.0,1.0,0.0,0.0,0.0,0
1.0,1.9896595825131467,0.0,1.0,1.0,-0.5064419972567069,-0.9668058182639845,1.18034963985868,0.20987401473456405,1.0,-0.42297566639638257,1.0,1.0,1.0,0.0,0.0,1.0,-2.0005886812701847,1.0,0.0,0.0,0.0,1.0,0.0,0.0,1.0,1
1.0,0.7326822811968637,0.0,0.0,0.0,-0.5064419972567069,-0.9067758153680716,0.8593729513462164,1.1554465126246998,0.0,1.2260801135022417,1.0,1.0,0.0,1.0,0.0,0.0,1.439283823723465,1.0,0.0,0.0,0.0,0.0,0.0,0.0,0.0,0
0.0,1.3312429008712843,0.0,1.0,1.0,-0.5064419972567069,-0.8710503135233938,0.7738235824496154,1.8784534348293114,1.0,-0.9003339184723,1.0,1.0,0.0,1.0,0.0,1.0,-1.1406205550217723,1.0,0.0,0.0,0.0,0.0,0.0,0.0,1.0,1
0.0,1.9896595825131467,0.0,1.0,1.0,1.5724342219973237,-0.9062594725934073,0.7118383070200144,2.6587104307115346,1.0,1.0524952945655444,1.0,1.0,0.0,0.0,1.0,1.0,1.439283823723465,1.0,0.0,0.0,0.0,0.0,0.0,0.0,0.0,0
1.0,-1.541848073565934,1.0,0.0,1.0,2.611872331624339,-0.8505858338746715,0.7230897764052171,2.022714157674797,1.0,1.4864573419072875,1.0,1.0,1.0,1.0,1.0,1.0,-0.2806524287733598,0.0,0.0,0.0,0.0,1.0,0.0,0.0,0.0,0
1.0,0.9721065290666319,0.0,0.0,1.0,0.5329961123703084,0.5800625189677104,0.7052397702935967,-1.0210971975550363,1.0,-0.9437301232064743,1.0,1.0,0.0,1.0,1.0,1.0,1.439283823723465,1.0,0.0,0.0,0.0,0.0,1.0,0.0,1.0,0
1.0,0.13412166152244326,0.0,0.0,0.0,-0.5064419972567069,0.7947539630055453,-0.2787006968648502,-1.021333768107423,0.0,0.4883446330212782,1.0,1.0,0.0,1.0,0.0,0.0,0.5793156974750526,0.0,1.0,0.0,0.0,0.0,1.0,0.0,0.0,0
0.0,-0.16515864831476695,0.0,0.0,0.0,1.5724342219973237,-0.9351835634649728,1.472013544678224,-1.0025500662479092,0.0,1.0958914992997186,1.0,0.0,0.0,0.0,0.0,0.0,-0.2806524287733598,1.0,0.0,0.0,0.0,0.0,0.0,1.0,0.0,0
1.0,-1.0031435158589557,0.0,0.0,1.0,0.5329961123703084,-0.9616553294122222,0.7759892607738921,-0.04879222724518939,1.0,-1.290899761079869,1.0,0.0,0.0,0.0,0.0,0.0,0.5793156974750526,0.0,0.0,0.0,0.0,0.0,0.0,1.0,1.0,0
0.0,0.49325803332709556,0.0,0.0,0.0,-0.5064419972567069,-1.3190243718703194,1.179945478330762,0.29712123445482475,0.0,0.4883446330212782,1.0,1.0,0.0,1.0,1.0,1.0,-2.0005886812701847,1.0,0.0,0.0,0.0,0.0,0.0,0.0,0.0,1
0.0,-1.1827117017612818,1.0,0.0,1.0,0.5329961123703084,0.906191408366859,-1.3981035588750579,0.6720382458774635,1.0,0.18457119988205792,1.0,0.0,0.0,0.0,0.0,0.0,0.5793156974750526,0.0,1.0,0.0,0.0,0.0,0.0,1.0,0.0,0
0.0,-1.661560197500818,1.0,0.0,1.0,2.611872331624339,0.01186752732362461,-0.7504679291356474,-0.3651343698968505,1.0,0.6619294519579755,1.0,0.0,0.0,0.0,0.0,0.0,1.439283823723465,1.0,0.0,0.0,0.0,0.0,0.0,1.0,0.0,0
1.0,-1.3024238256961658,1.0,0.0,0.0,-0.5064419972567069,1.6041861589399338,-1.2126441684356197,0.21370645768323057,0.0,-1.3776921705482175,1.0,1.0,0.0,0.0,1.0,1.0,-0.2806524287733598,0.0,0.0,0.0,0.0,0.0,0.0,0.0,1.0,1
0.0,1.031962591034074,0.0,0.0,1.0,-0.5064419972567069,-0.8626808702243954,0.7166937818143677,0.7803875588706289,1.0,0.8355142708946727,1.0,0.0,0.0,0.0,0.0,0.0,-0.2806524287733598,1.0,0.0,0.0,0.0,0.0,0.0,1.0,0.0,0
0.0,-0.10530258634732491,0.0,0.0,0.0,-0.5064419972567069,1.754764570059477,-0.3931337738596603,-0.11739768743736836,0.0,1.269476318236416,0.0,1.0,0.0,0.0,0.0,1.0,-0.2806524287733598,1.0,0.0,0.0,0.0,1.0,0.0,0.0,0.0,0
1.0,1.6305232107084944,0.0,1.0,0.0,-0.5064419972567069,-1.3594442665214779,1.176608838867368,0.6141730887636463,0.0,-1.421088375282392,1.0,1.0,0.0,0.0,0.0,1.0,-0.2806524287733598,0.0,0.0,0.0,0.0,0.0,0.0,0.0,1.0,1
1.0,0.9721065290666319,0.0,0.0,0.0,-0.5064419972567069,0.6355683563931869,-1.2190480063437916,-1.0190153766940322,0.0,-0.6833528948014285,1.0,1.0,0.0,0.0,1.0,1.0,-0.2806524287733598,1.0,0.0,0.0,0.0,0.0,0.0,0.0,1.0,1
1.0,-0.40458289618453513,0.0,0.0,0.0,-0.5064419972567069,1.3159415451317023,-0.763990730943175,0.30568508845122777,0.0,-0.6833528948014285,1.0,0.0,0.0,0.0,0.0,0.0,-0.2806524287733598,0.0,0.0,0.0,1.0,0.0,0.0,1.0,0.0,0
1.0,1.031962591034074,0.0,0.0,1.0,-0.5064419972567069,0.5074627840153719,-0.5148454493299333,0.8811666141874159,1.0,-0.2927870521938596,1.0,1.0,0.0,1.0,1.0,1.0,-2.0005886812701847,1.0,0.0,0.0,0.0,0.0,0.0,0.0,1.0,1
1.0,-0.40458289618453513,0.0,0.0,0.0,-0.5064419972567069,-0.9917993154687278,0.8259567285787036,0.07379863300166284,0.0,-1.4644845800165662,1.0,1.0,0.0,0.0,1.0,1.0,-0.2806524287733598,1.0,0.0,0.0,0.0,0.0,0.0,0.0,1.0,1
0.0,-0.28487077224965107,0.0,0.0,1.0,2.611872331624339,1.9991722079411367,-1.8200306619046354,-0.8933017851556739,1.0,-0.20599464272551093,1.0,1.0,1.0,1.0,1.0,0.0,0.5793156974750526,1.0,0.0,0.0,0.0,0.0,0.0,0.0,0.0,0
0.0,-1.0629995778263976,1.0,0.0,0.0,-0.5064419972567069,0.7797682966667144,-0.31378293250601996,-0.8312256722093713,0.0,-0.46637187113055684,1.0,1.0,0.0,0.0,0.0,1.0,-0.2806524287733598,0.0,0.0,1.0,0.0,1.0,0.0,0.0,0.0,0
1.0,-0.6440071440543034,0.0,0.0,1.0,-0.5064419972567069,0.9101968050198288,-0.6251040360226473,-0.8133409384489274,1.0,-0.9437301232064743,1.0,1.0,0.0,1.0,0.0,1.0,-2.0005886812701847,1.0,0.0,0.0,0.0,1.0,0.0,0.0,1.0,1
1.0,1.271386838903842,0.0,1.0,1.0,-0.5064419972567069,-0.9197668701897321,0.7231539070586157,3.517603478207138,1.0,0.748721861426324,1.0,1.0,0.0,1.0,1.0,1.0,1.439283823723465,1.0,0.0,0.0,0.0,0.0,0.0,0.0,0.0,0
0.0,1.4509550248061682,0.0,1.0,1.0,-0.5064419972567069,-0.6925263154592178,0.48950009990089577,0.012101032939179125,1.0,-0.03240982378881367,1.0,1.0,0.0,0.0,0.0,1.0,-2.0005886812701847,0.0,0.0,1.0,0.0,0.0,0.0,0.0,1.0,1
0.0,-0.10530258634732491,0.0,0.0,1.0,0.5329961123703084,-0.9707732069131821,0.7943472370250543,1.2028552513230193,1.0,1.3562687277047645,1.0,1.0,0.0,1.0,1.0,1.0,0.5793156974750526,1.0,0.0,0.0,0.0,0.0,1.0,0.0,0.0,0
1.0,0.43340197135965347,0.0,0.0,0.0,-0.5064419972567069,-0.7512527246937948,1.1176755366195057,2.20454228423931,0.0,-0.9437301232064743,1.0,1.0,0.0,1.0,1.0,1.0,-0.2806524287733598,1.0,0.0,0.0,0.0,0.0,0.0,0.0,1.0,0
0.0,0.014409537587559178,0.0,0.0,0.0,-0.5064419972567069,-0.7255613358452979,1.1882681607533434,0.3263613547298362,0.0,-0.075806028522988,0.0,1.0,0.0,1.0,1.0,1.0,0.5793156974750526,0.0,0.0,1.0,0.0,0.0,1.0,0.0,1.0,0
0.0,-1.0031435158589557,0.0,0.0,0.0,-0.5064419972567069,-1.3474373763932725,1.203189379902349,2.4750370538384043,0.0,1.1826839087680672,1.0,1.0,0.0,0.0,1.0,1.0,-2.0005886812701847,1.0,0.0,0.0,0.0,0.0,0.0,0.0,0.0,1
1.0,-1.601704135533376,1.0,0.0,1.0,-0.5064419972567069,0.6998690032875549,-1.0438255291252772,0.2589387472995913,1.0,0.5317408377554524,1.0,1.0,0.0,1.0,1.0,0.0,0.5793156974750526,1.0,0.0,0.0,0.0,0.0,0.0,0.0,1.0,0
0.0,0.9122504670991899,0.0,0.0,0.0,-0.5064419972567069,0.9636910486285765,-0.7012377331591627,1.3156994048115345,0.0,0.5317408377554524,1.0,1.0,0.0,0.0,0.0,0.0,-1.1406205550217723,1.0,0.0,0.0,0.0,0.0,0.0,0.0,1.0,1
0.0,1.031962591034074,0.0,0.0,0.0,1.5724342219973237,1.0573953341867988,-1.0921486685219752,-0.9067863066417229,0.0,-0.16259843799133664,0.0,1.0,1.0,0.0,0.0,1.0,-0.2806524287733598,1.0,0.0,0.0,0.0,1.0,0.0,0.0,0.0,0
0.0,-1.2425677637287238,1.0,0.0,1.0,-0.5064419972567069,-0.5094761302222822,-0.33683167388776175,1.0296856069758642,1.0,1.4430611371731132,1.0,1.0,1.0,1.0,1.0,1.0,-0.2806524287733598,0.0,0.0,0.0,0.0,0.0,0.0,0.0,0.0,0
1.0,-1.3024238256961658,1.0,0.0,0.0,-0.5064419972567069,-0.8965561100981463,0.6133285483050794,1.5747441596751068,0.0,-1.0739187374089973,1.0,0.0,0.0,0.0,0.0,0.0,0.5793156974750526,0.0,0.0,0.0,1.0,0.0,0.0,1.0,1.0,0
1.0,-1.0629995778263976,1.0,0.0,0.0,-0.5064419972567069,0.49989110445514934,-1.2217013544568915,-0.1888893083686666,0.0,1.00909908983137,1.0,1.0,1.0,1.0,0.0,0.0,-0.2806524287733598,1.0,0.0,0.0,0.0,0.0,1.0,0.0,0.0,0
0.0,-0.16515864831476695,0.0,0.0,1.0,-0.5064419972567069,0.8587885538734988,-1.48353343252539,-1.0095525545985593,1.0,0.4883446330212782,1.0,0.0,0.0,0.0,0.0,0.0,-0.2806524287733598,1.0,0.0,0.0,0.0,0.0,0.0,1.0,0.0,0
1.0,-0.10530258634732491,0.0,0.0,1.0,-0.5064419972567069,1.8741804614894806,-1.7024990131957507,-1.0142366515358183,1.0,1.5298535466414618,1.0,1.0,1.0,0.0,0.0,1.0,-0.2806524287733598,1.0,0.0,0.0,0.0,0.0,1.0,0.0,0.0,0
